-0.004151	
-0.003845	
-0.003876	
-0.004425	
-0.004364	
-0.003998	
-0.004303	
-0.004608	
-0.004212	
-0.003815	
-0.003845	
-0.003754	
-0.003845	
-0.004486	
-0.005310	
-0.005127	
-0.005097	
-0.006256	
-0.005951	
-0.004608	
-0.004273	
-0.004791	
-0.003296	
-0.003662	
-0.005737	
-0.004975	
-0.004151	
-0.005371	
-0.005768	
-0.004395	
-0.003967	
-0.004669	
-0.004486	
-0.003754	
-0.004334	
-0.004852	
-0.004089	
-0.003510	
-0.004059	
-0.004120	
-0.003601	
-0.003235	
-0.003052	
-0.002930	
-0.002960	
-0.003662	
-0.003876	
-0.003449	
-0.003754	
-0.004120	
-0.004120	
-0.003296	
-0.002930	
-0.003388	
-0.003418	
-0.002960	
-0.002838	
-0.002686	
-0.002380	
-0.002503	
-0.002686	
-0.002411	
-0.001984	
-0.001587	
-0.001129	
-0.000458	
-0.000061	
-0.000763	
-0.001495	
-0.001862	
-0.002106	
-0.002533	
-0.003113	
-0.003265	
-0.003540	
-0.004120	
-0.004944	
-0.005676	
-0.006134	
-0.006226	
-0.006104	
-0.005768	
-0.005646	
-0.006195	
-0.006928	
-0.007447	
-0.007813	
-0.008271	
-0.008362	
-0.008362	
-0.008209	
-0.007965	
-0.007477	
-0.006714	
-0.006409	
-0.006561	
-0.007202	
-0.007324	
-0.009125	
-0.011933	
-0.013520	
-0.014466	
-0.014679	
-0.014313	
-0.013794	
-0.013062	
-0.012543	
-0.012085	
-0.011567	
-0.011383	
-0.011444	
-0.011567	
-0.011597	
-0.011414	
-0.011170	
-0.010651	
-0.009980	
-0.009644	
-0.009491	
-0.009125	
-0.008789	
-0.008606	
-0.008515	
-0.008209	
-0.007843	
-0.007508	
-0.007141	
-0.006623	
-0.005493	
-0.004669	
-0.003967	
-0.003143	
-0.002350	
-0.001465	
-0.000641	
0.000000	
0.000488	
0.001160	
0.001617	
0.001587	
0.001251	
0.000977	
0.000824	
0.000488	
0.000183	
0.000244	
0.000427	
0.000397	
0.000244	
0.000336	
0.000702	
0.001007	
0.001282	
0.001282	
0.000946	
0.001038	
0.001465	
0.001862	
0.002014	
0.002106	
0.003052	
0.004700	
0.006439	
0.008728	
0.010407	
0.010712	
0.010132	
0.008667	
0.006806	
0.005219	
0.003967	
0.003204	
0.002930	
0.003235	
0.003998	
0.005066	
0.006317	
0.007630	
0.008515	
0.009064	
0.009491	
0.009705	
0.009857	
0.009949	
0.010010	
0.009491	
0.008515	
0.007508	
0.006378	
0.004944	
0.003967	
0.003540	
0.002838	
0.002167	
0.001648	
0.001679	
0.001740	
0.001801	
0.002045	
0.002472	
0.002655	
0.005341	
0.009064	
0.010590	
0.011292	
0.011292	
0.011444	
0.011597	
0.012391	
0.010681	
0.006043	
0.003571	
0.001770	
0.000488	
-0.000214	
-0.000824	
-0.001495	
-0.002106	
-0.002533	
-0.002747	
-0.002625	
-0.002472	
-0.002503	
-0.002411	
-0.002228	
-0.002106	
-0.002411	
-0.002503	
-0.002319	
-0.002106	
-0.002228	
-0.002716	
-0.003388	
-0.003937	
-0.003937	
-0.003723	
-0.003693	
-0.003601	
-0.003327	
-0.003174	
-0.003113	
-0.003449	
-0.003998	
-0.003937	
-0.003876	
-0.004089	
-0.003845	
-0.003723	
-0.003601	
-0.003265	
-0.002838	
-0.002380	
-0.002441	
-0.002564	
-0.002533	
-0.002808	
-0.002838	
-0.002716	
-0.002747	
-0.003113	
-0.003449	
-0.003082	
-0.002991	
-0.003510	
-0.003815	
-0.003693	
-0.003967	
-0.004425	
-0.004913	
-0.005310	
-0.005402	
-0.004517	
-0.003571	
-0.002747	
-0.002258	
-0.001923	
-0.001526	
-0.001495	
-0.001373	
-0.001190	
-0.001160	
-0.001099	
-0.000732	
-0.000580	
-0.001007	
-0.001770	
-0.002258	
-0.002441	
-0.002869	
-0.003204	
-0.003357	
-0.003204	
-0.003143	
-0.003357	
-0.003418	
-0.003571	
-0.004273	
-0.005341	
-0.006317	
-0.006592	
-0.006684	
-0.006653	
-0.006684	
-0.006470	
-0.006287	
-0.006409	
-0.006226	
-0.006043	
-0.006012	
-0.006287	
-0.006684	
-0.006409	
-0.005921	
-0.005676	
-0.005707	
-0.005463	
-0.005097	
-0.004761	
-0.005188	
-0.007660	
-0.010010	
-0.011170	
-0.011139	
-0.011048	
-0.011078	
-0.010529	
-0.009857	
-0.009522	
-0.009491	
-0.009308	
-0.009156	
-0.009400	
-0.009461	
-0.009186	
-0.009064	
-0.008820	
-0.008148	
-0.006958	
-0.006104	
-0.005646	
-0.005554	
-0.005554	
-0.005219	
-0.004791	
-0.004486	
-0.004028	
-0.003418	
-0.002991	
-0.002441	
-0.001770	
-0.001251	
-0.000336	
0.000580	
0.001495	
0.002350	
0.002808	
0.002686	
0.002167	
0.001679	
0.001587	
0.001679	
0.001617	
0.001770	
0.002350	
0.002655	
0.002503	
0.002441	
0.002594	
0.002686	
0.002319	
0.002136	
0.002319	
0.002686	
0.003082	
0.003143	
0.003113	
0.003479	
0.003815	
0.004242	
0.004791	
0.005402	
0.006867	
0.008667	
0.010712	
0.012665	
0.013520	
0.013398	
0.012787	
0.011567	
0.010285	
0.009095	
0.008545	
0.008759	
0.009278	
0.009735	
0.010041	
0.010437	
0.011200	
0.011750	
0.011719	
0.011658	
0.011872	
0.012207	
0.012391	
0.012146	
0.011414	
0.010071	
0.008911	
0.008240	
0.007843	
0.006836	
0.005768	
0.005310	
0.005310	
0.004975	
0.004700	
0.004578	
0.004944	
0.005371	
0.005707	
0.005615	
0.006378	
0.009949	
0.012146	
0.012848	
0.013398	
0.013489	
0.013276	
0.012696	
0.012146	
0.007660	
0.002655	
0.000519	
-0.001099	
-0.001892	
-0.002503	
-0.002777	
-0.002747	
-0.002655	
-0.002564	
-0.002808	
-0.003113	
-0.002747	
-0.002441	
-0.002350	
-0.002106	
-0.001801	
-0.001587	
-0.001282	
-0.000855	
-0.000824	
-0.001160	
-0.001617	
-0.002045	
-0.002472	
-0.002960	
-0.003174	
-0.003113	
-0.002808	
-0.002350	
-0.002075	
-0.002167	
-0.002441	
-0.002503	
-0.002258	
-0.002411	
-0.002899	
-0.003113	
-0.003479	
-0.003815	
-0.003815	
-0.003632	
-0.003510	
-0.003540	
-0.003815	
-0.004059	
-0.004089	
-0.004181	
-0.004273	
-0.003845	
-0.003113	
-0.003082	
-0.003571	
-0.003662	
-0.003449	
-0.003479	
-0.003876	
-0.004334	
-0.004578	
-0.004547	
-0.004151	
-0.003479	
-0.002899	
-0.002289	
-0.001831	
-0.001984	
-0.002167	
-0.001953	
-0.001801	
-0.002289	
-0.002777	
-0.002899	
-0.003082	
-0.003113	
-0.002960	
-0.002899	
-0.002808	
-0.002777	
-0.002594	
-0.002472	
-0.002380	
-0.002014	
-0.002045	
-0.002350	
-0.002625	
-0.003327	
-0.004486	
-0.005463	
-0.005737	
-0.005676	
-0.005982	
-0.006500	
-0.006806	
-0.006775	
-0.006806	
-0.006928	
-0.006928	
-0.006897	
-0.006806	
-0.006561	
-0.006287	
-0.005951	
-0.006165	
-0.006134	
-0.005219	
-0.004425	
-0.004212	
-0.004578	
-0.004639	
-0.004944	
-0.007874	
-0.010773	
-0.012116	
-0.012391	
-0.012085	
-0.011750	
-0.011261	
-0.010712	
-0.010407	
-0.010590	
-0.010804	
-0.010743	
-0.010590	
-0.010804	
-0.011139	
-0.010620	
-0.009552	
-0.008728	
-0.008118	
-0.007508	
-0.007111	
-0.006958	
-0.006623	
-0.006073	
-0.005524	
-0.005188	
-0.004639	
-0.004120	
-0.003784	
-0.003235	
-0.002869	
-0.002686	
-0.002380	
-0.001862	
-0.001282	
-0.000916	
-0.000824	
-0.000885	
-0.000824	
-0.000702	
-0.000580	
-0.000580	
-0.000610	
-0.000641	
-0.000977	
-0.001221	
-0.001038	
-0.001129	
-0.001526	
-0.001495	
-0.001312	
-0.001495	
-0.001923	
-0.002136	
-0.001862	
-0.001679	
-0.001495	
-0.000793	
0.000275	
0.001373	
0.002441	
0.003998	
0.005921	
0.007782	
0.009796	
0.011017	
0.010987	
0.010407	
0.009400	
0.007660	
0.006073	
0.005188	
0.004669	
0.004669	
0.005341	
0.006561	
0.007935	
0.009003	
0.009980	
0.010834	
0.011383	
0.011719	
0.011933	
0.011841	
0.011353	
0.010620	
0.009552	
0.008576	
0.007843	
0.007172	
0.006592	
0.006073	
0.005493	
0.004975	
0.004730	
0.004456	
0.003967	
0.003418	
0.002960	
0.002594	
0.002472	
0.002197	
0.004730	
0.007935	
0.009125	
0.010041	
0.010163	
0.010346	
0.010285	
0.010468	
0.009552	
0.004303	
0.000061	
-0.002106	
-0.003265	
-0.003418	
-0.003479	
-0.003601	
-0.003418	
-0.003418	
-0.003479	
-0.003174	
-0.002594	
-0.002167	
-0.002258	
-0.002350	
-0.002228	
-0.001892	
-0.001221	
-0.000458	
0.000092	
0.000488	
0.000763	
0.000885	
0.000977	
0.000885	
0.000488	
0.000122	
0.000122	
0.000336	
0.000153	
-0.000244	
-0.000488	
-0.000763	
-0.000763	
-0.000519	
-0.000305	
-0.000458	
-0.000885	
-0.001038	
-0.001007	
-0.001099	
-0.001526	
-0.001831	
-0.001953	
-0.001831	
-0.001740	
-0.001617	
-0.001556	
-0.001709	
-0.001679	
-0.001679	
-0.001801	
-0.001770	
-0.001862	
-0.002014	
-0.002380	
-0.002533	
-0.002686	
-0.002899	
-0.002930	
-0.003021	
-0.002808	
-0.002564	
-0.002228	
-0.002380	
-0.002777	
-0.003235	
-0.003845	
-0.004089	
-0.004334	
-0.003998	
-0.003632	
-0.003632	
-0.003540	
-0.003143	
-0.003113	
-0.003510	
-0.003632	
-0.003418	
-0.003174	
-0.003113	
-0.002808	
-0.002441	
-0.002136	
-0.001831	
-0.002350	
-0.003296	
-0.003845	
-0.003906	
-0.003845	
-0.003876	
-0.004212	
-0.004242	
-0.003876	
-0.003571	
-0.003418	
-0.003357	
-0.003265	
-0.003113	
-0.003296	
-0.003845	
-0.004486	
-0.005341	
-0.005890	
-0.005737	
-0.005371	
-0.005249	
-0.005097	
-0.004730	
-0.006623	
-0.009003	
-0.010102	
-0.010498	
-0.010559	
-0.010926	
-0.010743	
-0.010224	
-0.009919	
-0.009888	
-0.010071	
-0.009857	
-0.010041	
-0.010163	
-0.010041	
-0.009919	
-0.009766	
-0.009552	
-0.009003	
-0.008118	
-0.007477	
-0.006714	
-0.005982	
-0.005371	
-0.004486	
-0.003815	
-0.003449	
-0.003327	
-0.003388	
-0.003143	
-0.002899	
-0.002808	
-0.001923	
-0.000793	
0.000000	
0.000549	
0.000793	
0.000793	
0.000763	
0.001129	
0.001648	
0.001862	
0.001801	
0.001709	
0.001679	
0.001831	
0.002380	
0.003174	
0.003632	
0.003815	
0.004059	
0.004212	
0.004089	
0.003967	
0.004151	
0.004517	
0.004578	
0.004730	
0.004944	
0.005158	
0.005371	
0.005829	
0.007172	
0.008881	
0.010407	
0.011597	
0.011841	
0.011292	
0.010590	
0.009461	
0.008332	
0.007660	
0.007508	
0.007813	
0.008240	
0.009308	
0.010285	
0.010956	
0.011658	
0.012513	
0.013215	
0.013306	
0.013062	
0.013031	
0.012940	
0.012848	
0.012574	
0.011750	
0.010743	
0.009919	
0.009003	
0.008332	
0.007477	
0.006775	
0.006348	
0.005951	
0.005982	
0.006165	
0.006561	
0.006470	
0.006104	
0.005585	
0.006104	
0.009552	
0.011719	
0.012665	
0.012970	
0.012757	
0.012513	
0.012177	
0.011750	
0.007263	
0.002838	
0.000732	
-0.001007	
-0.001862	
-0.002167	
-0.002136	
-0.001770	
-0.001404	
-0.001465	
-0.001587	
-0.001801	
-0.001862	
-0.002167	
-0.002747	
-0.002686	
-0.002106	
-0.001740	
-0.001923	
-0.001923	
-0.001679	
-0.001495	
-0.001770	
-0.002655	
-0.003632	
-0.004334	
-0.004761	
-0.004730	
-0.003876	
-0.002930	
-0.002258	
-0.001282	
-0.000580	
-0.000427	
-0.000458	
-0.000305	
0.000122	
-0.000122	
-0.000732	
-0.000885	
-0.000793	
-0.000610	
-0.000580	
-0.000580	
-0.000580	
-0.000793	
-0.001068	
-0.001465	
-0.001862	
-0.002014	
-0.001556	
-0.001038	
-0.000702	
-0.000671	
-0.000488	
-0.000214	
0.000031	
0.000153	
-0.000122	
-0.000793	
-0.001251	
-0.001343	
-0.001312	
-0.001740	
-0.002136	
-0.002503	
-0.002106	
-0.001862	
-0.002106	
-0.002594	
-0.003357	
-0.004120	
-0.004486	
-0.004456	
-0.004578	
-0.004700	
-0.004273	
-0.003845	
-0.003937	
-0.003998	
-0.003540	
-0.002991	
-0.002594	
-0.002167	
-0.001984	
-0.002075	
-0.002228	
-0.002472	
-0.002686	
-0.002838	
-0.002716	
-0.002594	
-0.002686	
-0.003021	
-0.003479	
-0.004151	
-0.005066	
-0.006165	
-0.007019	
-0.007141	
-0.006836	
-0.006165	
-0.005310	
-0.004456	
-0.003967	
-0.003632	
-0.003021	
-0.002747	
-0.002503	
-0.004456	
-0.007752	
-0.009949	
-0.011597	
-0.012299	
-0.012329	
-0.012207	
-0.012329	
-0.012238	
-0.011902	
-0.011750	
-0.011933	
-0.012116	
-0.011841	
-0.011444	
-0.010926	
-0.010529	
-0.009949	
-0.008850	
-0.007691	
-0.006989	
-0.006500	
-0.006012	
-0.005921	
-0.006256	
-0.006775	
-0.006623	
-0.006104	
-0.005921	
-0.005371	
-0.004486	
-0.003967	
-0.003388	
-0.002075	
-0.000916	
-0.000549	
-0.000458	
-0.000214	
-0.000153	
-0.000366	
-0.000519	
-0.000610	
-0.000519	
0.000031	
0.000610	
0.000855	
0.000885	
0.001251	
0.001709	
0.002075	
0.002380	
0.002777	
0.003235	
0.003479	
0.003449	
0.003449	
0.003632	
0.003723	
0.003449	
0.003510	
0.003662	
0.003418	
0.003998	
0.005982	
0.008118	
0.010254	
0.011780	
0.012421	
0.012757	
0.012268	
0.011139	
0.009980	
0.008850	
0.007843	
0.006928	
0.006653	
0.006989	
0.007355	
0.007599	
0.008057	
0.008576	
0.009125	
0.009430	
0.009583	
0.009980	
0.010651	
0.010590	
0.009949	
0.009583	
0.009491	
0.009278	
0.008759	
0.008423	
0.008209	
0.007935	
0.007294	
0.006500	
0.005860	
0.005371	
0.004883	
0.004273	
0.004151	
0.004089	
0.006958	
0.010773	
0.011872	
0.012421	
0.012299	
0.012024	
0.011597	
0.011933	
0.010651	
0.005463	
0.002594	
0.001312	
0.000427	
-0.000183	
-0.000763	
-0.001038	
-0.001068	
-0.000916	
-0.000763	
-0.000824	
-0.000855	
-0.000824	
-0.000855	
-0.000855	
-0.000855	
-0.000977	
-0.001190	
-0.001495	
-0.001801	
-0.001862	
-0.002197	
-0.002686	
-0.003235	
-0.003479	
-0.003754	
-0.003998	
-0.003784	
-0.003510	
-0.003113	
-0.002533	
-0.001801	
-0.001495	
-0.001251	
-0.001068	
-0.000855	
-0.000488	
-0.000244	
-0.000092	
-0.000336	
-0.000671	
-0.000855	
-0.000855	
-0.000763	
-0.000855	
-0.000855	
-0.000855	
-0.000855	
-0.000427	
0.000214	
0.000610	
0.000763	
0.000824	
0.000580	
0.000427	
0.000153	
-0.000793	
-0.002075	
-0.002930	
-0.003601	
-0.003845	
-0.003571	
-0.003601	
-0.003479	
-0.003357	
-0.003174	
-0.002869	
-0.002777	
-0.002808	
-0.003510	
-0.004273	
-0.004364	
-0.004028	
-0.003754	
-0.003998	
-0.004181	
-0.004242	
-0.004334	
-0.004486	
-0.004700	
-0.004639	
-0.004242	
-0.003906	
-0.003815	
-0.003815	
-0.004303	
-0.005249	
-0.006104	
-0.006317	
-0.006226	
-0.006256	
-0.005951	
-0.005585	
-0.005280	
-0.004913	
-0.004517	
-0.004334	
-0.004364	
-0.004242	
-0.004181	
-0.004028	
-0.003845	
-0.003357	
-0.002899	
-0.002869	
-0.002960	
-0.003143	
-0.003296	
-0.003937	
-0.006867	
-0.009552	
-0.011139	
-0.011872	
-0.011902	
-0.011841	
-0.011689	
-0.011414	
-0.011078	
-0.010681	
-0.010315	
-0.010193	
-0.010498	
-0.010559	
-0.010315	
-0.010010	
-0.009735	
-0.009735	
-0.009552	
-0.009278	
-0.008850	
-0.008179	
-0.007843	
-0.007599	
-0.007324	
-0.007172	
-0.006836	
-0.006378	
-0.005829	
-0.005158	
-0.004791	
-0.004608	
-0.004089	
-0.003510	
-0.003082	
-0.002350	
-0.001801	
-0.001495	
-0.000763	
-0.000122	
-0.000153	
0.000031	
0.000641	
0.001160	
0.001373	
0.001770	
0.002533	
0.002930	
0.003113	
0.003449	
0.003571	
0.003265	
0.002991	
0.002716	
0.002380	
0.002350	
0.002380	
0.002716	
0.002899	
0.003265	
0.003937	
0.004669	
0.006104	
0.007752	
0.009552	
0.011567	
0.012574	
0.012452	
0.011536	
0.010041	
0.008606	
0.007385	
0.006348	
0.006317	
0.007141	
0.008209	
0.009186	
0.010224	
0.011444	
0.012543	
0.013031	
0.013581	
0.014100	
0.014008	
0.013459	
0.012787	
0.011994	
0.010926	
0.009857	
0.008942	
0.008271	
0.007538	
0.006928	
0.006500	
0.006195	
0.005768	
0.005280	
0.005005	
0.005005	
0.004822	
0.004883	
0.005005	
0.006500	
0.010498	
0.013092	
0.014374	
0.015046	
0.015137	
0.015076	
0.015015	
0.014893	
0.010590	
0.006043	
0.003845	
0.002045	
0.001160	
0.000763	
0.000610	
0.000702	
0.001038	
0.001251	
0.001251	
0.001068	
0.000641	
0.000092	
-0.000488	
-0.000855	
-0.001160	
-0.001251	
-0.001038	
-0.000732	
-0.000275	
-0.000061	
0.000153	
0.000153	
-0.000061	
-0.000183	
-0.000397	
-0.000336	
-0.000275	
-0.000275	
-0.000092	
0.000122	
0.000061	
-0.000244	
-0.000275	
-0.000336	
-0.000488	
-0.000549	
-0.000458	
-0.000092	
0.000031	
0.000061	
0.000397	
0.000855	
0.001007	
0.000946	
0.001190	
0.001556	
0.001892	
0.001953	
0.001831	
0.001556	
0.001099	
0.000610	
0.000275	
0.000031	
-0.000458	
-0.000977	
-0.001404	
-0.001740	
-0.001984	
-0.002167	
-0.002075	
-0.001801	
-0.001526	
-0.001526	
-0.001648	
-0.001892	
-0.002167	
-0.002686	
-0.003418	
-0.003906	
-0.003815	
-0.003571	
-0.003418	
-0.003540	
-0.003357	
-0.002991	
-0.002777	
-0.002503	
-0.002350	
-0.001923	
-0.001923	
-0.002472	
-0.002899	
-0.003143	
-0.004181	
-0.005432	
-0.006378	
-0.007141	
-0.007599	
-0.007843	
-0.007752	
-0.007691	
-0.008057	
-0.008271	
-0.008332	
-0.007904	
-0.007202	
-0.006531	
-0.006256	
-0.006012	
-0.005646	
-0.005036	
-0.005005	
-0.005219	
-0.004913	
-0.004822	
-0.004791	
-0.006470	
-0.009156	
-0.010468	
-0.011200	
-0.011475	
-0.011231	
-0.010987	
-0.010804	
-0.010712	
-0.010590	
-0.010437	
-0.010376	
-0.010193	
-0.010132	
-0.010071	
-0.009888	
-0.009735	
-0.009278	
-0.008728	
-0.008240	
-0.007721	
-0.007385	
-0.007416	
-0.007538	
-0.007569	
-0.007294	
-0.006897	
-0.006287	
-0.005737	
-0.005188	
-0.004303	
-0.003998	
-0.004089	
-0.003693	
-0.003235	
-0.003113	
-0.003052	
-0.002838	
-0.002838	
-0.002289	
-0.002564	
-0.002441	
-0.001617	
-0.001404	
-0.001617	
-0.001495	
-0.001038	
-0.000946	
-0.000671	
-0.000519	
-0.000214	
-0.000092	
0.000427	
-0.000031	
-0.000519	
0.000855	
0.000580	
-0.000092	
0.000977	
0.000061	
-0.001251	
-0.003784	
-0.001587	
0.000671	
-0.012482	
-0.029206	
-0.045656	
-0.020905	
0.024232	
0.030152	
0.014832	
0.023621	
0.030457	
0.022370	
0.029328	
0.066347	
-0.027863	
0.003082	
0.093753	
-0.000244	
-0.001251	
0.076388	
-0.039979	
-0.051607	
0.010376	
-0.031739	
-0.016327	
0.044557	
-0.000885	
-0.021393	
0.027711	
-0.024018	
-0.053926	
-0.016022	
-0.016114	
-0.046113	
-0.018616	
0.001984	
0.009827	
-0.029786	
0.010651	
0.029847	
-0.001373	
0.003693	
0.057955	
0.059694	
0.006409	
0.001556	
0.048189	
0.053285	
0.006043	
0.004364	
-0.053743	
-0.041902	
-0.028047	
-0.015503	
-0.018647	
-0.011078	
0.006012	
-0.016266	
-0.012940	
0.016480	
0.040773	
0.012238	
0.061403	
0.078066	
-0.030030	
-0.046999	
0.007599	
-0.016999	
-0.041658	
0.010804	
0.001923	
0.001038	
0.028352	
0.022889	
0.016083	
-0.002899	
-0.030091	
-0.019044	
0.002014	
-0.017975	
0.005097	
0.042390	
0.038331	
0.049654	
0.064730	
0.050752	
0.065828	
0.060610	
0.057649	
0.049165	
-0.023347	
-0.040986	
-0.013031	
-0.016938	
-0.035920	
0.003021	
-0.001862	
0.018281	
0.042055	
0.040986	
0.051332	
0.010712	
0.025910	
0.045137	
-0.004059	
-0.058290	
-0.052797	
-0.063265	
-0.087527	
-0.030702	
-0.027192	
-0.027772	
0.028230	
0.029756	
0.036225	
0.041322	
0.003235	
0.021241	
0.036378	
0.024110	
0.040895	
0.041566	
0.036470	
0.048952	
0.048769	
0.019623	
0.040223	
0.048769	
0.015931	
0.022370	
0.004120	
-0.027009	
-0.045473	
-0.048433	
-0.073031	
-0.108798	
-0.096652	
-0.111209	
-0.115940	
-0.077120	
-0.068941	
-0.064974	
-0.032014	
-0.011078	
-0.010804	
0.008728	
0.028809	
0.027223	
0.042695	
0.057466	
0.067812	
0.060610	
0.054628	
0.027680	
0.003204	
0.007965	
-0.003418	
-0.033540	
-0.016022	
-0.002258	
-0.049806	
-0.056490	
-0.048860	
-0.065584	
-0.069521	
-0.067995	
-0.050142	
-0.042360	
-0.041231	
-0.029511	
-0.006623	
-0.002380	
0.006439	
0.024537	
0.019349	
0.022431	
0.034852	
0.030274	
0.013337	
0.012787	
0.000397	
-0.020508	
-0.043519	
-0.055574	
-0.067934	
-0.066836	
-0.034303	
-0.011353	
0.020264	
0.052736	
0.075106	
0.096957	
0.126011	
0.139958	
0.167730	
0.169378	
0.132420	
0.102695	
0.092318	
0.063448	
-0.000580	
-0.022889	
-0.031007	
-0.075014	
-0.090304	
-0.066500	
-0.102542	
-0.150395	
-0.136448	
-0.165349	
-0.223151	
-0.229072	
-0.242592	
-0.277169	
-0.271584	
-0.261147	
-0.274697	
-0.259926	
-0.229316	
-0.210974	
-0.183447	
-0.147191	
-0.107334	
-0.077609	
-0.030549	
-0.001862	
-0.007752	
0.006134	
0.015870	
0.034333	
0.065340	
0.086154	
0.121128	
0.196448	
0.230354	
0.212470	
0.262856	
0.317820	
0.234718	
0.193609	
0.246132	
0.154668	
0.063143	
0.113956	
0.066286	
-0.061800	
-0.030854	
-0.018799	
-0.118107	
-0.115360	
-0.101108	
-0.177343	
-0.192572	
-0.150884	
-0.166662	
-0.178777	
-0.154515	
-0.143803	
-0.129643	
-0.132694	
-0.149937	
-0.144871	
-0.149541	
-0.140416	
-0.106388	
-0.110874	
-0.122227	
-0.089938	
-0.065249	
-0.071688	
-0.065065	
-0.060610	
-0.080264	
-0.062899	
-0.029542	
-0.042360	
-0.028382	
0.053102	
0.130070	
0.191656	
0.283731	
0.368084	
0.366070	
0.278603	
0.325327	
0.545793	
0.476760	
0.278054	
0.416669	
0.417371	
0.167791	
0.286447	
0.355449	
0.013916	
-0.041780	
0.108798	
-0.073794	
-0.171117	
-0.091891	
-0.224586	
-0.301218	
-0.185278	
-0.195074	
-0.261299	
-0.235694	
-0.206488	
-0.144627	
-0.070772	
-0.064669	
-0.080813	
-0.078402	
-0.037416	
0.011383	
-0.000458	
-0.061678	
-0.072420	
-0.025269	
-0.022645	
-0.046815	
-0.065706	
-0.094028	
-0.086795	
-0.044343	
-0.028016	
-0.046144	
-0.021760	
0.052675	
0.166082	
0.294321	
0.366863	
0.472182	
0.417188	
0.211158	
0.501755	
0.800287	
0.370830	
0.232887	
0.594195	
0.324534	
0.103122	
0.509934	
0.316324	
-0.145512	
0.111789	
0.207495	
-0.110538	
-0.084872	
-0.100070	
-0.287179	
-0.183691	
-0.102603	
-0.224555	
-0.254036	
-0.234809	
-0.177557	
-0.066286	
-0.088626	
-0.127995	
-0.026948	
0.001770	
-0.021577	
0.057497	
0.023469	
-0.085726	
-0.006623	
0.042024	
-0.073672	
-0.113102	
-0.100223	
-0.130833	
-0.104343	
-0.066530	
-0.099338	
-0.075472	
0.029969	
0.132664	
0.278237	
0.445204	
0.572893	
0.480697	
0.239174	
0.528703	
0.945006	
0.523850	
0.215339	
0.574877	
0.392438	
0.035829	
0.396008	
0.330790	
-0.214423	
-0.103824	
0.076418	
-0.193365	
-0.246529	
-0.269021	
-0.433699	
-0.325449	
-0.215674	
-0.297861	
-0.281686	
-0.286447	
-0.268868	
-0.032716	
0.030457	
-0.122684	
-0.041597	
0.098148	
0.054445	
0.088626	
0.104312	
-0.037660	
-0.039155	
0.053377	
-0.020325	
-0.121799	
-0.157079	
-0.188208	
-0.149419	
-0.103763	
-0.149876	
-0.139866	
-0.023713	
0.103397	
0.284738	
0.503098	
0.648732	
0.473159	
0.217017	
0.654225	
1.000000	
0.571062	
0.238472	
0.660085	
0.437544	
0.059847	
0.465011	
0.326334	
-0.263741	
-0.121586	
0.071169	
-0.198431	
-0.279672	
-0.373028	
-0.499680	
-0.299081	
-0.217597	
-0.339854	
-0.300424	
-0.293130	
-0.247414	
0.044923	
0.119724	
-0.065157	
-0.028016	
0.089175	
0.082583	
0.142979	
0.100986	
-0.098056	
-0.099734	
-0.001129	
-0.072390	
-0.181433	
-0.249702	
-0.287698	
-0.203528	
-0.135411	
-0.200110	
-0.183020	
-0.032228	
0.147557	
0.357463	
0.586596	
0.728629	
0.408643	
0.269234	
0.862880	
1.000000	
0.479507	
0.347301	
0.752129	
0.309153	
0.154851	
0.532365	
0.109409	
-0.312845	
-0.074770	
-0.069185	
-0.257363	
-0.312021	
-0.534440	
-0.518876	
-0.219459	
-0.267556	
-0.388287	
-0.276650	
-0.258614	
-0.163213	
0.150060	
0.171331	
-0.025513	
0.044099	
0.189001	
0.155736	
0.106021	
-0.007569	
-0.152532	
-0.107364	
-0.060762	
-0.181463	
-0.292001	
-0.336924	
-0.330271	
-0.243690	
-0.219123	
-0.286966	
-0.223792	
-0.025697	
0.187689	
0.423170	
0.640645	
0.633290	
0.292611	
0.433699	
1.000000	
0.925687	
0.337901	
0.395306	
0.595874	
0.175237	
0.206214	
0.305826	
-0.176672	
-0.365734	
-0.176977	
-0.232765	
-0.347942	
-0.476333	
-0.654347	
-0.480270	
-0.241768	
-0.352519	
-0.409650	
-0.302683	
-0.250221	
-0.057070	
0.183020	
0.094424	
-0.033265	
0.057466	
0.137120	
0.157506	
0.104007	
-0.097781	
-0.186346	
-0.066317	
-0.073397	
-0.230781	
-0.320505	
-0.348308	
-0.299020	
-0.195715	
-0.196631	
-0.230232	
-0.109256	
0.148320	
0.416974	
0.667684	
0.706839	
0.297830	
0.330363	
0.951079	
0.993500	
0.406873	
0.331919	
0.533738	
0.156285	
0.186895	
0.304086	
-0.174139	
-0.401868	
-0.253212	
-0.267495	
-0.316324	
-0.448042	
-0.677023	
-0.514603	
-0.213996	
-0.289682	
-0.373974	
-0.289499	
-0.241157	
-0.049409	
0.222175	
0.146214	
-0.035707	
0.070315	
0.205237	
0.147588	
0.030854	
-0.120029	
-0.207556	
-0.141850	
-0.141820	
-0.274941	
-0.369030	
-0.389966	
-0.341807	
-0.238838	
-0.213324	
-0.244514	
-0.141087	
0.142399	
0.441328	
0.692190	
0.785394	
0.370067	
0.311502	
0.918577	
1.000000	
0.488540	
0.292032	
0.552232	
0.196875	
0.146458	
0.276742	
-0.192969	
-0.444288	
-0.291696	
-0.321543	
-0.361950	
-0.453078	
-0.708792	
-0.571032	
-0.188543	
-0.232337	
-0.379803	
-0.290353	
-0.187841	
-0.014466	
0.250587	
0.215308	
0.025056	
0.066713	
0.190527	
0.215796	
0.113865	
-0.119999	
-0.242561	
-0.127934	
-0.109836	
-0.287942	
-0.406140	
-0.425184	
-0.379803	
-0.279672	
-0.256172	
-0.294961	
-0.212561	
0.031587	
0.320200	
0.572375	
0.826930	
0.613056	
0.194952	
0.673391	
1.000000	
0.790582	
0.258827	
0.547807	
0.480575	
0.051271	
0.281930	
0.057466	
-0.446333	
-0.357646	
-0.259835	
-0.382488	
-0.402814	
-0.609058	
-0.713767	
-0.302744	
-0.094699	
-0.329966	
-0.348033	
-0.156590	
-0.040071	
0.170934	
0.257027	
0.012360	
-0.026032	
0.192450	
0.202460	
0.079684	
-0.049165	
-0.219337	
-0.199866	
-0.065096	
-0.187078	
-0.391308	
-0.406842	
-0.337565	
-0.262581	
-0.196722	
-0.203772	
-0.169958	
0.099857	
0.436628	
0.678335	
0.789880	
0.359325	
0.222297	
0.881314	
1.000000	
0.481246	
0.218818	
0.485000	
0.183874	
0.105167	
0.196020	
-0.239753	
-0.476485	
-0.331889	
-0.320261	
-0.365337	
-0.466720	
-0.688803	
-0.572008	
-0.166082	
-0.148961	
-0.353404	
-0.287179	
-0.101474	
0.061861	
0.224708	
0.138737	
-0.051546	
0.034333	
0.172155	
0.111423	
-0.005188	
-0.148991	
-0.254097	
-0.161290	
-0.103397	
-0.274361	
-0.413953	
-0.382580	
-0.295297	
-0.234504	
-0.217963	
-0.219031	
-0.093814	
0.219764	
0.489639	
0.673666	
0.670309	
0.248390	
0.355663	
0.996582	
0.944670	
0.290963	
0.196570	
0.405438	
0.184088	
0.139775	
-0.025025	
-0.417005	
-0.415662	
-0.265419	
-0.349345	
-0.431196	
-0.547502	
-0.660482	
-0.417707	
-0.110538	
-0.217170	
-0.378826	
-0.230811	
0.003571	
0.141118	
0.170202	
0.012360	
-0.106357	
0.060274	
0.198248	
0.056734	
-0.133457	
-0.220527	
-0.182470	
-0.088961	
-0.149510	
-0.337199	
-0.402264	
-0.287149	
-0.183508	
-0.187262	
-0.202124	
-0.141057	
0.086184	
0.398389	
0.608844	
0.656087	
0.318216	
0.160649	
0.790429	
1.000000	
0.433760	
0.079379	
0.318155	
0.246406	
0.151555	
0.061373	
-0.337840	
-0.430982	
-0.209510	
-0.251595	
-0.384533	
-0.470016	
-0.598834	
-0.471328	
-0.135929	
-0.142338	
-0.369427	
-0.309793	
-0.042177	
0.116703	
0.136113	
-0.002075	
-0.139134	
-0.003845	
0.179449	
0.079226	
-0.125370	
-0.213477	
-0.171819	
-0.060427	
-0.086886	
-0.281564	
-0.374340	
-0.252083	
-0.130039	
-0.158727	
-0.206854	
-0.150304	
0.045778	
0.313272	
0.486312	
0.531480	
0.357799	
0.109012	
0.521317	
1.000000	
0.533738	
0.023499	
0.201636	
0.303537	
0.137761	
0.065920	
-0.208960	
-0.427503	
-0.212836	
-0.116367	
-0.323130	
-0.442366	
-0.484054	
-0.436689	
-0.208472	
-0.134861	
-0.335704	
-0.360302	
-0.088504	
0.066836	
0.029054	
-0.053957	
-0.145177	
-0.054994	
0.130161	
0.061556	
-0.139866	
-0.172796	
-0.091067	
-0.041353	
-0.071810	
-0.203162	
-0.285928	
-0.179266	
-0.070559	
-0.127842	
-0.188391	
-0.114322	
0.034577	
0.195837	
0.302805	
0.357433	
0.364544	
0.189856	
0.175085	
0.602649	
0.610065	
0.092837	
0.014863	
0.268502	
0.192389	
0.034730	
-0.088107	
-0.282357	
-0.226203	
-0.073580	
-0.207556	
-0.370891	
-0.360759	
-0.324839	
-0.265664	
-0.190741	
-0.253609	
-0.332224	
-0.190161	
-0.015137	
-0.033174	
-0.089908	
-0.098849	
-0.072756	
0.027070	
0.067263	
-0.048036	
-0.121860	
-0.049989	
0.005799	
-0.029206	
-0.100497	
-0.160772	
-0.128636	
-0.043367	
-0.058504	
-0.133488	
-0.108951	
-0.001343	
0.062410	
0.089114	
0.129704	
0.196081	
0.251198	
0.163213	
0.051210	
0.218818	
0.326273	
0.083468	
-0.039216	
0.090793	
0.084780	
-0.016968	
-0.053011	
-0.140538	
-0.169378	
-0.084628	
-0.122623	
-0.230689	
-0.225135	
-0.190527	
-0.189611	
-0.168249	
-0.169042	
-0.202460	
-0.158391	
-0.067232	
-0.054994	
-0.078127	
-0.065615	
-0.039644	
-0.010468	
-0.006958	
-0.052339	
-0.073397	
-0.038545	
-0.026337	
-0.055910	
-0.071810	
-0.071932	
-0.060701	
-0.042634	
-0.046968	
-0.065676	
-0.057314	
-0.016877	
0.002197	
0.004913	
0.000702	
-0.010285	
0.015137	
0.060762	
0.066195	
0.008545	
-0.036714	
0.027650	
0.110233	
0.046449	
-0.046785	
-0.017579	
0.033998	
0.023041	
-0.013489	
-0.061678	
-0.078097	
-0.040010	
-0.032502	
-0.082095	
-0.112125	
-0.107212	
-0.099002	
-0.088504	
-0.091281	
-0.116703	
-0.119755	
-0.079562	
-0.045381	
-0.048799	
-0.059542	
-0.049806	
-0.022523	
-0.008850	
-0.035463	
-0.067812	
-0.060823	
-0.029084	
-0.030824	
-0.058657	
-0.075167	
-0.090945	
-0.073702	
-0.047823	
-0.063784	
-0.091311	
-0.067904	
-0.023530	
-0.040010	
-0.082064	
-0.082553	
-0.045656	
-0.029389	
-0.051668	
-0.053957	
-0.023621	
-0.023988	
-0.046510	
-0.044435	
-0.020112	
-0.011750	
-0.024323	
-0.024293	
-0.010956	
-0.008911	
-0.021302	
-0.025849	
-0.021271	
-0.022217	
-0.030091	
-0.037538	
-0.038545	
-0.036439	
-0.039674	
-0.047395	
-0.047853	
-0.042177	
-0.045320	
-0.054872	
-0.058382	
-0.053987	
-0.058596	
-0.072542	
-0.070070	
-0.059420	
-0.057405	
-0.064852	
-0.070467	
-0.064821	
-0.059389	
-0.062838	
-0.069674	
-0.070376	
-0.067446	
-0.068117	
-0.069704	
-0.068026	
-0.067568	
-0.069918	
-0.069185	
-0.064669	
-0.061129	
-0.061739	
-0.063082	
-0.058840	
-0.050996	
-0.047670	
-0.048616	
-0.045625	
-0.037660	
-0.031312	
-0.028748	
-0.027467	
-0.025117	
-0.020020	
-0.014740	
-0.012879	
-0.010804	
-0.008179	
-0.008942	
-0.008972	
-0.007904	
-0.011261	
-0.016358	
-0.019684	
-0.020814	
-0.019776	
-0.020508	
-0.024415	
-0.026887	
-0.026154	
-0.025697	
-0.027406	
-0.031129	
-0.035005	
-0.036531	
-0.036500	
-0.038209	
-0.042451	
-0.046480	
-0.048647	
-0.049654	
-0.050295	
-0.052705	
-0.056063	
-0.055757	
-0.053194	
-0.052950	
-0.053499	
-0.051759	
-0.049196	
-0.046937	
-0.044984	
-0.042879	
-0.040254	
-0.036927	
-0.033204	
-0.031068	
-0.027314	
-0.023438	
-0.023774	
-0.026215	
-0.025452	
-0.021302	
-0.023194	
-0.029115	
-0.032105	
-0.030580	
-0.026093	
-0.023591	
-0.022950	
-0.021516	
-0.018860	
-0.015748	
-0.012696	
-0.010712	
-0.010193	
-0.010620	
-0.010407	
-0.008545	
-0.007782	
-0.011414	
-0.015351	
-0.015625	
-0.015137	
-0.018372	
-0.024262	
-0.029115	
-0.030671	
-0.030854	
-0.034089	
-0.039186	
-0.042085	
-0.041841	
-0.040925	
-0.041627	
-0.043397	
-0.043580	
-0.042268	
-0.041108	
-0.038850	
-0.036592	
-0.036683	
-0.036958	
-0.034822	
-0.031587	
-0.029817	
-0.030519	
-0.032533	
-0.032197	
-0.027985	
-0.025666	
-0.028504	
-0.030457	
-0.028352	
-0.025361	
-0.023713	
-0.024445	
-0.025910	
-0.023896	
-0.020020	
-0.018372	
-0.017853	
-0.017060	
-0.016755	
-0.014954	
-0.011933	
-0.012024	
-0.014161	
-0.014740	
-0.014801	
-0.014893	
-0.015015	
-0.018616	
-0.022065	
-0.020722	
-0.020112	
-0.021912	
-0.023438	
-0.025025	
-0.024751	
-0.021546	
-0.020081	
-0.021943	
-0.023377	
-0.023377	
-0.022126	
-0.019837	
-0.020142	
-0.024079	
-0.026734	
-0.025178	
-0.022828	
-0.024079	
-0.027772	
-0.029511	
-0.026948	
-0.024018	
-0.025422	
-0.028657	
-0.028901	
-0.026704	
-0.024384	
-0.023408	
-0.024506	
-0.025147	
-0.023408	
-0.020417	
-0.018799	
-0.019044	
-0.019105	
-0.018647	
-0.016419	
-0.014924	
-0.019013	
-0.024079	
-0.024873	
-0.023469	
-0.023377	
-0.024354	
-0.026185	
-0.027345	
-0.025330	
-0.023164	
-0.025086	
-0.028321	
-0.028626	
-0.026612	
-0.024812	
-0.024476	
-0.025025	
-0.025056	
-0.023896	
-0.021668	
-0.020325	
-0.020600	
-0.022156	
-0.021546	
-0.018830	
-0.016419	
-0.016114	
-0.018586	
-0.020447	
-0.017273	
-0.014649	
-0.017457	
-0.020051	
-0.019715	
-0.017945	
-0.015564	
-0.016053	
-0.019349	
-0.019044	
-0.015137	
-0.013428	
-0.013520	
-0.013276	
-0.013123	
-0.012391	
-0.011139	
-0.010681	
-0.010620	
-0.010987	
-0.012207	
-0.011872	
-0.010132	
-0.010895	
-0.013886	
-0.015351	
-0.013977	
-0.011078	
-0.010468	
-0.013276	
-0.013581	
-0.009552	
-0.005951	
-0.004639	
-0.003723	
-0.000916	
0.002319	
0.003571	
0.002747	
0.000336	
-0.001984	
-0.002228	
-0.001740	
-0.001190	
-0.000641	
-0.002014	
-0.002472	
0.001556	
0.005341	
0.003571	
0.000763	
0.001495	
0.003723	
0.006012	
0.005646	
0.002075	
0.000824	
0.003815	
0.005127	
0.002228	
-0.000885	
-0.002014	
-0.001129	
0.000153	
-0.001038	
-0.003143	
-0.003113	
-0.002441	
-0.002228	
-0.002106	
-0.002777	
-0.004059	
-0.005676	
-0.002808	
0.002136	
0.002777	
0.001465	
0.000763	
0.001923	
0.003571	
0.004151	
0.000488	
-0.005005	
-0.004761	
-0.004181	
-0.006317	
-0.008637	
-0.008972	
-0.006439	
-0.003571	
-0.003540	
-0.005737	
-0.006684	
-0.004089	
-0.000946	
-0.001709	
-0.004181	
-0.004944	
-0.004120	
-0.003052	
-0.002991	
-0.004334	
-0.005249	
-0.004944	
-0.003540	
-0.002533	
-0.003479	
-0.005097	
-0.005219	
-0.003662	
-0.002930	
-0.003571	
-0.003876	
-0.003082	
-0.001526	
-0.000946	
-0.002289	
-0.002991	
-0.002564	
-0.002869	
-0.003479	
-0.004181	
-0.005097	
-0.005280	
-0.005066	
-0.005554	
-0.005890	
-0.006531	
-0.007202	
-0.006684	
-0.005829	
-0.005371	
-0.006104	
-0.007721	
-0.007080	
-0.005036	
-0.003784	
-0.003540	
-0.005402	
-0.006775	
-0.004273	
-0.001801	
-0.003265	
-0.005554	
-0.006470	
-0.005097	
-0.002991	
-0.003388	
-0.005951	
-0.006531	
-0.005188	
-0.004791	
-0.005402	
-0.005860	
-0.005585	
-0.004486	
-0.003510	
-0.003388	
-0.002869	
-0.002197	
-0.002075	
-0.002655	
-0.003479	
-0.003510	
-0.003143	
-0.003418	
-0.004120	
-0.005402	
-0.007141	
-0.007294	
-0.007050	
-0.008576	
-0.009400	
-0.009461	
-0.010163	
-0.009400	
-0.008576	
-0.009827	
-0.009980	
-0.009461	
-0.009980	
-0.010102	
-0.009186	
-0.007935	
-0.007355	
-0.007630	
-0.007813	
-0.007080	
-0.006592	
-0.006073	
-0.006745	
-0.010926	
-0.013459	
-0.013550	
-0.014801	
-0.015717	
-0.015595	
-0.016114	
-0.016511	
-0.014618	
-0.013001	
-0.013153	
-0.013733	
-0.014679	
-0.015076	
-0.013245	
-0.011292	
-0.011536	
-0.012421	
-0.012391	
-0.010987	
-0.008484	
-0.007721	
-0.009247	
-0.009949	
-0.008972	
-0.007355	
-0.006806	
-0.008271	
-0.009552	
-0.008667	
-0.006378	
-0.005219	
-0.005982	
-0.006409	
-0.004273	
-0.002319	
-0.002106	
-0.002350	
-0.002716	
-0.001434	
0.001099	
0.001343	
0.000153	
-0.000519	
-0.000092	
0.001465	
0.001923	
0.000092	
-0.001312	
-0.001007	
-0.000092	
0.000916	
0.000732	
-0.000549	
-0.000763	
0.000885	
0.003143	
0.003388	
0.001770	
0.001007	
0.002197	
0.004730	
0.007721	
0.008728	
0.009003	
0.011689	
0.014618	
0.015046	
0.013794	
0.011231	
0.008301	
0.007477	
0.007904	
0.006348	
0.004761	
0.005371	
0.005951	
0.006928	
0.008423	
0.008087	
0.007904	
0.010376	
0.011597	
0.010895	
0.011139	
0.011750	
0.012360	
0.012909	
0.012177	
0.010407	
0.008698	
0.008209	
0.009156	
0.008454	
0.006653	
0.006287	
0.006348	
0.006043	
0.006775	
0.006836	
0.005921	
0.005860	
0.007599	
0.012299	
0.015137	
0.015717	
0.016114	
0.016907	
0.017457	
0.018006	
0.018159	
0.013245	
0.009033	
0.007477	
0.005127	
0.004059	
0.004273	
0.004089	
0.004028	
0.004151	
0.002838	
0.001892	
0.002319	
0.001373	
-0.000183	
-0.000031	
0.000610	
0.000793	
0.001404	
0.001343	
0.000580	
0.001099	
0.002533	
0.002991	
0.002319	
0.002106	
0.002564	
0.002106	
0.001038	
0.001129	
0.001373	
0.000855	
0.001587	
0.001648	
-0.000122	
-0.000488	
0.000671	
0.000916	
0.001099	
0.001801	
0.001556	
0.001434	
0.002686	
0.003601	
0.003143	
0.003327	
0.004273	
0.004700	
0.005371	
0.006104	
0.005799	
0.005219	
0.006104	
0.006836	
0.006165	
0.005158	
0.003998	
0.002838	
0.003204	
0.003632	
0.002594	
0.001434	
0.001221	
0.002472	
0.003845	
0.003235	
0.002319	
0.002747	
0.003082	
0.004120	
0.004639	
0.002258	
0.000183	
0.000427	
0.001190	
0.001404	
0.000824	
0.000122	
0.000549	
0.001679	
0.002045	
0.001587	
0.000946	
0.000519	
0.001038	
0.001251	
0.000153	
-0.002167	
-0.003021	
-0.002899	
-0.003143	
-0.003754	
-0.004517	
-0.004608	
-0.003662	
-0.002777	
-0.002808	
-0.003388	
-0.004028	
-0.003510	
-0.002319	
-0.002319	
-0.003388	
-0.003937	
-0.003571	
-0.002350	
-0.001434	
-0.002045	
-0.003601	
-0.003754	
-0.003723	
-0.006043	
-0.009003	
-0.010773	
-0.011048	
-0.010407	
-0.008576	
-0.007721	
-0.009003	
-0.009522	
-0.008240	
-0.006684	
-0.006195	
-0.007508	
-0.008484	
-0.007263	
-0.005982	
-0.005707	
-0.006073	
-0.006378	
-0.006012	
-0.004486	
-0.003662	
-0.004242	
-0.004639	
-0.003876	
-0.002258	
-0.001343	
-0.001648	
-0.002655	
-0.002258	
-0.000549	
0.000610	
0.000855	
0.000885	
0.001221	
0.001740	
0.003082	
0.003571	
0.002472	
0.001892	
0.003052	
0.004181	
0.004028	
0.003357	
0.002411	
0.001740	
0.002441	
0.002930	
0.001862	
0.001068	
0.000977	
0.001282	
0.001923	
0.001434	
0.000610	
0.000946	
0.001495	
0.002564	
0.004028	
0.003967	
0.003998	
0.007202	
0.010285	
0.012116	
0.014801	
0.015687	
0.015168	
0.015351	
0.014466	
0.011811	
0.009919	
0.008850	
0.008026	
0.008606	
0.010132	
0.011139	
0.012146	
0.014069	
0.015534	
0.016541	
0.017670	
0.018067	
0.018220	
0.018342	
0.018036	
0.017670	
0.016724	
0.015046	
0.014008	
0.013123	
0.011902	
0.011139	
0.010804	
0.010132	
0.009552	
0.009339	
0.009186	
0.008911	
0.009156	
0.009430	
0.009339	
0.009156	
0.011933	
0.015351	
0.017029	
0.018830	
0.019135	
0.019532	
0.019959	
0.020142	
0.018220	
0.013092	
0.009278	
0.006592	
0.005707	
0.005280	
0.004791	
0.004608	
0.004303	
0.003235	
0.002625	
0.003418	
0.003754	
0.003327	
0.002838	
0.002716	
0.003265	
0.004059	
0.004852	
0.005310	
0.005554	
0.006104	
0.006653	
0.006714	
0.006806	
0.006317	
0.005554	
0.005402	
0.005524	
0.005524	
0.005249	
0.005249	
0.005646	
0.005737	
0.005280	
0.005524	
0.005799	
0.005646	
0.006592	
0.007294	
0.006928	
0.007233	
0.007599	
0.007141	
0.007691	
0.008332	
0.007752	
0.007294	
0.007996	
0.007904	
0.007477	
0.007721	
0.006531	
0.005554	
0.006012	
0.005402	
0.003967	
0.003967	
0.003784	
0.003204	
0.003296	
0.003388	
0.003784	
0.004089	
0.004212	
0.004395	
0.004700	
0.004791	
0.004578	
0.004242	
0.003876	
0.003906	
0.004089	
0.003967	
0.003418	
0.003204	
0.002808	
0.001984	
0.001740	
0.001984	
0.001312	
0.000366	
0.000763	
0.000580	
-0.000427	
-0.000427	
-0.000275	
-0.000824	
-0.001099	
-0.001190	
-0.001404	
-0.001068	
-0.000183	
0.000458	
0.000183	
-0.000427	
-0.000549	
-0.000488	
-0.000458	
-0.000824	
-0.002289	
-0.003632	
-0.003571	
-0.003174	
-0.002533	
-0.002228	
-0.002686	
-0.002777	
-0.001953	
-0.001373	
-0.003723	
-0.007141	
-0.009033	
-0.009491	
-0.008728	
-0.008820	
-0.008972	
-0.008026	
-0.007904	
-0.007538	
-0.006104	
-0.006867	
-0.008301	
-0.007935	
-0.007904	
-0.007691	
-0.006317	
-0.005982	
-0.006104	
-0.005188	
-0.005158	
-0.005371	
-0.004883	
-0.004944	
-0.004608	
-0.003296	
-0.002136	
-0.001648	
-0.001129	
-0.000336	
0.000000	
-0.000275	
0.000214	
0.001099	
0.002106	
0.002747	
0.002197	
0.001251	
0.000946	
0.000610	
0.000610	
0.001373	
0.001129	
0.000458	
0.001099	
0.002106	
0.002564	
0.002991	
0.003174	
0.003082	
0.003845	
0.005066	
0.005127	
0.005158	
0.005799	
0.005585	
0.005432	
0.006287	
0.006226	
0.005860	
0.006500	
0.006897	
0.008148	
0.010254	
0.011689	
0.012757	
0.013306	
0.012726	
0.011597	
0.010987	
0.010315	
0.009125	
0.009308	
0.010285	
0.010559	
0.012055	
0.014313	
0.014832	
0.014771	
0.015503	
0.016236	
0.017090	
0.018097	
0.017945	
0.017304	
0.016785	
0.016175	
0.016083	
0.016236	
0.014801	
0.012726	
0.012238	
0.012513	
0.012757	
0.013062	
0.012696	
0.011536	
0.011078	
0.011750	
0.011902	
0.012360	
0.012391	
0.011628	
0.014130	
0.016755	
0.017640	
0.017579	
0.016846	
0.015748	
0.014863	
0.014740	
0.010315	
0.005646	
0.003662	
0.002228	
0.002411	
0.003082	
0.003479	
0.003937	
0.004669	
0.005310	
0.005982	
0.006928	
0.007843	
0.007996	
0.007141	
0.007080	
0.008026	
0.008209	
0.007630	
0.007324	
0.006531	
0.005005	
0.004578	
0.004822	
0.004700	
0.004089	
0.003327	
0.003113	
0.003693	
0.004517	
0.005371	
0.005737	
0.005432	
0.005188	
0.005249	
0.005188	
0.005524	
0.005676	
0.005371	
0.005707	
0.005921	
0.005799	
0.006104	
0.006256	
0.005921	
0.005646	
0.005402	
0.005127	
0.005188	
0.004730	
0.004089	
0.004364	
0.004975	
0.004852	
0.005097	
0.005524	
0.004975	
0.004822	
0.005249	
0.004852	
0.004486	
0.004456	
0.003998	
0.004242	
0.004669	
0.004028	
0.003845	
0.003571	
0.002380	
0.001801	
0.002075	
0.001953	
0.001526	
0.001801	
0.002350	
0.002503	
0.003082	
0.004273	
0.004639	
0.004364	
0.004181	
0.004059	
0.003906	
0.004242	
0.004242	
0.003174	
0.001953	
0.000977	
0.000610	
0.000214	
-0.000549	
-0.001465	
-0.002411	
-0.003601	
-0.003540	
-0.002747	
-0.002930	
-0.003510	
-0.003540	
-0.003693	
-0.003601	
-0.002747	
-0.001953	
-0.001190	
0.000031	
0.000305	
0.000031	
-0.000549	
-0.000580	
-0.002197	
-0.005158	
-0.006989	
-0.008118	
-0.008606	
-0.008545	
-0.008087	
-0.007416	
-0.007111	
-0.007324	
-0.007141	
-0.007050	
-0.007355	
-0.007416	
-0.007324	
-0.007141	
-0.006500	
-0.005921	
-0.005524	
-0.005402	
-0.005341	
-0.005219	
-0.004425	
-0.003540	
-0.003174	
-0.002533	
-0.001770	
-0.002228	
-0.002777	
-0.002503	
-0.002350	
-0.002533	
-0.001892	
-0.001007	
-0.000549	
0.000336	
0.000763	
0.001007	
0.001587	
0.001892	
0.001740	
0.002258	
0.003296	
0.003906	
0.004059	
0.004395	
0.005280	
0.005646	
0.005371	
0.005921	
0.006317	
0.005554	
0.005280	
0.005768	
0.005921	
0.006073	
0.006500	
0.007294	
0.007538	
0.007141	
0.007660	
0.008057	
0.008484	
0.010651	
0.012818	
0.014252	
0.015503	
0.016541	
0.016327	
0.015351	
0.014344	
0.012848	
0.011780	
0.011994	
0.012055	
0.012268	
0.013703	
0.014863	
0.015717	
0.017182	
0.017792	
0.017884	
0.018250	
0.018067	
0.017762	
0.017365	
0.016297	
0.014832	
0.013947	
0.012604	
0.010987	
0.009919	
0.008515	
0.007721	
0.007813	
0.007141	
0.006806	
0.007721	
0.008271	
0.008179	
0.009064	
0.010681	
0.010651	
0.013184	
0.017823	
0.019654	
0.020234	
0.020447	
0.020783	
0.020173	
0.020295	
0.018586	
0.012665	
0.008881	
0.007202	
0.006104	
0.005890	
0.006378	
0.006195	
0.005860	
0.006470	
0.006806	
0.006470	
0.006684	
0.007202	
0.007721	
0.008484	
0.008820	
0.008362	
0.008087	
0.008209	
0.008118	
0.007965	
0.007660	
0.007477	
0.007599	
0.006836	
0.005646	
0.005371	
0.005402	
0.005310	
0.005860	
0.006043	
0.005463	
0.005554	
0.006073	
0.005676	
0.005676	
0.006043	
0.005768	
0.005829	
0.006104	
0.005737	
0.005158	
0.005249	
0.005402	
0.005371	
0.005188	
0.004517	
0.004151	
0.004425	
0.004334	
0.004120	
0.004364	
0.004364	
0.004212	
0.004425	
0.004547	
0.004486	
0.004486	
0.004273	
0.004303	
0.004517	
0.004456	
0.004181	
0.004486	
0.004639	
0.004486	
0.004822	
0.004730	
0.003418	
0.002564	
0.002716	
0.002228	
0.001343	
0.001434	
0.001251	
0.000916	
0.001221	
0.000977	
0.000977	
0.002045	
0.002838	
0.003204	
0.004151	
0.004578	
0.004334	
0.004517	
0.003723	
0.001709	
0.000549	
0.000122	
-0.000275	
-0.000061	
-0.000244	
-0.001404	
-0.001831	
-0.001862	
-0.002472	
-0.002533	
-0.002136	
-0.002411	
-0.002014	
-0.001190	
-0.001709	
-0.001587	
-0.000458	
0.000153	
0.000366	
0.001282	
0.000855	
-0.002289	
-0.004151	
-0.005402	
-0.006500	
-0.006989	
-0.007691	
-0.008148	
-0.007721	
-0.007782	
-0.008759	
-0.009003	
-0.008911	
-0.009369	
-0.009430	
-0.009217	
-0.009339	
-0.009369	
-0.008576	
-0.008454	
-0.008484	
-0.007599	
-0.006928	
-0.006745	
-0.005463	
-0.004028	
-0.003601	
-0.003540	
-0.003723	
-0.003174	
-0.001495	
-0.001190	
-0.001526	
-0.000458	
0.000153	
-0.000183	
0.000214	
0.000763	
0.000610	
0.000946	
0.001526	
0.001373	
0.002197	
0.003388	
0.003571	
0.004089	
0.004151	
0.003845	
0.004242	
0.004364	
0.004151	
0.004517	
0.004975	
0.004517	
0.004486	
0.005066	
0.004517	
0.003845	
0.004242	
0.003937	
0.003143	
0.003204	
0.003998	
0.005890	
0.008057	
0.009919	
0.011292	
0.011902	
0.012238	
0.012207	
0.011536	
0.010407	
0.009400	
0.008515	
0.008179	
0.008271	
0.009369	
0.011231	
0.012299	
0.013550	
0.015015	
0.015229	
0.015107	
0.016144	
0.016877	
0.016511	
0.016266	
0.015442	
0.013794	
0.012726	
0.011902	
0.010743	
0.010041	
0.009217	
0.007538	
0.006592	
0.006531	
0.005799	
0.005402	
0.005860	
0.005737	
0.005921	
0.005890	
0.006836	
0.011383	
0.014618	
0.015534	
0.015625	
0.015534	
0.015473	
0.015198	
0.015809	
0.012574	
0.007843	
0.005921	
0.003906	
0.002625	
0.002106	
0.001648	
0.001526	
0.002045	
0.002380	
0.002350	
0.002716	
0.003082	
0.002991	
0.003204	
0.003449	
0.003265	
0.003540	
0.004547	
0.005768	
0.006287	
0.006470	
0.006745	
0.006958	
0.006500	
0.005921	
0.005737	
0.005615	
0.005646	
0.005829	
0.006043	
0.006073	
0.005554	
0.005341	
0.005219	
0.005402	
0.006043	
0.006165	
0.006256	
0.007355	
0.007782	
0.007538	
0.007843	
0.007508	
0.006653	
0.006561	
0.006348	
0.005158	
0.004517	
0.004242	
0.002991	
0.002258	
0.001984	
0.000824	
-0.000305	
-0.000824	
-0.001801	
-0.002228	
-0.002380	
-0.003235	
-0.003662	
-0.002441	
-0.001434	
-0.000855	
0.000549	
0.001709	
0.002777	
0.004028	
0.004730	
0.004700	
0.004975	
0.005158	
0.004547	
0.004364	
0.004273	
0.003388	
0.002777	
0.002533	
0.001892	
0.001251	
0.000427	
-0.000641	
-0.001190	
-0.001312	
-0.001373	
-0.001740	
-0.002380	
-0.003204	
-0.004181	
-0.004059	
-0.003571	
-0.003235	
-0.002289	
-0.001099	
-0.000580	
-0.000488	
-0.000336	
-0.001038	
-0.001434	
-0.000763	
-0.000732	
-0.001221	
-0.001587	
-0.001709	
-0.001587	
-0.001923	
-0.002380	
-0.002594	
-0.002106	
-0.003082	
-0.006043	
-0.007752	
-0.008209	
-0.008667	
-0.009125	
-0.008454	
-0.007935	
-0.007843	
-0.007660	
-0.007904	
-0.008576	
-0.009339	
-0.009949	
-0.010376	
-0.010376	
-0.009919	
-0.009766	
-0.010163	
-0.010254	
-0.010010	
-0.009857	
-0.009583	
-0.008820	
-0.008026	
-0.007202	
-0.005921	
-0.004608	
-0.003601	
-0.002350	
-0.000427	
0.000519	
0.001343	
0.002319	
0.002319	
0.002106	
0.002136	
0.002014	
0.001251	
0.000519	
0.000305	
0.000031	
-0.000488	
-0.000916	
-0.001068	
-0.001068	
-0.000641	
0.000031	
0.000275	
0.000610	
0.001251	
0.001740	
0.002228	
0.002564	
0.003479	
0.004273	
0.004517	
0.005188	
0.006165	
0.006561	
0.006928	
0.007569	
0.008942	
0.010651	
0.011994	
0.013367	
0.014557	
0.015137	
0.014496	
0.012879	
0.011139	
0.009644	
0.008332	
0.007477	
0.007477	
0.008026	
0.008942	
0.010285	
0.011628	
0.012177	
0.012513	
0.012818	
0.012329	
0.011963	
0.012116	
0.011719	
0.011017	
0.010346	
0.009674	
0.008728	
0.007691	
0.007019	
0.006714	
0.006653	
0.006775	
0.006958	
0.007324	
0.008118	
0.008820	
0.009064	
0.009186	
0.009522	
0.009583	
0.012543	
0.015839	
0.016572	
0.017335	
0.016785	
0.016114	
0.015839	
0.015839	
0.013276	
0.007385	
0.003876	
0.001892	
0.000855	
0.000458	
0.000244	
0.000702	
0.001953	
0.002747	
0.002838	
0.003174	
0.003571	
0.004089	
0.004730	
0.005432	
0.005676	
0.005249	
0.005493	
0.005860	
0.005554	
0.005646	
0.006012	
0.005707	
0.005402	
0.005432	
0.004883	
0.003937	
0.003723	
0.004120	
0.003906	
0.003906	
0.004212	
0.003998	
0.003845	
0.004089	
0.004151	
0.003784	
0.003662	
0.003571	
0.003418	
0.003235	
0.002838	
0.002350	
0.002136	
0.002045	
0.002258	
0.002747	
0.002747	
0.003021	
0.003693	
0.003632	
0.003296	
0.003204	
0.003174	
0.003174	
0.003845	
0.004181	
0.003632	
0.003174	
0.002503	
0.001770	
0.001556	
0.001038	
0.000092	
-0.000183	
0.000031	
-0.000580	
-0.001312	
-0.001404	
-0.002045	
-0.002747	
-0.002747	
-0.002503	
-0.002228	
-0.001495	
-0.000977	
-0.000519	
0.000824	
0.002167	
0.002991	
0.003662	
0.004242	
0.004486	
0.004364	
0.004242	
0.003449	
0.002258	
0.001251	
0.000580	
0.000427	
0.000488	
-0.000092	
-0.000549	
-0.000763	
-0.001587	
-0.002014	
-0.001892	
-0.002869	
-0.003449	
-0.003388	
-0.003845	
-0.004273	
-0.004456	
-0.004212	
-0.004273	
-0.004547	
-0.004883	
-0.005188	
-0.006439	
-0.009735	
-0.012452	
-0.013977	
-0.014710	
-0.014801	
-0.014435	
-0.013977	
-0.013733	
-0.013520	
-0.013306	
-0.013123	
-0.012543	
-0.012299	
-0.012238	
-0.011750	
-0.011139	
-0.010651	
-0.010224	
-0.009217	
-0.008515	
-0.008332	
-0.007904	
-0.007813	
-0.007813	
-0.007599	
-0.007324	
-0.007019	
-0.006409	
-0.006134	
-0.006165	
-0.005585	
-0.005554	
-0.005524	
-0.004395	
-0.002991	
-0.002228	
-0.001679	
-0.001160	
-0.000763	
0.000000	
0.000305	
0.000732	
0.001679	
0.002106	
0.002319	
0.003082	
0.003174	
0.002503	
0.002380	
0.002503	
0.001617	
0.000855	
0.000977	
0.000977	
0.000519	
0.000244	
-0.000214	
-0.000793	
-0.000946	
-0.001068	
-0.001038	
-0.000397	
0.001617	
0.003784	
0.005676	
0.007691	
0.008667	
0.008881	
0.008789	
0.007813	
0.007019	
0.006745	
0.006439	
0.006653	
0.007019	
0.007294	
0.008057	
0.009369	
0.010346	
0.011078	
0.012329	
0.013092	
0.013153	
0.013215	
0.012879	
0.012452	
0.012177	
0.011292	
0.010437	
0.010224	
0.009400	
0.008545	
0.008057	
0.006806	
0.005951	
0.005799	
0.005585	
0.005280	
0.005188	
0.004822	
0.004639	
0.004181	
0.004761	
0.008728	
0.011841	
0.013062	
0.013245	
0.013611	
0.014130	
0.014283	
0.014893	
0.011628	
0.007355	
0.005280	
0.003998	
0.003327	
0.002411	
0.002045	
0.002258	
0.002197	
0.002228	
0.002258	
0.001709	
0.001099	
0.001007	
0.000702	
0.000702	
0.000946	
0.001221	
0.001556	
0.001709	
0.001740	
0.001679	
0.001556	
0.001221	
0.000977	
0.000793	
0.000488	
0.000397	
0.000305	
0.000366	
0.000580	
0.001129	
0.000824	
0.000244	
-0.000031	
-0.000305	
-0.000153	
-0.000183	
0.000397	
0.001099	
0.001343	
0.001679	
0.001617	
0.001221	
0.000916	
0.000793	
0.000519	
0.000610	
0.001221	
0.001892	
0.002228	
0.002014	
0.001709	
0.001404	
0.000946	
0.001160	
0.001709	
0.001892	
0.001617	
0.000916	
0.000336	
0.000092	
0.000244	
0.000366	
0.000610	
0.001129	
0.001740	
0.002014	
0.002014	
0.001801	
0.001495	
0.001221	
0.001099	
0.001068	
0.000702	
0.000122	
-0.000214	
-0.000427	
-0.000702	
-0.000946	
-0.000977	
-0.000946	
-0.001282	
-0.001801	
-0.002503	
-0.003601	
-0.004395	
-0.005158	
-0.006104	
-0.006653	
-0.006653	
-0.007111	
-0.007324	
-0.007080	
-0.007080	
-0.007202	
-0.006928	
-0.006378	
-0.006134	
-0.006012	
-0.005982	
-0.005951	
-0.005554	
-0.004761	
-0.004303	
-0.004242	
-0.003632	
-0.003662	
-0.004181	
-0.006073	
-0.009186	
-0.011048	
-0.012116	
-0.012421	
-0.012238	
-0.012360	
-0.012421	
-0.011933	
-0.011322	
-0.011200	
-0.010834	
-0.010681	
-0.010712	
-0.010285	
-0.010224	
-0.010010	
-0.009461	
-0.009247	
-0.009003	
-0.008881	
-0.008881	
-0.008667	
-0.010010	
-0.011048	
-0.010743	
-0.010315	
-0.010376	
-0.012818	
-0.012085	
-0.014710	
-0.014344	
-0.012177	
-0.010529	
-0.005951	
-0.005127	
-0.004059	
-0.005707	
-0.008881	
-0.009552	
-0.010559	
-0.009308	
-0.008637	
-0.007660	
-0.006134	
-0.005341	
-0.006958	
-0.001038	
0.007019	
0.047029	
0.030854	
-0.034089	
-0.025849	
-0.085574	
-0.058596	
-0.067110	
-0.086917	
-0.070162	
-0.125431	
-0.104373	
-0.077670	
-0.018769	
0.072420	
0.125156	
0.153203	
0.128727	
0.075411	
0.025758	
-0.022553	
-0.061556	
-0.049471	
0.002289	
0.049104	
0.081851	
0.080233	
0.047609	
0.009217	
-0.046907	
-0.062868	
-0.032014	
0.010956	
0.069643	
0.091342	
0.078463	
0.042970	
-0.008545	
-0.038392	
-0.059725	
-0.019990	
0.023652	
0.058657	
0.077517	
0.042573	
0.007447	
-0.034516	
-0.073122	
-0.058962	
-0.034761	
-0.007660	
-0.005524	
-0.090030	
-0.163884	
-0.220466	
-0.207495	
-0.091433	
0.032472	
0.137364	
0.183782	
0.151708	
0.034608	
-0.094882	
-0.146001	
-0.092990	
0.011353	
0.141911	
0.189795	
0.116520	
0.029450	
-0.059023	
-0.119877	
-0.112400	
-0.031007	
0.043123	
0.097781	
0.069704	
-0.019288	
-0.072542	
-0.089694	
-0.045351	
0.030122	
0.115085	
0.132817	
0.065950	
-0.021149	
-0.107822	
-0.139897	
-0.073489	
0.031068	
0.150212	
0.215461	
0.164617	
0.060488	
-0.051637	
-0.120396	
-0.116153	
-0.042238	
0.053682	
0.108158	
0.093570	
0.022584	
-0.075381	
-0.132145	
-0.119114	
-0.047945	
0.058718	
0.117191	
0.116520	
0.064699	
-0.002930	
-0.054842	
-0.059572	
-0.019562	
0.044465	
0.100497	
0.153111	
0.150060	
0.125187	
0.113224	
0.089450	
0.121860	
0.174383	
0.221381	
0.279519	
0.287729	
0.251564	
0.175665	
0.078951	
0.000458	
-0.055452	
-0.053346	
-0.046602	
-0.061892	
-0.068422	
-0.105960	
-0.147313	
-0.153356	
-0.146062	
-0.107547	
-0.041719	
0.009583	
0.032807	
0.009003	
-0.060701	
-0.133763	
-0.165868	
-0.152654	
-0.104404	
-0.032594	
0.019623	
0.040407	
0.036714	
0.001129	
-0.043641	
-0.063356	
-0.053133	
-0.013153	
0.030610	
0.060945	
0.081942	
0.095431	
0.115238	
0.141362	
0.175573	
0.232215	
0.314402	
0.405438	
0.468123	
0.451857	
0.388745	
0.288614	
0.121097	
-0.018097	
-0.090121	
-0.170110	
-0.208686	
-0.201575	
-0.240028	
-0.272683	
-0.272744	
-0.283181	
-0.247108	
-0.149907	
-0.056856	
0.042360	
0.135716	
0.168981	
0.171361	
0.156072	
0.124851	
0.111362	
0.075838	
-0.025758	
-0.143284	
-0.231239	
-0.282968	
-0.294656	
-0.279550	
-0.233802	
-0.142064	
-0.034883	
0.035554	
0.054659	
0.043184	
0.026917	
0.011048	
-0.003937	
-0.002503	
0.031526	
0.110446	
0.197974	
0.278359	
0.357646	
0.437330	
0.563402	
0.694174	
0.721122	
0.602985	
0.397717	
0.195715	
0.027497	
-0.118168	
-0.232917	
-0.313150	
-0.353832	
-0.356609	
-0.361522	
-0.389630	
-0.393994	
-0.329875	
-0.200049	
-0.033326	
0.115146	
0.209937	
0.267800	
0.288522	
0.261147	
0.201575	
0.138096	
0.097720	
0.082614	
0.051943	
-0.054994	
-0.237373	
-0.419599	
-0.540971	
-0.576373	
-0.508499	
-0.353099	
-0.134312	
0.100284	
0.242439	
0.236946	
0.130772	
-0.009095	
-0.115879	
-0.153417	
-0.125309	
-0.025178	
0.139164	
0.306406	
0.436018	
0.520066	
0.581835	
0.690634	
0.811975	
0.800073	
0.621265	
0.362590	
0.099429	
-0.136021	
-0.323771	
-0.453352	
-0.535875	
-0.544237	
-0.464278	
-0.389294	
-0.338267	
-0.246406	
-0.131016	
0.020783	
0.201697	
0.309091	
0.366588	
0.418928	
0.408216	
0.344829	
0.240425	
0.092685	
-0.042207	
-0.169897	
-0.319346	
-0.458510	
-0.564226	
-0.619465	
-0.589679	
-0.475143	
-0.304056	
-0.094790	
0.107608	
0.225105	
0.221503	
0.118717	
-0.038209	
-0.183844	
-0.264840	
-0.268136	
-0.175634	
0.017609	
0.244758	
0.451064	
0.614277	
0.739402	
0.889554	
0.997955	
0.871914	
0.548997	
0.223792	
-0.064028	
-0.328257	
-0.503128	
-0.610004	
-0.690115	
-0.633381	
-0.488876	
-0.415510	
-0.285134	
-0.091952	
0.060488	
0.286203	
0.449232	
0.447768	
0.481368	
0.485855	
0.394208	
0.296640	
0.143864	
-0.041963	
-0.200995	
-0.365612	
-0.521439	
-0.637532	
-0.684256	
-0.628010	
-0.473464	
-0.237190	
0.008942	
0.204627	
0.323038	
0.292489	
0.139836	
-0.049135	
-0.229591	
-0.331156	
-0.328745	
-0.243110	
-0.050233	
0.200964	
0.433210	
0.620869	
0.769951	
0.961974	
1.000000	
1.000000	
0.771233	
0.331034	
-0.016175	
-0.375439	
-0.618183	
-0.748802	
-0.845576	
-0.750755	
-0.480361	
-0.327403	
-0.138859	
0.137883	
0.281075	
0.455763	
0.580340	
0.492508	
0.469741	
0.490890	
0.389935	
0.261299	
0.089999	
-0.125370	
-0.284646	
-0.427534	
-0.605335	
-0.722739	
-0.700461	
-0.586291	
-0.374676	
-0.084353	
0.141636	
0.317454	
0.409742	
0.283609	
0.046571	
-0.170507	
-0.344310	
-0.424024	
-0.391003	
-0.277993	
-0.065126	
0.218909	
0.453108	
0.599750	
0.745903	
0.976775	
1.000000	
1.000000	
0.881405	
0.382427	
-0.021271	
-0.426191	
-0.740379	
-0.891293	
-0.992401	
-0.855800	
-0.416578	
-0.125980	
0.117679	
0.480392	
0.623402	
0.664480	
0.657155	
0.458998	
0.338420	
0.357189	
0.303385	
0.174017	
0.001221	
-0.194647	
-0.358165	
-0.502060	
-0.654744	
-0.747673	
-0.660115	
-0.434309	
-0.169744	
0.123997	
0.329325	
0.400739	
0.372173	
0.175512	
-0.109470	
-0.320658	
-0.426862	
-0.436903	
-0.350658	
-0.190588	
0.024812	
0.256081	
0.420209	
0.503739	
0.561602	
0.826136	
1.000000	
1.000000	
1.000000	
0.633747	
0.118625	
-0.321116	
-0.745842	
-0.970611	
-1.000031	
-0.992767	
-0.472823	
0.109958	
0.413587	
0.821070	
1.000000	
0.874325	
0.683645	
0.407483	
0.155370	
0.118625	
0.163549	
0.119602	
-0.001312	
-0.143162	
-0.314432	
-0.493789	
-0.631947	
-0.711234	
-0.630818	
-0.340495	
-0.003845	
0.268502	
0.438917	
0.434248	
0.274972	
0.027192	
-0.245643	
-0.439619	
-0.485275	
-0.401593	
-0.244819	
-0.053224	
0.130436	
0.251991	
0.292856	
0.273721	
0.273476	
0.384228	
0.789880	
1.000000	
1.000000	
1.000000	
0.681387	
0.083895	
-0.434614	
-0.887753	
-1.000031	
-1.000031	
-0.911740	
-0.145665	
0.581500	
0.950987	
1.000000	
1.000000	
0.880520	
0.466781	
0.124882	
-0.096957	
-0.070162	
0.062868	
0.085604	
0.016694	
-0.099399	
-0.298166	
-0.525285	
-0.679220	
-0.700735	
-0.511551	
-0.122715	
0.274758	
0.525163	
0.584155	
0.429701	
0.118656	
-0.223853	
-0.487167	
-0.597858	
-0.522416	
-0.299722	
-0.030244	
0.203558	
0.337870	
0.331004	
0.218482	
0.074343	
0.028321	
0.129154	
0.587451	
1.000000	
1.000000	
1.000000	
0.907041	
0.284982	
-0.334635	
-0.832484	
-1.000031	
-1.000031	
-0.973724	
-0.197150	
0.766350	
1.000000	
1.000000	
1.000000	
0.956786	
0.503952	
0.068575	
-0.198828	
-0.231056	
-0.033753	
0.106296	
0.110782	
0.044618	
-0.138035	
-0.402661	
-0.605121	
-0.674215	
-0.548265	
-0.181890	
0.272347	
0.584155	
0.673299	
0.528245	
0.190527	
-0.201178	
-0.506790	
-0.652150	
-0.596423	
-0.341288	
0.003113	
0.298624	
0.467727	
0.449843	
0.281137	
0.067019	
-0.076418	
-0.064913	
0.202460	
0.804895	
1.000000	
1.000000	
1.000000	
0.747581	
0.036622	
-0.557695	
-0.975585	
-1.000031	
-1.000031	
-0.764122	
0.324778	
1.000000	
1.000000	
1.000000	
1.000000	
0.832362	
0.259285	
-0.155766	
-0.382214	
-0.320811	
-0.072542	
0.082492	
0.117344	
0.061312	
-0.140233	
-0.402020	
-0.579577	
-0.607318	
-0.421247	
-0.025056	
0.377941	
0.589557	
0.581683	
0.366192	
0.008820	
-0.346049	
-0.579974	
-0.638234	
-0.490860	
-0.174718	
0.165777	
0.404309	
0.484787	
0.388379	
0.192480	
-0.011444	
-0.103580	
-0.031678	
0.354076	
0.937529	
1.000000	
1.000000	
1.000000	
0.554521	
-0.146580	
-0.704093	
-1.000031	
-1.000031	
-1.000031	
-0.518418	
0.616810	
1.000000	
1.000000	
1.000000	
1.000000	
0.744926	
0.124424	
-0.284524	
-0.486373	
-0.388531	
-0.155644	
0.009491	
0.115146	
0.107059	
-0.078860	
-0.321451	
-0.483993	
-0.498733	
-0.311075	
0.018983	
0.319712	
0.487259	
0.475509	
0.259499	
-0.081118	
-0.398846	
-0.587695	
-0.600146	
-0.425367	
-0.119449	
0.200568	
0.424329	
0.477645	
0.348460	
0.134587	
-0.061251	
-0.150639	
-0.072756	
0.255867	
0.848262	
1.000000	
1.000000	
1.000000	
0.663869	
-0.049440	
-0.626789	
-1.000031	
-1.000031	
-1.000031	
-0.711539	
0.379498	
1.000000	
1.000000	
1.000000	
1.000000	
0.862941	
0.231452	
-0.260628	
-0.532182	
-0.541032	
-0.340800	
-0.135319	
0.043336	
0.135411	
0.031343	
-0.198157	
-0.393078	
-0.468398	
-0.380688	
-0.151097	
0.112308	
0.310587	
0.373730	
0.246254	
-0.029328	
-0.322703	
-0.523087	
-0.576495	
-0.467025	
-0.225898	
0.058351	
0.286874	
0.377911	
0.299326	
0.117313	
-0.061251	
-0.171148	
-0.126408	
0.081942	
0.600391	
1.000000	
1.000000	
1.000000	
0.842647	
0.167882	
-0.444441	
-0.928526	
-1.000031	
-1.000031	
-0.966277	
-0.180120	
0.814325	
1.000000	
1.000000	
1.000000	
1.000000	
0.484115	
-0.136143	
-0.505264	
-0.661763	
-0.555834	
-0.352184	
-0.119297	
0.091342	
0.128086	
-0.034394	
-0.247047	
-0.394543	
-0.418195	
-0.304727	
-0.112766	
0.084567	
0.223151	
0.212714	
0.030457	
-0.224067	
-0.437147	
-0.542772	
-0.511795	
-0.353893	
-0.117740	
0.121403	
0.272011	
0.270486	
0.137516	
-0.029908	
-0.159276	
-0.203955	
-0.085452	
0.196539	
0.747734	
1.000000	
1.000000	
1.000000	
0.558672	
-0.106021	
-0.659597	
-1.000031	
-1.000031	
-1.000031	
-0.831996	
0.085238	
0.917753	
1.000000	
1.000000	
1.000000	
0.868587	
0.223304	
-0.314432	
-0.637318	
-0.728111	
-0.602680	
-0.394757	
-0.133854	
0.088687	
0.105838	
-0.060884	
-0.254463	
-0.382092	
-0.404065	
-0.327860	
-0.194189	
-0.041963	
0.063570	
0.037660	
-0.118168	
-0.309305	
-0.446760	
-0.489181	
-0.429670	
-0.286905	
-0.104404	
0.056032	
0.128147	
0.081881	
-0.040773	
-0.151402	
-0.211829	
-0.163854	
0.017151	
0.374920	
0.906735	
1.000000	
1.000000	
0.872250	
0.229133	
-0.354503	
-0.871303	
-1.000031	
-1.000031	
-1.000031	
-0.622700	
0.372509	
1.000000	
1.000000	
1.000000	
1.000000	
0.681753	
0.008698	
-0.459334	
-0.746452	
-0.783715	
-0.645894	
-0.410352	
-0.103946	
0.111209	
0.093936	
-0.061892	
-0.227485	
-0.348094	
-0.383312	
-0.333689	
-0.232032	
-0.102725	
-0.019227	
-0.064760	
-0.206000	
-0.345592	
-0.428419	
-0.436628	
-0.362560	
-0.226142	
-0.070956	
0.049409	
0.075869	
0.000061	
-0.109806	
-0.181494	
-0.202857	
-0.114841	
0.082400	
0.478561	
0.961730	
1.000000	
1.000000	
0.703665	
0.058016	
-0.477157	
-0.948485	
-1.000031	
-1.000031	
-1.000031	
-0.444014	
0.507370	
1.000000	
1.000000	
1.000000	
1.000000	
0.536454	
-0.119968	
-0.551195	
-0.802454	
-0.814112	
-0.666494	
-0.394513	
-0.057680	
0.149785	
0.118473	
-0.038118	
-0.205054	
-0.327097	
-0.373302	
-0.352428	
-0.274758	
-0.157842	
-0.086062	
-0.129307	
-0.240730	
-0.340800	
-0.395184	
-0.388897	
-0.323466	
-0.214545	
-0.093265	
-0.009705	
-0.013367	
-0.091250	
-0.177068	
-0.220283	
-0.215217	
-0.118198	
0.083773	
0.438520	
0.903317	
1.000000	
1.000000	
0.631611	
0.038331	
-0.472762	
-0.939116	
-1.000031	
-1.000031	
-1.000031	
-0.550768	
0.305643	
0.948271	
1.000000	
1.000000	
1.000000	
0.566271	
-0.063417	
-0.505295	
-0.783044	
-0.839839	
-0.739372	
-0.495651	
-0.162114	
0.073153	
0.097659	
-0.004700	
-0.140721	
-0.263192	
-0.341685	
-0.371136	
-0.340892	
-0.259072	
-0.201758	
-0.228645	
-0.301889	
-0.357616	
-0.370708	
-0.341655	
-0.277139	
-0.185980	
-0.088656	
-0.034364	
-0.065462	
-0.155766	
-0.237281	
-0.265297	
-0.239723	
-0.114719	
0.110202	
0.493210	
0.938810	
1.000000	
1.000000	
0.587725	
-0.004334	
-0.520646	
-0.967559	
-1.000031	
-1.000031	
-1.000031	
-0.514206	
0.361400	
0.974639	
1.000000	
1.000000	
1.000000	
0.546953	
-0.094790	
-0.546525	
-0.825404	
-0.881130	
-0.781396	
-0.517228	
-0.152623	
0.099094	
0.137242	
0.044465	
-0.102542	
-0.248634	
-0.355296	
-0.414502	
-0.402173	
-0.320750	
-0.252205	
-0.251259	
-0.283395	
-0.304300	
-0.301645	
-0.274178	
-0.229896	
-0.176153	
-0.120548	
-0.099002	
-0.136601	
-0.202734	
-0.250069	
-0.250649	
-0.189642	
-0.066103	
0.135838	
0.437910	
0.809473	
1.000000	
0.827937	
0.381512	
-0.090915	
-0.555742	
-0.957762	
-1.000031	
-1.000031	
-1.000031	
-0.493454	
0.216590	
0.833338	
1.000000	
1.000000	
0.939604	
0.408399	
-0.125584	
-0.540117	
-0.793481	
-0.855068	
-0.769005	
-0.523362	
-0.194983	
0.035340	
0.097659	
0.045778	
-0.078097	
-0.226417	
-0.352580	
-0.432691	
-0.436872	
-0.371014	
-0.307657	
-0.282479	
-0.268838	
-0.256172	
-0.247780	
-0.236244	
-0.218513	
-0.192938	
-0.166478	
-0.164769	
-0.199194	
-0.236793	
-0.245308	
-0.214759	
-0.134281	
0.004547	
0.224036	
0.551866	
0.910916	
1.000000	
0.725272	
0.265084	
-0.200659	
-0.665334	
-1.000031	
-1.000031	
-1.000031	
-0.897977	
-0.285562	
0.430677	
0.970183	
1.000000	
1.000000	
0.871883	
0.295511	
-0.219611	
-0.613208	
-0.820582	
-0.851863	
-0.730186	
-0.438856	
-0.105350	
0.091372	
0.134709	
0.071749	
-0.067507	
-0.224555	
-0.360698	
-0.444990	
-0.439650	
-0.373241	
-0.316843	
-0.280343	
-0.243110	
-0.210059	
-0.187658	
-0.176458	
-0.175237	
-0.170598	
-0.168584	
-0.192724	
-0.230659	
-0.249458	
-0.225715	
-0.153569	
-0.029908	
0.161962	
0.439863	
0.774499	
0.945952	
0.766137	
0.369854	
-0.071780	
-0.514451	
-0.914090	
-1.000031	
-1.000031	
-0.973968	
-0.484939	
0.149144	
0.749382	
1.000000	
1.000000	
0.910916	
0.409192	
-0.098178	
-0.506119	
-0.755058	
-0.827540	
-0.749992	
-0.504593	
-0.179540	
0.056032	
0.139744	
0.096377	
-0.038636	
-0.197333	
-0.342814	
-0.451765	
-0.471786	
-0.406903	
-0.325541	
-0.257088	
-0.200385	
-0.160070	
-0.134770	
-0.129887	
-0.149480	
-0.172460	
-0.189611	
-0.215888	
-0.250282	
-0.266793	
-0.242958	
-0.173772	
-0.066317	
0.088534	
0.327708	
0.624592	
0.814325	
0.721580	
0.414686	
0.031678	
-0.377514	
-0.779107	
-1.000031	
-1.000031	
-1.000031	
-0.650136	
-0.087924	
0.474349	
0.925535	
1.000000	
0.924467	
0.523911	
0.053621	
-0.354076	
-0.636860	
-0.760826	
-0.740532	
-0.562822	
-0.285562	
-0.049318	
0.069094	
0.068453	
-0.031709	
-0.171819	
-0.306681	
-0.410077	
-0.437880	
-0.386914	
-0.312479	
-0.250252	
-0.202216	
-0.172704	
-0.161931	
-0.166997	
-0.187841	
-0.202918	
-0.199988	
-0.203833	
-0.215552	
-0.215064	
-0.192877	
-0.135166	
-0.035798	
0.122044	
0.372967	
0.679220	
0.840602	
0.706565	
0.385937	
-0.010468	
-0.433821	
-0.830958	
-1.000031	
-1.000031	
-0.969207	
-0.541612	
0.039918	
0.620930	
1.000000	
1.000000	
0.897305	
0.448256	
-0.034944	
-0.438795	
-0.694906	
-0.787072	
-0.728996	
-0.507920	
-0.209632	
0.022156	
0.117405	
0.069796	
-0.072420	
-0.229286	
-0.363506	
-0.446486	
-0.438765	
-0.356273	
-0.253090	
-0.164434	
-0.112766	
-0.104831	
-0.122959	
-0.156560	
-0.196203	
-0.217811	
-0.215400	
-0.200934	
-0.180548	
-0.152440	
-0.109592	
-0.039857	
0.058046	
0.207434	
0.426527	
0.594409	
0.575762	
0.388867	
0.116337	
-0.218940	
-0.570971	
-0.839290	
-0.973510	
-0.943419	
-0.702383	
-0.289468	
0.179754	
0.612293	
0.859310	
0.813135	
0.542985	
0.168096	
-0.205054	
-0.483810	
-0.635273	
-0.655080	
-0.537156	
-0.321543	
-0.115268	
0.009613	
0.037324	
-0.035035	
-0.159337	
-0.277902	
-0.361156	
-0.381146	
-0.334727	
-0.255623	
-0.169836	
-0.102237	
-0.074770	
-0.086703	
-0.124210	
-0.173070	
-0.211493	
-0.222388	
-0.211859	
-0.181433	
-0.128758	
-0.062410	
0.025849	
0.163915	
0.360881	
0.570391	
0.667989	
0.560503	
0.309793	
-0.000793	
-0.355113	
-0.686911	
-0.903958	
-0.969298	
-0.854671	
-0.533586	
-0.082430	
0.381603	
0.760125	
0.895657	
0.741722	
0.417829	
0.038636	
-0.300241	
-0.525590	
-0.625935	
-0.602039	
-0.452467	
-0.253212	
-0.080538	
0.025697	
0.017670	
-0.074374	
-0.180364	
-0.269478	
-0.317637	
-0.312693	
-0.272164	
-0.213172	
-0.154790	
-0.123630	
-0.126194	
-0.141636	
-0.157170	
-0.166082	
-0.161473	
-0.149907	
-0.132756	
-0.101962	
-0.060762	
-0.007843	
0.099612	
0.292764	
0.507004	
0.630451	
0.572619	
0.355296	
0.069674	
-0.261452	
-0.593738	
-0.832606	
-0.926145	
-0.845393	
-0.566576	
-0.153264	
0.282449	
0.654103	
0.828578	
0.729911	
0.440504	
0.076998	
-0.258217	
-0.493149	
-0.607807	
-0.603961	
-0.484176	
-0.276711	
-0.070345	
0.039399	
0.032167	
-0.039003	
-0.125309	
-0.207526	
-0.268380	
-0.289254	
-0.262581	
-0.200781	
-0.142979	
-0.110782	
-0.097812	
-0.099857	
-0.112766	
-0.125401	
-0.131108	
-0.129551	
-0.112064	
-0.085726	
-0.047975	
0.022645	
0.133946	
0.283914	
0.428571	
0.490371	
0.415296	
0.227882	
-0.017426	
-0.295389	
-0.553148	
-0.724662	
-0.774316	
-0.678640	
-0.437605	
-0.112796	
0.217566	
0.475753	
0.568896	
0.476394	
0.254616	
-0.023164	
-0.274636	
-0.441542	
-0.511704	
-0.484298	
-0.355876	
-0.195715	
-0.081881	
-0.017518	
-0.018342	
-0.069643	
-0.129734	
-0.199042	
-0.248848	
-0.250526	
-0.228919	
-0.196020	
-0.157689	
-0.132725	
-0.115909	
-0.099704	
-0.096225	
-0.099551	
-0.096561	
-0.092715	
-0.086978	
-0.068087	
-0.028840	
0.050783	
0.188574	
0.340953	
0.447066	
0.456771	
0.338450	
0.128544	
-0.123356	
-0.382305	
-0.591662	
-0.704062	
-0.695273	
-0.550035	
-0.298654	
-0.006989	
0.254830	
0.415662	
0.426527	
0.295053	
0.077883	
-0.153386	
-0.335429	
-0.430952	
-0.432356	
-0.350566	
-0.229835	
-0.115085	
-0.023072	
0.014801	
-0.011658	
-0.076510	
-0.154973	
-0.213996	
-0.233985	
-0.225105	
-0.190558	
-0.136021	
-0.080874	
-0.036927	
-0.016419	
-0.026246	
-0.051119	
-0.077548	
-0.098239	
-0.097964	
-0.072420	
-0.024293	
0.056734	
0.159642	
0.252998	
0.309488	
0.299112	
0.211463	
0.067690	
-0.097934	
-0.261269	
-0.392041	
-0.458052	
-0.451491	
-0.374737	
-0.240059	
-0.086947	
0.048952	
0.144078	
0.168096	
0.121525	
0.027802	
-0.089419	
-0.192114	
-0.252815	
-0.265938	
-0.228431	
-0.160344	
-0.092990	
-0.038179	
-0.008515	
-0.010010	
-0.033692	
-0.075442	
-0.115970	
-0.132511	
-0.132756	
-0.117954	
-0.083834	
-0.048250	
-0.020997	
0.000122	
-0.001587	
-0.023835	
-0.049806	
-0.085147	
-0.112918	
-0.118259	
-0.105014	
-0.073946	
-0.027680	
0.022523	
0.062319	
0.082614	
0.073885	
0.040132	
-0.004913	
-0.053102	
-0.097140	
-0.127110	
-0.147740	
-0.157598	
-0.150426	
-0.137700	
-0.126377	
-0.114780	
-0.104190	
-0.094028	
-0.078616	
-0.064455	
-0.053133	
-0.041383	
-0.037385	
-0.046175	
-0.058687	
-0.076693	
-0.101535	
-0.110599	
-0.110538	
-0.108127	
-0.092959	
-0.077181	
-0.066408	
-0.062105	
-0.071017	
-0.082461	
-0.090457	
-0.097720	
-0.093661	
-0.079836	
-0.063204	
-0.046327	
-0.036012	
-0.036317	
-0.044740	
-0.060945	
-0.083865	
-0.098209	
-0.103610	
-0.098666	
-0.075991	
-0.050142	
-0.029756	
-0.016327	
-0.018342	
-0.032533	
-0.050569	
-0.071291	
-0.082949	
-0.080447	
-0.067385	
-0.043367	
-0.018067	
-0.002075	
0.002869	
-0.006623	
-0.028230	
-0.052644	
-0.073092	
-0.088107	
-0.093753	
-0.084414	
-0.068361	
-0.047975	
-0.033418	
-0.037141	
-0.051912	
-0.073885	
-0.099277	
-0.113956	
-0.118137	
-0.111179	
-0.087344	
-0.060091	
-0.033967	
-0.011444	
-0.004944	
-0.012665	
-0.026124	
-0.048006	
-0.068270	
-0.080782	
-0.086703	
-0.080813	
-0.068484	
-0.055116	
-0.041719	
-0.034455	
-0.036470	
-0.043794	
-0.056307	
-0.068361	
-0.075503	
-0.078280	
-0.073031	
-0.061190	
-0.046510	
-0.032136	
-0.023560	
-0.023347	
-0.029176	
-0.041261	
-0.054292	
-0.064974	
-0.073244	
-0.073641	
-0.067049	
-0.057924	
-0.045289	
-0.038118	
-0.042756	
-0.050935	
-0.064089	
-0.078280	
-0.085086	
-0.084262	
-0.074252	
-0.057680	
-0.040651	
-0.026582	
-0.020875	
-0.027375	
-0.042512	
-0.061647	
-0.078524	
-0.087436	
-0.088748	
-0.082430	
-0.070986	
-0.060030	
-0.050661	
-0.044710	
-0.041658	
-0.040651	
-0.043886	
-0.048250	
-0.051820	
-0.055757	
-0.056520	
-0.054048	
-0.054384	
-0.052461	
-0.049532	
-0.048830	
-0.045137	
-0.041719	
-0.038057	
-0.033357	
-0.030915	
-0.030946	
-0.032533	
-0.038026	
-0.043428	
-0.046754	
-0.049226	
-0.046175	
-0.040071	
-0.032441	
-0.024140	
-0.019013	
-0.018372	
-0.022889	
-0.031648	
-0.040101	
-0.046266	
-0.048891	
-0.045137	
-0.038209	
-0.028871	
-0.019379	
-0.014496	
-0.014710	
-0.020325	
-0.029725	
-0.038026	
-0.044404	
-0.047731	
-0.044862	
-0.037538	
-0.027772	
-0.018311	
-0.012696	
-0.011505	
-0.014435	
-0.021455	
-0.030274	
-0.037202	
-0.040040	
-0.038209	
-0.031678	
-0.021943	
-0.013398	
-0.007233	
-0.003876	
-0.005524	
-0.011261	
-0.018036	
-0.024476	
-0.028809	
-0.029817	
-0.028504	
-0.024934	
-0.020051	
-0.016938	
-0.015870	
-0.016572	
-0.019166	
-0.021943	
-0.023865	
-0.025086	
-0.024751	
-0.022980	
-0.017914	
-0.012513	
-0.009644	
-0.007813	
-0.007630	
-0.008271	
-0.009125	
-0.008972	
-0.011200	
-0.016266	
-0.019440	
-0.022217	
-0.024140	
-0.025666	
-0.027314	
-0.027558	
-0.026673	
-0.025147	
-0.022492	
-0.019410	
-0.017212	
-0.015778	
-0.016205	
-0.018921	
-0.021851	
-0.024384	
-0.026337	
-0.026124	
-0.023713	
-0.019684	
-0.015107	
-0.011414	
-0.009644	
-0.009888	
-0.012513	
-0.016266	
-0.019807	
-0.022370	
-0.022980	
-0.020997	
-0.017182	
-0.012726	
-0.008484	
-0.005554	
-0.004822	
-0.006348	
-0.008820	
-0.011902	
-0.014863	
-0.016144	
-0.015717	
-0.013886	
-0.010895	
-0.008118	
-0.006653	
-0.006531	
-0.008240	
-0.011536	
-0.014832	
-0.017335	
-0.018891	
-0.018891	
-0.017243	
-0.015107	
-0.012940	
-0.010773	
-0.009949	
-0.010804	
-0.012024	
-0.012848	
-0.012787	
-0.012146	
-0.011017	
-0.009095	
-0.006897	
-0.005310	
-0.004700	
-0.004913	
-0.005890	
-0.007050	
-0.008026	
-0.008118	
-0.006775	
-0.005097	
-0.003540	
-0.002228	
-0.002014	
-0.002686	
-0.004120	
-0.006378	
-0.008545	
-0.010041	
-0.010254	
-0.008881	
-0.007355	
-0.005982	
-0.004578	
-0.003784	
-0.003906	
-0.004944	
-0.006745	
-0.009339	
-0.011322	
-0.012513	
-0.012879	
-0.012085	
-0.010743	
-0.009613	
-0.008332	
-0.006806	
-0.006043	
-0.005951	
-0.006134	
-0.006684	
-0.006867	
-0.007141	
-0.007843	
-0.008484	
-0.010559	
-0.012177	
-0.012207	
-0.011872	
-0.011292	
-0.009857	
-0.008362	
-0.007996	
-0.008484	
-0.009522	
-0.011292	
-0.013092	
-0.014771	
-0.015351	
-0.014008	
-0.011292	
-0.008057	
-0.005036	
-0.003052	
-0.002777	
-0.004059	
-0.006134	
-0.008728	
-0.010651	
-0.010498	
-0.008423	
-0.004700	
0.000244	
0.004547	
0.007996	
0.009583	
0.007843	
0.004334	
0.000183	
-0.003418	
-0.005890	
-0.006409	
-0.004944	
-0.001709	
0.002930	
0.007202	
0.009644	
0.009919	
0.008423	
0.005463	
0.001892	
-0.000977	
-0.002899	
-0.003479	
-0.002228	
0.000610	
0.003693	
0.005860	
0.006958	
0.007202	
0.006531	
0.005036	
0.003540	
0.002716	
0.002960	
0.004089	
0.005646	
0.008301	
0.012055	
0.016266	
0.019715	
0.021729	
0.022034	
0.020844	
0.018464	
0.015595	
0.012635	
0.010315	
0.009217	
0.009857	
0.011872	
0.014985	
0.018738	
0.021546	
0.023377	
0.024262	
0.022828	
0.019745	
0.016511	
0.013276	
0.010834	
0.010376	
0.011719	
0.014496	
0.017640	
0.020325	
0.022065	
0.022401	
0.020905	
0.017792	
0.014405	
0.011567	
0.009919	
0.010163	
0.011750	
0.014252	
0.016327	
0.019074	
0.023499	
0.024903	
0.024140	
0.022614	
0.021058	
0.020203	
0.020386	
0.021729	
0.018891	
0.014985	
0.013520	
0.012574	
0.011628	
0.010376	
0.009857	
0.010132	
0.010132	
0.009980	
0.009980	
0.009796	
0.010132	
0.010529	
0.010346	
0.010681	
0.011841	
0.013276	
0.014435	
0.015351	
0.015534	
0.014405	
0.012604	
0.010407	
0.008057	
0.006928	
0.007904	
0.010651	
0.014222	
0.017945	
0.021271	
0.023194	
0.022828	
0.020844	
0.017396	
0.013459	
0.010346	
0.008454	
0.007935	
0.009247	
0.011322	
0.013062	
0.014222	
0.014771	
0.013947	
0.012329	
0.011567	
0.011536	
0.012360	
0.014527	
0.017060	
0.018830	
0.019776	
0.019776	
0.019105	
0.017853	
0.016449	
0.015870	
0.015687	
0.015809	
0.016663	
0.018128	
0.019166	
0.019166	
0.018311	
0.016999	
0.016053	
0.015717	
0.015900	
0.016358	
0.016877	
0.017304	
0.016846	
0.016205	
0.015320	
0.014008	
0.013611	
0.014588	
0.016236	
0.018708	
0.021424	
0.023255	
0.023469	
0.022095	
0.018921	
0.014313	
0.009644	
0.006684	
0.005707	
0.006684	
0.009064	
0.012299	
0.015442	
0.017060	
0.017212	
0.015748	
0.013947	
0.012848	
0.012268	
0.012879	
0.014618	
0.016694	
0.018250	
0.018860	
0.018159	
0.016511	
0.014527	
0.012513	
0.011475	
0.010376	
0.008515	
0.008148	
0.008698	
0.009552	
0.010041	
0.009919	
0.009278	
0.008332	
0.008087	
0.008515	
0.009125	
0.010437	
0.011780	
0.012482	
0.012848	
0.012940	
0.012421	
0.012085	
0.012665	
0.013703	
0.014893	
0.016205	
0.016755	
0.016175	
0.014496	
0.011811	
0.008759	
0.006531	
0.005921	
0.007080	
0.009339	
0.012543	
0.016114	
0.019135	
0.020600	
0.019898	
0.018494	
0.017121	
0.016144	
0.016266	
0.017365	
0.019196	
0.020844	
0.021455	
0.020783	
0.019074	
0.016877	
0.014771	
0.013092	
0.013215	
0.015503	
0.018799	
0.022126	
0.024598	
0.025575	
0.024598	
0.022309	
0.019379	
0.017365	
0.016877	
0.017701	
0.020417	
0.024689	
0.028871	
0.032075	
0.033052	
0.031526	
0.028626	
0.025605	
0.023347	
0.022248	
0.022858	
0.024720	
0.026643	
0.027467	
0.026948	
0.025544	
0.023896	
0.022645	
0.022523	
0.024384	
0.027772	
0.031404	
0.034303	
0.035798	
0.035371	
0.032777	
0.029328	
0.026246	
0.023957	
0.022858	
0.023560	
0.025147	
0.026063	
0.025727	
0.023957	
0.021180	
0.018097	
0.015320	
0.014405	
0.016358	
0.019990	
0.027131	
0.034425	
0.037812	
0.038484	
0.035981	
0.031678	
0.026765	
0.024506	
0.022370	
0.019196	
0.019776	
0.022065	
0.023896	
0.023957	
0.021912	
0.018311	
0.014557	
0.011933	
0.011536	
0.013153	
0.016083	
0.019776	
0.022584	
0.023194	
0.021760	
0.018738	
0.015320	
0.012940	
0.012513	
0.014252	
0.017548	
0.021271	
0.023988	
0.024598	
0.022797	
0.019562	
0.016419	
0.014740	
0.014710	
0.016266	
0.019074	
0.022187	
0.024293	
0.024262	
0.022279	
0.019288	
0.016388	
0.015076	
0.015900	
0.018952	
0.023408	
0.027497	
0.029725	
0.029115	
0.025849	
0.020997	
0.015839	
0.012238	
0.012116	
0.015381	
0.019868	
0.024964	
0.029115	
0.030061	
0.027436	
0.022797	
0.017701	
0.013398	
0.011414	
0.012787	
0.017212	
0.022889	
0.027711	
0.029633	
0.028504	
0.025056	
0.019868	
0.015076	
0.012391	
0.012360	
0.015442	
0.020112	
0.024262	
0.026582	
0.026276	
0.023743	
0.020203	
0.016633	
0.014344	
0.014649	
0.017335	
0.021149	
0.024995	
0.027100	
0.026429	
0.023682	
0.020142	
0.016938	
0.015412	
0.015809	
0.018281	
0.021424	
0.023438	
0.023347	
0.021638	
0.018494	
0.014527	
0.011444	
0.010285	
0.011994	
0.015961	
0.020417	
0.023988	
0.025208	
0.023957	
0.020295	
0.015625	
0.010987	
0.006409	
0.005188	
0.007508	
0.011658	
0.016144	
0.018647	
0.018250	
0.015259	
0.010468	
0.005585	
0.002533	
0.002380	
0.005524	
0.010254	
0.014710	
0.017762	
0.018220	
0.015870	
0.011933	
0.007630	
0.004578	
0.004486	
0.007324	
0.011933	
0.017090	
0.021302	
0.023041	
0.022095	
0.019196	
0.015717	
0.012879	
0.011658	
0.013276	
0.016511	
0.019990	
0.022095	
0.021973	
0.020386	
0.017731	
0.014893	
0.013367	
0.014283	
0.017426	
0.021393	
0.024903	
0.026765	
0.025880	
0.022401	
0.017731	
0.013733	
0.011505	
0.012055	
0.015534	
0.020692	
0.025910	
0.029572	
0.030061	
0.027253	
0.022675	
0.018097	
0.015015	
0.014710	
0.018555	
0.024812	
0.031648	
0.037355	
0.039521	
0.037965	
0.033265	
0.027161	
0.022187	
0.019654	
0.020325	
0.023743	
0.028626	
0.033082	
0.035554	
0.035340	
0.032868	
0.029145	
0.025727	
0.023774	
0.023988	
0.025880	
0.028809	
0.031495	
0.032960	
0.032258	
0.029603	
0.026429	
0.023896	
0.022767	
0.023438	
0.025452	
0.027589	
0.028901	
0.028840	
0.026978	
0.023957	
0.020692	
0.018708	
0.018464	
0.021119	
0.028016	
0.034059	
0.037629	
0.038392	
0.036409	
0.032838	
0.028626	
0.025452	
0.020417	
0.017273	
0.018342	
0.020539	
0.022889	
0.024049	
0.023133	
0.020508	
0.016938	
0.014191	
0.013184	
0.014283	
0.017182	
0.020936	
0.024323	
0.026185	
0.026032	
0.023652	
0.020203	
0.016999	
0.015046	
0.014893	
0.016266	
0.018738	
0.021119	
0.022645	
0.023011	
0.022126	
0.020508	
0.019440	
0.018647	
0.019105	
0.020722	
0.022492	
0.024232	
0.024995	
0.024415	
0.022370	
0.019623	
0.017609	
0.017029	
0.017731	
0.019623	
0.022004	
0.024201	
0.025575	
0.025239	
0.023377	
0.021302	
0.019532	
0.018586	
0.018555	
0.019562	
0.021271	
0.023041	
0.024018	
0.023530	
0.021851	
0.019501	
0.017365	
0.016053	
0.016419	
0.018250	
0.020631	
0.022950	
0.024110	
0.024323	
0.023164	
0.020569	
0.017487	
0.015320	
0.014557	
0.015076	
0.016724	
0.018769	
0.020692	
0.021851	
0.022065	
0.021485	
0.020386	
0.019288	
0.018830	
0.019074	
0.019929	
0.021302	
0.022217	
0.022156	
0.021027	
0.019013	
0.016938	
0.015046	
0.013703	
0.013642	
0.014374	
0.015534	
0.016724	
0.017609	
0.017853	
0.017518	
0.016907	
0.016266	
0.015229	
0.014069	
0.013428	
0.013215	
0.013215	
0.013428	
0.013306	
0.013428	
0.012238	
0.009980	
0.009095	
0.009095	
0.009827	
0.010895	
0.011811	
0.012329	
0.011994	
0.010804	
0.009583	
0.008515	
0.007782	
0.007904	
0.008576	
0.009827	
0.011322	
0.012940	
0.014252	
0.014557	
0.014130	
0.013245	
0.012207	
0.011567	
0.011689	
0.012207	
0.012818	
0.013886	
0.014618	
0.014496	
0.013947	
0.012665	
0.011536	
0.011292	
0.011628	
0.012787	
0.014496	
0.016633	
0.018647	
0.019990	
0.020356	
0.019745	
0.018464	
0.016755	
0.014679	
0.013398	
0.013062	
0.013489	
0.014740	
0.016388	
0.018036	
0.019105	
0.019501	
0.019288	
0.018830	
0.018555	
0.018189	
0.017914	
0.017823	
0.017335	
0.016999	
0.016999	
0.017670	
0.019471	
0.021943	
0.025147	
0.028077	
0.030030	
0.030793	
0.030122	
0.028291	
0.026215	
0.024018	
0.022248	
0.021699	
0.022828	
0.025178	
0.027863	
0.030274	
0.031983	
0.032289	
0.031068	
0.029115	
0.027223	
0.026093	
0.026063	
0.026429	
0.027253	
0.028687	
0.029939	
0.030030	
0.028748	
0.026521	
0.023621	
0.020661	
0.018159	
0.016968	
0.017487	
0.018952	
0.020600	
0.022187	
0.023652	
0.024201	
0.026765	
0.029298	
0.029511	
0.029603	
0.029572	
0.029511	
0.028901	
0.028932	
0.027619	
0.022279	
0.018769	
0.017182	
0.017121	
0.018372	
0.019837	
0.021058	
0.021882	
0.021790	
0.020722	
0.019349	
0.017701	
0.016663	
0.016602	
0.017182	
0.018250	
0.019593	
0.020875	
0.021088	
0.020325	
0.018952	
0.017365	
0.015931	
0.015381	
0.015931	
0.017304	
0.019501	
0.021577	
0.022736	
0.022523	
0.021302	
0.019684	
0.017670	
0.016205	
0.015534	
0.015778	
0.016572	
0.018036	
0.019959	
0.021485	
0.022462	
0.022706	
0.022095	
0.021149	
0.020295	
0.019440	
0.018464	
0.017640	
0.016602	
0.015656	
0.015595	
0.015778	
0.016175	
0.017182	
0.018677	
0.019837	
0.020478	
0.020508	
0.019135	
0.017273	
0.015687	
0.014588	
0.013672	
0.013581	
0.014649	
0.016755	
0.018799	
0.020264	
0.021119	
0.021058	
0.020234	
0.019105	
0.018128	
0.017640	
0.017670	
0.018403	
0.019105	
0.019623	
0.020112	
0.020051	
0.019440	
0.018342	
0.017151	
0.015961	
0.014985	
0.013916	
0.013123	
0.012848	
0.013215	
0.014222	
0.014771	
0.014893	
0.014801	
0.014374	
0.013672	
0.012482	
0.011078	
0.010102	
0.009796	
0.009949	
0.010865	
0.012238	
0.013794	
0.015625	
0.017090	
0.017975	
0.017975	
0.016999	
0.015748	
0.012177	
0.008209	
0.005951	
0.004669	
0.004517	
0.005066	
0.006226	
0.007508	
0.008240	
0.009033	
0.009552	
0.009400	
0.009125	
0.008484	
0.007935	
0.007324	
0.006500	
0.006134	
0.006073	
0.006531	
0.007172	
0.008057	
0.009003	
0.009644	
0.010559	
0.010926	
0.010712	
0.010376	
0.010193	
0.010620	
0.011292	
0.011811	
0.012757	
0.013947	
0.014801	
0.014985	
0.014405	
0.013337	
0.012329	
0.012116	
0.012391	
0.013153	
0.014313	
0.015168	
0.015900	
0.016419	
0.016541	
0.016419	
0.016144	
0.015961	
0.015992	
0.015778	
0.015534	
0.015107	
0.014435	
0.013825	
0.013489	
0.014313	
0.015900	
0.017792	
0.020173	
0.022614	
0.024995	
0.026521	
0.026887	
0.026521	
0.025086	
0.023011	
0.021516	
0.020692	
0.020661	
0.021577	
0.022980	
0.024201	
0.024659	
0.024415	
0.023530	
0.022187	
0.021332	
0.021393	
0.022248	
0.023438	
0.024934	
0.026124	
0.026460	
0.026124	
0.025025	
0.023225	
0.021149	
0.019318	
0.018097	
0.017518	
0.016999	
0.016633	
0.016572	
0.016724	
0.016785	
0.016694	
0.016877	
0.017121	
0.017335	
0.016968	
0.017426	
0.020508	
0.021912	
0.022431	
0.022889	
0.023621	
0.024903	
0.026521	
0.028138	
0.024842	
0.020417	
0.017579	
0.014466	
0.011505	
0.009095	
0.007874	
0.007752	
0.008545	
0.009980	
0.012055	
0.013550	
0.014252	
0.014435	
0.013764	
0.012726	
0.011597	
0.010620	
0.010193	
0.010559	
0.011414	
0.012329	
0.013153	
0.013642	
0.013672	
0.013184	
0.012635	
0.011902	
0.011231	
0.010681	
0.010529	
0.010712	
0.010773	
0.011261	
0.012207	
0.013062	
0.013581	
0.013611	
0.013367	
0.012879	
0.012085	
0.011139	
0.010346	
0.010041	
0.010132	
0.010498	
0.011109	
0.012055	
0.012604	
0.012848	
0.013001	
0.012757	
0.012085	
0.011475	
0.010987	
0.010468	
0.009766	
0.009583	
0.009735	
0.009857	
0.010132	
0.010895	
0.012299	
0.013184	
0.013672	
0.013703	
0.013520	
0.013062	
0.012513	
0.011811	
0.011231	
0.011353	
0.011872	
0.012726	
0.013703	
0.014069	
0.013886	
0.013337	
0.012391	
0.011292	
0.010163	
0.009552	
0.009766	
0.010437	
0.011597	
0.012665	
0.012665	
0.011780	
0.010285	
0.009064	
0.008209	
0.007538	
0.007324	
0.007630	
0.008240	
0.008972	
0.009339	
0.009156	
0.009003	
0.008576	
0.008026	
0.007843	
0.007843	
0.008179	
0.008789	
0.009186	
0.009400	
0.009003	
0.008393	
0.005799	
0.002808	
0.001129	
0.000519	
0.001251	
0.002167	
0.003174	
0.003784	
0.003723	
0.003235	
0.002075	
0.001068	
0.000488	
0.000305	
0.001007	
0.002319	
0.003876	
0.004944	
0.005463	
0.005585	
0.004975	
0.003815	
0.002960	
0.003113	
0.003754	
0.004822	
0.006104	
0.007050	
0.007355	
0.007294	
0.007172	
0.006561	
0.006378	
0.006958	
0.007691	
0.008820	
0.010010	
0.010468	
0.010346	
0.009980	
0.009461	
0.009308	
0.009400	
0.009980	
0.010926	
0.011902	
0.012879	
0.013703	
0.013794	
0.013337	
0.012482	
0.011597	
0.011200	
0.011292	
0.011811	
0.012879	
0.014100	
0.014893	
0.015107	
0.014588	
0.013764	
0.013092	
0.013672	
0.015656	
0.018342	
0.021760	
0.024659	
0.026215	
0.026307	
0.024995	
0.023011	
0.020783	
0.018647	
0.017304	
0.016999	
0.017731	
0.019105	
0.020600	
0.021577	
0.021912	
0.021729	
0.021241	
0.020905	
0.020875	
0.021180	
0.021516	
0.021882	
0.021455	
0.020020	
0.018067	
0.016083	
0.014435	
0.013672	
0.013489	
0.013855	
0.014740	
0.015381	
0.015656	
0.015290	
0.014313	
0.012940	
0.011719	
0.010651	
0.012818	
0.016907	
0.019532	
0.021546	
0.022492	
0.022950	
0.022279	
0.021760	
0.019288	
0.013550	
0.010346	
0.009339	
0.009430	
0.010132	
0.011200	
0.011872	
0.011902	
0.011353	
0.010529	
0.009491	
0.008606	
0.008362	
0.008332	
0.008393	
0.008271	
0.008087	
0.008240	
0.008454	
0.008484	
0.008698	
0.009033	
0.009095	
0.008972	
0.009003	
0.008484	
0.007843	
0.007233	
0.006470	
0.006226	
0.006714	
0.007477	
0.008393	
0.009186	
0.009674	
0.010041	
0.009949	
0.009339	
0.008209	
0.006897	
0.006165	
0.006012	
0.006226	
0.007141	
0.008454	
0.009308	
0.010071	
0.010468	
0.009827	
0.008942	
0.008209	
0.007538	
0.007355	
0.007385	
0.007599	
0.008209	
0.008698	
0.009186	
0.009369	
0.009186	
0.009217	
0.009339	
0.009156	
0.009095	
0.009156	
0.009278	
0.009552	
0.009674	
0.009705	
0.009705	
0.009644	
0.009613	
0.009369	
0.008789	
0.008362	
0.007782	
0.007111	
0.006592	
0.006134	
0.005768	
0.005921	
0.006470	
0.007202	
0.008057	
0.008667	
0.008545	
0.007782	
0.006653	
0.005463	
0.004791	
0.004547	
0.004730	
0.005371	
0.006043	
0.006867	
0.007691	
0.008087	
0.007874	
0.007294	
0.006317	
0.005524	
0.005219	
0.005066	
0.005310	
0.005890	
0.006928	
0.007874	
0.008515	
0.008423	
0.005707	
0.002686	
0.000458	
-0.000946	
-0.001679	
-0.002106	
-0.001709	
-0.000916	
-0.000458	
-0.000092	
0.000183	
0.000183	
0.000031	
-0.000336	
-0.000702	
-0.001068	
-0.001221	
-0.001190	
-0.001007	
-0.000549	
0.000305	
0.001526	
0.002869	
0.004181	
0.005066	
0.005249	
0.005158	
0.004700	
0.004120	
0.004242	
0.004456	
0.004639	
0.005707	
0.006958	
0.008332	
0.009491	
0.009888	
0.009644	
0.009156	
0.008728	
0.008454	
0.008240	
0.007935	
0.007996	
0.008454	
0.009033	
0.009522	
0.010071	
0.010590	
0.010620	
0.010529	
0.010743	
0.011048	
0.011353	
0.011383	
0.011444	
0.011322	
0.011597	
0.012085	
0.012757	
0.013550	
0.014283	
0.015870	
0.017396	
0.018769	
0.019868	
0.019745	
0.018799	
0.017487	
0.015961	
0.014710	
0.014008	
0.013642	
0.013977	
0.014801	
0.015534	
0.016144	
0.016541	
0.016907	
0.016999	
0.017060	
0.017426	
0.017518	
0.017182	
0.017121	
0.017335	
0.017060	
0.015992	
0.014496	
0.013215	
0.012329	
0.011750	
0.011444	
0.011078	
0.010804	
0.010346	
0.010376	
0.010620	
0.011048	
0.011383	
0.011841	
0.011933	
0.012665	
0.016053	
0.017731	
0.017823	
0.017518	
0.017365	
0.017487	
0.017579	
0.017975	
0.014374	
0.010193	
0.008271	
0.006745	
0.005615	
0.004517	
0.004151	
0.004181	
0.004517	
0.005097	
0.005799	
0.006439	
0.006836	
0.006867	
0.006592	
0.006378	
0.006134	
0.005829	
0.005615	
0.005554	
0.005982	
0.006592	
0.006714	
0.006561	
0.006317	
0.006073	
0.005860	
0.005707	
0.005707	
0.005799	
0.005646	
0.005615	
0.005158	
0.004791	
0.004517	
0.004517	
0.004883	
0.004883	
0.004852	
0.004822	
0.004761	
0.004700	
0.004578	
0.004608	
0.004639	
0.004791	
0.005097	
0.005615	
0.006043	
0.006043	
0.005982	
0.005646	
0.005310	
0.004883	
0.004334	
0.004181	
0.003967	
0.003937	
0.004303	
0.004669	
0.004883	
0.005524	
0.006348	
0.006745	
0.006775	
0.006806	
0.006775	
0.006195	
0.005463	
0.004486	
0.003723	
0.003418	
0.003571	
0.003967	
0.004395	
0.005097	
0.005799	
0.006470	
0.006989	
0.007263	
0.007324	
0.007233	
0.007019	
0.006989	
0.007141	
0.007233	
0.006714	
0.005982	
0.005249	
0.004669	
0.004242	
0.003845	
0.003296	
0.002777	
0.002319	
0.002106	
0.002197	
0.002258	
0.002533	
0.002869	
0.003021	
0.003174	
0.003265	
0.003571	
0.003967	
0.004334	
0.004975	
0.005402	
0.005585	
0.004028	
0.000824	
-0.001587	
-0.002899	
-0.003357	
-0.003296	
-0.003265	
-0.003052	
-0.002747	
-0.002777	
-0.002960	
-0.003296	
-0.003784	
-0.004151	
-0.003876	
-0.003357	
-0.002380	
-0.000977	
0.000122	
0.000732	
0.000916	
0.000580	
0.000061	
-0.000488	
-0.000732	
-0.000702	
-0.000458	
0.000458	
0.001343	
0.001953	
0.002503	
0.002441	
0.002441	
0.002716	
0.003143	
0.003876	
0.004486	
0.005310	
0.006104	
0.006439	
0.006409	
0.006256	
0.006165	
0.006012	
0.005951	
0.006317	
0.006867	
0.007447	
0.007996	
0.008484	
0.008728	
0.008515	
0.007996	
0.007752	
0.008148	
0.008759	
0.009095	
0.009400	
0.009583	
0.009278	
0.008850	
0.008301	
0.008301	
0.009430	
0.010987	
0.013306	
0.015564	
0.016846	
0.016999	
0.015809	
0.013642	
0.011444	
0.009583	
0.008545	
0.008698	
0.009705	
0.011414	
0.013459	
0.015442	
0.017090	
0.018006	
0.017975	
0.017579	
0.017090	
0.016511	
0.016419	
0.016541	
0.016053	
0.015137	
0.013947	
0.012696	
0.011658	
0.010468	
0.009247	
0.008393	
0.007874	
0.007691	
0.008087	
0.008728	
0.008911	
0.008637	
0.008515	
0.008209	
0.010620	
0.013947	
0.015320	
0.016327	
0.016724	
0.016877	
0.016053	
0.015503	
0.013428	
0.007721	
0.004212	
0.002533	
0.001984	
0.002197	
0.002747	
0.003418	
0.003754	
0.004151	
0.004089	
0.003876	
0.003815	
0.003967	
0.004181	
0.004456	
0.004852	
0.005005	
0.005158	
0.005005	
0.004913	
0.005097	
0.005188	
0.005341	
0.005402	
0.005219	
0.004761	
0.004364	
0.004028	
0.003906	
0.003784	
0.003876	
0.003998	
0.003784	
0.003937	
0.004334	
0.004425	
0.004334	
0.004059	
0.003815	
0.003723	
0.003906	
0.004181	
0.004334	
0.004578	
0.004669	
0.004669	
0.004456	
0.004181	
0.004059	
0.003784	
0.003235	
0.002869	
0.002747	
0.002930	
0.003418	
0.003937	
0.004120	
0.004089	
0.003876	
0.003754	
0.003723	
0.003754	
0.003510	
0.003143	
0.002808	
0.002686	
0.002838	
0.003204	
0.003632	
0.004181	
0.004913	
0.005341	
0.005646	
0.005829	
0.005585	
0.005097	
0.004578	
0.004303	
0.004364	
0.004547	
0.004730	
0.005036	
0.005127	
0.005005	
0.004639	
0.003723	
0.002533	
0.001648	
0.001129	
0.001007	
0.001282	
0.001709	
0.002136	
0.002411	
0.002350	
0.002228	
0.002106	
0.001892	
0.001801	
0.001526	
0.001343	
0.001556	
0.001923	
0.002319	
0.002533	
0.002686	
0.002777	
0.003021	
0.002930	
0.000580	
-0.002136	
-0.003845	
-0.005158	
-0.005890	
-0.006317	
-0.006348	
-0.005890	
-0.005249	
-0.004730	
-0.004089	
-0.003418	
-0.002960	
-0.002564	
-0.002533	
-0.002716	
-0.002869	
-0.002930	
-0.002991	
-0.002869	
-0.002503	
-0.002106	
-0.001770	
-0.001556	
-0.001007	
-0.000610	
-0.000793	
-0.001038	
-0.001312	
-0.001251	
-0.000885	
-0.000519	
0.000671	
0.001892	
0.002747	
0.003479	
0.003998	
0.004151	
0.004303	
0.004486	
0.004334	
0.004151	
0.004120	
0.003998	
0.003723	
0.003479	
0.003632	
0.004089	
0.004975	
0.005799	
0.006409	
0.006897	
0.007202	
0.007080	
0.006653	
0.006439	
0.006134	
0.006012	
0.006348	
0.006836	
0.007752	
0.008942	
0.010712	
0.012360	
0.013825	
0.015107	
0.015503	
0.014924	
0.013947	
0.012726	
0.011505	
0.010620	
0.010132	
0.010285	
0.010681	
0.011231	
0.012024	
0.013001	
0.013825	
0.014496	
0.015137	
0.015442	
0.015412	
0.015198	
0.014679	
0.014252	
0.013672	
0.012360	
0.011078	
0.010010	
0.008728	
0.007385	
0.006256	
0.005493	
0.005066	
0.004608	
0.004395	
0.004791	
0.005737	
0.006439	
0.007263	
0.007324	
0.008118	
0.011567	
0.013153	
0.013306	
0.012909	
0.012116	
0.011719	
0.011597	
0.011933	
0.008362	
0.004425	
0.002747	
0.001404	
0.000793	
0.000244	
0.000000	
-0.000031	
-0.000031	
0.000305	
0.000946	
0.001556	
0.002228	
0.002777	
0.003265	
0.003174	
0.002564	
0.002289	
0.001984	
0.001679	
0.001679	
0.001892	
0.002045	
0.002136	
0.002411	
0.002411	
0.001984	
0.001801	
0.001740	
0.001587	
0.001434	
0.001404	
0.000885	
0.000275	
-0.000153	
-0.000183	
0.000153	
0.000763	
0.001465	
0.002045	
0.002319	
0.002472	
0.002594	
0.002716	
0.002808	
0.002899	
0.002747	
0.002564	
0.002686	
0.003021	
0.003327	
0.003174	
0.003204	
0.003235	
0.002899	
0.002228	
0.001404	
0.000641	
-0.000214	
-0.001099	
-0.001373	
-0.000977	
-0.000549	
-0.000275	
0.000000	
0.000031	
0.000031	
-0.000153	
-0.000336	
-0.000427	
-0.000366	
0.000153	
0.000641	
0.001312	
0.001892	
0.002075	
0.002228	
0.002289	
0.001984	
0.001892	
0.001862	
0.001617	
0.001801	
0.002075	
0.002258	
0.002716	
0.002747	
0.002319	
0.001892	
0.001679	
0.001465	
0.000885	
0.000397	
0.000000	
-0.000549	
-0.001343	
-0.002045	
-0.002350	
-0.002594	
-0.002503	
-0.002167	
-0.001648	
-0.001221	
-0.001038	
-0.000855	
-0.000671	
-0.000671	
-0.000885	
-0.000702	
-0.002441	
-0.005463	
-0.007019	
-0.007721	
-0.007904	
-0.007782	
-0.007538	
-0.007172	
-0.007050	
-0.007355	
-0.007843	
-0.008118	
-0.008179	
-0.008026	
-0.007508	
-0.006897	
-0.006012	
-0.004761	
-0.003876	
-0.003632	
-0.003632	
-0.003601	
-0.003876	
-0.004059	
-0.004212	
-0.003967	
-0.003327	
-0.002625	
-0.002197	
-0.001831	
-0.001068	
-0.000916	
-0.001038	
-0.000824	
-0.000366	
0.000427	
0.000824	
0.000763	
0.000885	
0.001984	
0.003174	
0.003479	
0.003357	
0.003784	
0.004303	
0.004334	
0.004059	
0.003998	
0.004334	
0.004395	
0.004059	
0.003845	
0.003540	
0.003235	
0.003388	
0.003784	
0.004089	
0.004364	
0.004608	
0.004852	
0.005432	
0.005890	
0.006928	
0.008911	
0.011170	
0.013764	
0.015625	
0.016236	
0.016083	
0.014924	
0.013031	
0.011017	
0.009735	
0.009278	
0.009278	
0.009491	
0.010254	
0.011383	
0.012543	
0.013611	
0.014313	
0.014710	
0.014710	
0.014618	
0.014740	
0.014771	
0.014649	
0.014069	
0.012909	
0.011658	
0.010315	
0.008942	
0.007630	
0.006623	
0.006073	
0.005676	
0.005219	
0.004975	
0.005066	
0.005219	
0.005249	
0.005371	
0.005585	
0.008881	
0.012909	
0.014344	
0.015076	
0.015015	
0.014924	
0.014374	
0.014130	
0.011536	
0.005860	
0.002686	
0.000732	
-0.000336	
-0.000671	
-0.000214	
0.000305	
0.000397	
0.000397	
0.000458	
0.000397	
0.000366	
0.000183	
-0.000061	
0.000275	
0.000763	
0.000885	
0.000824	
0.000610	
0.000793	
0.001038	
0.000793	
0.000214	
-0.000427	
-0.000763	
-0.001038	
-0.001282	
-0.001282	
-0.000732	
-0.000122	
0.000732	
0.001465	
0.001587	
0.001801	
0.002045	
0.002106	
0.001831	
0.001556	
0.001831	
0.001740	
0.001526	
0.001770	
0.002258	
0.002655	
0.002838	
0.002472	
0.002228	
0.002106	
0.001617	
0.001099	
0.000946	
0.000916	
0.001160	
0.001099	
0.000946	
0.001038	
0.001160	
0.001373	
0.001190	
0.000946	
0.001129	
0.001404	
0.001160	
0.000488	
0.000061	
0.000305	
0.000519	
0.000427	
0.000488	
0.000702	
0.001007	
0.001190	
0.001038	
0.000916	
0.000916	
0.000793	
0.000763	
0.000702	
0.000946	
0.001404	
0.001556	
0.001953	
0.002411	
0.002441	
0.002014	
0.000946	
-0.000122	
-0.000885	
-0.001404	
-0.001617	
-0.001526	
-0.001221	
-0.000885	
-0.000702	
-0.000549	
-0.001038	
-0.001282	
-0.001282	
-0.001221	
-0.001495	
-0.002075	
-0.002472	
-0.002319	
-0.001740	
-0.001373	
-0.001099	
-0.000793	
-0.000458	
-0.000580	
-0.003235	
-0.006134	
-0.007477	
-0.008057	
-0.008057	
-0.008148	
-0.007721	
-0.006958	
-0.006348	
-0.005890	
-0.005676	
-0.005646	
-0.005493	
-0.005280	
-0.004913	
-0.004669	
-0.004425	
-0.003601	
-0.002747	
-0.002411	
-0.002655	
-0.002808	
-0.002869	
-0.002716	
-0.002136	
-0.001556	
-0.001129	
-0.000641	
-0.000793	
-0.000824	
-0.000885	
-0.001251	
-0.000824	
0.000000	
0.000855	
0.001221	
0.001404	
0.001587	
0.001556	
0.001953	
0.002411	
0.002564	
0.002625	
0.002808	
0.003265	
0.003601	
0.003845	
0.003876	
0.003906	
0.003967	
0.004089	
0.004242	
0.004334	
0.004761	
0.005219	
0.005249	
0.004822	
0.005036	
0.005707	
0.006317	
0.006684	
0.007263	
0.009095	
0.011536	
0.013703	
0.015595	
0.016205	
0.015839	
0.014649	
0.012543	
0.010285	
0.008728	
0.008179	
0.008454	
0.008942	
0.009308	
0.010163	
0.011078	
0.011658	
0.012177	
0.012391	
0.012574	
0.012848	
0.013001	
0.013245	
0.012970	
0.012513	
0.011963	
0.011078	
0.010163	
0.009278	
0.008454	
0.007355	
0.006073	
0.005097	
0.004669	
0.004456	
0.004395	
0.004547	
0.004517	
0.004700	
0.004761	
0.005768	
0.009827	
0.012452	
0.013520	
0.014008	
0.014039	
0.014161	
0.013947	
0.013977	
0.009766	
0.004761	
0.002411	
0.000916	
0.000183	
-0.000305	
-0.000488	
-0.000610	
-0.000824	
-0.000916	
-0.000671	
-0.000488	
-0.000183	
-0.000061	
0.000122	
0.000580	
0.000977	
0.001007	
0.000824	
0.000641	
0.000519	
0.000092	
-0.000214	
-0.000519	
-0.000885	
-0.001221	
-0.001343	
-0.001495	
-0.001190	
-0.000610	
-0.000275	
0.000031	
0.000305	
0.000671	
0.001038	
0.001251	
0.001404	
0.001617	
0.001587	
0.001526	
0.001373	
0.001099	
0.001129	
0.001007	
0.000397	
0.000031	
-0.000092	
-0.000275	
-0.000488	
-0.000793	
-0.001099	
-0.001038	
-0.000916	
-0.000763	
-0.000671	
-0.000641	
-0.000580	
-0.000885	
-0.001129	
-0.001373	
-0.001709	
-0.001648	
-0.001160	
-0.000763	
-0.000580	
-0.000397	
0.000061	
0.000366	
0.000397	
-0.000183	
-0.000549	
-0.000610	
-0.000610	
-0.000580	
-0.000702	
-0.000732	
-0.000641	
-0.000397	
-0.000061	
0.000183	
0.000275	
0.000305	
0.000427	
0.000488	
0.000458	
0.000153	
-0.000488	
-0.001282	
-0.002075	
-0.002655	
-0.002930	
-0.003021	
-0.002960	
-0.003021	
-0.002991	
-0.002991	
-0.003082	
-0.003143	
-0.003174	
-0.003082	
-0.003021	
-0.002960	
-0.002808	
-0.002411	
-0.002075	
-0.001953	
-0.001740	
-0.002014	
-0.001953	
-0.003204	
-0.006165	
-0.008393	
-0.009796	
-0.010071	
-0.009674	
-0.009095	
-0.008332	
-0.007813	
-0.007660	
-0.007569	
-0.007630	
-0.007782	
-0.007996	
-0.008209	
-0.008271	
-0.007996	
-0.007508	
-0.007141	
-0.006775	
-0.006470	
-0.006256	
-0.005951	
-0.005493	
-0.004852	
-0.004212	
-0.003662	
-0.002930	
-0.002472	
-0.002472	
-0.002014	
-0.001709	
-0.001129	
-0.000214	
-0.001862	
-0.001251	
0.000977	
0.001434	
0.000092	
-0.000244	
0.002014	
0.002503	
-0.000092	
-0.003662	
-0.005280	
-0.005127	
-0.006653	
-0.008881	
-0.008179	
-0.004700	
-0.002289	
-0.001709	
-0.001587	
0.000092	
0.001007	
0.000214	
-0.000519	
-0.000885	
-0.000855	
-0.000427	
0.000610	
0.001923	
0.002960	
0.005188	
0.007385	
0.009461	
0.011292	
0.011078	
0.011567	
0.011444	
0.010346	
0.009064	
0.008728	
0.009796	
0.009674	
0.010193	
0.011872	
0.013062	
0.014313	
0.014039	
0.014954	
0.016816	
0.016114	
0.015076	
0.014801	
0.015107	
0.014435	
0.012207	
0.011017	
0.010041	
0.008942	
0.007508	
0.006470	
0.006470	
0.005951	
0.005158	
0.005158	
0.005829	
0.005951	
0.005463	
0.005432	
0.005951	
0.005402	
0.006989	
0.010651	
0.012238	
0.012543	
0.012543	
0.013245	
0.012726	
0.012604	
0.010651	
0.006531	
0.004151	
0.002350	
0.001312	
0.001465	
0.001770	
0.000946	
0.000885	
0.001068	
0.001373	
0.000793	
0.000458	
0.001434	
0.001282	
0.000916	
0.000824	
0.000732	
0.001495	
0.000885	
0.000183	
-0.000183	
-0.000488	
0.000580	
0.000214	
-0.001556	
-0.002503	
-0.002228	
-0.001526	
-0.002014	
-0.002411	
-0.001526	
-0.001404	
-0.001373	
-0.001526	
-0.001740	
-0.001007	
-0.001343	
-0.001679	
-0.001160	
-0.001129	
-0.001373	
-0.001709	
-0.001129	
-0.000061	
-0.000305	
-0.000580	
-0.000519	
-0.000916	
-0.001160	
-0.001648	
-0.001282	
-0.001373	
-0.002441	
-0.002380	
-0.001740	
-0.001862	
-0.002869	
-0.003937	
-0.003845	
-0.003510	
-0.003571	
-0.003082	
-0.002655	
-0.001495	
-0.001099	
-0.001282	
-0.000763	
-0.000488	
-0.000397	
-0.001129	
-0.001526	
-0.000763	
-0.000366	
-0.000275	
-0.000275	
-0.000732	
-0.000183	
0.000092	
0.000122	
0.000732	
0.000549	
0.000610	
0.000763	
0.000885	
0.001129	
0.000702	
0.000031	
-0.001038	
-0.002106	
-0.002777	
-0.003113	
-0.002899	
-0.002869	
-0.003632	
-0.004089	
-0.003876	
-0.003723	
-0.004486	
-0.004486	
-0.003754	
-0.003601	
-0.003082	
-0.003052	
-0.003327	
-0.003174	
-0.003113	
-0.003265	
-0.002380	
-0.002899	
-0.005982	
-0.008209	
-0.009339	
-0.009796	
-0.010437	
-0.010285	
-0.009766	
-0.009888	
-0.009919	
-0.009430	
-0.008820	
-0.008362	
-0.007752	
-0.007111	
-0.007050	
-0.007355	
-0.007202	
-0.006165	
-0.005737	
-0.005585	
-0.004425	
-0.003052	
-0.002625	
-0.002991	
-0.002472	
-0.001770	
-0.001556	
-0.001648	
-0.001404	
-0.000702	
-0.000061	
0.000305	
0.000916	
0.001984	
0.002869	
0.003418	
0.003632	
0.003754	
0.004303	
0.004730	
0.004669	
0.004486	
0.004486	
0.004791	
0.005127	
0.005066	
0.005280	
0.006012	
0.006623	
0.007050	
0.007385	
0.007904	
0.008576	
0.008393	
0.008179	
0.008911	
0.009491	
0.009369	
0.009278	
0.009674	
0.010620	
0.011750	
0.013520	
0.015015	
0.016816	
0.019288	
0.020020	
0.019959	
0.019623	
0.018860	
0.018433	
0.017731	
0.017182	
0.018006	
0.019257	
0.020417	
0.021241	
0.022370	
0.024262	
0.025208	
0.025391	
0.025452	
0.025513	
0.025605	
0.025330	
0.024995	
0.024537	
0.023438	
0.022675	
0.021729	
0.020234	
0.019318	
0.018586	
0.017640	
0.016907	
0.016236	
0.015656	
0.015503	
0.015503	
0.015168	
0.015473	
0.015595	
0.016236	
0.019471	
0.021393	
0.021912	
0.021912	
0.021546	
0.021546	
0.021577	
0.021455	
0.017151	
0.012787	
0.010804	
0.008850	
0.007599	
0.006806	
0.006500	
0.006470	
0.006317	
0.006409	
0.006561	
0.006500	
0.006195	
0.006043	
0.005768	
0.005249	
0.005127	
0.005036	
0.004852	
0.004791	
0.004425	
0.003906	
0.003510	
0.002838	
0.002228	
0.001984	
0.001556	
0.001343	
0.001465	
0.001617	
0.002075	
0.002808	
0.003479	
0.003418	
0.003052	
0.003357	
0.003327	
0.002960	
0.002441	
0.002228	
0.002197	
0.002106	
0.001526	
0.001068	
0.001282	
0.000885	
0.000183	
0.000183	
0.000488	
0.000732	
0.000580	
0.000885	
0.001282	
0.001404	
0.000763	
0.000549	
0.000519	
0.000519	
0.000397	
-0.000275	
-0.000580	
-0.000366	
-0.000122	
0.000061	
0.000153	
0.000092	
0.000092	
-0.000031	
-0.000244	
-0.000641	
-0.001129	
-0.001068	
-0.001129	
-0.001648	
-0.001617	
-0.001648	
-0.001373	
-0.001404	
-0.002014	
-0.001587	
-0.001373	
-0.001587	
-0.002228	
-0.003113	
-0.003510	
-0.004273	
-0.005402	
-0.006104	
-0.006561	
-0.006684	
-0.006836	
-0.006897	
-0.006775	
-0.007172	
-0.007752	
-0.008057	
-0.008271	
-0.008606	
-0.008972	
-0.008850	
-0.008393	
-0.008393	
-0.008362	
-0.008271	
-0.008362	
-0.008454	
-0.008332	
-0.008179	
-0.008087	
-0.009064	
-0.012299	
-0.014954	
-0.016602	
-0.017457	
-0.017487	
-0.017273	
-0.016602	
-0.015900	
-0.015412	
-0.015320	
-0.015625	
-0.015961	
-0.016388	
-0.016633	
-0.016572	
-0.016388	
-0.016053	
-0.015564	
-0.015381	
-0.015412	
-0.015687	
-0.016083	
-0.016083	
-0.015656	
-0.015412	
-0.014985	
-0.014008	
-0.013367	
-0.013153	
-0.012665	
-0.012299	
-0.011963	
-0.011170	
-0.010620	
-0.010071	
-0.009644	
-0.009613	
-0.009613	
-0.009217	
-0.008728	
-0.008393	
-0.008148	
-0.008057	
-0.007843	
-0.007874	
-0.007965	
-0.007904	
-0.007843	
-0.007599	
-0.007324	
-0.007141	
-0.006867	
-0.006775	
-0.006226	
-0.005768	
-0.005768	
-0.005554	
-0.005188	
-0.005158	
-0.004883	
-0.004181	
-0.002869	
-0.000885	
0.001007	
0.003265	
0.004639	
0.005005	
0.004913	
0.003510	
0.001526	
0.000000	
-0.001129	
-0.001862	
-0.002136	
-0.001587	
-0.000549	
0.000336	
0.001526	
0.002838	
0.003723	
0.004120	
0.004425	
0.004547	
0.004303	
0.003449	
0.002441	
0.001556	
0.000702	
-0.000275	
-0.000977	
-0.001434	
-0.001862	
-0.002136	
-0.002441	
-0.002899	
-0.003204	
-0.003418	
-0.003540	
-0.003571	
-0.003693	
-0.003784	
-0.003784	
-0.001007	
0.002228	
0.003479	
0.004425	
0.004913	
0.005219	
0.005280	
0.005676	
0.005341	
0.001038	
-0.002777	
-0.004669	
-0.005799	
-0.006409	
-0.006592	
-0.006531	
-0.006439	
-0.006134	
-0.005921	
-0.005646	
-0.005737	
-0.006012	
-0.005921	
-0.006195	
-0.006500	
-0.006592	
-0.006470	
-0.006348	
-0.006317	
-0.006134	
-0.006012	
-0.006256	
-0.006623	
-0.006745	
-0.006867	
-0.006989	
-0.006806	
-0.006378	
-0.005951	
-0.005524	
-0.005127	
-0.005036	
-0.004944	
-0.004730	
-0.004486	
-0.004425	
-0.004151	
-0.003876	
-0.004028	
-0.004364	
-0.004334	
-0.003998	
-0.003876	
-0.003815	
-0.003693	
-0.003662	
-0.003693	
-0.003784	
-0.003845	
-0.004120	
-0.004364	
-0.004517	
-0.004730	
-0.004913	
-0.004975	
-0.004975	
-0.004913	
-0.004852	
-0.004975	
-0.004975	
-0.004730	
-0.004700	
-0.004547	
-0.004517	
-0.004486	
-0.004181	
-0.003784	
-0.003540	
-0.003540	
-0.003418	
-0.003235	
-0.003052	
-0.003052	
-0.003265	
-0.003571	
-0.004151	
-0.004364	
-0.004151	
-0.003998	
-0.003937	
-0.003693	
-0.003449	
-0.003571	
-0.004212	
-0.005249	
-0.006043	
-0.006897	
-0.007599	
-0.007691	
-0.007599	
-0.007385	
-0.007355	
-0.007324	
-0.007263	
-0.007385	
-0.007385	
-0.007263	
-0.007263	
-0.007294	
-0.007111	
-0.006745	
-0.006195	
-0.005707	
-0.005402	
-0.005188	
-0.004852	
-0.004822	
-0.004791	
-0.006775	
-0.009613	
-0.011139	
-0.011841	
-0.011872	
-0.011750	
-0.011597	
-0.011139	
-0.010651	
-0.010407	
-0.010376	
-0.010559	
-0.010743	
-0.010773	
-0.010559	
-0.010224	
-0.009827	
-0.009156	
-0.008637	
-0.008515	
-0.008545	
-0.008423	
-0.008057	
-0.007691	
-0.007202	
-0.006561	
-0.005829	
-0.005097	
-0.004822	
-0.004608	
-0.004456	
-0.004364	
-0.003327	
-0.002411	
-0.001953	
-0.001282	
-0.000946	
-0.000610	
-0.000336	
0.000031	
0.000519	
0.000824	
0.001007	
0.001007	
0.001190	
0.001312	
0.001404	
0.001190	
0.000793	
0.000763	
0.000885	
0.000977	
0.001282	
0.001343	
0.001373	
0.001648	
0.001862	
0.002472	
0.003143	
0.003784	
0.004608	
0.005737	
0.007660	
0.009796	
0.012085	
0.013977	
0.014832	
0.014466	
0.013520	
0.012207	
0.010620	
0.009125	
0.007660	
0.006989	
0.007019	
0.007477	
0.008423	
0.009278	
0.010285	
0.011353	
0.012085	
0.012482	
0.012421	
0.012360	
0.012146	
0.011872	
0.011780	
0.011261	
0.010254	
0.009125	
0.007874	
0.006928	
0.006134	
0.005402	
0.005005	
0.004486	
0.004089	
0.003967	
0.004212	
0.004212	
0.004120	
0.004028	
0.004883	
0.008484	
0.010956	
0.012055	
0.012360	
0.012238	
0.012146	
0.012085	
0.012116	
0.008148	
0.003906	
0.001740	
0.000153	
-0.000732	
-0.001160	
-0.000977	
-0.000732	
-0.000397	
-0.000092	
-0.000031	
-0.000031	
-0.000031	
0.000214	
0.000305	
0.000488	
0.000641	
0.000702	
0.000732	
0.000702	
0.000763	
0.000641	
0.000366	
-0.000244	
-0.000946	
-0.001282	
-0.001495	
-0.001831	
-0.001740	
-0.001343	
-0.001190	
-0.000916	
-0.000977	
-0.001221	
-0.001343	
-0.001465	
-0.001282	
-0.000916	
-0.000580	
-0.000336	
-0.000366	
-0.000366	
-0.000397	
-0.000427	
-0.000488	
-0.000610	
-0.000549	
-0.000336	
-0.000275	
-0.000214	
-0.000214	
-0.000427	
-0.000763	
-0.000855	
-0.000977	
-0.001221	
-0.001404	
-0.001404	
-0.001617	
-0.002136	
-0.002472	
-0.002350	
-0.002258	
-0.002319	
-0.002350	
-0.002289	
-0.001984	
-0.001953	
-0.001770	
-0.001862	
-0.002045	
-0.002045	
-0.001984	
-0.002014	
-0.002075	
-0.002258	
-0.002441	
-0.002350	
-0.002258	
-0.002167	
-0.002167	
-0.002136	
-0.001953	
-0.001984	
-0.002197	
-0.002533	
-0.003204	
-0.004059	
-0.005158	
-0.006104	
-0.006592	
-0.006836	
-0.006897	
-0.007050	
-0.007050	
-0.006958	
-0.006897	
-0.006989	
-0.007355	
-0.007538	
-0.007416	
-0.006745	
-0.006134	
-0.005524	
-0.005097	
-0.004913	
-0.004791	
-0.004913	
-0.004852	
-0.006775	
-0.009827	
-0.011353	
-0.012268	
-0.012207	
-0.011902	
-0.011261	
-0.010468	
-0.010132	
-0.010041	
-0.010163	
-0.010071	
-0.010224	
-0.010376	
-0.010132	
-0.009644	
-0.009278	
-0.008759	
-0.008271	
-0.007691	
-0.007294	
-0.006928	
-0.006226	
-0.005921	
-0.005402	
-0.005066	
-0.005188	
-0.005036	
-0.005310	
-0.005493	
-0.004944	
-0.004303	
-0.003235	
-0.001953	
-0.001282	
-0.000824	
-0.000580	
-0.000427	
-0.000397	
-0.000122	
0.000183	
0.000549	
0.000946	
0.001160	
0.001343	
0.001434	
0.001587	
0.001892	
0.002167	
0.002258	
0.002319	
0.002350	
0.002594	
0.003021	
0.003265	
0.003571	
0.003632	
0.003510	
0.003632	
0.003815	
0.004303	
0.005066	
0.006073	
0.007904	
0.009827	
0.011963	
0.013367	
0.013550	
0.013062	
0.012055	
0.010468	
0.009308	
0.008454	
0.007904	
0.007630	
0.007660	
0.008393	
0.009613	
0.011017	
0.012055	
0.013031	
0.013977	
0.014344	
0.014069	
0.013428	
0.013398	
0.013489	
0.013031	
0.012116	
0.010895	
0.009552	
0.008423	
0.007569	
0.006836	
0.006287	
0.005921	
0.005982	
0.005860	
0.005585	
0.005768	
0.005860	
0.006073	
0.005768	
0.008087	
0.011933	
0.013581	
0.014405	
0.014496	
0.014588	
0.014557	
0.015076	
0.013733	
0.008515	
0.005097	
0.003143	
0.002106	
0.001556	
0.001282	
0.001251	
0.001251	
0.001160	
0.001465	
0.001617	
0.001587	
0.001740	
0.001801	
0.001648	
0.001495	
0.001282	
0.001038	
0.000946	
0.001038	
0.001221	
0.001373	
0.001038	
0.000519	
0.000122	
-0.000214	
-0.000183	
0.000061	
0.000488	
0.000916	
0.001251	
0.001587	
0.001373	
0.001099	
0.000885	
0.000671	
0.000824	
0.000946	
0.000977	
0.000855	
0.000610	
0.000244	
0.000122	
-0.000183	
-0.000519	
-0.000763	
-0.000885	
-0.001038	
-0.001312	
-0.001251	
-0.001160	
-0.001038	
-0.000702	
-0.000549	
-0.000549	
-0.000824	
-0.001251	
-0.001465	
-0.001648	
-0.001862	
-0.001770	
-0.001404	
-0.001221	
-0.001160	
-0.001160	
-0.001007	
-0.000671	
-0.000366	
-0.000366	
-0.000671	
-0.001068	
-0.001251	
-0.001343	
-0.001526	
-0.001892	
-0.002228	
-0.002380	
-0.002564	
-0.002411	
-0.002350	
-0.002289	
-0.002045	
-0.001984	
-0.001617	
-0.001465	
-0.001923	
-0.002777	
-0.003632	
-0.004334	
-0.004791	
-0.004913	
-0.004700	
-0.004547	
-0.004517	
-0.004639	
-0.004913	
-0.005066	
-0.005036	
-0.005066	
-0.005066	
-0.004669	
-0.003906	
-0.003327	
-0.002960	
-0.002747	
-0.002716	
-0.002838	
-0.002808	
-0.003449	
-0.006256	
-0.008637	
-0.009857	
-0.010590	
-0.010895	
-0.010834	
-0.010559	
-0.010376	
-0.010254	
-0.009919	
-0.009613	
-0.009339	
-0.009461	
-0.009430	
-0.009308	
-0.009308	
-0.009156	
-0.008972	
-0.008606	
-0.008179	
-0.007691	
-0.007080	
-0.006378	
-0.005921	
-0.005799	
-0.005432	
-0.005341	
-0.005097	
-0.004822	
-0.004181	
-0.003357	
-0.003113	
-0.002777	
-0.002350	
-0.002045	
-0.001709	
-0.001679	
-0.001343	
-0.001038	
-0.000610	
-0.000183	
0.000000	
0.000275	
0.000580	
0.000946	
0.001099	
0.001099	
0.001282	
0.001282	
0.001221	
0.001190	
0.001343	
0.001434	
0.001526	
0.001709	
0.001953	
0.002075	
0.002319	
0.002747	
0.003357	
0.004089	
0.005127	
0.006806	
0.008637	
0.010559	
0.012268	
0.013153	
0.013123	
0.012268	
0.010926	
0.009278	
0.007843	
0.006836	
0.006195	
0.006104	
0.006958	
0.008362	
0.009919	
0.011200	
0.012085	
0.012696	
0.012818	
0.012452	
0.012085	
0.011963	
0.011902	
0.011505	
0.010559	
0.009705	
0.008972	
0.008118	
0.007416	
0.007172	
0.006806	
0.006226	
0.005493	
0.004883	
0.004700	
0.004608	
0.004486	
0.004761	
0.004608	
0.005310	
0.009156	
0.011536	
0.012482	
0.012787	
0.012513	
0.012391	
0.012299	
0.012726	
0.009003	
0.004334	
0.002380	
0.000977	
0.000214	
-0.000031	
0.000092	
0.000183	
0.000336	
0.000397	
0.000641	
0.000824	
0.000763	
0.000732	
0.000763	
0.001129	
0.001251	
0.001373	
0.001617	
0.002014	
0.002319	
0.002197	
0.002075	
0.001923	
0.001648	
0.001465	
0.001099	
0.001190	
0.001373	
0.001373	
0.001404	
0.001526	
0.001495	
0.001617	
0.001801	
0.001709	
0.001617	
0.001434	
0.001434	
0.001312	
0.000946	
0.000641	
0.000702	
0.000977	
0.001251	
0.001343	
0.001495	
0.001648	
0.001801	
0.001923	
0.002045	
0.002014	
0.001923	
0.001617	
0.001251	
0.001068	
0.000824	
0.000641	
0.000641	
0.000427	
0.000122	
0.000366	
0.000793	
0.001038	
0.001129	
0.000946	
0.000977	
0.000793	
0.000427	
0.000122	
-0.000275	
-0.000427	
-0.000275	
-0.000397	
-0.000702	
-0.001007	
-0.001373	
-0.001343	
-0.001465	
-0.001587	
-0.001373	
-0.001221	
-0.000855	
-0.000641	
-0.000580	
-0.000641	
-0.001221	
-0.002228	
-0.003113	
-0.003540	
-0.003693	
-0.003601	
-0.003388	
-0.003449	
-0.003571	
-0.003937	
-0.004486	
-0.004791	
-0.004608	
-0.004273	
-0.004273	
-0.004364	
-0.004303	
-0.004059	
-0.003906	
-0.003693	
-0.003388	
-0.003479	
-0.003296	
-0.005066	
-0.008362	
-0.010437	
-0.011597	
-0.012024	
-0.011933	
-0.011689	
-0.011322	
-0.010926	
-0.010559	
-0.010346	
-0.010376	
-0.010468	
-0.010681	
-0.011109	
-0.011261	
-0.010743	
-0.010163	
-0.009674	
-0.009033	
-0.008637	
-0.008148	
-0.007355	
-0.006958	
-0.006592	
-0.006470	
-0.006439	
-0.005921	
-0.005432	
-0.004669	
-0.003845	
-0.003937	
-0.003845	
-0.003143	
-0.002380	
-0.001526	
-0.001129	
-0.000916	
-0.000580	
-0.000397	
-0.000153	
0.000031	
-0.000031	
-0.000092	
-0.000183	
-0.000092	
0.000183	
0.000214	
0.000427	
0.000946	
0.001129	
0.001221	
0.001343	
0.001373	
0.001495	
0.001831	
0.002319	
0.002655	
0.002960	
0.003082	
0.003357	
0.003815	
0.004975	
0.007080	
0.008972	
0.010987	
0.012543	
0.012879	
0.012574	
0.011414	
0.009766	
0.008240	
0.006989	
0.006226	
0.006439	
0.007141	
0.008332	
0.009766	
0.010865	
0.011841	
0.012391	
0.012726	
0.012909	
0.012604	
0.012146	
0.012024	
0.011872	
0.011414	
0.010804	
0.010041	
0.009552	
0.008698	
0.007721	
0.007019	
0.006256	
0.005860	
0.005676	
0.005432	
0.005463	
0.005615	
0.006043	
0.006561	
0.006317	
0.008637	
0.012146	
0.013703	
0.014618	
0.014557	
0.014466	
0.014069	
0.014435	
0.013215	
0.008148	
0.005158	
0.003082	
0.001801	
0.001099	
0.000702	
0.000702	
0.000763	
0.001129	
0.001282	
0.001312	
0.001282	
0.001343	
0.001068	
0.000885	
0.001099	
0.001129	
0.001007	
0.001068	
0.001099	
0.001129	
0.001099	
0.000977	
0.000519	
0.000122	
-0.000092	
-0.000244	
-0.000031	
0.000488	
0.000763	
0.001068	
0.001007	
0.000732	
0.000763	
0.000732	
0.000824	
0.000885	
0.000946	
0.001068	
0.001099	
0.001373	
0.001648	
0.001740	
0.001587	
0.001556	
0.001404	
0.000824	
0.000458	
0.000458	
0.000366	
0.000397	
0.000397	
0.000336	
0.000336	
0.000244	
-0.000031	
-0.000641	
-0.001190	
-0.001709	
-0.002167	
-0.002533	
-0.002380	
-0.002380	
-0.002503	
-0.002258	
-0.002014	
-0.001617	
-0.001282	
-0.001038	
-0.001160	
-0.001282	
-0.001190	
-0.000977	
-0.000641	
-0.000610	
-0.000763	
-0.000855	
-0.000702	
-0.000580	
-0.000702	
-0.000549	
-0.000244	
-0.000244	
-0.000275	
-0.000305	
-0.000946	
-0.001679	
-0.002533	
-0.003174	
-0.003296	
-0.003418	
-0.003540	
-0.003723	
-0.003845	
-0.003967	
-0.004151	
-0.004486	
-0.004761	
-0.004883	
-0.004975	
-0.004852	
-0.004761	
-0.004608	
-0.004120	
-0.004028	
-0.004059	
-0.004059	
-0.004089	
-0.004456	
-0.007141	
-0.010010	
-0.011383	
-0.012146	
-0.012146	
-0.011811	
-0.011750	
-0.011505	
-0.011383	
-0.011200	
-0.011048	
-0.011261	
-0.011475	
-0.011628	
-0.011811	
-0.011841	
-0.011261	
-0.010590	
-0.010041	
-0.009278	
-0.008728	
-0.008301	
-0.007965	
-0.007355	
-0.007019	
-0.006714	
-0.006134	
-0.005432	
-0.004822	
-0.004151	
-0.003479	
-0.003113	
-0.002564	
-0.001923	
-0.001221	
-0.000580	
-0.000275	
-0.000092	
-0.000031	
0.000183	
0.000336	
0.000397	
0.000427	
0.000488	
0.000610	
0.000671	
0.000793	
0.000824	
0.000824	
0.000824	
0.000885	
0.000946	
0.001007	
0.001160	
0.001526	
0.001801	
0.002014	
0.002472	
0.002472	
0.002808	
0.003815	
0.005005	
0.007050	
0.009247	
0.011444	
0.013337	
0.014161	
0.014161	
0.013367	
0.011872	
0.010193	
0.009033	
0.008271	
0.008057	
0.008484	
0.009125	
0.010102	
0.011170	
0.011963	
0.012757	
0.013184	
0.013276	
0.013459	
0.013642	
0.013672	
0.013489	
0.013001	
0.012299	
0.011231	
0.010132	
0.009156	
0.007935	
0.006745	
0.005982	
0.005524	
0.005127	
0.004700	
0.004151	
0.004028	
0.004059	
0.004120	
0.004028	
0.004791	
0.008545	
0.010926	
0.011994	
0.012635	
0.012757	
0.012879	
0.012879	
0.013123	
0.009339	
0.004791	
0.002930	
0.001770	
0.001373	
0.001038	
0.000855	
0.001160	
0.001587	
0.001617	
0.001556	
0.001556	
0.001679	
0.001801	
0.001801	
0.001679	
0.001495	
0.001404	
0.001343	
0.001251	
0.001587	
0.001862	
0.001770	
0.001404	
0.001068	
0.000824	
0.000580	
0.000641	
0.000702	
0.000977	
0.001160	
0.001404	
0.001434	
0.001434	
0.001679	
0.001740	
0.001587	
0.001434	
0.001312	
0.001221	
0.001251	
0.001068	
0.000671	
0.000366	
0.000183	
0.000214	
0.000092	
-0.000061	
-0.000214	
-0.000214	
-0.000031	
-0.000092	
-0.000366	
-0.000458	
-0.000488	
-0.000763	
-0.000977	
-0.001221	
-0.001526	
-0.001801	
-0.001923	
-0.001679	
-0.001404	
-0.001221	
-0.001251	
-0.001251	
-0.001190	
-0.001068	
-0.001007	
-0.001312	
-0.001556	
-0.001587	
-0.001679	
-0.001801	
-0.001862	
-0.001953	
-0.002136	
-0.002411	
-0.002350	
-0.002106	
-0.001953	
-0.001770	
-0.001740	
-0.001984	
-0.002014	
-0.001892	
-0.002533	
-0.003174	
-0.003510	
-0.003754	
-0.003601	
-0.003601	
-0.003510	
-0.003449	
-0.003540	
-0.003754	
-0.003784	
-0.003693	
-0.003662	
-0.003601	
-0.003143	
-0.002686	
-0.002594	
-0.002350	
-0.002075	
-0.002136	
-0.002289	
-0.002655	
-0.002686	
-0.004273	
-0.007752	
-0.010010	
-0.011536	
-0.012299	
-0.012329	
-0.012238	
-0.012055	
-0.011811	
-0.011444	
-0.011261	
-0.011200	
-0.011231	
-0.011292	
-0.011322	
-0.011475	
-0.011383	
-0.010804	
-0.009949	
-0.009156	
-0.008515	
-0.007782	
-0.007202	
-0.006836	
-0.006531	
-0.006165	
-0.005951	
-0.005615	
-0.005036	
-0.004669	
-0.004212	
-0.004089	
-0.003815	
-0.003143	
-0.002472	
-0.001892	
-0.001709	
-0.001740	
-0.001740	
-0.001679	
-0.001434	
-0.000977	
-0.000793	
-0.000549	
-0.000305	
-0.000183	
0.000122	
0.000488	
0.000458	
0.000610	
0.000946	
0.001007	
0.001007	
0.001160	
0.001648	
0.001923	
0.002136	
0.002441	
0.002686	
0.002869	
0.003418	
0.004242	
0.005432	
0.007416	
0.009278	
0.011414	
0.012940	
0.013428	
0.013001	
0.011841	
0.010163	
0.008820	
0.007874	
0.007263	
0.007111	
0.007660	
0.008637	
0.009919	
0.011109	
0.011933	
0.012574	
0.012787	
0.012787	
0.012604	
0.012513	
0.012329	
0.011994	
0.011475	
0.010407	
0.009156	
0.008057	
0.007263	
0.006592	
0.005799	
0.004944	
0.004456	
0.004456	
0.004700	
0.004791	
0.005005	
0.005310	
0.005615	
0.005646	
0.008423	
0.011750	
0.013001	
0.013825	
0.013581	
0.013672	
0.013520	
0.014069	
0.012055	
0.006561	
0.003540	
0.001984	
0.000946	
0.000458	
0.000214	
0.000244	
0.000549	
0.000855	
0.001007	
0.001190	
0.001007	
0.000916	
0.000916	
0.000885	
0.001160	
0.001312	
0.001587	
0.001831	
0.001923	
0.001923	
0.001801	
0.001679	
0.001617	
0.001312	
0.000977	
0.000732	
0.000549	
0.000671	
0.001007	
0.001190	
0.001343	
0.001221	
0.001465	
0.001740	
0.001709	
0.001312	
0.000763	
0.000519	
0.000549	
0.000519	
0.000610	
0.000610	
0.000397	
0.000214	
0.000092	
0.000122	
0.000092	
-0.000275	
-0.000397	
-0.000397	
-0.000641	
-0.000824	
-0.000885	
-0.000946	
-0.000824	
-0.000855	
-0.000916	
-0.001251	
-0.001770	
-0.001923	
-0.001495	
-0.001312	
-0.001404	
-0.001282	
-0.000855	
-0.000671	
-0.000641	
-0.000458	
-0.000763	
-0.001312	
-0.001343	
-0.001282	
-0.001068	
-0.000977	
-0.001099	
-0.001282	
-0.001221	
-0.000977	
-0.000885	
-0.000671	
-0.000641	
-0.000610	
-0.000488	
-0.000549	
-0.000977	
-0.001923	
-0.003052	
-0.003876	
-0.004059	
-0.004181	
-0.004578	
-0.004944	
-0.005066	
-0.005005	
-0.005158	
-0.005249	
-0.005158	
-0.004852	
-0.004669	
-0.004669	
-0.004486	
-0.004395	
-0.004212	
-0.003906	
-0.003601	
-0.003265	
-0.003021	
-0.003632	
-0.006806	
-0.009369	
-0.010590	
-0.011231	
-0.011414	
-0.011475	
-0.011017	
-0.010529	
-0.010193	
-0.010193	
-0.010346	
-0.010498	
-0.010590	
-0.010773	
-0.010834	
-0.010620	
-0.010437	
-0.009888	
-0.009278	
-0.008606	
-0.008576	
-0.008820	
-0.008637	
-0.008393	
-0.007996	
-0.007355	
-0.007019	
-0.007019	
-0.006714	
-0.006226	
-0.005707	
-0.005371	
-0.004730	
-0.003937	
-0.003235	
-0.002747	
-0.002564	
-0.002564	
-0.002655	
-0.002350	
-0.001831	
-0.001495	
-0.001251	
-0.001038	
-0.000763	
-0.000580	
-0.000610	
-0.000488	
-0.000244	
-0.000244	
-0.000244	
0.000031	
0.000153	
-0.000092	
0.000122	
0.000488	
0.000549	
0.000732	
0.001038	
0.001251	
0.001831	
0.002625	
0.004486	
0.006592	
0.008789	
0.010895	
0.011719	
0.011628	
0.010590	
0.009217	
0.007874	
0.006714	
0.005921	
0.005737	
0.006287	
0.007111	
0.008362	
0.009735	
0.010956	
0.011811	
0.012146	
0.012268	
0.012329	
0.012177	
0.011902	
0.011811	
0.011139	
0.010071	
0.009033	
0.007996	
0.007111	
0.006165	
0.005249	
0.004242	
0.003479	
0.003296	
0.003265	
0.003235	
0.003479	
0.003296	
0.003418	
0.003510	
0.004456	
0.008393	
0.010895	
0.011872	
0.012299	
0.012146	
0.012360	
0.012635	
0.013031	
0.009522	
0.004669	
0.002533	
0.001282	
0.000732	
0.000336	
0.000336	
0.000610	
0.000671	
0.000671	
0.001007	
0.001190	
0.001099	
0.001190	
0.001099	
0.001068	
0.001312	
0.001556	
0.001801	
0.002106	
0.002380	
0.002533	
0.002655	
0.002747	
0.002503	
0.002197	
0.001953	
0.001923	
0.002106	
0.002533	
0.002808	
0.003082	
0.003082	
0.002686	
0.002045	
0.001617	
0.001465	
0.001465	
0.001312	
0.001007	
0.000702	
0.000427	
0.000092	
-0.000061	
0.000153	
0.000336	
0.000305	
0.000397	
0.000427	
0.000336	
0.000244	
0.000153	
-0.000061	
-0.000153	
-0.000275	
-0.000397	
-0.000427	
-0.000519	
-0.000458	
-0.000671	
-0.000977	
-0.000580	
-0.000336	
-0.000305	
-0.000336	
-0.000397	
-0.000214	
0.000031	
0.000000	
-0.000275	
-0.000610	
-0.001099	
-0.001495	
-0.001526	
-0.001709	
-0.002014	
-0.002106	
-0.002380	
-0.002838	
-0.003143	
-0.003265	
-0.003418	
-0.003479	
-0.003479	
-0.003418	
-0.004028	
-0.005066	
-0.005860	
-0.006836	
-0.007355	
-0.007508	
-0.007538	
-0.007569	
-0.007599	
-0.007691	
-0.007965	
-0.008271	
-0.008209	
-0.008362	
-0.008271	
-0.007874	
-0.007538	
-0.007172	
-0.006897	
-0.006592	
-0.006348	
-0.006287	
-0.006378	
-0.006134	
-0.007569	
-0.010804	
-0.012757	
-0.013825	
-0.014222	
-0.014161	
-0.014283	
-0.014069	
-0.013733	
-0.013428	
-0.013520	
-0.013459	
-0.013398	
-0.013459	
-0.013520	
-0.013459	
-0.013092	
-0.012635	
-0.012268	
-0.011811	
-0.011444	
-0.011200	
-0.010834	
-0.010529	
-0.010102	
-0.009857	
-0.009766	
-0.009308	
-0.008789	
-0.008393	
-0.007874	
-0.007538	
-0.007233	
-0.006714	
-0.005982	
-0.005463	
-0.005219	
-0.005005	
-0.004852	
-0.004669	
-0.004395	
-0.003998	
-0.003754	
-0.003571	
-0.003388	
-0.003235	
-0.003174	
-0.003113	
-0.002899	
-0.002869	
-0.003021	
-0.003052	
-0.002930	
-0.002777	
-0.002686	
-0.002380	
-0.002411	
-0.002258	
-0.001831	
-0.001465	
-0.000763	
0.000031	
0.001465	
0.003784	
0.005829	
0.008148	
0.009857	
0.010254	
0.009735	
0.008423	
0.006928	
0.005402	
0.004089	
0.003327	
0.003204	
0.003693	
0.004547	
0.005768	
0.007141	
0.008148	
0.008637	
0.008942	
0.009033	
0.008820	
0.008942	
0.009369	
0.009339	
0.008698	
0.007721	
0.006714	
0.005890	
0.004883	
0.004059	
0.003571	
0.003174	
0.002747	
0.002167	
0.002045	
0.002258	
0.002594	
0.002625	
0.002716	
0.002564	
0.005371	
0.009186	
0.010285	
0.010773	
0.010834	
0.011109	
0.011109	
0.011597	
0.010376	
0.005341	
0.002197	
0.000671	
-0.000122	
-0.000549	
-0.000916	
-0.000855	
-0.000671	
-0.000275	
0.000061	
0.000275	
0.000549	
0.000549	
0.000580	
0.000488	
0.000214	
0.000122	
0.000336	
0.000366	
0.000275	
0.000397	
0.000366	
0.000183	
-0.000122	
-0.000214	
-0.000336	
-0.000732	
-0.000793	
-0.000580	
-0.000244	
0.000153	
0.000519	
0.000763	
0.001038	
0.001312	
0.001556	
0.001923	
0.002014	
0.002167	
0.002411	
0.002380	
0.002014	
0.001648	
0.001648	
0.001587	
0.001373	
0.001373	
0.001526	
0.001221	
0.000885	
0.000824	
0.000946	
0.001129	
0.001129	
0.001099	
0.001068	
0.000793	
0.000427	
-0.000092	
-0.000458	
-0.000519	
-0.000092	
0.000244	
0.000397	
0.000549	
0.000763	
0.001038	
0.001190	
0.001221	
0.001251	
0.001129	
0.001007	
0.001007	
0.000946	
0.000732	
0.000580	
0.000397	
0.000244	
0.000214	
0.000244	
0.000336	
0.000397	
0.000519	
0.000336	
-0.000275	
-0.000885	
-0.002014	
-0.003327	
-0.004334	
-0.004791	
-0.004669	
-0.004364	
-0.004242	
-0.004303	
-0.004364	
-0.004639	
-0.004852	
-0.005066	
-0.005280	
-0.005249	
-0.005188	
-0.005158	
-0.004944	
-0.004517	
-0.004578	
-0.004700	
-0.004547	
-0.004395	
-0.005066	
-0.007813	
-0.010376	
-0.011902	
-0.012726	
-0.012970	
-0.013092	
-0.013092	
-0.012635	
-0.012329	
-0.012207	
-0.012055	
-0.012146	
-0.012238	
-0.012177	
-0.012268	
-0.012360	
-0.012329	
-0.011902	
-0.011475	
-0.010987	
-0.010498	
-0.010071	
-0.009674	
-0.009095	
-0.008637	
-0.008271	
-0.007721	
-0.007233	
-0.007019	
-0.006500	
-0.005737	
-0.005737	
-0.005371	
-0.004700	
-0.004181	
-0.003693	
-0.003449	
-0.003113	
-0.002960	
-0.002899	
-0.002747	
-0.002564	
-0.002533	
-0.002350	
-0.002136	
-0.001953	
-0.001617	
-0.001404	
-0.001251	
-0.001068	
-0.001373	
-0.001617	
-0.001404	
-0.001221	
-0.000885	
-0.000763	
-0.000702	
-0.000336	
-0.000153	
0.000214	
0.000885	
0.001862	
0.003754	
0.005860	
0.007965	
0.010071	
0.010956	
0.011170	
0.010620	
0.009125	
0.007752	
0.006806	
0.006134	
0.006043	
0.006409	
0.007355	
0.008637	
0.009949	
0.011109	
0.011811	
0.012146	
0.012329	
0.012268	
0.012268	
0.012177	
0.012177	
0.011963	
0.011109	
0.010132	
0.009278	
0.008332	
0.007385	
0.006623	
0.006165	
0.005615	
0.005036	
0.004852	
0.004730	
0.004975	
0.005127	
0.005463	
0.005615	
0.006592	
0.010559	
0.012940	
0.013825	
0.014069	
0.014039	
0.014191	
0.014100	
0.014222	
0.010163	
0.005646	
0.003632	
0.002167	
0.001740	
0.001373	
0.001068	
0.001160	
0.001282	
0.001312	
0.001556	
0.001587	
0.001465	
0.001404	
0.001190	
0.000977	
0.000855	
0.000855	
0.001038	
0.001160	
0.001343	
0.001617	
0.001679	
0.001343	
0.001038	
0.000977	
0.001190	
0.001221	
0.001373	
0.001556	
0.001526	
0.001648	
0.001373	
0.000977	
0.000824	
0.000824	
0.000946	
0.001007	
0.001099	
0.001190	
0.001251	
0.001404	
0.001770	
0.001953	
0.001831	
0.001648	
0.001679	
0.001495	
0.001251	
0.001099	
0.000946	
0.000977	
0.001068	
0.001038	
0.001099	
0.001221	
0.000946	
0.000610	
0.000183	
-0.000153	
-0.000427	
-0.000397	
0.000000	
-0.000031	
-0.000183	
0.000031	
0.000458	
0.000671	
0.000519	
0.000153	
-0.000061	
-0.000214	
-0.000427	
-0.000549	
-0.000885	
-0.001495	
-0.001892	
-0.002380	
-0.002655	
-0.002838	
-0.003021	
-0.002991	
-0.002777	
-0.002808	
-0.002777	
-0.002686	
-0.003296	
-0.004242	
-0.005188	
-0.005799	
-0.006012	
-0.006134	
-0.005951	
-0.005982	
-0.006134	
-0.006470	
-0.006623	
-0.006531	
-0.006409	
-0.006165	
-0.006134	
-0.006012	
-0.005890	
-0.005768	
-0.005524	
-0.005585	
-0.005676	
-0.005799	
-0.006012	
-0.007813	
-0.010773	
-0.012787	
-0.013855	
-0.014283	
-0.014100	
-0.013703	
-0.013184	
-0.012482	
-0.012024	
-0.011872	
-0.011780	
-0.011689	
-0.011902	
-0.012055	
-0.011933	
-0.011811	
-0.011475	
-0.011139	
-0.010651	
-0.009857	
-0.009461	
-0.009400	
-0.009369	
-0.009430	
-0.009430	
-0.009095	
-0.008332	
-0.007477	
-0.007202	
-0.006745	
-0.006348	
-0.005921	
-0.004852	
-0.003845	
-0.002960	
-0.002503	
-0.002503	
-0.002655	
-0.002319	
-0.002014	
-0.002106	
-0.002289	
-0.002350	
-0.002228	
-0.002136	
-0.001984	
-0.001709	
-0.001434	
-0.001068	
-0.000671	
-0.000549	
-0.000519	
-0.000153	
0.000061	
0.000336	
0.000427	
0.000427	
0.000763	
0.001099	
0.001862	
0.002838	
0.004181	
0.006134	
0.008271	
0.010895	
0.012787	
0.013764	
0.013794	
0.012696	
0.010926	
0.009461	
0.008759	
0.008271	
0.008209	
0.008850	
0.009888	
0.010956	
0.011872	
0.012665	
0.013123	
0.013337	
0.013459	
0.013489	
0.013367	
0.013306	
0.012726	
0.011841	
0.011078	
0.010254	
0.009247	
0.008484	
0.007935	
0.007202	
0.006317	
0.005615	
0.005371	
0.005310	
0.005554	
0.005799	
0.005890	
0.006043	
0.005707	
0.008362	
0.011780	
0.013215	
0.014069	
0.013855	
0.013947	
0.013825	
0.014161	
0.013123	
0.007904	
0.004517	
0.002747	
0.001465	
0.000946	
0.000610	
0.000458	
0.000671	
0.000855	
0.000610	
0.000641	
0.000641	
0.000519	
0.000732	
0.001038	
0.001343	
0.001801	
0.001740	
0.001648	
0.001831	
0.001923	
0.001953	
0.001587	
0.001099	
0.000702	
0.000244	
-0.000031	
-0.000061	
-0.000244	
-0.000641	
-0.000641	
-0.000580	
-0.000488	
-0.000244	
-0.000122	
-0.000061	
-0.000214	
-0.000671	
-0.000977	
-0.001190	
-0.001282	
-0.001282	
-0.001221	
-0.001404	
-0.001617	
-0.001892	
-0.002197	
-0.002564	
-0.002564	
-0.002441	
-0.002716	
-0.002777	
-0.002594	
-0.002472	
-0.002350	
-0.002411	
-0.002503	
-0.002625	
-0.003113	
-0.003632	
-0.003662	
-0.003418	
-0.003296	
-0.003082	
-0.002991	
-0.002716	
-0.002350	
-0.002167	
-0.001770	
-0.001556	
-0.001373	
-0.001160	
-0.001099	
-0.001190	
-0.001282	
-0.001282	
-0.001373	
-0.001526	
-0.001465	
-0.001373	
-0.001434	
-0.001343	
-0.001251	
-0.001312	
-0.001709	
-0.002747	
-0.003815	
-0.004730	
-0.005280	
-0.005493	
-0.005615	
-0.005646	
-0.005676	
-0.005799	
-0.006012	
-0.006226	
-0.006104	
-0.006104	
-0.005982	
-0.005921	
-0.005890	
-0.005676	
-0.005524	
-0.005280	
-0.005310	
-0.005249	
-0.004944	
-0.004761	
-0.004761	
-0.007141	
-0.009980	
-0.011658	
-0.012543	
-0.012391	
-0.012024	
-0.011536	
-0.011017	
-0.010743	
-0.010620	
-0.010651	
-0.010804	
-0.011017	
-0.011200	
-0.011292	
-0.011170	
-0.010651	
-0.009705	
-0.009033	
-0.008698	
-0.008332	
-0.008301	
-0.008484	
-0.008362	
-0.007691	
-0.006958	
-0.006043	
-0.005005	
-0.004395	
-0.003967	
-0.003967	
-0.004425	
-0.004089	
-0.003174	
-0.002197	
-0.001495	
-0.001160	
-0.000855	
-0.000702	
-0.000549	
-0.000488	
-0.000580	
-0.000488	
-0.000305	
-0.000214	
-0.000061	
0.000031	
0.000122	
0.000336	
0.000641	
0.000946	
0.000855	
0.000610	
0.000458	
0.000397	
0.000488	
0.000488	
0.000610	
0.000824	
0.001282	
0.001953	
0.002808	
0.004639	
0.006531	
0.008576	
0.010773	
0.011872	
0.012024	
0.011261	
0.010041	
0.008606	
0.007416	
0.006928	
0.006745	
0.006775	
0.007202	
0.007996	
0.008881	
0.009705	
0.010407	
0.011017	
0.011444	
0.011628	
0.011750	
0.011689	
0.011261	
0.010620	
0.009583	
0.008393	
0.007508	
0.006653	
0.005707	
0.005005	
0.004547	
0.004242	
0.003937	
0.003876	
0.003967	
0.004425	
0.004547	
0.004608	
0.004364	
0.004975	
0.008759	
0.011414	
0.012726	
0.013398	
0.013398	
0.013398	
0.013153	
0.013245	
0.009247	
0.004791	
0.002655	
0.001068	
0.000397	
0.000122	
0.000183	
0.000061	
0.000061	
0.000214	
0.000427	
0.000580	
0.000549	
0.000488	
0.000275	
0.000092	
-0.000122	
-0.000061	
0.000031	
0.000031	
0.000000	
0.000092	
0.000122	
-0.000122	
-0.000427	
-0.000946	
-0.001679	
-0.001892	
-0.001587	
-0.001160	
-0.000916	
-0.000366	
-0.000214	
-0.000610	
-0.001099	
-0.001343	
-0.001404	
-0.001587	
-0.001617	
-0.001556	
-0.001648	
-0.001801	
-0.001709	
-0.001679	
-0.001617	
-0.001587	
-0.001801	
-0.001923	
-0.002014	
-0.002045	
-0.002106	
-0.002441	
-0.002777	
-0.002930	
-0.003327	
-0.003723	
-0.003998	
-0.004303	
-0.004761	
-0.005127	
-0.005219	
-0.004852	
-0.004608	
-0.004730	
-0.004486	
-0.004181	
-0.003754	
-0.003174	
-0.002625	
-0.002350	
-0.002411	
-0.002350	
-0.002411	
-0.002533	
-0.002625	
-0.002380	
-0.001984	
-0.001831	
-0.001709	
-0.001495	
-0.001465	
-0.001526	
-0.001495	
-0.001160	
-0.001068	
-0.001404	
-0.002411	
-0.003662	
-0.004669	
-0.005493	
-0.005829	
-0.006043	
-0.006226	
-0.006470	
-0.006409	
-0.006226	
-0.006165	
-0.006043	
-0.006043	
-0.006012	
-0.006043	
-0.005860	
-0.005799	
-0.005768	
-0.005432	
-0.005310	
-0.005158	
-0.005127	
-0.005097	
-0.006806	
-0.009674	
-0.011536	
-0.012726	
-0.012940	
-0.012513	
-0.012024	
-0.011353	
-0.010743	
-0.010620	
-0.010590	
-0.010590	
-0.010834	
-0.010865	
-0.010559	
-0.010102	
-0.009583	
-0.008881	
-0.008240	
-0.008057	
-0.007904	
-0.007843	
-0.007935	
-0.007965	
-0.007721	
-0.007141	
-0.006714	
-0.006104	
-0.005676	
-0.005493	
-0.005188	
-0.005249	
-0.004822	
-0.003815	
-0.003082	
-0.002350	
-0.001953	
-0.001801	
-0.001831	
-0.001831	
-0.001617	
-0.001587	
-0.001679	
-0.001770	
-0.001709	
-0.001831	
-0.002014	
-0.001923	
-0.001679	
-0.001495	
-0.001312	
-0.001038	
-0.000855	
-0.000855	
-0.000824	
-0.000855	
-0.000977	
-0.000793	
-0.000488	
-0.000366	
0.000061	
0.000732	
0.002350	
0.004669	
0.006623	
0.008637	
0.010224	
0.010498	
0.009980	
0.008850	
0.007202	
0.005829	
0.004730	
0.003906	
0.003845	
0.004089	
0.004913	
0.006287	
0.007508	
0.008576	
0.009461	
0.009980	
0.009949	
0.009644	
0.009552	
0.009583	
0.009461	
0.008942	
0.008271	
0.007477	
0.006745	
0.005951	
0.005280	
0.004761	
0.004242	
0.003967	
0.003632	
0.003265	
0.003052	
0.003113	
0.003174	
0.003357	
0.003204	
0.005676	
0.009339	
0.010559	
0.011200	
0.011048	
0.011048	
0.010743	
0.010987	
0.009980	
0.005036	
0.002045	
0.000855	
0.000153	
-0.000061	
0.000000	
0.000214	
0.000305	
0.000427	
0.000549	
0.000671	
0.000671	
0.000916	
0.001343	
0.001465	
0.001526	
0.001434	
0.001617	
0.001984	
0.002167	
0.002350	
0.002319	
0.002228	
0.001984	
0.001648	
0.001190	
0.001038	
0.001373	
0.001953	
0.002319	
0.002869	
0.003357	
0.003540	
0.003845	
0.004181	
0.004364	
0.004578	
0.004761	
0.004700	
0.004639	
0.004334	
0.004151	
0.003967	
0.003967	
0.004181	
0.004364	
0.004486	
0.004456	
0.004364	
0.004334	
0.004303	
0.004181	
0.004059	
0.003967	
0.003845	
0.003693	
0.003388	
0.003143	
0.002838	
0.002625	
0.002686	
0.003143	
0.003388	
0.003357	
0.003449	
0.003754	
0.004089	
0.004089	
0.004059	
0.003845	
0.003571	
0.003479	
0.003327	
0.003113	
0.002869	
0.002686	
0.002594	
0.002564	
0.002441	
0.002564	
0.002838	
0.003052	
0.003113	
0.002869	
0.002411	
0.001495	
0.000519	
-0.000214	
-0.000916	
-0.001251	
-0.001343	
-0.001343	
-0.001129	
-0.001068	
-0.001251	
-0.001434	
-0.001373	
-0.001465	
-0.001465	
-0.001495	
-0.001465	
-0.001068	
-0.000610	
-0.000153	
-0.000031	
0.000153	
0.000122	
0.000031	
-0.000610	
-0.003815	
-0.006653	
-0.008148	
-0.009095	
-0.009217	
-0.008881	
-0.008515	
-0.008301	
-0.008423	
-0.008728	
-0.008881	
-0.009125	
-0.009339	
-0.009369	
-0.009278	
-0.009033	
-0.008484	
-0.008026	
-0.007508	
-0.007050	
-0.007080	
-0.006775	
-0.006592	
-0.006287	
-0.005860	
-0.005432	
-0.004944	
-0.004517	
-0.004120	
-0.003449	
-0.002869	
-0.002747	
-0.002136	
-0.001495	
-0.000946	
-0.000488	
-0.000275	
-0.000092	
0.000092	
0.000366	
0.000793	
0.001129	
0.001404	
0.001617	
0.001953	
0.002106	
0.002136	
0.002258	
0.002167	
0.002258	
0.002533	
0.002899	
0.003113	
0.003143	
0.003327	
0.003754	
0.004059	
0.004303	
0.004486	
0.004975	
0.005615	
0.006378	
0.008148	
0.009919	
0.011750	
0.013642	
0.014405	
0.014405	
0.013672	
0.012146	
0.010498	
0.009400	
0.008728	
0.008637	
0.009095	
0.009644	
0.010468	
0.011780	
0.012696	
0.013337	
0.013855	
0.013947	
0.013642	
0.013520	
0.013428	
0.013245	
0.012970	
0.012299	
0.011658	
0.010743	
0.009705	
0.008637	
0.007874	
0.007355	
0.006745	
0.006378	
0.006226	
0.005982	
0.005921	
0.005890	
0.006195	
0.006378	
0.007630	
0.011902	
0.014740	
0.016053	
0.016755	
0.016602	
0.016358	
0.016083	
0.015870	
0.011444	
0.006714	
0.004608	
0.003052	
0.002411	
0.002197	
0.002350	
0.002564	
0.002686	
0.002625	
0.002533	
0.002625	
0.002686	
0.002655	
0.002594	
0.002411	
0.002197	
0.002228	
0.002411	
0.002319	
0.002380	
0.002686	
0.002869	
0.002869	
0.002747	
0.002441	
0.001984	
0.001801	
0.001862	
0.002136	
0.002167	
0.002350	
0.002472	
0.002441	
0.002411	
0.002472	
0.002411	
0.002594	
0.002808	
0.002747	
0.002564	
0.002197	
0.001862	
0.001801	
0.001862	
0.001984	
0.002014	
0.002289	
0.002594	
0.002716	
0.002960	
0.003052	
0.003082	
0.002991	
0.002655	
0.002533	
0.002472	
0.002289	
0.001923	
0.001221	
0.000732	
0.000916	
0.001587	
0.001587	
0.001404	
0.001770	
0.002167	
0.002319	
0.002197	
0.001587	
0.000946	
0.000763	
0.000610	
0.000580	
0.000427	
0.000153	
0.000092	
0.000214	
0.000336	
0.000458	
0.000214	
-0.000153	
-0.000427	
-0.000763	
-0.000763	
-0.000916	
-0.001831	
-0.002960	
-0.003937	
-0.004578	
-0.004883	
-0.004975	
-0.004913	
-0.004852	
-0.004761	
-0.004669	
-0.004456	
-0.004578	
-0.004730	
-0.004700	
-0.005005	
-0.005158	
-0.005188	
-0.005219	
-0.005219	
-0.005097	
-0.004791	
-0.004730	
-0.004547	
-0.006043	
-0.009003	
-0.010865	
-0.011841	
-0.012085	
-0.011963	
-0.011719	
-0.011505	
-0.011292	
-0.011353	
-0.011597	
-0.011902	
-0.012299	
-0.012452	
-0.012604	
-0.012665	
-0.012574	
-0.012268	
-0.011780	
-0.011231	
-0.011139	
-0.011109	
-0.010773	
-0.010529	
-0.010193	
-0.009827	
-0.009613	
-0.009156	
-0.008423	
-0.008057	
-0.007111	
-0.006470	
-0.005707	
-0.004822	
-0.004181	
-0.003601	
-0.003449	
-0.003265	
-0.003327	
-0.003174	
-0.003021	
-0.002869	
-0.002686	
-0.002655	
-0.002899	
-0.002960	
-0.002838	
-0.002564	
-0.002228	
-0.002014	
-0.001923	
-0.001709	
-0.001373	
-0.001312	
-0.001556	
-0.001709	
-0.001831	
-0.001587	
-0.001129	
-0.000671	
0.000122	
0.001007	
0.002350	
0.004517	
0.006806	
0.009003	
0.010315	
0.010529	
0.009919	
0.008545	
0.006806	
0.005341	
0.004334	
0.003693	
0.003357	
0.003723	
0.004425	
0.005219	
0.006226	
0.007141	
0.008057	
0.008728	
0.008972	
0.008972	
0.008942	
0.009033	
0.009125	
0.008576	
0.007599	
0.006806	
0.006043	
0.005188	
0.004578	
0.004028	
0.003632	
0.003449	
0.003174	
0.003082	
0.003052	
0.003021	
0.002899	
0.003235	
0.003174	
0.005768	
0.009461	
0.010895	
0.011719	
0.011383	
0.011200	
0.010834	
0.011078	
0.010132	
0.005249	
0.001984	
0.000305	
-0.000732	
-0.001221	
-0.001465	
-0.001495	
-0.001190	
-0.001007	
-0.001160	
-0.001221	
-0.001251	
-0.001221	
-0.000977	
-0.000977	
-0.000824	
-0.000580	
-0.000366	
-0.000153	
-0.000122	
-0.000092	
0.000183	
0.000214	
-0.000092	
-0.000275	
-0.000488	
-0.000366	
0.000031	
0.000519	
0.001068	
0.001373	
0.001434	
0.001160	
0.001190	
0.001221	
0.001129	
0.001099	
0.001099	
0.001129	
0.000946	
0.000641	
0.000214	
-0.000183	
-0.000305	
-0.000122	
-0.000061	
-0.000122	
-0.000122	
-0.000458	
-0.000793	
-0.001160	
-0.001434	
-0.001495	
-0.001679	
-0.001862	
-0.001679	
-0.001648	
-0.001801	
-0.001923	
-0.002258	
-0.002228	
-0.001892	
-0.001770	
-0.001770	
-0.001679	
-0.001343	
-0.000793	
-0.000519	
-0.000427	
-0.000610	
-0.000916	
-0.001068	
-0.001312	
-0.001312	
-0.001404	
-0.001526	
-0.001465	
-0.001373	
-0.001465	
-0.001282	
-0.001129	
-0.001038	
-0.000916	
-0.000824	
-0.000824	
-0.001495	
-0.002625	
-0.003571	
-0.004242	
-0.004700	
-0.005066	
-0.005188	
-0.005158	
-0.005188	
-0.005432	
-0.005615	
-0.005982	
-0.006623	
-0.006989	
-0.007019	
-0.006745	
-0.006073	
-0.005799	
-0.005646	
-0.005066	
-0.004730	
-0.004517	
-0.004486	
-0.005066	
-0.007935	
-0.010865	
-0.012421	
-0.013031	
-0.013245	
-0.013489	
-0.013276	
-0.013215	
-0.013153	
-0.012940	
-0.013215	
-0.013398	
-0.013398	
-0.013703	
-0.013825	
-0.013855	
-0.013855	
-0.013794	
-0.013733	
-0.013764	
-0.013733	
-0.013489	
-0.013398	
-0.013153	
-0.013215	
-0.013367	
-0.013306	
-0.013337	
-0.013398	
-0.013092	
-0.012391	
-0.011872	
-0.011200	
-0.010620	
-0.010041	
-0.009705	
-0.009705	
-0.009705	
-0.009674	
-0.009552	
-0.009186	
-0.008911	
-0.008789	
-0.008759	
-0.008881	
-0.008972	
-0.009003	
-0.008942	
-0.008789	
-0.008728	
-0.008759	
-0.008911	
-0.008820	
-0.008454	
-0.008148	
-0.007996	
-0.007996	
-0.007813	
-0.007416	
-0.006836	
-0.006287	
-0.005371	
-0.003601	
-0.001648	
0.000305	
0.002106	
0.002899	
0.002869	
0.002075	
0.000366	
-0.001434	
-0.002838	
-0.004089	
-0.004975	
-0.004852	
-0.003845	
-0.002564	
-0.001221	
0.000000	
0.000946	
0.001312	
0.001282	
0.001251	
0.001099	
0.001099	
0.001160	
0.000732	
-0.000122	
-0.001068	
-0.001953	
-0.002564	
-0.003143	
-0.003571	
-0.004028	
-0.004242	
-0.004334	
-0.004395	
-0.004273	
-0.003815	
-0.003510	
-0.002899	
-0.002472	
-0.000916	
0.003418	
0.005890	
0.006958	
0.007569	
0.007538	
0.007782	
0.007874	
0.008332	
0.005036	
0.000549	
-0.001526	
-0.002838	
-0.003571	
-0.003998	
-0.003876	
-0.003601	
-0.003082	
-0.002808	
-0.002655	
-0.002258	
-0.001984	
-0.001831	
-0.001770	
-0.001679	
-0.001556	
-0.001190	
-0.000855	
-0.000427	
-0.000214	
-0.000244	
-0.000153	
-0.000153	
-0.000244	
-0.000336	
-0.000305	
-0.000183	
0.000000	
0.000275	
0.000580	
0.000916	
0.000946	
0.000977	
0.001190	
0.001556	
0.001923	
0.001984	
0.001984	
0.002106	
0.002045	
0.001953	
0.001953	
0.002014	
0.002045	
0.002136	
0.002228	
0.002197	
0.002197	
0.002075	
0.002167	
0.002441	
0.002625	
0.002747	
0.002594	
0.002564	
0.002503	
0.002319	
0.002289	
0.001984	
0.001740	
0.002136	
0.002808	
0.003204	
0.003510	
0.003662	
0.003784	
0.003784	
0.003540	
0.003296	
0.003174	
0.003143	
0.003174	
0.003357	
0.003418	
0.003174	
0.002930	
0.002899	
0.003021	
0.003296	
0.003479	
0.003693	
0.003784	
0.003815	
0.003876	
0.003845	
0.003021	
0.001587	
0.000427	
0.000031	
0.000031	
0.000061	
0.000214	
0.000214	
0.000061	
-0.000214	
-0.000427	
-0.000488	
-0.000336	
-0.000122	
-0.000031	
0.000031	
0.000031	
0.000183	
0.000336	
0.000305	
0.000549	
0.000580	
0.000641	
-0.000946	
-0.003876	
-0.006073	
-0.007385	
-0.007874	
-0.007813	
-0.007324	
-0.006745	
-0.006287	
-0.005951	
-0.005615	
-0.005554	
-0.005493	
-0.005463	
-0.005860	
-0.006195	
-0.006195	
-0.005860	
-0.005463	
-0.004730	
-0.003723	
-0.003052	
-0.002747	
-0.002899	
-0.003052	
-0.003113	
-0.003143	
-0.002686	
-0.002075	
-0.001434	
-0.000702	
-0.000610	
-0.000275	
0.000458	
0.001129	
0.001862	
0.002228	
0.002136	
0.002075	
0.001831	
0.001679	
0.001709	
0.001801	
0.002045	
0.002075	
0.001892	
0.001984	
0.002289	
0.002289	
0.002228	
0.002045	
0.001770	
0.001740	
0.001831	
0.001953	
0.002106	
0.001953	
0.002014	
0.002441	
0.002625	
0.002838	
0.003235	
0.004364	
0.005921	
0.007477	
0.009339	
0.010681	
0.011139	
0.010590	
0.009278	
0.007508	
0.005829	
0.004700	
0.004151	
0.003998	
0.004395	
0.005219	
0.005951	
0.006653	
0.007111	
0.007294	
0.007447	
0.007538	
0.007538	
0.007508	
0.007447	
0.007324	
0.006867	
0.005829	
0.004761	
0.003632	
0.002503	
0.001434	
0.000397	
-0.000519	
-0.001465	
-0.002075	
-0.002411	
-0.002564	
-0.002441	
-0.002441	
-0.002380	
-0.002441	
0.000244	
0.003571	
0.004975	
0.005860	
0.006073	
0.006104	
0.005860	
0.006317	
0.004151	
-0.000855	
-0.003540	
-0.005158	
-0.006348	
-0.006958	
-0.007416	
-0.007447	
-0.007050	
-0.006561	
-0.005951	
-0.005737	
-0.005768	
-0.005676	
-0.005615	
-0.005646	
-0.005463	
-0.005249	
-0.005097	
-0.004822	
-0.004334	
-0.003998	
-0.003754	
-0.003571	
-0.003540	
-0.003479	
-0.003510	
-0.003601	
-0.003510	
-0.003082	
-0.002808	
-0.002380	
-0.002014	
-0.001953	
-0.001740	
-0.001526	
-0.001404	
-0.001282	
-0.001160	
-0.001129	
-0.001160	
-0.001007	
-0.000732	
-0.000610	
-0.000671	
-0.000732	
-0.000610	
-0.000488	
-0.000458	
-0.000549	
-0.000580	
-0.000366	
-0.000031	
0.000305	
0.000702	
0.000916	
0.001129	
0.001282	
0.001221	
0.000885	
0.000702	
0.000824	
0.001251	
0.001617	
0.001953	
0.002228	
0.002503	
0.002747	
0.002594	
0.002747	
0.002838	
0.002686	
0.002594	
0.002441	
0.002350	
0.002197	
0.002197	
0.002319	
0.002350	
0.002533	
0.002869	
0.003143	
0.003479	
0.003723	
0.003662	
0.003449	
0.002655	
0.001465	
0.000366	
-0.000214	
-0.000244	
0.000000	
-0.000122	
-0.000427	
-0.000458	
-0.000610	
-0.000732	
-0.000702	
-0.000793	
-0.000610	
-0.000488	
-0.000275	
0.000122	
0.000519	
0.001099	
0.001404	
0.001679	
0.001648	
0.001953	
0.002106	
-0.000549	
-0.003662	
-0.005554	
-0.006409	
-0.006714	
-0.006653	
-0.006226	
-0.005799	
-0.005554	
-0.005371	
-0.005249	
-0.005463	
-0.006012	
-0.006623	
-0.006714	
-0.006531	
-0.006104	
-0.005493	
-0.004730	
-0.004273	
-0.004395	
-0.004395	
-0.004547	
-0.004639	
-0.004242	
-0.003754	
-0.002930	
-0.002167	
-0.002045	
-0.001801	
-0.001709	
-0.001526	
-0.000610	
0.000061	
0.000427	
0.000641	
0.000549	
0.000275	
-0.000031	
0.000092	
0.000397	
0.000641	
0.000885	
0.001190	
0.001526	
0.001648	
0.001465	
0.001495	
0.001587	
0.001617	
0.001587	
0.001648	
0.001892	
0.002045	
0.002197	
0.002503	
0.002655	
0.003143	
0.003601	
0.004242	
0.004883	
0.005768	
0.007721	
0.009857	
0.011872	
0.013916	
0.014863	
0.014801	
0.013916	
0.012452	
0.010956	
0.010041	
0.009400	
0.009095	
0.009217	
0.009735	
0.010773	
0.012055	
0.013123	
0.014191	
0.015198	
0.015687	
0.015717	
0.015473	
0.015290	
0.014924	
0.014283	
0.013520	
0.012604	
0.011444	
0.010224	
0.009247	
0.008484	
0.007630	
0.006867	
0.006348	
0.006195	
0.006165	
0.006348	
0.006195	
0.005921	
0.005707	
0.006409	
0.010102	
0.012513	
0.013642	
0.014252	
0.014374	
0.014618	
0.014649	
0.014588	
0.010193	
0.005463	
0.003357	
0.001923	
0.001282	
0.000885	
0.000946	
0.001038	
0.001099	
0.001251	
0.001129	
0.000732	
0.000488	
0.000549	
0.000671	
0.000763	
0.001007	
0.001251	
0.001190	
0.001038	
0.001099	
0.001160	
0.001160	
0.000855	
0.000793	
0.000702	
0.000336	
0.000366	
0.000458	
0.000671	
0.000732	
0.001099	
0.001221	
0.000977	
0.000977	
0.000702	
0.000519	
0.000610	
0.000366	
0.000000	
-0.000183	
-0.000244	
-0.000244	
-0.000397	
-0.000549	
-0.000519	
-0.000580	
-0.000641	
-0.000824	
-0.001221	
-0.001526	
-0.001984	
-0.002228	
-0.002380	
-0.002319	
-0.002167	
-0.002380	
-0.002716	
-0.003113	
-0.003388	
-0.003601	
-0.003296	
-0.002808	
-0.002869	
-0.002960	
-0.003174	
-0.003204	
-0.003174	
-0.003143	
-0.003174	
-0.003235	
-0.003143	
-0.003052	
-0.003021	
-0.002991	
-0.002991	
-0.002991	
-0.003113	
-0.003204	
-0.003235	
-0.003357	
-0.003388	
-0.003265	
-0.003296	
-0.003388	
-0.004028	
-0.005310	
-0.006439	
-0.007416	
-0.007965	
-0.008271	
-0.008393	
-0.008606	
-0.009003	
-0.009247	
-0.009613	
-0.009919	
-0.010041	
-0.010010	
-0.010102	
-0.010132	
-0.009888	
-0.009552	
-0.009217	
-0.009064	
-0.009064	
-0.009095	
-0.009308	
-0.009278	
-0.010895	
-0.014069	
-0.016053	
-0.017273	
-0.017914	
-0.017914	
-0.017518	
-0.016877	
-0.016297	
-0.015900	
-0.015717	
-0.015687	
-0.015778	
-0.015900	
-0.016022	
-0.015870	
-0.015717	
-0.015320	
-0.014710	
-0.014069	
-0.013642	
-0.013276	
-0.013062	
-0.013062	
-0.012970	
-0.012665	
-0.012177	
-0.011902	
-0.011658	
-0.011505	
-0.011109	
-0.010895	
-0.010376	
-0.009461	
-0.008667	
-0.008179	
-0.008057	
-0.008057	
-0.008148	
-0.008087	
-0.007843	
-0.007599	
-0.007233	
-0.006714	
-0.006287	
-0.005860	
-0.005829	
-0.005890	
-0.005524	
-0.005158	
-0.004944	
-0.004822	
-0.004639	
-0.004273	
-0.003937	
-0.003540	
-0.003204	
-0.002960	
-0.002472	
-0.001556	
-0.000671	
0.000366	
0.001984	
0.004089	
0.006043	
0.008118	
0.009461	
0.009735	
0.008972	
0.007538	
0.006012	
0.004730	
0.003937	
0.003571	
0.003845	
0.004578	
0.005585	
0.006836	
0.008271	
0.009400	
0.010224	
0.010773	
0.010987	
0.010743	
0.010620	
0.010468	
0.010163	
0.009583	
0.008728	
0.007752	
0.006684	
0.005676	
0.004975	
0.004303	
0.003723	
0.003296	
0.003082	
0.003143	
0.003388	
0.003784	
0.003998	
0.004456	
0.004517	
0.007294	
0.011444	
0.013215	
0.014313	
0.014557	
0.014679	
0.014710	
0.015381	
0.013611	
0.008484	
0.005676	
0.004242	
0.003540	
0.003388	
0.003449	
0.003815	
0.004242	
0.004578	
0.004639	
0.004669	
0.004669	
0.004395	
0.004242	
0.004273	
0.004181	
0.004028	
0.003937	
0.003967	
0.003967	
0.003815	
0.003906	
0.003754	
0.003204	
0.002960	
0.002716	
0.002655	
0.002869	
0.003327	
0.003845	
0.004517	
0.005097	
0.005280	
0.005371	
0.005249	
0.005249	
0.005280	
0.005310	
0.005554	
0.005402	
0.005310	
0.005219	
0.005036	
0.005219	
0.005249	
0.005280	
0.005432	
0.005463	
0.005402	
0.005127	
0.004761	
0.004547	
0.004456	
0.004364	
0.004364	
0.004242	
0.004059	
0.004059	
0.003754	
0.003540	
0.003601	
0.003815	
0.003815	
0.003693	
0.003784	
0.004028	
0.004151	
0.004089	
0.003967	
0.003754	
0.003510	
0.003388	
0.003265	
0.003204	
0.003113	
0.003113	
0.003265	
0.003265	
0.003235	
0.003143	
0.002960	
0.002747	
0.002655	
0.002411	
0.001984	
0.001221	
0.000061	
-0.000793	
-0.001373	
-0.001617	
-0.001587	
-0.001679	
-0.001953	
-0.002075	
-0.002319	
-0.002716	
-0.002930	
-0.003388	
-0.003540	
-0.003662	
-0.004028	
-0.003876	
-0.003693	
-0.003204	
-0.002808	
-0.002533	
-0.002197	
-0.001862	
-0.002503	
-0.005432	
-0.007721	
-0.009003	
-0.009735	
-0.010041	
-0.010071	
-0.009919	
-0.009583	
-0.009400	
-0.009217	
-0.008881	
-0.008637	
-0.008454	
-0.008454	
-0.008515	
-0.008209	
-0.007813	
-0.007508	
-0.007172	
-0.006623	
-0.006317	
-0.005829	
-0.005371	
-0.005036	
-0.004761	
-0.004761	
-0.004608	
-0.004242	
-0.003937	
-0.003143	
-0.002472	
-0.002380	
-0.001617	
-0.000916	
-0.000397	
0.000092	
0.000275	
0.000244	
0.000244	
0.000488	
0.000793	
0.000885	
0.000977	
0.000946	
0.001007	
0.001495	
0.001587	
0.001526	
0.001648	
0.001679	
0.001648	
0.001862	
0.002136	
0.002319	
0.002564	
0.002747	
0.002899	
0.002838	
0.002747	
0.003143	
0.003876	
0.005158	
0.007263	
0.009339	
0.011658	
0.013611	
0.014344	
0.014130	
0.013062	
0.011414	
0.010041	
0.009095	
0.008515	
0.008393	
0.008393	
0.008850	
0.009705	
0.010590	
0.011322	
0.011902	
0.012146	
0.012207	
0.012299	
0.012635	
0.013306	
0.013947	
0.014191	
0.013459	
0.011994	
0.010254	
0.008484	
0.007050	
0.005676	
0.004517	
0.004089	
0.003754	
0.003662	
0.003937	
0.004547	
0.004883	
0.005493	
0.006012	
0.007172	
0.011231	
0.013886	
0.014588	
0.014405	
0.013794	
0.013550	
0.013306	
0.013184	
0.008911	
0.004425	
0.002503	
0.001007	
0.000336	
0.000183	
0.000244	
0.000427	
0.001343	
0.002503	
0.003296	
0.004303	
0.005097	
0.004852	
0.003174	
0.000763	
-0.000488	
-0.001251	
-0.000763	
0.001251	
0.002319	
0.002747	
0.002991	
0.002441	
0.001312	
0.000153	
0.000061	
0.000488	
0.000519	
0.000855	
0.000946	
0.000549	
-0.000580	
-0.000824	
0.000061	
0.000366	
0.001007	
0.001740	
0.001282	
-0.000732	
-0.002503	
-0.003021	
-0.002503	
-0.001648	
0.000275	
0.001953	
0.001801	
0.001099	
0.000305	
-0.001434	
-0.002960	
-0.003327	
-0.003265	
-0.002747	
-0.001923	
-0.000671	
-0.000916	
-0.002594	
-0.004883	
-0.006989	
-0.007630	
-0.006806	
-0.004761	
-0.003143	
-0.001984	
-0.001038	
-0.000427	
-0.000061	
0.000183	
-0.000336	
-0.001190	
-0.001129	
-0.000275	
-0.000824	
-0.002533	
-0.003937	
-0.005799	
-0.007202	
-0.007813	
-0.006623	
-0.004089	
-0.002289	
-0.001221	
-0.000427	
-0.001251	
-0.002625	
-0.003418	
-0.004212	
-0.004791	
-0.005127	
-0.005676	
-0.007324	
-0.009888	
-0.011017	
-0.011170	
-0.012268	
-0.012909	
-0.011658	
-0.010681	
-0.010376	
-0.008606	
-0.005554	
-0.004913	
-0.005280	
-0.004761	
-0.005493	
-0.007141	
-0.008820	
-0.008759	
-0.009735	
-0.012879	
-0.014649	
-0.016572	
-0.019044	
-0.021058	
-0.020936	
-0.019868	
-0.017212	
-0.012787	
-0.009796	
-0.009491	
-0.009430	
-0.009919	
-0.012696	
-0.015748	
-0.016022	
-0.014710	
-0.014466	
-0.014039	
-0.013459	
-0.013550	
-0.013337	
-0.012543	
-0.011322	
-0.010712	
-0.010071	
-0.008881	
-0.009033	
-0.008209	
-0.006012	
-0.006867	
-0.008911	
-0.009064	
-0.008026	
-0.006592	
-0.006073	
-0.005402	
-0.005249	
-0.007599	
-0.008972	
-0.008759	
-0.009278	
-0.008515	
-0.005493	
-0.003021	
-0.001495	
-0.000427	
-0.000275	
-0.000549	
-0.002045	
-0.004334	
-0.005768	
-0.006745	
-0.005280	
-0.001556	
0.000214	
0.000458	
0.000732	
0.000244	
-0.000305	
0.000641	
0.003693	
0.006348	
0.007813	
0.011170	
0.015107	
0.015717	
0.015259	
0.013153	
0.009186	
0.006836	
0.006073	
0.006500	
0.006867	
0.005432	
0.003906	
0.003449	
0.004944	
0.008240	
0.010956	
0.011505	
0.010773	
0.010773	
0.009705	
0.008728	
0.008728	
0.008728	
0.007782	
0.003906	
0.002106	
0.003204	
0.002869	
0.001343	
0.001221	
-0.000824	
-0.002258	
-0.001160	
0.000122	
0.003723	
0.004334	
0.004151	
0.005524	
0.007599	
0.011444	
0.013489	
0.012513	
0.011292	
0.011689	
0.010987	
0.012024	
0.012665	
0.008484	
0.003693	
0.001099	
0.000122	
0.000488	
0.001282	
0.001373	
0.001404	
0.000336	
-0.000092	
0.000671	
0.000305	
-0.000305	
0.000549	
0.000488	
-0.000183	
-0.000061	
-0.000122	
0.000427	
0.000366	
0.001495	
0.002625	
0.003357	
0.004669	
0.004273	
0.002747	
-0.000031	
-0.002747	
-0.002319	
0.000031	
0.002716	
0.004059	
0.003662	
0.003662	
0.002503	
0.001373	
0.001251	
0.001679	
0.002777	
0.001801	
-0.000855	
-0.003143	
-0.004212	
-0.002319	
0.000732	
0.002411	
0.002686	
0.001923	
0.000305	
0.000366	
0.001251	
0.001892	
0.002655	
0.002564	
0.001373	
0.001770	
0.001068	
-0.000946	
0.000458	
0.001526	
0.001892	
0.000793	
-0.000671	
-0.000366	
-0.001038	
-0.002014	
0.000458	
0.001343	
0.000275	
0.001923	
0.001221	
-0.000336	
-0.000183	
-0.001526	
-0.002319	
-0.002136	
-0.001404	
-0.000214	
-0.001007	
-0.001343	
-0.000153	
0.000031	
-0.000855	
-0.000061	
-0.000305	
-0.001953	
-0.002899	
-0.004608	
-0.002838	
-0.000519	
-0.000305	
-0.000580	
-0.003021	
-0.004944	
-0.005066	
-0.005768	
-0.004913	
-0.004334	
-0.005005	
-0.005524	
-0.005768	
-0.005188	
-0.003174	
-0.000610	
-0.002014	
-0.003418	
-0.003052	
-0.001282	
-0.002319	
-0.005066	
-0.006409	
-0.008423	
-0.010407	
-0.010498	
-0.009186	
-0.009247	
-0.009674	
-0.010926	
-0.011567	
-0.011933	
-0.009827	
-0.007874	
-0.008454	
-0.010987	
-0.013031	
-0.011383	
-0.009949	
-0.008179	
-0.008087	
-0.010041	
-0.012726	
-0.013489	
-0.012848	
-0.013123	
-0.013642	
-0.013092	
-0.010193	
-0.007660	
-0.006592	
-0.005829	
-0.006439	
-0.009552	
-0.008911	
-0.006195	
-0.006561	
-0.003632	
-0.002045	
-0.003418	
-0.003876	
-0.004181	
-0.002045	
0.000641	
0.000580	
0.000366	
0.000549	
-0.002075	
-0.001221	
0.001038	
-0.000427	
-0.000824	
-0.001282	
-0.001251	
0.001343	
0.002564	
0.001007	
0.000244	
-0.001190	
-0.003052	
-0.001526	
0.000732	
0.003998	
0.008148	
0.008942	
0.009522	
0.010865	
0.012696	
0.012085	
0.009674	
0.007813	
0.008301	
0.009339	
0.007416	
0.005768	
0.005249	
0.005066	
0.004028	
0.004486	
0.006836	
0.009064	
0.011658	
0.011017	
0.009857	
0.007080	
0.006287	
0.007019	
0.007752	
0.007965	
0.005524	
0.003357	
0.002594	
0.002106	
0.000549	
0.001801	
0.002228	
0.002380	
0.004151	
0.006317	
0.006745	
0.004669	
0.004547	
0.005097	
0.004883	
0.007843	
0.012452	
0.013092	
0.012757	
0.014649	
0.015778	
0.016053	
0.015381	
0.010773	
0.006195	
0.003082	
0.001831	
0.001556	
-0.001404	
-0.001953	
0.000366	
0.000488	
-0.000641	
-0.000702	
-0.000366	
-0.000305	
0.000916	
0.001740	
0.003784	
0.004486	
0.002625	
0.001251	
0.000092	
0.000305	
0.000397	
-0.000244	
0.000397	
0.001434	
0.000519	
0.002380	
0.004089	
0.002686	
0.001190	
-0.000153	
-0.000366	
-0.000916	
-0.000031	
-0.000427	
-0.000916	
-0.002350	
-0.002625	
-0.000732	
0.000305	
0.003082	
0.003204	
0.002808	
0.003327	
0.003265	
0.003418	
0.003784	
0.004364	
0.000855	
-0.001984	
-0.000214	
0.000519	
0.002106	
0.003723	
0.003784	
0.002808	
0.000763	
0.000336	
0.001740	
0.002899	
0.003662	
0.006348	
0.005524	
0.002808	
0.001434	
-0.002289	
-0.001465	
0.000702	
0.000732	
-0.000519	
0.001404	
0.003571	
0.001129	
0.001099	
0.003601	
0.003388	
0.000946	
0.000763	
0.001801	
0.001312	
0.001495	
0.002564	
0.003052	
0.005219	
0.004975	
0.002289	
0.001343	
-0.000122	
0.000092	
0.001709	
0.000885	
0.001373	
0.001160	
-0.001495	
-0.003388	
-0.003815	
-0.004120	
-0.003937	
-0.004791	
-0.005005	
-0.003296	
-0.003265	
-0.002747	
-0.001282	
0.001160	
0.000366	
-0.001099	
-0.000732	
-0.001923	
-0.006378	
-0.011689	
-0.012604	
-0.012787	
-0.012391	
-0.009095	
-0.007233	
-0.007630	
-0.007141	
-0.006897	
-0.008240	
-0.007691	
-0.007843	
-0.009217	
-0.010712	
-0.012421	
-0.011994	
-0.011170	
-0.011536	
-0.011170	
-0.010041	
-0.008850	
-0.008576	
-0.007782	
-0.007691	
-0.007385	
-0.006165	
-0.005341	
-0.004761	
-0.003357	
-0.001892	
-0.002686	
-0.003937	
-0.003296	
-0.002472	
-0.002167	
-0.001251	
0.000336	
0.001129	
0.000977	
0.000610	
0.001526	
0.002441	
0.002503	
0.002747	
0.002197	
0.000610	
-0.000275	
0.000458	
0.002258	
0.004059	
0.003998	
0.002747	
0.001373	
-0.000885	
-0.000977	
-0.000153	
-0.000366	
0.002014	
0.002319	
0.000763	
0.001617	
0.004364	
0.007111	
0.010590	
0.013092	
0.013092	
0.010987	
0.008667	
0.007569	
0.006684	
0.005280	
0.004944	
0.004822	
0.003937	
0.004700	
0.006439	
0.008515	
0.009857	
0.009430	
0.010376	
0.012055	
0.011841	
0.011383	
0.010498	
0.008606	
0.008515	
0.009125	
0.009217	
0.010529	
0.010224	
0.006348	
0.004456	
0.003784	
0.003510	
0.004273	
0.004151	
0.004364	
0.003998	
0.004852	
0.005646	
0.005921	
0.006775	
0.009735	
0.011902	
0.012726	
0.015473	
0.016144	
0.015595	
0.015381	
0.015015	
0.011505	
0.007508	
0.005310	
0.003052	
0.003388	
0.001770	
0.000702	
0.001801	
0.003052	
0.003601	
0.003388	
0.002289	
0.002289	
0.004578	
0.004517	
0.002716	
0.001679	
0.002167	
0.002777	
0.003204	
0.005585	
0.005799	
0.004975	
0.006836	
0.007019	
0.005280	
0.004456	
0.003571	
0.003510	
0.004822	
0.006165	
0.007111	
0.006317	
0.005188	
0.005493	
0.005158	
0.004425	
0.004975	
0.005188	
0.004761	
0.004303	
0.004273	
0.005127	
0.006104	
0.004242	
0.001892	
0.001801	
0.003113	
0.004151	
0.003449	
0.002686	
0.002350	
0.001648	
0.000702	
0.001679	
0.004242	
0.005860	
0.004975	
0.002503	
0.000122	
-0.001465	
-0.001495	
0.000031	
0.001862	
0.000488	
-0.001862	
-0.000275	
0.001495	
0.002136	
0.002228	
0.002014	
0.001160	
0.000122	
-0.000397	
-0.000397	
0.000549	
0.001038	
0.001495	
0.001404	
0.000397	
0.001160	
0.002228	
0.002228	
0.000427	
-0.000031	
0.000549	
0.000763	
0.001556	
0.000916	
-0.000702	
-0.002655	
-0.004089	
-0.004700	
-0.003052	
-0.001068	
-0.001953	
-0.002380	
-0.002564	
-0.003632	
-0.004639	
-0.004151	
-0.002533	
-0.002228	
-0.001770	
-0.002503	
-0.003662	
-0.003540	
-0.003601	
-0.004089	
-0.005097	
-0.006500	
-0.007569	
-0.009888	
-0.010956	
-0.010346	
-0.011567	
-0.012177	
-0.011994	
-0.012879	
-0.012818	
-0.012329	
-0.013153	
-0.013062	
-0.012665	
-0.011231	
-0.010529	
-0.010804	
-0.010315	
-0.009217	
-0.008942	
-0.009766	
-0.009156	
-0.007874	
-0.008759	
-0.009064	
-0.008545	
-0.008179	
-0.008087	
-0.008759	
-0.007416	
-0.005127	
-0.004151	
-0.003052	
-0.002289	
-0.001953	
-0.003235	
-0.004212	
-0.002655	
-0.001404	
-0.000916	
-0.001190	
-0.002136	
-0.002106	
-0.000916	
-0.000336	
-0.000275	
-0.001984	
-0.003937	
-0.002319	
-0.000763	
0.000855	
0.003540	
0.003388	
0.000763	
-0.001099	
-0.002258	
-0.002808	
-0.002045	
-0.000458	
-0.000885	
-0.000702	
0.000519	
0.001679	
0.003510	
0.007019	
0.010956	
0.011048	
0.010376	
0.010529	
0.009217	
0.007202	
0.006348	
0.005341	
0.003510	
0.002594	
0.003021	
0.003998	
0.005463	
0.007477	
0.008393	
0.008362	
0.008148	
0.008301	
0.008881	
0.009461	
0.009522	
0.008301	
0.005890	
0.003906	
0.003784	
0.004181	
0.003357	
0.002197	
0.001892	
0.000519	
-0.000610	
0.000427	
0.001373	
0.002075	
0.001831	
0.000336	
-0.000397	
0.002747	
0.007813	
0.009247	
0.009400	
0.009278	
0.009766	
0.010773	
0.010407	
0.010498	
0.007385	
0.002869	
-0.000122	
-0.001984	
-0.002808	
-0.002808	
-0.001953	
-0.002167	
-0.002136	
-0.001404	
-0.001190	
-0.001801	
-0.002228	
-0.001679	
-0.001282	
-0.001862	
-0.002686	
-0.003113	
-0.003540	
-0.002655	
-0.002106	
-0.002014	
-0.002197	
-0.002045	
-0.001831	
-0.002014	
-0.002472	
-0.002350	
-0.002075	
-0.001587	
-0.000488	
0.000641	
0.000488	
0.001282	
0.001465	
0.000702	
0.000946	
0.001129	
0.000885	
0.000855	
0.001038	
-0.000275	
-0.000855	
0.000336	
0.000855	
0.000183	
-0.000793	
-0.001190	
-0.000031	
0.000549	
0.001129	
0.001038	
-0.000519	
-0.001556	
-0.001465	
-0.000336	
-0.000122	
-0.000671	
-0.000488	
-0.001190	
-0.002258	
-0.001953	
-0.001129	
-0.000855	
0.000336	
0.000244	
-0.000549	
0.000275	
0.001312	
0.001831	
0.002075	
0.000519	
-0.002045	
-0.001099	
-0.000336	
-0.001373	
-0.001556	
-0.001160	
-0.000488	
-0.001007	
-0.001251	
-0.000702	
0.000061	
0.000793	
0.000946	
0.001740	
0.001404	
-0.000519	
-0.001221	
-0.000458	
-0.001495	
-0.001862	
-0.000916	
-0.002228	
-0.002411	
-0.002899	
-0.004608	
-0.003998	
-0.001984	
-0.001373	
-0.002014	
-0.002258	
-0.002319	
-0.002686	
-0.002350	
-0.002350	
-0.003357	
-0.003815	
-0.004517	
-0.007233	
-0.008698	
-0.008728	
-0.009278	
-0.010285	
-0.011597	
-0.012116	
-0.011139	
-0.010071	
-0.010285	
-0.009491	
-0.009339	
-0.010743	
-0.010773	
-0.010407	
-0.010041	
-0.008148	
-0.007385	
-0.007508	
-0.006653	
-0.006684	
-0.007172	
-0.006470	
-0.006378	
-0.006287	
-0.006256	
-0.006439	
-0.005890	
-0.006531	
-0.007416	
-0.007263	
-0.007019	
-0.006287	
-0.004791	
-0.004456	
-0.003479	
-0.002625	
-0.003265	
-0.002716	
-0.002289	
-0.002594	
-0.002380	
-0.002197	
-0.002686	
-0.001984	
-0.000885	
-0.001221	
-0.001373	
-0.001465	
-0.001740	
-0.001770	
-0.002197	
-0.002686	
-0.003113	
-0.003082	
-0.002960	
-0.003754	
-0.003388	
-0.002319	
-0.002289	
-0.002503	
-0.002472	
-0.001648	
0.000916	
0.003388	
0.006409	
0.009156	
0.009217	
0.008728	
0.008148	
0.006409	
0.004944	
0.005097	
0.005158	
0.004700	
0.005707	
0.005860	
0.005860	
0.007782	
0.009857	
0.010926	
0.011109	
0.010865	
0.010498	
0.009949	
0.008484	
0.008209	
0.009339	
0.008606	
0.007477	
0.007202	
0.006256	
0.005310	
0.004456	
0.003235	
0.002747	
0.002808	
0.001679	
0.001343	
0.002167	
0.001892	
0.001709	
0.002899	
0.006165	
0.009308	
0.010376	
0.010926	
0.010926	
0.010559	
0.010254	
0.010437	
0.008545	
0.003174	
-0.000244	
-0.001679	
-0.003082	
-0.003967	
-0.003784	
-0.003327	
-0.003815	
-0.003113	
-0.001770	
-0.002716	
-0.003265	
-0.003113	
-0.003327	
-0.003693	
-0.003632	
-0.002441	
-0.001465	
0.000214	
0.001190	
0.001617	
0.001892	
0.001465	
0.001740	
0.002228	
0.002564	
0.001648	
0.000153	
-0.000366	
-0.000763	
0.000366	
0.001923	
0.002045	
0.002808	
0.003418	
0.002869	
0.003540	
0.004334	
0.003662	
0.002747	
0.001862	
0.000946	
-0.000244	
-0.001160	
-0.001923	
-0.002716	
-0.003815	
-0.003296	
-0.002594	
-0.002655	
-0.001556	
-0.000366	
0.000671	
0.000610	
0.000732	
0.001923	
0.001373	
0.000366	
-0.000153	
-0.001068	
-0.001556	
-0.001251	
-0.001099	
-0.000427	
0.000671	
0.000885	
0.001495	
0.002197	
0.001556	
0.002167	
0.003296	
0.002747	
0.002441	
0.002136	
0.001068	
0.000397	
0.000458	
0.000763	
0.001495	
0.001251	
0.001038	
0.001709	
0.002258	
0.002991	
0.004181	
0.004639	
0.003113	
0.001312	
0.000214	
-0.000366	
-0.000458	
0.000488	
0.001343	
0.000183	
-0.000793	
-0.001892	
-0.003327	
-0.003632	
-0.002472	
-0.000946	
-0.000549	
-0.000610	
-0.000885	
-0.001038	
-0.001648	
-0.001770	
-0.001129	
-0.001190	
-0.000793	
-0.002197	
-0.005249	
-0.007538	
-0.008820	
-0.008759	
-0.008667	
-0.009339	
-0.009095	
-0.008698	
-0.008637	
-0.009278	
-0.009919	
-0.010712	
-0.010315	
-0.008454	
-0.006653	
-0.005158	
-0.005524	
-0.005829	
-0.005737	
-0.005615	
-0.005127	
-0.004852	
-0.003845	
-0.003754	
-0.005219	
-0.006256	
-0.006043	
-0.006073	
-0.005585	
-0.004181	
-0.003906	
-0.002838	
-0.001617	
-0.001373	
-0.001556	
-0.001679	
-0.000977	
-0.001068	
-0.001709	
-0.002045	
-0.002258	
-0.002533	
-0.002655	
-0.002380	
-0.002472	
-0.002289	
-0.002197	
-0.003021	
-0.002960	
-0.001862	
-0.000580	
0.000305	
0.000488	
0.000458	
-0.000153	
-0.000732	
-0.000153	
-0.000153	
-0.000763	
-0.000427	
0.001251	
0.003418	
0.004975	
0.006348	
0.007874	
0.009278	
0.010041	
0.009796	
0.009217	
0.008209	
0.007172	
0.006623	
0.006806	
0.007385	
0.008271	
0.008454	
0.008484	
0.009247	
0.009888	
0.011353	
0.012543	
0.011505	
0.010010	
0.009583	
0.009980	
0.010407	
0.010773	
0.010346	
0.008789	
0.006012	
0.004425	
0.003815	
0.002167	
0.001007	
0.000275	
0.000000	
0.000183	
0.001434	
0.001404	
0.001068	
0.001129	
0.001251	
0.004334	
0.006958	
0.008698	
0.009735	
0.009796	
0.009217	
0.008576	
0.008820	
0.006195	
0.001740	
-0.001251	
-0.002594	
-0.002747	
-0.003327	
-0.002686	
-0.002625	
-0.002533	
-0.002045	
-0.002197	
-0.002106	
-0.001770	
-0.001495	
-0.001038	
-0.000732	
-0.001251	
-0.001221	
-0.000580	
-0.000580	
-0.000519	
0.000183	
0.000275	
-0.000702	
-0.001038	
-0.002258	
-0.002777	
-0.001465	
-0.000610	
0.000214	
-0.000092	
-0.000519	
-0.000732	
-0.000641	
-0.000275	
0.000366	
0.000885	
0.000671	
0.000916	
0.000519	
-0.000305	
-0.000977	
-0.001404	
-0.000916	
-0.000031	
-0.000397	
-0.001434	
-0.001862	
-0.002808	
-0.002747	
-0.001526	
-0.001007	
-0.000885	
-0.001221	
-0.001190	
-0.000977	
-0.002014	
-0.002625	
-0.002350	
-0.002319	
-0.001312	
-0.000427	
-0.000305	
0.000122	
-0.000153	
-0.000580	
0.000458	
0.000671	
0.000580	
0.000641	
-0.000061	
-0.000153	
0.000671	
0.001251	
0.001038	
0.001251	
0.001038	
0.000885	
0.001251	
0.000519	
-0.000488	
-0.000366	
-0.000488	
-0.000916	
-0.000671	
-0.001251	
-0.002411	
-0.003632	
-0.004059	
-0.004212	
-0.004334	
-0.003754	
-0.003418	
-0.003784	
-0.004425	
-0.004669	
-0.004669	
-0.005158	
-0.006043	
-0.007416	
-0.008087	
-0.007721	
-0.006928	
-0.005982	
-0.005341	
-0.004975	
-0.004089	
-0.003479	
-0.003143	
-0.004212	
-0.007111	
-0.009522	
-0.010559	
-0.011444	
-0.011689	
-0.011048	
-0.011597	
-0.012146	
-0.012574	
-0.012696	
-0.011811	
-0.010804	
-0.009796	
-0.009552	
-0.010224	
-0.010376	
-0.009400	
-0.008637	
-0.008026	
-0.007355	
-0.007080	
-0.007477	
-0.007691	
-0.007538	
-0.006897	
-0.005585	
-0.005127	
-0.005310	
-0.005646	
-0.005432	
-0.003967	
-0.002930	
-0.002411	
-0.001404	
-0.000793	
-0.001129	
-0.001068	
-0.001190	
-0.001434	
-0.001282	
-0.001007	
-0.001434	
-0.001556	
-0.000824	
-0.000488	
-0.000519	
-0.000732	
-0.000885	
-0.001282	
-0.001465	
-0.001465	
-0.001648	
-0.001282	
-0.000855	
-0.000732	
-0.000519	
-0.000671	
-0.000916	
-0.000092	
0.001129	
0.001892	
0.003388	
0.005585	
0.007447	
0.010224	
0.011597	
0.011536	
0.011261	
0.009796	
0.008179	
0.006439	
0.005585	
0.005432	
0.005493	
0.006256	
0.007874	
0.009827	
0.010987	
0.011902	
0.012696	
0.013398	
0.013672	
0.013215	
0.012299	
0.011780	
0.011811	
0.011200	
0.010468	
0.009919	
0.008881	
0.008332	
0.008087	
0.007691	
0.007050	
0.006348	
0.005524	
0.004151	
0.003449	
0.003540	
0.004028	
0.004547	
0.004089	
0.005829	
0.008637	
0.009644	
0.010376	
0.010559	
0.010895	
0.011048	
0.011200	
0.008942	
0.004181	
0.001526	
-0.000488	
-0.001801	
-0.002533	
-0.002960	
-0.003113	
-0.002625	
-0.002686	
-0.002991	
-0.002564	
-0.002441	
-0.002106	
-0.001373	
-0.001007	
-0.000458	
-0.000580	
-0.001221	
-0.000855	
-0.001038	
-0.000275	
0.001160	
0.000763	
-0.000305	
-0.000946	
-0.001190	
-0.000977	
-0.000122	
0.000793	
0.001007	
0.000732	
0.000244	
0.000000	
-0.000336	
-0.000031	
0.000244	
-0.000397	
-0.000641	
-0.000427	
-0.000122	
-0.000031	
-0.000031	
0.000000	
-0.000244	
-0.001038	
-0.001404	
-0.001587	
-0.001892	
-0.001709	
-0.001862	
-0.002503	
-0.001801	
-0.001343	
-0.001953	
-0.001770	
-0.001953	
-0.001953	
-0.001587	
-0.001617	
-0.001679	
-0.001892	
-0.002075	
-0.002350	
-0.001495	
-0.000183	
0.000641	
0.000519	
0.000061	
-0.000092	
-0.000122	
0.000275	
0.001129	
0.001465	
0.001251	
0.001312	
0.001679	
0.001831	
0.001648	
0.001587	
0.001190	
0.000916	
0.000641	
0.000855	
0.001099	
0.000763	
0.000458	
-0.000732	
-0.002380	
-0.003296	
-0.002899	
-0.002350	
-0.002014	
-0.002289	
-0.002380	
-0.002655	
-0.003723	
-0.003998	
-0.003662	
-0.003510	
-0.003357	
-0.003845	
-0.004578	
-0.003632	
-0.002747	
-0.002838	
-0.002411	
-0.002014	
-0.001831	
-0.002411	
-0.004822	
-0.006134	
-0.006226	
-0.006958	
-0.007813	
-0.008393	
-0.008087	
-0.007416	
-0.007416	
-0.006989	
-0.005829	
-0.005707	
-0.005860	
-0.005219	
-0.005493	
-0.005676	
-0.004517	
-0.003662	
-0.003449	
-0.003021	
-0.002716	
-0.002319	
-0.002045	
-0.002319	
-0.002106	
-0.002197	
-0.002136	
-0.000732	
-0.000244	
-0.000916	
-0.001343	
-0.001770	
-0.001892	
-0.001312	
-0.000092	
0.000671	
0.000793	
0.000946	
0.001068	
0.001617	
0.001709	
0.001526	
0.001190	
0.000763	
0.000580	
-0.000214	
-0.001068	
-0.001221	
-0.000916	
-0.001160	
-0.001373	
-0.001160	
-0.001495	
-0.001160	
-0.000519	
-0.000702	
-0.000977	
-0.000610	
-0.000153	
0.000305	
0.001129	
0.002503	
0.004303	
0.005860	
0.007660	
0.009461	
0.010651	
0.010620	
0.008820	
0.007019	
0.006012	
0.004761	
0.004578	
0.005463	
0.006134	
0.006684	
0.007233	
0.008148	
0.009705	
0.010590	
0.010773	
0.011017	
0.010437	
0.009522	
0.008942	
0.009278	
0.008881	
0.007385	
0.006134	
0.004852	
0.003754	
0.002686	
0.002625	
0.001953	
0.000214	
-0.000610	
-0.000366	
-0.000580	
-0.000580	
-0.000031	
0.000122	
-0.000153	
0.000916	
0.004486	
0.006012	
0.006409	
0.006989	
0.007050	
0.006531	
0.006165	
0.006317	
0.002564	
-0.001221	
-0.002441	
-0.003357	
-0.003632	
-0.003937	
-0.003967	
-0.003754	
-0.003265	
-0.002472	
-0.001862	
-0.001495	
-0.001923	
-0.002197	
-0.002319	
-0.002655	
-0.002899	
-0.003082	
-0.003174	
-0.003296	
-0.003143	
-0.002441	
-0.001434	
-0.001282	
-0.001556	
-0.002503	
-0.003998	
-0.004578	
-0.004120	
-0.003479	
-0.003204	
-0.003449	
-0.004547	
-0.005310	
-0.005493	
-0.005554	
-0.004975	
-0.004883	
-0.004303	
-0.003174	
-0.003388	
-0.003998	
-0.003632	
-0.003784	
-0.004822	
-0.004913	
-0.004517	
-0.004273	
-0.003510	
-0.003143	
-0.002777	
-0.002350	
-0.002106	
-0.001862	
-0.001740	
-0.001801	
-0.002289	
-0.002808	
-0.003143	
-0.003479	
-0.003662	
-0.002930	
-0.001984	
-0.002014	
-0.001709	
-0.001068	
-0.000855	
-0.000580	
-0.000153	
-0.000092	
0.000031	
0.000183	
0.000549	
0.000519	
-0.000427	
-0.000793	
-0.001068	
-0.001251	
-0.000855	
-0.000275	
-0.000214	
-0.000702	
-0.000702	
-0.000275	
0.000000	
-0.001068	
-0.002197	
-0.002686	
-0.003143	
-0.003754	
-0.004028	
-0.004089	
-0.004669	
-0.005097	
-0.005463	
-0.005737	
-0.005921	
-0.006623	
-0.006928	
-0.007172	
-0.007508	
-0.006684	
-0.005921	
-0.005799	
-0.004975	
-0.003815	
-0.003723	
-0.003479	
-0.003174	
-0.005310	
-0.008332	
-0.009980	
-0.010987	
-0.011170	
-0.010590	
-0.010315	
-0.010254	
-0.010407	
-0.010773	
-0.010468	
-0.010193	
-0.010590	
-0.010773	
-0.010956	
-0.011048	
-0.010559	
-0.010285	
-0.010163	
-0.009857	
-0.009522	
-0.008881	
-0.007874	
-0.006867	
-0.006287	
-0.006043	
-0.006012	
-0.005676	
-0.005249	
-0.004791	
-0.003937	
-0.004395	
-0.004547	
-0.003845	
-0.002960	
-0.002014	
-0.001495	
-0.001404	
-0.001801	
-0.002380	
-0.002319	
-0.001434	
-0.001404	
-0.001831	
-0.002289	
-0.002503	
-0.002594	
-0.002838	
-0.002838	
-0.002747	
-0.002930	
-0.003296	
-0.003265	
-0.002777	
-0.002258	
-0.001801	
-0.001160	
-0.001190	
-0.001648	
-0.001434	
-0.000671	
0.000610	
0.001923	
0.003662	
0.006012	
0.008087	
0.009522	
0.010224	
0.009980	
0.008820	
0.007416	
0.006012	
0.004425	
0.002869	
0.002045	
0.002106	
0.002258	
0.003265	
0.005310	
0.006287	
0.006592	
0.006867	
0.007416	
0.007538	
0.007843	
0.009125	
0.009583	
0.009156	
0.008637	
0.007599	
0.006378	
0.005371	
0.004517	
0.003754	
0.003082	
0.002625	
0.002441	
0.002167	
0.001282	
0.000641	
0.000885	
0.000885	
0.000885	
0.003571	
0.006836	
0.007721	
0.007752	
0.007538	
0.007385	
0.007233	
0.008332	
0.007233	
0.002350	
-0.000671	
-0.002533	
-0.003510	
-0.003357	
-0.002625	
-0.001892	
-0.001801	
-0.002045	
-0.001892	
-0.001282	
-0.001251	
-0.000855	
-0.000275	
-0.000641	
-0.001373	
-0.001160	
-0.000824	
-0.000885	
-0.000793	
-0.000885	
-0.001251	
-0.001495	
-0.002350	
-0.003204	
-0.003754	
-0.004212	
-0.004181	
-0.003296	
-0.002441	
-0.001801	
-0.001190	
-0.000610	
-0.000153	
0.000427	
0.000732	
0.000763	
0.000519	
-0.000092	
-0.000275	
-0.000427	
-0.000855	
-0.000458	
0.000427	
0.000702	
0.000580	
0.000458	
0.000702	
0.000946	
0.001099	
0.001709	
0.001587	
0.000824	
0.000336	
-0.000305	
-0.000610	
-0.000488	
-0.000305	
-0.000153	
-0.000183	
-0.000427	
0.000122	
0.000427	
0.000427	
0.001038	
0.002075	
0.002991	
0.003113	
0.002319	
0.001312	
0.000702	
0.000488	
0.000946	
0.001526	
0.001587	
0.001373	
0.001495	
0.001831	
0.001892	
0.001679	
0.001709	
0.002228	
0.002594	
0.002594	
0.002686	
0.001892	
0.000122	
-0.001190	
-0.002075	
-0.002167	
-0.001679	
-0.001648	
-0.001831	
-0.001984	
-0.002106	
-0.002258	
-0.002716	
-0.003113	
-0.003449	
-0.003998	
-0.004273	
-0.004028	
-0.003571	
-0.002686	
-0.001801	
-0.001373	
-0.001038	
-0.000732	
-0.001556	
-0.004273	
-0.006012	
-0.007477	
-0.008759	
-0.009430	
-0.009857	
-0.010346	
-0.010651	
-0.010193	
-0.009919	
-0.010559	
-0.011048	
-0.011139	
-0.010773	
-0.010285	
-0.010285	
-0.010407	
-0.010468	
-0.010224	
-0.009705	
-0.009156	
-0.008515	
-0.007752	
-0.006867	
-0.006958	
-0.007202	
-0.006989	
-0.006561	
-0.005829	
-0.004730	
-0.003845	
-0.003449	
-0.002960	
-0.002716	
-0.002045	
-0.001709	
-0.001526	
-0.001373	
-0.001129	
-0.000427	
-0.000305	
-0.000427	
0.000000	
-0.000397	
-0.001221	
-0.001404	
-0.001587	
-0.001953	
-0.001892	
-0.001221	
-0.000793	
-0.000641	
-0.000732	
-0.000916	
-0.000519	
-0.000275	
0.000214	
0.001373	
0.002167	
0.002411	
0.003021	
0.003998	
0.005676	
0.008026	
0.009827	
0.011353	
0.011933	
0.011597	
0.010773	
0.008972	
0.007263	
0.005982	
0.004883	
0.004456	
0.004791	
0.005341	
0.006012	
0.007416	
0.008972	
0.010132	
0.010743	
0.010743	
0.010712	
0.010132	
0.009827	
0.010071	
0.009583	
0.008515	
0.007447	
0.006867	
0.005982	
0.004791	
0.003754	
0.002625	
0.001648	
0.001312	
0.001892	
0.002136	
0.002045	
0.001495	
0.001434	
0.001343	
0.002106	
0.005799	
0.008057	
0.008881	
0.009003	
0.009186	
0.009278	
0.009033	
0.008911	
0.005432	
0.001679	
0.000183	
-0.000702	
-0.001129	
-0.001617	
-0.001953	
-0.001679	
-0.000946	
-0.000244	
0.000122	
0.000305	
0.000214	
-0.000275	
-0.000763	
-0.001038	
-0.001312	
-0.001343	
-0.000946	
-0.000763	
-0.000458	
0.000000	
0.000275	
0.000031	
-0.000610	
-0.001312	
-0.001953	
-0.001923	
-0.001801	
-0.001404	
-0.001221	
-0.001587	
-0.002136	
-0.002411	
-0.002655	
-0.002625	
-0.002472	
-0.002411	
-0.002350	
-0.002655	
-0.002441	
-0.002258	
-0.002472	
-0.002533	
-0.002136	
-0.001709	
-0.001679	
-0.002106	
-0.003021	
-0.003754	
-0.003845	
-0.003357	
-0.003113	
-0.002838	
-0.002930	
-0.003418	
-0.003998	
-0.004120	
-0.003845	
-0.003784	
-0.003388	
-0.002747	
-0.002350	
-0.002136	
-0.001953	
-0.001709	
-0.001404	
-0.001282	
-0.001160	
-0.001190	
-0.001495	
-0.001617	
-0.001740	
-0.001740	
-0.001434	
-0.001190	
-0.001068	
-0.001404	
-0.001709	
-0.001740	
-0.001587	
-0.001312	
-0.001251	
-0.001160	
-0.000702	
-0.000885	
-0.002075	
-0.003418	
-0.004791	
-0.005737	
-0.006165	
-0.006317	
-0.006317	
-0.006134	
-0.006287	
-0.006684	
-0.006378	
-0.006073	
-0.005951	
-0.005829	
-0.005707	
-0.005158	
-0.004761	
-0.004517	
-0.004364	
-0.004578	
-0.004791	
-0.005371	
-0.005768	
-0.007843	
-0.010956	
-0.012604	
-0.013276	
-0.013398	
-0.013001	
-0.012665	
-0.012177	
-0.010956	
-0.009857	
-0.009522	
-0.009247	
-0.008881	
-0.009095	
-0.009491	
-0.009583	
-0.009186	
-0.008698	
-0.008332	
-0.007904	
-0.007263	
-0.006348	
-0.005646	
-0.005585	
-0.005676	
-0.005310	
-0.004791	
-0.004517	
-0.003998	
-0.003723	
-0.003632	
-0.003388	
-0.003021	
-0.002319	
-0.001709	
-0.001556	
-0.001984	
-0.002380	
-0.002960	
-0.003265	
-0.003174	
-0.003235	
-0.003082	
-0.002533	
-0.002045	
-0.002014	
-0.001770	
-0.001526	
-0.001343	
-0.001221	
-0.000855	
-0.000488	
-0.000702	
-0.001068	
-0.001312	
-0.000793	
-0.000061	
0.000427	
0.000763	
0.001129	
0.001556	
0.001923	
0.003662	
0.006317	
0.008667	
0.010956	
0.012421	
0.012879	
0.012665	
0.011505	
0.009613	
0.008179	
0.007050	
0.006256	
0.005951	
0.006134	
0.007019	
0.008545	
0.010346	
0.011170	
0.011292	
0.011444	
0.011231	
0.011017	
0.011048	
0.011139	
0.010956	
0.009857	
0.008332	
0.007019	
0.005646	
0.004364	
0.003510	
0.002686	
0.002228	
0.001862	
0.001404	
0.001373	
0.001801	
0.002258	
0.002899	
0.003601	
0.004120	
0.007721	
0.011261	
0.012207	
0.012757	
0.012482	
0.012635	
0.012635	
0.013184	
0.011994	
0.007202	
0.004425	
0.002899	
0.001617	
0.001038	
0.000977	
0.000946	
0.001343	
0.001617	
0.001709	
0.002075	
0.002045	
0.001862	
0.001709	
0.001495	
0.001251	
0.001465	
0.001587	
0.001465	
0.001831	
0.001984	
0.001923	
0.001587	
0.001221	
0.000885	
0.000458	
0.000183	
-0.000122	
-0.000031	
0.000336	
0.000671	
0.000855	
0.000824	
0.000702	
0.000732	
0.000610	
0.000366	
0.000519	
0.000458	
0.000458	
0.000427	
0.000183	
0.000000	
0.000000	
0.000488	
0.001373	
0.001831	
0.002258	
0.002655	
0.002380	
0.002228	
0.002441	
0.002564	
0.002167	
0.001740	
0.001831	
0.001587	
0.001221	
0.000855	
0.000366	
0.000214	
0.000397	
0.000702	
0.001129	
0.001099	
0.001312	
0.001801	
0.001984	
0.001648	
0.001099	
0.001007	
0.001373	
0.001556	
0.001648	
0.001556	
0.001648	
0.002045	
0.002380	
0.002380	
0.002655	
0.003296	
0.003327	
0.003265	
0.003143	
0.002716	
0.002167	
0.000824	
-0.000061	
0.000214	
0.000183	
0.000061	
0.000305	
0.000275	
0.000244	
0.000153	
-0.000580	
-0.001434	
-0.001648	
-0.001404	
-0.001648	
-0.002045	
-0.001862	
-0.001679	
-0.001526	
-0.001404	
-0.001129	
-0.001007	
-0.000793	
-0.001129	
-0.003998	
-0.006775	
-0.008332	
-0.009217	
-0.008942	
-0.008454	
-0.008423	
-0.008423	
-0.008240	
-0.007874	
-0.007965	
-0.008454	
-0.008545	
-0.008179	
-0.007782	
-0.007874	
-0.007660	
-0.007172	
-0.006195	
-0.005097	
-0.004547	
-0.004242	
-0.004486	
-0.004578	
-0.004547	
-0.004730	
-0.004303	
-0.002930	
-0.001984	
-0.001617	
-0.001129	
-0.000946	
-0.000519	
0.000305	
0.001129	
0.001679	
0.001984	
0.001862	
0.001770	
0.002167	
0.002228	
0.001862	
0.002197	
0.002625	
0.002686	
0.003052	
0.003296	
0.003510	
0.003510	
0.003143	
0.002899	
0.002899	
0.003235	
0.003632	
0.003723	
0.003784	
0.003967	
0.004151	
0.004364	
0.004883	
0.006043	
0.007294	
0.009064	
0.010865	
0.012818	
0.014863	
0.015595	
0.015046	
0.013581	
0.011536	
0.009430	
0.007599	
0.006226	
0.005707	
0.005554	
0.005615	
0.006226	
0.007080	
0.008026	
0.008484	
0.008728	
0.008972	
0.009491	
0.009980	
0.009796	
0.009644	
0.009583	
0.008911	
0.007752	
0.006806	
0.006348	
0.005646	
0.004975	
0.004669	
0.004486	
0.004425	
0.004395	
0.004486	
0.005066	
0.005341	
0.005432	
0.005341	
0.006653	
0.010376	
0.012543	
0.013337	
0.013398	
0.013520	
0.013611	
0.013794	
0.013733	
0.009247	
0.004791	
0.002655	
0.000916	
-0.000366	
-0.001099	
-0.001251	
-0.001373	
-0.001068	
-0.000641	
-0.000763	
-0.001343	
-0.001709	
-0.001770	
-0.001831	
-0.002106	
-0.002228	
-0.002014	
-0.001862	
-0.001556	
-0.001038	
-0.001099	
-0.001282	
-0.001312	
-0.001373	
-0.001160	
-0.000763	
-0.000946	
-0.001465	
-0.001770	
-0.001587	
-0.000702	
-0.000549	
-0.000946	
-0.000824	
-0.001007	
-0.001312	
-0.001129	
-0.000641	
-0.000183	
-0.000458	
-0.000946	
-0.000916	
-0.000793	
-0.000275	
0.000397	
0.000336	
-0.000092	
-0.000336	
-0.000488	
-0.000458	
-0.000305	
-0.000244	
-0.000244	
-0.000244	
-0.000610	
-0.000793	
-0.000977	
-0.001495	
-0.002106	
-0.002319	
-0.002350	
-0.002350	
-0.002197	
-0.002106	
-0.001953	
-0.001953	
-0.002045	
-0.001740	
-0.001770	
-0.001770	
-0.001648	
-0.001740	
-0.001923	
-0.001923	
-0.001831	
-0.001617	
-0.001373	
-0.000946	
-0.000397	
0.000092	
0.000427	
0.000702	
0.000732	
0.000793	
0.000946	
0.000305	
-0.000732	
-0.001617	
-0.001984	
-0.002258	
-0.002258	
-0.002045	
-0.002045	
-0.002380	
-0.002777	
-0.003052	
-0.003540	
-0.003632	
-0.003784	
-0.003906	
-0.003693	
-0.003479	
-0.003265	
-0.003021	
-0.002716	
-0.001984	
-0.001831	
-0.001801	
-0.003479	
-0.006531	
-0.008881	
-0.010376	
-0.011017	
-0.011170	
-0.010804	
-0.010437	
-0.009919	
-0.009247	
-0.009033	
-0.009278	
-0.009461	
-0.009674	
-0.009919	
-0.010071	
-0.010132	
-0.009796	
-0.009156	
-0.008423	
-0.007904	
-0.007935	
-0.007874	
-0.007813	
-0.007630	
-0.006897	
-0.006409	
-0.005707	
-0.004669	
-0.004181	
-0.004059	
-0.004028	
-0.003540	
-0.002716	
-0.001831	
-0.000824	
-0.000183	
0.000458	
0.000732	
0.000824	
0.000855	
0.000885	
0.000916	
0.001129	
0.001617	
0.001953	
0.001953	
0.001923	
0.001526	
0.001343	
0.001282	
0.001099	
0.001221	
0.001404	
0.001526	
0.001770	
0.002106	
0.002167	
0.002441	
0.002686	
0.003204	
0.003876	
0.005036	
0.007019	
0.008545	
0.010163	
0.011444	
0.011475	
0.010529	
0.009095	
0.007508	
0.006012	
0.005127	
0.004852	
0.005066	
0.005585	
0.006409	
0.007416	
0.008209	
0.009003	
0.010041	
0.010865	
0.011353	
0.011658	
0.011811	
0.011689	
0.011597	
0.011017	
0.010193	
0.009217	
0.007904	
0.006897	
0.006256	
0.005463	
0.004761	
0.004212	
0.003754	
0.003632	
0.003449	
0.003784	
0.004089	
0.004212	
0.004120	
0.006714	
0.010224	
0.011750	
0.012787	
0.013001	
0.012848	
0.012146	
0.012452	
0.010315	
0.004669	
0.001923	
0.000580	
-0.000580	
-0.000885	
-0.000580	
-0.000580	
-0.000610	
-0.000397	
-0.000214	
-0.000214	
-0.000488	
-0.000549	
-0.000580	
-0.001007	
-0.001617	
-0.001770	
-0.001648	
-0.001679	
-0.001831	
-0.001679	
-0.001587	
-0.001465	
-0.001221	
-0.001251	
-0.001373	
-0.001129	
-0.001099	
-0.001007	
-0.000824	
-0.000610	
0.000000	
0.000275	
0.000366	
0.000641	
0.001007	
0.001190	
0.001221	
0.001526	
0.001740	
0.001587	
0.001556	
0.001556	
0.001312	
0.001404	
0.001373	
0.001282	
0.001099	
0.000855	
0.000793	
0.000702	
0.000732	
0.000671	
0.000580	
0.000275	
-0.000244	
-0.000397	
-0.000916	
-0.001679	
-0.002136	
-0.002014	
-0.001740	
-0.001862	
-0.001526	
-0.001404	
-0.001495	
-0.001312	
-0.001099	
-0.001068	
-0.001129	
-0.001343	
-0.001556	
-0.001526	
-0.001404	
-0.001556	
-0.001923	
-0.002045	
-0.001831	
-0.001495	
-0.001343	
-0.001251	
-0.001038	
-0.000641	
-0.000153	
0.000183	
-0.000031	
-0.000488	
-0.001007	
-0.001709	
-0.002045	
-0.002106	
-0.002258	
-0.002258	
-0.002197	
-0.002289	
-0.002167	
-0.001801	
-0.001679	
-0.001679	
-0.002167	
-0.002411	
-0.002228	
-0.002258	
-0.001953	
-0.001495	
-0.001221	
-0.001190	
-0.001221	
-0.001679	
-0.004273	
-0.007019	
-0.009003	
-0.010102	
-0.010590	
-0.010620	
-0.010193	
-0.009857	
-0.009857	
-0.009949	
-0.010193	
-0.010437	
-0.010834	
-0.011017	
-0.010987	
-0.010529	
-0.009949	
-0.009644	
-0.009369	
-0.008789	
-0.008393	
-0.008148	
-0.007630	
-0.006928	
-0.006104	
-0.005585	
-0.005402	
-0.004852	
-0.004639	
-0.004730	
-0.004761	
-0.004791	
-0.004151	
-0.003204	
-0.002045	
-0.001129	
-0.000641	
-0.000244	
-0.000031	
0.000031	
0.000031	
0.000244	
0.000580	
0.000549	
0.000488	
0.000519	
0.000275	
0.000214	
0.000397	
0.000610	
0.000977	
0.001068	
0.000855	
0.000610	
0.000549	
0.000580	
0.000763	
0.000977	
0.001038	
0.001434	
0.002106	
0.003082	
0.004913	
0.006928	
0.008972	
0.010987	
0.011719	
0.011383	
0.010346	
0.008393	
0.006531	
0.005615	
0.005005	
0.005158	
0.005493	
0.006317	
0.007202	
0.008179	
0.009369	
0.010315	
0.010865	
0.011231	
0.011383	
0.011109	
0.010865	
0.010804	
0.010590	
0.010102	
0.009583	
0.008972	
0.007904	
0.006867	
0.006226	
0.005432	
0.004578	
0.004089	
0.003906	
0.003510	
0.003693	
0.003601	
0.003418	
0.003113	
0.004181	
0.008484	
0.011170	
0.012177	
0.012635	
0.012604	
0.012238	
0.012085	
0.011841	
0.007080	
0.002289	
-0.000061	
-0.001587	
-0.002503	
-0.002960	
-0.003052	
-0.002930	
-0.002838	
-0.002808	
-0.002686	
-0.002808	
-0.002808	
-0.002503	
-0.002258	
-0.002258	
-0.002075	
-0.001679	
-0.001404	
-0.001190	
-0.001068	
-0.000793	
-0.000549	
-0.000671	
-0.000732	
-0.000855	
-0.000885	
-0.000855	
-0.000855	
-0.000702	
-0.000549	
-0.000183	
0.000031	
-0.000061	
-0.000122	
0.000031	
0.000122	
-0.000061	
0.000122	
0.000427	
0.000427	
0.000305	
0.000092	
-0.000153	
-0.000275	
-0.000519	
-0.000793	
-0.000885	
-0.001038	
-0.001343	
-0.001465	
-0.001526	
-0.001465	
-0.001373	
-0.001312	
-0.001251	
-0.001465	
-0.001740	
-0.002167	
-0.002716	
-0.002991	
-0.002838	
-0.002716	
-0.002960	
-0.003204	
-0.003235	
-0.002991	
-0.002960	
-0.003021	
-0.003265	
-0.003662	
-0.003876	
-0.004089	
-0.004303	
-0.004212	
-0.003967	
-0.003601	
-0.003143	
-0.002777	
-0.002289	
-0.002014	
-0.001801	
-0.001343	
-0.001312	
-0.001221	
-0.001251	
-0.001862	
-0.002350	
-0.002808	
-0.003143	
-0.003265	
-0.003113	
-0.002869	
-0.002869	
-0.002930	
-0.002808	
-0.002899	
-0.002991	
-0.003296	
-0.003510	
-0.003784	
-0.004242	
-0.004303	
-0.004028	
-0.003754	
-0.003601	
-0.003327	
-0.003296	
-0.003113	
-0.004913	
-0.008087	
-0.010163	
-0.011536	
-0.011933	
-0.011933	
-0.011475	
-0.010956	
-0.010559	
-0.010193	
-0.010254	
-0.010590	
-0.010804	
-0.010804	
-0.010926	
-0.010865	
-0.010285	
-0.009583	
-0.009156	
-0.008698	
-0.008332	
-0.008393	
-0.008484	
-0.008179	
-0.007782	
-0.007080	
-0.006256	
-0.005341	
-0.004486	
-0.004212	
-0.003784	
-0.003571	
-0.003113	
-0.001984	
-0.001038	
-0.000397	
-0.000275	
-0.000031	
0.000427	
0.000855	
0.001373	
0.001679	
0.001892	
0.002167	
0.002319	
0.002258	
0.001923	
0.001679	
0.001526	
0.001526	
0.001526	
0.001465	
0.001495	
0.001617	
0.001740	
0.001953	
0.002197	
0.002380	
0.002533	
0.002625	
0.002838	
0.003204	
0.004364	
0.006165	
0.008087	
0.009888	
0.011017	
0.011383	
0.010834	
0.009491	
0.007843	
0.006684	
0.005860	
0.005463	
0.005646	
0.006104	
0.006836	
0.007904	
0.009003	
0.010010	
0.010743	
0.011322	
0.011505	
0.011292	
0.011139	
0.011322	
0.011292	
0.010651	
0.009522	
0.008484	
0.007599	
0.006470	
0.005646	
0.005097	
0.004517	
0.003937	
0.003601	
0.003540	
0.003632	
0.003754	
0.003815	
0.003876	
0.003296	
0.005676	
0.009125	
0.010224	
0.011048	
0.011139	
0.011078	
0.010651	
0.010620	
0.008820	
0.003265	
-0.000061	
-0.001617	
-0.002350	
-0.002686	
-0.002991	
-0.003021	
-0.003052	
-0.002960	
-0.002716	
-0.002380	
-0.002380	
-0.002319	
-0.002136	
-0.001770	
-0.001648	
-0.001770	
-0.001648	
-0.001648	
-0.001556	
-0.001556	
-0.001526	
-0.001495	
-0.001984	
-0.002472	
-0.002777	
-0.002655	
-0.002594	
-0.002564	
-0.002289	
-0.001984	
-0.001923	
-0.001984	
-0.001862	
-0.001679	
-0.001373	
-0.001343	
-0.001434	
-0.001526	
-0.001709	
-0.001801	
-0.001770	
-0.001953	
-0.002136	
-0.002167	
-0.002319	
-0.002533	
-0.002869	
-0.003174	
-0.003174	
-0.003143	
-0.003296	
-0.003388	
-0.003235	
-0.003113	
-0.002869	
-0.002838	
-0.002869	
-0.002930	
-0.003082	
-0.002960	
-0.002533	
-0.002350	
-0.002258	
-0.001984	
-0.001556	
-0.001251	
-0.001129	
-0.001373	
-0.001679	
-0.001953	
-0.002258	
-0.002350	
-0.002258	
-0.002106	
-0.001892	
-0.001587	
-0.001404	
-0.001312	
-0.001251	
-0.001038	
-0.001007	
-0.001251	
-0.001404	
-0.001587	
-0.002045	
-0.002838	
-0.003479	
-0.003937	
-0.004273	
-0.004456	
-0.004669	
-0.004547	
-0.004364	
-0.004273	
-0.004364	
-0.004700	
-0.005402	
-0.005585	
-0.005676	
-0.005646	
-0.005188	
-0.004761	
-0.004395	
-0.004212	
-0.004059	
-0.004028	
-0.004059	
-0.004608	
-0.007355	
-0.009644	
-0.010926	
-0.011689	
-0.011505	
-0.010895	
-0.010376	
-0.009857	
-0.009674	
-0.009735	
-0.009766	
-0.009857	
-0.009919	
-0.009705	
-0.009186	
-0.008545	
-0.007874	
-0.007141	
-0.006684	
-0.006500	
-0.006287	
-0.006073	
-0.005737	
-0.005127	
-0.004578	
-0.004547	
-0.004364	
-0.003693	
-0.003327	
-0.003113	
-0.002716	
-0.002472	
-0.001740	
-0.001129	
-0.000671	
-0.000458	
-0.000671	
-0.000885	
-0.000793	
-0.000488	
-0.000275	
-0.000214	
-0.000031	
0.000122	
0.000153	
0.000305	
0.000458	
0.000488	
0.000488	
0.000702	
0.001007	
0.001221	
0.001465	
0.001679	
0.001740	
0.001312	
0.001160	
0.001373	
0.001617	
0.002136	
0.002838	
0.003754	
0.005737	
0.007904	
0.010102	
0.012177	
0.013184	
0.013337	
0.012391	
0.010743	
0.009064	
0.007721	
0.006714	
0.006317	
0.006500	
0.007263	
0.008637	
0.010041	
0.011261	
0.012055	
0.012513	
0.012818	
0.012482	
0.011933	
0.011628	
0.011322	
0.010529	
0.009491	
0.008423	
0.007294	
0.006287	
0.005402	
0.004761	
0.004212	
0.003937	
0.003998	
0.003998	
0.003845	
0.003754	
0.003510	
0.003845	
0.003723	
0.004456	
0.008057	
0.010285	
0.011292	
0.011872	
0.012055	
0.012085	
0.012207	
0.012818	
0.009217	
0.004547	
0.002380	
0.000946	
0.000427	
0.000092	
-0.000061	
-0.000122	
0.000031	
0.000275	
0.000183	
0.000092	
-0.000092	
-0.000305	
-0.000366	
-0.000336	
-0.000427	
-0.000610	
-0.000641	
-0.000793	
-0.001068	
-0.001312	
-0.001556	
-0.001862	
-0.002411	
-0.002960	
-0.003082	
-0.002869	
-0.002716	
-0.002655	
-0.002533	
-0.002106	
-0.002106	
-0.002136	
-0.001923	
-0.001984	
-0.002258	
-0.002350	
-0.002197	
-0.001953	
-0.001709	
-0.001526	
-0.001343	
-0.001343	
-0.001343	
-0.001099	
-0.000946	
-0.000977	
-0.000977	
-0.001007	
-0.000946	
-0.000793	
-0.000855	
-0.000824	
-0.000885	
-0.001038	
-0.001160	
-0.001282	
-0.001556	
-0.002045	
-0.002136	
-0.001617	
-0.001251	
-0.000916	
-0.000732	
-0.000763	
-0.000671	
-0.000732	
-0.001129	
-0.001648	
-0.002258	
-0.002625	
-0.002655	
-0.002625	
-0.002655	
-0.002899	
-0.002960	
-0.002899	
-0.002686	
-0.002411	
-0.002289	
-0.002136	
-0.001892	
-0.001801	
-0.001709	
-0.001801	
-0.002655	
-0.003662	
-0.004517	
-0.004730	
-0.004730	
-0.004822	
-0.004639	
-0.004303	
-0.004120	
-0.004456	
-0.004517	
-0.004456	
-0.004486	
-0.004181	
-0.003815	
-0.003540	
-0.003449	
-0.003327	
-0.003052	
-0.003021	
-0.002716	
-0.002594	
-0.002441	
-0.004120	
-0.006958	
-0.008667	
-0.009949	
-0.010651	
-0.010590	
-0.010407	
-0.010407	
-0.010193	
-0.010163	
-0.010285	
-0.010437	
-0.010620	
-0.010651	
-0.010681	
-0.010804	
-0.010620	
-0.009919	
-0.009033	
-0.008179	
-0.007782	
-0.007569	
-0.007233	
-0.007202	
-0.007233	
-0.007141	
-0.007111	
-0.006348	
-0.005402	
-0.004852	
-0.003998	
-0.003632	
-0.003235	
-0.002350	
-0.001526	
-0.000366	
0.000336	
0.000641	
0.001007	
0.001221	
0.001099	
0.000641	
0.000336	
0.000122	
-0.000031	
-0.000031	
0.000031	
0.000427	
0.000610	
0.000549	
0.000763	
0.000855	
0.000946	
0.001099	
0.001038	
0.000916	
0.000793	
0.000824	
0.000916	
0.001190	
0.001648	
0.002441	
0.004212	
0.006745	
0.009186	
0.011841	
0.013794	
0.014466	
0.014222	
0.013184	
0.011567	
0.010132	
0.009064	
0.008362	
0.008148	
0.008393	
0.008942	
0.009796	
0.010865	
0.011994	
0.012635	
0.012848	
0.013092	
0.013398	
0.013581	
0.013520	
0.013184	
0.012391	
0.011231	
0.009949	
0.008637	
0.007294	
0.006073	
0.005036	
0.004303	
0.003723	
0.003418	
0.003601	
0.003693	
0.003906	
0.003967	
0.003998	
0.003876	
0.006348	
0.009278	
0.010468	
0.011292	
0.011261	
0.011505	
0.011658	
0.012391	
0.010376	
0.005097	
0.002472	
0.000793	
-0.000244	
-0.000641	
-0.000824	
-0.000763	
-0.000793	
-0.000885	
-0.000763	
-0.000549	
-0.000458	
-0.000519	
-0.000610	
-0.000763	
-0.000732	
-0.000397	
-0.000061	
0.000366	
0.000580	
0.000610	
0.000763	
0.000793	
0.000488	
-0.000092	
-0.000855	
-0.001282	
-0.001465	
-0.001648	
-0.001862	
-0.001801	
-0.001495	
-0.001556	
-0.001526	
-0.001160	
-0.000916	
-0.001038	
-0.001129	
-0.001221	
-0.001434	
-0.001617	
-0.001709	
-0.001923	
-0.001984	
-0.002106	
-0.002167	
-0.002075	
-0.001892	
-0.001495	
-0.000977	
-0.000397	
0.000305	
0.000885	
0.000977	
0.000885	
0.000702	
0.000366	
-0.000275	
-0.000977	
-0.001465	
-0.001648	
-0.001556	
-0.001526	
-0.001343	
-0.001373	
-0.001129	
-0.001038	
-0.001221	
-0.001556	
-0.002197	
-0.002533	
-0.002777	
-0.003174	
-0.003510	
-0.003723	
-0.003876	
-0.003937	
-0.003906	
-0.003784	
-0.003571	
-0.003235	
-0.002777	
-0.002533	
-0.002258	
-0.002106	
-0.002686	
-0.003632	
-0.004425	
-0.004975	
-0.005280	
-0.005524	
-0.005676	
-0.005829	
-0.005860	
-0.005951	
-0.005799	
-0.005524	
-0.005341	
-0.004791	
-0.004334	
-0.003845	
-0.003296	
-0.003021	
-0.002655	
-0.002533	
-0.002441	
-0.002503	
-0.002625	
-0.003357	
-0.006409	
-0.009217	
-0.010926	
-0.011689	
-0.011933	
-0.011841	
-0.011292	
-0.010651	
-0.010315	
-0.010376	
-0.010651	
-0.011017	
-0.011322	
-0.011658	
-0.011902	
-0.011597	
-0.010956	
-0.010193	
-0.009522	
-0.009064	
-0.009003	
-0.008942	
-0.008728	
-0.008362	
-0.007965	
-0.007569	
-0.007111	
-0.006592	
-0.006165	
-0.005829	
-0.005341	
-0.005097	
-0.004456	
-0.003327	
-0.002411	
-0.001587	
-0.000916	
-0.000397	
0.000031	
0.000427	
0.000732	
0.000916	
0.001221	
0.001343	
0.001495	
0.001556	
0.001282	
0.001190	
0.001068	
0.001038	
0.001190	
0.001312	
0.001251	
0.001160	
0.001221	
0.001251	
0.001190	
0.001404	
0.001770	
0.001953	
0.002472	
0.003479	
0.005310	
0.007263	
0.009400	
0.011475	
0.012329	
0.012085	
0.011261	
0.010102	
0.008881	
0.007935	
0.007721	
0.007691	
0.007691	
0.008179	
0.008972	
0.009919	
0.010834	
0.011597	
0.012268	
0.012696	
0.012665	
0.012574	
0.012391	
0.012238	
0.011994	
0.011170	
0.010193	
0.009064	
0.008057	
0.007233	
0.006470	
0.005737	
0.005158	
0.004700	
0.004486	
0.004303	
0.004517	
0.004883	
0.005371	
0.005432	
0.006256	
0.010010	
0.012421	
0.013520	
0.014100	
0.013886	
0.013825	
0.013611	
0.013642	
0.009705	
0.004639	
0.002441	
0.001068	
0.000061	
-0.000580	
-0.000885	
-0.001099	
-0.001251	
-0.001312	
-0.001434	
-0.001648	
-0.001831	
-0.001801	
-0.001740	
-0.002106	
-0.002319	
-0.002258	
-0.002075	
-0.001862	
-0.001679	
-0.001465	
-0.001251	
-0.001343	
-0.001495	
-0.001740	
-0.001923	
-0.001862	
-0.001648	
-0.001282	
-0.000916	
-0.000549	
-0.000488	
-0.000549	
-0.000397	
-0.000336	
-0.000214	
-0.000336	
-0.000336	
-0.000275	
-0.000366	
-0.000519	
-0.000427	
-0.000458	
-0.000610	
-0.000702	
-0.000793	
-0.000702	
-0.000488	
-0.000275	
0.000061	
0.000183	
0.000000	
-0.000305	
-0.000732	
-0.000946	
-0.001038	
-0.001129	
-0.001221	
-0.001495	
-0.001862	
-0.001617	
-0.001282	
-0.001068	
-0.000732	
-0.000641	
-0.000397	
-0.000458	
-0.000793	
-0.001251	
-0.001862	
-0.002350	
-0.002380	
-0.002411	
-0.002289	
-0.002319	
-0.002411	
-0.002289	
-0.002045	
-0.001770	
-0.001679	
-0.001953	
-0.002045	
-0.001862	
-0.001801	
-0.002014	
-0.002808	
-0.003632	
-0.004242	
-0.004730	
-0.004730	
-0.004608	
-0.004578	
-0.004517	
-0.004578	
-0.004700	
-0.004913	
-0.004944	
-0.004883	
-0.004852	
-0.004822	
-0.004578	
-0.004181	
-0.003937	
-0.003876	
-0.004028	
-0.004028	
-0.004456	
-0.004456	
-0.006012	
-0.008789	
-0.010559	
-0.011505	
-0.011658	
-0.011414	
-0.011170	
-0.010865	
-0.010681	
-0.010651	
-0.010559	
-0.010559	
-0.010712	
-0.010620	
-0.010376	
-0.010010	
-0.009491	
-0.009186	
-0.008698	
-0.008148	
-0.007782	
-0.007324	
-0.006714	
-0.006043	
-0.005371	
-0.004822	
-0.004913	
-0.005280	
-0.005737	
-0.005737	
-0.005005	
-0.004547	
-0.003815	
-0.002686	
-0.001923	
-0.001312	
-0.001099	
-0.000916	
-0.000702	
-0.000366	
0.000031	
0.000336	
0.000702	
0.000977	
0.001251	
0.001648	
0.001953	
0.002136	
0.002350	
0.002503	
0.002472	
0.002625	
0.003021	
0.003235	
0.003418	
0.003662	
0.003723	
0.003815	
0.003845	
0.003876	
0.004212	
0.004639	
0.005860	
0.007904	
0.010102	
0.012543	
0.014100	
0.014374	
0.013764	
0.012329	
0.010437	
0.008942	
0.007782	
0.006867	
0.006439	
0.006684	
0.007599	
0.008911	
0.010254	
0.011444	
0.012116	
0.012482	
0.012635	
0.012482	
0.012268	
0.012299	
0.012329	
0.012024	
0.010987	
0.009644	
0.008454	
0.007202	
0.006256	
0.005524	
0.004883	
0.004883	
0.005036	
0.005127	
0.005310	
0.005493	
0.005554	
0.006073	
0.006226	
0.009247	
0.013001	
0.014161	
0.014863	
0.014924	
0.014863	
0.014496	
0.014832	
0.012787	
0.007660	
0.004822	
0.003021	
0.001831	
0.000671	
0.000061	
-0.000336	
-0.000610	
-0.000549	
-0.000549	
-0.000702	
-0.000885	
-0.000885	
-0.000671	
-0.000763	
-0.001007	
-0.000916	
-0.000732	
-0.000641	
-0.000732	
-0.000763	
-0.000763	
-0.001129	
-0.001465	
-0.001709	
-0.002014	
-0.002350	
-0.002228	
-0.001617	
-0.001129	
-0.000702	
-0.000610	
-0.000946	
-0.001160	
-0.001251	
-0.001282	
-0.001404	
-0.001556	
-0.001617	
-0.001617	
-0.001892	
-0.001770	
-0.001373	
-0.001099	
-0.000793	
-0.000366	
-0.000244	
-0.000397	
-0.000610	
-0.000824	
-0.000885	
-0.000885	
-0.000946	
-0.001007	
-0.001251	
-0.001495	
-0.001892	
-0.002289	
-0.002625	
-0.003174	
-0.003754	
-0.003723	
-0.003662	
-0.003357	
-0.003082	
-0.002899	
-0.002625	
-0.002686	
-0.002869	
-0.003235	
-0.003754	
-0.004364	
-0.004700	
-0.004730	
-0.004822	
-0.004822	
-0.004791	
-0.004669	
-0.004578	
-0.004334	
-0.003937	
-0.003784	
-0.003601	
-0.003327	
-0.003143	
-0.003174	
-0.003815	
-0.004883	
-0.005737	
-0.006195	
-0.006287	
-0.006073	
-0.005890	
-0.005737	
-0.005615	
-0.005646	
-0.005554	
-0.005585	
-0.005463	
-0.005280	
-0.005127	
-0.004700	
-0.004364	
-0.004120	
-0.004028	
-0.003998	
-0.004028	
-0.003998	
-0.005371	
-0.008362	
-0.010315	
-0.011597	
-0.012177	
-0.012207	
-0.012146	
-0.012024	
-0.011719	
-0.011505	
-0.011780	
-0.012024	
-0.012482	
-0.012818	
-0.012726	
-0.012848	
-0.012604	
-0.012085	
-0.011628	
-0.010956	
-0.010163	
-0.009613	
-0.009217	
-0.008850	
-0.008209	
-0.007569	
-0.007385	
-0.007050	
-0.006561	
-0.006195	
-0.005463	
-0.004730	
-0.004181	
-0.003082	
-0.001923	
-0.000977	
-0.000305	
-0.000061	
0.000153	
0.000214	
0.000427	
0.000824	
0.001160	
0.001434	
0.001617	
0.001892	
0.002045	
0.002136	
0.002350	
0.002564	
0.002533	
0.002503	
0.002686	
0.002930	
0.003082	
0.002991	
0.002960	
0.002838	
0.002869	
0.003235	
0.003876	
0.004517	
0.005310	
0.006897	
0.008484	
0.010468	
0.012329	
0.013153	
0.013092	
0.012207	
0.010804	
0.009308	
0.008057	
0.007111	
0.006623	
0.006653	
0.007050	
0.008026	
0.009308	
0.010559	
0.011719	
0.012238	
0.012421	
0.012452	
0.012421	
0.012421	
0.012574	
0.012543	
0.011719	
0.010407	
0.009125	
0.007996	
0.007080	
0.006531	
0.006012	
0.005524	
0.005310	
0.005219	
0.005188	
0.005219	
0.005097	
0.005219	
0.005158	
0.006043	
0.009919	
0.012360	
0.013123	
0.013459	
0.013459	
0.013337	
0.013215	
0.013184	
0.008881	
0.004120	
0.001984	
0.000732	
0.000275	
-0.000122	
-0.000244	
-0.000153	
-0.000092	
0.000031	
0.000183	
0.000305	
0.000458	
0.000305	
0.000153	
0.000305	
0.000183	
-0.000092	
-0.000061	
0.000061	
0.000214	
0.000244	
0.000092	
-0.000336	
-0.000855	
-0.001343	
-0.001831	
-0.002136	
-0.002228	
-0.002014	
-0.002167	
-0.002075	
-0.002136	
-0.002441	
-0.002564	
-0.002503	
-0.002197	
-0.001892	
-0.001953	
-0.002106	
-0.002136	
-0.002167	
-0.002228	
-0.002228	
-0.002228	
-0.002289	
-0.002472	
-0.002472	
-0.002258	
-0.002136	
-0.002136	
-0.001953	
-0.001770	
-0.001648	
-0.001526	
-0.001312	
-0.001190	
-0.001282	
-0.001251	
-0.001312	
-0.001465	
-0.001373	
-0.001099	
-0.000946	
-0.000885	
-0.000977	
-0.000946	
-0.001007	
-0.001221	
-0.001679	
-0.002045	
-0.002167	
-0.002350	
-0.002441	
-0.002625	
-0.002838	
-0.003174	
-0.003540	
-0.003906	
-0.003967	
-0.003693	
-0.003235	
-0.002960	
-0.002838	
-0.002716	
-0.002930	
-0.003754	
-0.004456	
-0.004852	
-0.004944	
-0.005066	
-0.005066	
-0.004883	
-0.004730	
-0.004700	
-0.005097	
-0.005219	
-0.005402	
-0.005432	
-0.005005	
-0.004730	
-0.004425	
-0.004120	
-0.003754	
-0.003296	
-0.003143	
-0.002930	
-0.002838	
-0.002594	
-0.004151	
-0.007111	
-0.008759	
-0.009827	
-0.010407	
-0.010193	
-0.009796	
-0.009491	
-0.009217	
-0.009095	
-0.008728	
-0.008667	
-0.008972	
-0.009217	
-0.009369	
-0.009552	
-0.009308	
-0.009095	
-0.008911	
-0.008637	
-0.008484	
-0.008118	
-0.007569	
-0.007233	
-0.006867	
-0.006531	
-0.006378	
-0.005799	
-0.005310	
-0.004822	
-0.003967	
-0.003418	
-0.002808	
-0.002136	
-0.001862	
-0.001495	
-0.001221	
-0.000916	
-0.000458	
-0.000092	
0.000336	
0.000793	
0.001312	
0.001831	
0.002197	
0.002441	
0.002686	
0.002838	
0.002808	
0.002808	
0.002960	
0.002960	
0.003021	
0.003174	
0.003204	
0.003418	
0.003662	
0.003815	
0.004089	
0.004456	
0.005097	
0.005799	
0.007233	
0.009278	
0.011139	
0.013062	
0.014344	
0.014618	
0.014130	
0.012848	
0.011231	
0.009705	
0.008545	
0.007599	
0.007019	
0.007233	
0.007935	
0.009156	
0.010498	
0.011658	
0.012513	
0.012848	
0.013092	
0.013184	
0.012909	
0.012635	
0.012207	
0.011414	
0.010468	
0.009369	
0.008484	
0.007782	
0.007202	
0.006561	
0.005951	
0.005646	
0.005402	
0.005310	
0.005249	
0.005249	
0.005493	
0.005707	
0.005737	
0.008789	
0.012482	
0.013977	
0.014771	
0.014710	
0.015015	
0.015107	
0.015656	
0.014740	
0.009339	
0.005524	
0.003571	
0.002197	
0.001526	
0.000855	
0.000549	
0.000580	
0.000610	
0.000519	
0.000458	
0.000214	
-0.000153	
-0.000488	
-0.000946	
-0.001373	
-0.001617	
-0.001801	
-0.001740	
-0.001617	
-0.001434	
-0.001465	
-0.001770	
-0.002075	
-0.002350	
-0.002655	
-0.002503	
-0.002380	
-0.002228	
-0.001862	
-0.001587	
-0.001373	
-0.001404	
-0.001434	
-0.001282	
-0.000946	
-0.000732	
-0.000488	
-0.000427	
-0.000641	
-0.000610	
-0.000763	
-0.000824	
-0.000855	
-0.001007	
-0.000977	
-0.001068	
-0.001190	
-0.001251	
-0.001495	
-0.001770	
-0.002014	
-0.002075	
-0.001984	
-0.001892	
-0.001923	
-0.002075	
-0.002319	
-0.002716	
-0.003082	
-0.003265	
-0.003113	
-0.003052	
-0.003113	
-0.003021	
-0.002777	
-0.002625	
-0.002503	
-0.002747	
-0.003265	
-0.003357	
-0.003357	
-0.003143	
-0.002991	
-0.002991	
-0.003143	
-0.003449	
-0.003479	
-0.003510	
-0.003449	
-0.003449	
-0.003418	
-0.003327	
-0.003601	
-0.003876	
-0.004425	
-0.005371	
-0.006287	
-0.006867	
-0.007263	
-0.007416	
-0.007233	
-0.007080	
-0.006958	
-0.006867	
-0.006836	
-0.006775	
-0.006714	
-0.006348	
-0.006195	
-0.005951	
-0.005310	
-0.004883	
-0.004364	
-0.004059	
-0.004089	
-0.004273	
-0.004364	
-0.005036	
-0.007874	
-0.010620	
-0.012238	
-0.012970	
-0.013092	
-0.012757	
-0.012482	
-0.012329	
-0.011963	
-0.011536	
-0.011567	
-0.011750	
-0.011750	
-0.011658	
-0.011414	
-0.011414	
-0.011170	
-0.010681	
-0.010346	
-0.010010	
-0.009735	
-0.009125	
-0.008667	
-0.008148	
-0.007721	
-0.007599	
-0.007294	
-0.006745	
-0.006348	
-0.005737	
-0.005188	
-0.004883	
-0.004059	
-0.003113	
-0.002258	
-0.001801	
-0.001648	
-0.001556	
-0.001465	
-0.001099	
-0.000916	
-0.000671	
-0.000183	
0.000244	
0.000671	
0.001068	
0.001251	
0.001373	
0.001312	
0.001404	
0.001679	
0.001770	
0.002014	
0.002380	
0.002655	
0.002747	
0.002716	
0.003021	
0.003265	
0.003418	
0.003937	
0.005097	
0.007019	
0.009003	
0.011017	
0.013092	
0.014008	
0.013703	
0.012604	
0.010865	
0.009217	
0.007782	
0.006653	
0.006043	
0.006073	
0.006745	
0.008057	
0.009339	
0.010224	
0.010773	
0.010987	
0.010926	
0.010651	
0.010468	
0.010407	
0.010468	
0.010590	
0.010254	
0.009430	
0.008362	
0.007294	
0.006378	
0.005585	
0.004883	
0.004395	
0.003967	
0.003845	
0.003662	
0.003815	
0.004089	
0.004669	
0.004852	
0.006043	
0.010132	
0.012543	
0.013550	
0.013825	
0.013520	
0.013398	
0.013489	
0.013642	
0.009430	
0.004852	
0.003021	
0.001923	
0.001526	
0.001526	
0.001587	
0.001495	
0.001587	
0.001312	
0.000763	
0.000397	
0.000061	
-0.000092	
-0.000336	
-0.000702	
-0.000732	
-0.000763	
-0.000946	
-0.000793	
-0.000488	
-0.000488	
-0.000610	
-0.000946	
-0.001221	
-0.001373	
-0.001526	
-0.001434	
-0.001343	
-0.001221	
-0.001068	
-0.000763	
-0.000763	
-0.000763	
-0.000610	
-0.000732	
-0.000946	
-0.000824	
-0.000580	
-0.000549	
-0.000702	
-0.000793	
-0.000763	
-0.000671	
-0.000671	
-0.000702	
-0.000763	
-0.000793	
-0.000763	
-0.000702	
-0.000610	
-0.000610	
-0.000580	
-0.000549	
-0.000519	
-0.000458	
-0.000580	
-0.000855	
-0.001038	
-0.001343	
-0.001495	
-0.001312	
-0.001556	
-0.002014	
-0.002350	
-0.002930	
-0.003296	
-0.003784	
-0.003967	
-0.003906	
-0.003998	
-0.003815	
-0.003540	
-0.003265	
-0.003021	
-0.002930	
-0.002747	
-0.002472	
-0.002472	
-0.002655	
-0.002716	
-0.002838	
-0.002930	
-0.002991	
-0.003204	
-0.003357	
-0.003723	
-0.004547	
-0.005402	
-0.005951	
-0.006287	
-0.006500	
-0.006806	
-0.006958	
-0.007050	
-0.007019	
-0.006867	
-0.006775	
-0.006531	
-0.006043	
-0.005707	
-0.005249	
-0.004700	
-0.004334	
-0.004120	
-0.003906	
-0.003845	
-0.003845	
-0.003845	
-0.006256	
-0.009033	
-0.010620	
-0.011322	
-0.011353	
-0.011170	
-0.010865	
-0.010529	
-0.010376	
-0.010468	
-0.010712	
-0.011353	
-0.012116	
-0.012482	
-0.012513	
-0.012391	
-0.011933	
-0.011383	
-0.010834	
-0.010346	
-0.010163	
-0.009613	
-0.008942	
-0.008545	
-0.008057	
-0.008026	
-0.008087	
-0.007904	
-0.007782	
-0.007172	
-0.006317	
-0.005890	
-0.004944	
-0.003845	
-0.002808	
-0.001709	
-0.001038	
-0.000427	
0.000183	
0.000916	
0.001526	
0.001740	
0.001740	
0.002136	
0.002503	
0.002594	
0.002594	
0.002594	
0.002747	
0.002808	
0.002899	
0.003357	
0.003693	
0.004151	
0.004395	
0.004547	
0.004547	
0.004517	
0.004700	
0.005097	
0.005615	
0.006226	
0.007294	
0.009064	
0.010926	
0.012818	
0.014039	
0.014100	
0.013459	
0.012360	
0.010987	
0.009766	
0.008881	
0.008423	
0.008454	
0.008942	
0.009949	
0.011261	
0.012665	
0.013916	
0.014710	
0.015046	
0.014954	
0.014710	
0.014313	
0.014008	
0.013794	
0.013153	
0.012207	
0.011231	
0.010498	
0.009919	
0.009461	
0.008850	
0.008179	
0.007630	
0.007447	
0.007111	
0.006775	
0.006775	
0.006470	
0.006348	
0.006043	
0.008850	
0.012513	
0.013916	
0.014954	
0.015320	
0.015809	
0.016114	
0.017121	
0.015381	
0.009980	
0.006684	
0.004425	
0.002869	
0.001831	
0.001007	
0.000366	
0.000000	
0.000122	
0.000549	
0.000763	
0.000793	
0.000671	
0.000549	
0.000366	
0.000122	
0.000092	
0.000122	
0.000214	
0.000702	
0.001190	
0.001465	
0.001526	
0.001373	
0.001038	
0.000610	
0.000244	
-0.000092	
-0.000275	
-0.000305	
-0.000244	
0.000061	
0.000214	
0.000458	
0.000732	
0.000763	
0.000916	
0.000946	
0.000885	
0.000793	
0.000732	
0.000641	
0.000366	
0.000153	
0.000000	
-0.000305	
-0.000702	
-0.000885	
-0.001099	
-0.001434	
-0.001587	
-0.001495	
-0.001160	
-0.000916	
-0.000885	
-0.000732	
-0.000702	
-0.000946	
-0.001495	
-0.002136	
-0.002503	
-0.002258	
-0.002289	
-0.002014	
-0.001679	
-0.001526	
-0.001343	
-0.001343	
-0.001587	
-0.002045	
-0.002594	
-0.002686	
-0.002686	
-0.002838	
-0.002991	
-0.003143	
-0.003296	
-0.003174	
-0.003082	
-0.002960	
-0.002899	
-0.002686	
-0.002503	
-0.002686	
-0.002838	
-0.003327	
-0.004425	
-0.005493	
-0.006378	
-0.006745	
-0.006623	
-0.006348	
-0.006134	
-0.005890	
-0.005799	
-0.005615	
-0.005554	
-0.005768	
-0.005737	
-0.005676	
-0.005585	
-0.005646	
-0.006073	
-0.006104	
-0.006104	
-0.005768	
-0.005463	
-0.004975	
-0.005280	
-0.007782	
-0.009980	
-0.011231	
-0.011841	
-0.011872	
-0.011628	
-0.011292	
-0.010834	
-0.010559	
-0.010407	
-0.010376	
-0.010620	
-0.010743	
-0.010834	
-0.011078	
-0.011261	
-0.011200	
-0.011017	
-0.010590	
-0.009980	
-0.009522	
-0.009064	
-0.008759	
-0.008484	
-0.008148	
-0.007996	
-0.007630	
-0.006958	
-0.006256	
-0.005097	
-0.004303	
-0.004120	
-0.003571	
-0.002991	
-0.002716	
-0.002594	
-0.002625	
-0.002655	
-0.002655	
-0.002441	
-0.001923	
-0.001465	
-0.000977	
-0.000397	
0.000305	
0.000946	
0.001434	
0.001862	
0.001923	
0.001923	
0.002075	
0.002197	
0.002411	
0.002564	
0.002808	
0.003082	
0.003204	
0.003662	
0.004212	
0.004639	
0.005310	
0.006439	
0.008515	
0.010559	
0.012635	
0.014801	
0.015992	
0.015931	
0.014740	
0.012726	
0.010468	
0.008667	
0.007477	
0.007111	
0.007416	
0.008362	
0.009827	
0.011231	
0.012513	
0.013550	
0.014252	
0.014405	
0.014161	
0.013855	
0.013550	
0.013367	
0.013001	
0.012146	
0.011200	
0.010254	
0.009491	
0.008789	
0.007813	
0.006897	
0.006165	
0.005463	
0.004883	
0.004395	
0.004517	
0.004883	
0.005676	
0.006165	
0.007721	
0.011750	
0.013733	
0.014252	
0.014374	
0.013977	
0.013489	
0.013184	
0.013001	
0.008515	
0.003998	
0.002228	
0.001160	
0.000916	
0.000855	
0.000916	
0.001221	
0.001312	
0.001099	
0.001038	
0.001068	
0.001038	
0.001007	
0.000977	
0.000855	
0.000641	
0.000702	
0.000885	
0.001007	
0.001129	
0.001404	
0.001617	
0.001556	
0.001495	
0.001373	
0.001190	
0.001068	
0.000916	
0.000855	
0.000458	
0.000092	
-0.000122	
-0.000458	
-0.000763	
-0.000793	
-0.000763	
-0.000855	
-0.001099	
-0.001373	
-0.001801	
-0.002319	
-0.002686	
-0.002869	
-0.003143	
-0.003265	
-0.003327	
-0.003479	
-0.003723	
-0.003876	
-0.003906	
-0.003845	
-0.003906	
-0.003906	
-0.003906	
-0.003876	
-0.003784	
-0.003784	
-0.004028	
-0.004212	
-0.004334	
-0.004120	
-0.003815	
-0.003754	
-0.003815	
-0.003967	
-0.004028	
-0.003998	
-0.003784	
-0.003845	
-0.003754	
-0.003510	
-0.003204	
-0.002838	
-0.002899	
-0.003174	
-0.003449	
-0.003693	
-0.003845	
-0.004089	
-0.004212	
-0.004212	
-0.004089	
-0.003723	
-0.003235	
-0.002930	
-0.003265	
-0.003906	
-0.004517	
-0.004913	
-0.005036	
-0.005402	
-0.005951	
-0.006623	
-0.007141	
-0.007477	
-0.007752	
-0.007965	
-0.007813	
-0.007660	
-0.007416	
-0.006897	
-0.006256	
-0.005493	
-0.004852	
-0.004517	
-0.004334	
-0.004730	
-0.005280	
-0.007691	
-0.011078	
-0.013215	
-0.014496	
-0.015137	
-0.015107	
-0.014557	
-0.014039	
-0.013337	
-0.012787	
-0.012513	
-0.012421	
-0.012604	
-0.013123	
-0.013489	
-0.013886	
-0.013977	
-0.013642	
-0.013062	
-0.012085	
-0.011353	
-0.010743	
-0.010102	
-0.009491	
-0.008820	
-0.007996	
-0.007416	
-0.006928	
-0.006531	
-0.006348	
-0.005799	
-0.005860	
-0.005676	
-0.004608	
-0.003296	
-0.002045	
-0.001099	
-0.000519	
-0.000092	
0.000153	
0.000366	
0.000458	
0.000397	
0.000305	
0.000305	
0.000488	
0.000855	
0.001221	
0.001617	
0.001862	
0.002136	
0.002289	
0.002411	
0.002503	
0.002441	
0.002411	
0.002411	
0.002472	
0.002686	
0.003082	
0.003815	
0.004791	
0.006287	
0.008240	
0.010224	
0.012055	
0.013062	
0.013031	
0.012207	
0.010681	
0.008698	
0.006928	
0.005890	
0.005524	
0.005707	
0.006012	
0.006531	
0.007447	
0.008515	
0.009522	
0.010285	
0.010651	
0.010712	
0.010620	
0.010407	
0.010132	
0.010163	
0.010010	
0.009552	
0.009278	
0.008698	
0.008026	
0.007233	
0.006439	
0.005737	
0.005219	
0.004975	
0.004852	
0.004761	
0.004639	
0.004456	
0.004517	
0.004364	
0.007019	
0.010498	
0.011963	
0.012848	
0.013001	
0.013245	
0.013062	
0.013489	
0.011536	
0.006439	
0.003845	
0.002441	
0.001617	
0.001221	
0.000977	
0.000946	
0.001007	
0.000885	
0.001007	
0.001251	
0.001404	
0.001526	
0.001648	
0.001648	
0.001587	
0.001556	
0.001465	
0.001404	
0.001221	
0.001068	
0.001282	
0.001251	
0.001038	
0.000946	
0.000610	
0.000092	
-0.000336	
-0.000671	
-0.001129	
-0.001434	
-0.001679	
-0.002045	
-0.002167	
-0.002228	
-0.002228	
-0.002228	
-0.001953	
-0.001709	
-0.001465	
-0.001160	
-0.001282	
-0.001617	
-0.001984	
-0.002258	
-0.002472	
-0.002747	
-0.003113	
-0.003388	
-0.003418	
-0.003418	
-0.003174	
-0.002686	
-0.002136	
-0.001740	
-0.001404	
-0.001373	
-0.001556	
-0.001831	
-0.002411	
-0.002838	
-0.002930	
-0.003204	
-0.003388	
-0.003296	
-0.003021	
-0.002625	
-0.002289	
-0.001862	
-0.001709	
-0.001709	
-0.001617	
-0.001770	
-0.002014	
-0.002655	
-0.003418	
-0.003784	
-0.003906	
-0.003784	
-0.003510	
-0.003357	
-0.003052	
-0.002686	
-0.002380	
-0.002136	
-0.002594	
-0.003632	
-0.004608	
-0.005554	
-0.006073	
-0.006378	
-0.006439	
-0.006684	
-0.006714	
-0.006775	
-0.006897	
-0.006897	
-0.007141	
-0.007111	
-0.007111	
-0.007019	
-0.006989	
-0.007141	
-0.007050	
-0.006989	
-0.007080	
-0.006989	
-0.006867	
-0.007324	
-0.010132	
-0.012513	
-0.013886	
-0.014466	
-0.014496	
-0.014100	
-0.013367	
-0.012635	
-0.012299	
-0.012360	
-0.012574	
-0.013001	
-0.013215	
-0.013398	
-0.013428	
-0.012879	
-0.011994	
-0.011048	
-0.010102	
-0.009125	
-0.008606	
-0.008301	
-0.008087	
-0.007904	
-0.007813	
-0.007843	
-0.007355	
-0.007019	
-0.006867	
-0.006104	
-0.005554	
-0.005188	
-0.004608	
-0.004028	
-0.003113	
-0.002533	
-0.002380	
-0.002350	
-0.002289	
-0.002045	
-0.001892	
-0.001709	
-0.001495	
-0.001343	
-0.001434	
-0.001465	
-0.001526	
-0.001648	
-0.001526	
-0.001343	
-0.001038	
-0.000641	
-0.000061	
0.000580	
0.000977	
0.001312	
0.001770	
0.002289	
0.002777	
0.003174	
0.003601	
0.004395	
0.006043	
0.007843	
0.009857	
0.011780	
0.012909	
0.013123	
0.012543	
0.011475	
0.010285	
0.009247	
0.008698	
0.008667	
0.008942	
0.009583	
0.010468	
0.011170	
0.012055	
0.013153	
0.013855	
0.014069	
0.014008	
0.013855	
0.013642	
0.013215	
0.012543	
0.011780	
0.010895	
0.010132	
0.009552	
0.008667	
0.007721	
0.006867	
0.006256	
0.005707	
0.005249	
0.005066	
0.005127	
0.005036	
0.005341	
0.005371	
0.006561	
0.010651	
0.013031	
0.014130	
0.014435	
0.014374	
0.014405	
0.014496	
0.014313	
0.010193	
0.005951	
0.004089	
0.002991	
0.002594	
0.002319	
0.002380	
0.002472	
0.002655	
0.002441	
0.001953	
0.001556	
0.001251	
0.001373	
0.001679	
0.001770	
0.002106	
0.002380	
0.002625	
0.002808	
0.002716	
0.002472	
0.002411	
0.001984	
0.001434	
0.001068	
0.000641	
0.000488	
0.000366	
0.000427	
0.000702	
0.001099	
0.001099	
0.000977	
0.001068	
0.001007	
0.000916	
0.000763	
0.000549	
0.000305	
-0.000214	
-0.000916	
-0.001556	
-0.002045	
-0.002106	
-0.002075	
-0.001923	
-0.001617	
-0.001282	
-0.000977	
-0.000793	
-0.000641	
-0.000397	
-0.000427	
-0.000793	
-0.000885	
-0.000885	
-0.001007	
-0.001099	
-0.001434	
-0.001526	
-0.001007	
-0.000641	
-0.000458	
-0.000488	
-0.000916	
-0.000946	
-0.000977	
-0.000977	
-0.001099	
-0.001282	
-0.001373	
-0.001129	
-0.000916	
-0.001038	
-0.001282	
-0.001801	
-0.002411	
-0.002838	
-0.003174	
-0.003174	
-0.003265	
-0.003052	
-0.002625	
-0.002258	
-0.002014	
-0.002655	
-0.003784	
-0.004456	
-0.004852	
-0.005463	
-0.006043	
-0.006470	
-0.006928	
-0.007050	
-0.007355	
-0.007233	
-0.007111	
-0.007233	
-0.006836	
-0.006500	
-0.006378	
-0.006378	
-0.006439	
-0.006623	
-0.006836	
-0.006897	
-0.006989	
-0.006928	
-0.009003	
-0.012024	
-0.013764	
-0.014710	
-0.015198	
-0.015198	
-0.014893	
-0.014374	
-0.013977	
-0.013489	
-0.013062	
-0.012848	
-0.012665	
-0.012757	
-0.012574	
-0.012299	
-0.012238	
-0.011750	
-0.010987	
-0.010254	
-0.009919	
-0.009735	
-0.009735	
-0.009644	
-0.009278	
-0.008606	
-0.007843	
-0.006745	
-0.005982	
-0.005799	
-0.005310	
-0.005127	
-0.005036	
-0.004669	
-0.004242	
-0.003357	
-0.002960	
-0.002808	
-0.002594	
-0.002197	
-0.001892	
-0.001801	
-0.001465	
-0.000946	
-0.000824	
-0.000671	
-0.000214	
0.000122	
0.000610	
0.001221	
0.001923	
0.002564	
0.002960	
0.003571	
0.003967	
0.003876	
0.003479	
0.003265	
0.003082	
0.002869	
0.003021	
0.003540	
0.004852	
0.006897	
0.008972	
0.011231	
0.012635	
0.012818	
0.012177	
0.010651	
0.008759	
0.007324	
0.006409	
0.005921	
0.005921	
0.006378	
0.007233	
0.008423	
0.009369	
0.010285	
0.011261	
0.011811	
0.012268	
0.012329	
0.011994	
0.011628	
0.011322	
0.011231	
0.010559	
0.009674	
0.009217	
0.008606	
0.007843	
0.007233	
0.006836	
0.006409	
0.005921	
0.005676	
0.005768	
0.005737	
0.005493	
0.005585	
0.005554	
0.008820	
0.012726	
0.014222	
0.015198	
0.015625	
0.015900	
0.015625	
0.015839	
0.013337	
0.007721	
0.004669	
0.003052	
0.002380	
0.002014	
0.001984	
0.002319	
0.002564	
0.002869	
0.003052	
0.003174	
0.003296	
0.003296	
0.003327	
0.003174	
0.002991	
0.002899	
0.002869	
0.002960	
0.003327	
0.003479	
0.003449	
0.003235	
0.002625	
0.001923	
0.001160	
0.000641	
0.000366	
0.000244	
0.000366	
0.000793	
0.001038	
0.000793	
0.000671	
0.000793	
0.000702	
0.000336	
-0.000092	
-0.000549	
-0.000916	
-0.001282	
-0.001770	
-0.001984	
-0.002106	
-0.002167	
-0.002228	
-0.002228	
-0.002075	
-0.002045	
-0.002167	
-0.002014	
-0.001831	
-0.001770	
-0.001770	
-0.001740	
-0.001679	
-0.001617	
-0.001740	
-0.001770	
-0.001831	
-0.001740	
-0.001343	
-0.001282	
-0.001312	
-0.001434	
-0.001556	
-0.001434	
-0.001434	
-0.001282	
-0.001190	
-0.001282	
-0.001312	
-0.001373	
-0.001495	
-0.001587	
-0.001740	
-0.001831	
-0.001770	
-0.001648	
-0.001434	
-0.001160	
-0.000977	
-0.000793	
-0.000855	
-0.001129	
-0.001923	
-0.003113	
-0.004242	
-0.005097	
-0.005463	
-0.005676	
-0.005860	
-0.005890	
-0.005829	
-0.005890	
-0.006104	
-0.006256	
-0.006592	
-0.007080	
-0.007477	
-0.007721	
-0.007599	
-0.007447	
-0.007172	
-0.007019	
-0.006653	
-0.006561	
-0.006195	
-0.006684	
-0.009613	
-0.011841	
-0.013092	
-0.013642	
-0.013672	
-0.013092	
-0.012452	
-0.011902	
-0.011292	
-0.010926	
-0.010743	
-0.011139	
-0.011536	
-0.011811	
-0.011933	
-0.011872	
-0.011444	
-0.010895	
-0.010407	
-0.009857	
-0.009491	
-0.009095	
-0.008576	
-0.007965	
-0.007111	
-0.006195	
-0.005432	
-0.004700	
-0.004486	
-0.004273	
-0.004028	
-0.003876	
-0.002960	
-0.002106	
-0.001221	
-0.000458	
-0.000153	
0.000000	
0.000305	
0.000671	
0.001007	
0.001434	
0.001923	
0.002167	
0.002228	
0.002167	
0.002289	
0.002472	
0.002564	
0.002564	
0.002441	
0.002564	
0.002564	
0.002503	
0.002594	
0.002594	
0.002503	
0.002686	
0.003113	
0.003845	
0.004852	
0.006134	
0.008209	
0.010224	
0.012421	
0.014435	
0.014924	
0.014344	
0.013123	
0.011475	
0.009735	
0.008576	
0.007996	
0.007843	
0.008026	
0.008576	
0.009766	
0.011017	
0.011963	
0.012879	
0.013642	
0.013977	
0.013916	
0.013703	
0.013337	
0.012909	
0.012665	
0.011963	
0.010865	
0.009888	
0.008911	
0.008057	
0.007416	
0.006928	
0.006623	
0.006226	
0.005921	
0.005829	
0.006378	
0.006836	
0.007324	
0.007385	
0.008271	
0.012055	
0.014374	
0.015198	
0.015564	
0.015748	
0.015961	
0.015961	
0.015839	
0.011536	
0.006958	
0.005036	
0.003754	
0.003418	
0.003296	
0.003204	
0.003235	
0.003235	
0.002991	
0.002869	
0.002716	
0.002503	
0.002472	
0.002533	
0.002564	
0.002747	
0.002869	
0.002869	
0.002747	
0.002838	
0.002777	
0.002503	
0.001801	
0.001160	
0.000702	
-0.000061	
-0.000366	
-0.000275	
-0.000397	
-0.000366	
0.000092	
0.000275	
0.000336	
0.000641	
0.000855	
0.000824	
0.001007	
0.001038	
0.000763	
0.000305	
-0.000153	
-0.000732	
-0.001099	
-0.000916	
-0.000793	
-0.000885	
-0.000977	
-0.001190	
-0.001465	
-0.001679	
-0.001984	
-0.002197	
-0.002441	
-0.002960	
-0.003479	
-0.003815	
-0.003876	
-0.003906	
-0.003937	
-0.003235	
-0.002411	
-0.002075	
-0.001984	
-0.002197	
-0.002197	
-0.001953	
-0.002106	
-0.002228	
-0.002594	
-0.003143	
-0.003327	
-0.003143	
-0.002625	
-0.002228	
-0.002106	
-0.001801	
-0.001709	
-0.001984	
-0.001923	
-0.001953	
-0.002106	
-0.002441	
-0.003021	
-0.003540	
-0.003632	
-0.004212	
-0.004975	
-0.005524	
-0.005646	
-0.005493	
-0.005615	
-0.005799	
-0.006226	
-0.006561	
-0.006928	
-0.007263	
-0.007508	
-0.007477	
-0.007263	
-0.007172	
-0.006897	
-0.006561	
-0.006470	
-0.006500	
-0.006714	
-0.006745	
-0.007172	
-0.007691	
-0.009857	
-0.013001	
-0.015046	
-0.016022	
-0.015931	
-0.015625	
-0.015229	
-0.014527	
-0.013489	
-0.012879	
-0.012848	
-0.013031	
-0.013611	
-0.013977	
-0.014100	
-0.013916	
-0.013794	
-0.013428	
-0.013001	
-0.012299	
-0.011444	
-0.010712	
-0.010254	
-0.010224	
-0.009674	
-0.009095	
-0.008850	
-0.008667	
-0.008545	
-0.008515	
-0.007569	
-0.006897	
-0.006287	
-0.005341	
-0.004639	
-0.003937	
-0.003204	
-0.002747	
-0.002441	
-0.002167	
-0.002197	
-0.002411	
-0.002258	
-0.001862	
-0.001587	
-0.001373	
-0.000916	
-0.000397	
0.000214	
0.000702	
0.001038	
0.001282	
0.001617	
0.001770	
0.001648	
0.001648	
0.001740	
0.001923	
0.002106	
0.002380	
0.003235	
0.004364	
0.006043	
0.008240	
0.010163	
0.011963	
0.013367	
0.013520	
0.012879	
0.011933	
0.010529	
0.009339	
0.008637	
0.008393	
0.008454	
0.008667	
0.009308	
0.010376	
0.011475	
0.012268	
0.012726	
0.012970	
0.012787	
0.012391	
0.012116	
0.012055	
0.011963	
0.011353	
0.010681	
0.009552	
0.008240	
0.007263	
0.006470	
0.005768	
0.005127	
0.004425	
0.003937	
0.003357	
0.002808	
0.002960	
0.003113	
0.003052	
0.002991	
0.006317	
0.010163	
0.011689	
0.013245	
0.014130	
0.014527	
0.014496	
0.014863	
0.012299	
0.007019	
0.004212	
0.002625	
0.001801	
0.001495	
0.001526	
0.001923	
0.002289	
0.002594	
0.003143	
0.003601	
0.003662	
0.003510	
0.003571	
0.003479	
0.003204	
0.002869	
0.002533	
0.002503	
0.002686	
0.003021	
0.003357	
0.003113	
0.002747	
0.002411	
0.001953	
0.001617	
0.001679	
0.001892	
0.002014	
0.002136	
0.002289	
0.002289	
0.002106	
0.001923	
0.001892	
0.001831	
0.001495	
0.001099	
0.000763	
0.000458	
0.000031	
-0.000244	
-0.000580	
-0.001068	
-0.001160	
-0.000793	
-0.000519	
-0.000580	
-0.000793	
-0.000702	
-0.000519	
-0.000366	
-0.000183	
-0.000183	
-0.000793	
-0.001343	
-0.001434	
-0.001495	
-0.001587	
-0.001434	
-0.001068	
-0.000885	
-0.000641	
-0.000610	
-0.000397	
-0.000336	
-0.000671	
-0.000885	
-0.000977	
-0.001251	
-0.001343	
-0.001129	
-0.001038	
-0.001129	
-0.001099	
-0.000916	
-0.001129	
-0.001556	
-0.001465	
-0.001007	
-0.001190	
-0.001495	
-0.001495	
-0.001465	
-0.002045	
-0.003388	
-0.004578	
-0.005158	
-0.005310	
-0.005524	
-0.005585	
-0.005615	
-0.005676	
-0.005799	
-0.005921	
-0.005860	
-0.006195	
-0.006348	
-0.006500	
-0.006592	
-0.006134	
-0.005982	
-0.005951	
-0.005799	
-0.005402	
-0.005188	
-0.004883	
-0.005676	
-0.008637	
-0.011292	
-0.013031	
-0.013764	
-0.014008	
-0.013733	
-0.013245	
-0.012909	
-0.012726	
-0.012757	
-0.012726	
-0.012635	
-0.012696	
-0.013062	
-0.013337	
-0.013398	
-0.012940	
-0.012360	
-0.012207	
-0.012116	
-0.011597	
-0.011292	
-0.011322	
-0.011200	
-0.010804	
-0.010498	
-0.010132	
-0.009033	
-0.008423	
-0.007813	
-0.007294	
-0.007660	
-0.007019	
-0.005890	
-0.005005	
-0.004517	
-0.003998	
-0.003571	
-0.003418	
-0.002991	
-0.002533	
-0.002136	
-0.001679	
-0.001282	
-0.000855	
-0.000336	
-0.000244	
-0.000427	
-0.000458	
-0.000519	
-0.000305	
-0.000092	
0.000214	
0.000732	
0.001190	
0.001587	
0.002167	
0.002838	
0.003479	
0.004242	
0.004761	
0.005554	
0.007416	
0.009430	
0.011536	
0.013550	
0.014710	
0.014832	
0.013977	
0.012574	
0.011048	
0.009674	
0.008911	
0.008667	
0.008698	
0.009156	
0.010193	
0.011536	
0.012604	
0.013184	
0.013611	
0.013825	
0.013794	
0.013550	
0.013092	
0.012818	
0.012360	
0.011567	
0.010865	
0.009857	
0.009033	
0.008179	
0.007111	
0.006012	
0.005249	
0.005005	
0.004761	
0.004547	
0.004852	
0.005097	
0.005371	
0.005341	
0.006348	
0.010010	
0.012085	
0.012940	
0.013733	
0.014039	
0.014039	
0.014008	
0.014191	
0.010010	
0.005188	
0.003174	
0.002136	
0.001770	
0.001587	
0.001862	
0.002106	
0.002594	
0.003021	
0.003052	
0.003296	
0.003449	
0.003235	
0.003113	
0.003265	
0.003479	
0.003540	
0.003540	
0.003723	
0.003571	
0.003235	
0.003265	
0.002686	
0.001953	
0.001434	
0.001068	
0.001251	
0.001373	
0.001434	
0.001526	
0.001892	
0.001740	
0.001434	
0.001038	
0.000488	
0.000305	
0.000183	
0.000305	
0.000183	
-0.000183	
-0.000305	
-0.000488	
-0.000458	
-0.000305	
-0.000488	
-0.000885	
-0.000916	
-0.000702	
-0.000702	
-0.001038	
-0.001282	
-0.001282	
-0.001434	
-0.001617	
-0.001709	
-0.002014	
-0.002441	
-0.002808	
-0.002991	
-0.003174	
-0.002960	
-0.002472	
-0.001984	
-0.001526	
-0.001221	
-0.000977	
-0.001038	
-0.001404	
-0.001343	
-0.001190	
-0.001221	
-0.001160	
-0.001190	
-0.001312	
-0.001404	
-0.001465	
-0.001556	
-0.001526	
-0.001343	
-0.001404	
-0.001495	
-0.001343	
-0.001404	
-0.001679	
-0.002533	
-0.003662	
-0.004578	
-0.005036	
-0.005127	
-0.005554	
-0.005646	
-0.005707	
-0.005799	
-0.005829	
-0.006134	
-0.006195	
-0.006195	
-0.006439	
-0.006500	
-0.006470	
-0.006470	
-0.006195	
-0.005615	
-0.005066	
-0.004822	
-0.004608	
-0.004883	
-0.004761	
-0.006195	
-0.009552	
-0.011750	
-0.013398	
-0.014374	
-0.014313	
-0.013794	
-0.013337	
-0.012879	
-0.012787	
-0.013306	
-0.014008	
-0.014313	
-0.014496	
-0.015137	
-0.015564	
-0.015381	
-0.014710	
-0.013916	
-0.013215	
-0.012909	
-0.012909	
-0.012696	
-0.012146	
-0.011414	
-0.011078	
-0.010804	
-0.010254	
-0.009919	
-0.009644	
-0.009125	
-0.008911	
-0.008301	
-0.007019	
-0.005646	
-0.004486	
-0.003937	
-0.003693	
-0.003571	
-0.003418	
-0.002869	
-0.002503	
-0.002380	
-0.002258	
-0.002258	
-0.002106	
-0.001984	
-0.001801	
-0.001526	
-0.001129	
-0.000732	
-0.000427	
-0.000092	
0.000122	
0.000092	
-0.000092	
-0.000275	
-0.000183	
0.000061	
0.000366	
0.001007	
0.001831	
0.003357	
0.005707	
0.008057	
0.010529	
0.012177	
0.012452	
0.011963	
0.010681	
0.009095	
0.007691	
0.006714	
0.006165	
0.005982	
0.006287	
0.006928	
0.008209	
0.009369	
0.010498	
0.011658	
0.012452	
0.012940	
0.012909	
0.012268	
0.011505	
0.010743	
0.010010	
0.009461	
0.008728	
0.007752	
0.006897	
0.006348	
0.005921	
0.005432	
0.004944	
0.004852	
0.005036	
0.005127	
0.005158	
0.005188	
0.005310	
0.005371	
0.008362	
0.011841	
0.013642	
0.014740	
0.014893	
0.015015	
0.014893	
0.015473	
0.014649	
0.009522	
0.006043	
0.004242	
0.003113	
0.002655	
0.002258	
0.002167	
0.002228	
0.002441	
0.002533	
0.002625	
0.002808	
0.002869	
0.003021	
0.002960	
0.002869	
0.002899	
0.003052	
0.002838	
0.002899	
0.003143	
0.003327	
0.003540	
0.003143	
0.002808	
0.002350	
0.001923	
0.001953	
0.002045	
0.002106	
0.002441	
0.003052	
0.003021	
0.002930	
0.002838	
0.002472	
0.002136	
0.002167	
0.002136	
0.001801	
0.001434	
0.001251	
0.001007	
0.000580	
0.000336	
0.000031	
-0.000519	
-0.000824	
-0.000855	
-0.000793	
-0.000824	
-0.000824	
-0.000946	
-0.001099	
-0.001129	
-0.001221	
-0.001465	
-0.001892	
-0.002503	
-0.003021	
-0.003327	
-0.002991	
-0.002777	
-0.002380	
-0.001740	
-0.001404	
-0.001465	
-0.001434	
-0.001648	
-0.001984	
-0.002258	
-0.002747	
-0.002991	
-0.002930	
-0.002808	
-0.002594	
-0.002503	
-0.002289	
-0.002014	
-0.001953	
-0.002075	
-0.002106	
-0.002075	
-0.002258	
-0.002869	
-0.003754	
-0.004578	
-0.005432	
-0.005951	
-0.006012	
-0.006073	
-0.005768	
-0.005463	
-0.005341	
-0.005402	
-0.005524	
-0.005615	
-0.005829	
-0.005921	
-0.006043	
-0.006165	
-0.006256	
-0.006256	
-0.005890	
-0.005585	
-0.005280	
-0.005158	
-0.005249	
-0.005676	
-0.008576	
-0.011444	
-0.012909	
-0.013825	
-0.013947	
-0.013764	
-0.013337	
-0.012879	
-0.012818	
-0.012940	
-0.013184	
-0.013794	
-0.014466	
-0.014832	
-0.014863	
-0.014740	
-0.014283	
-0.014008	
-0.013855	
-0.013581	
-0.013428	
-0.013306	
-0.013367	
-0.013306	
-0.012818	
-0.012452	
-0.011872	
-0.011200	
-0.010926	
-0.010559	
-0.010224	
-0.009796	
-0.008393	
-0.007141	
-0.005982	
-0.004822	
-0.004212	
-0.003937	
-0.003693	
-0.003296	
-0.002747	
-0.002472	
-0.002350	
-0.002228	
-0.002167	
-0.002106	
-0.001923	
-0.001801	
-0.001892	
-0.001801	
-0.001709	
-0.001495	
-0.001190	
-0.000824	
-0.000641	
-0.000549	
-0.000183	
0.000488	
0.000946	
0.001495	
0.002075	
0.002594	
0.004028	
0.005982	
0.008454	
0.010743	
0.011750	
0.011780	
0.011383	
0.010285	
0.008972	
0.008301	
0.007965	
0.007691	
0.007813	
0.008118	
0.008972	
0.010376	
0.011994	
0.013703	
0.014771	
0.015351	
0.015381	
0.014893	
0.014374	
0.014100	
0.013642	
0.012848	
0.011841	
0.010743	
0.009522	
0.008362	
0.007538	
0.006836	
0.006470	
0.006195	
0.006104	
0.005982	
0.005921	
0.005707	
0.005951	
0.006104	
0.007019	
0.010804	
0.013489	
0.014863	
0.015687	
0.015992	
0.016022	
0.016236	
0.015961	
0.011200	
0.006531	
0.004334	
0.002838	
0.002258	
0.002197	
0.002167	
0.002228	
0.002503	
0.002808	
0.003143	
0.003479	
0.003723	
0.003784	
0.003632	
0.003571	
0.003723	
0.003845	
0.003845	
0.003967	
0.004395	
0.004944	
0.005219	
0.005188	
0.004913	
0.004578	
0.004242	
0.003937	
0.003845	
0.003906	
0.003845	
0.004059	
0.003906	
0.003540	
0.003357	
0.002960	
0.002655	
0.002503	
0.002564	
0.002899	
0.003021	
0.002716	
0.002380	
0.002136	
0.001862	
0.001770	
0.001679	
0.001404	
0.001190	
0.000916	
0.000702	
0.000610	
0.000488	
0.000397	
0.000275	
-0.000092	
-0.000397	
-0.000549	
-0.000885	
-0.001099	
-0.001099	
-0.000732	
-0.000641	
-0.000793	
-0.000977	
-0.001190	
-0.000977	
-0.000763	
-0.000580	
-0.000641	
-0.001038	
-0.001404	
-0.001923	
-0.002136	
-0.002075	
-0.002045	
-0.001953	
-0.001862	
-0.001770	
-0.001648	
-0.001648	
-0.001740	
-0.001617	
-0.001221	
-0.001068	
-0.001312	
-0.001770	
-0.002716	
-0.003723	
-0.004486	
-0.004669	
-0.004791	
-0.005036	
-0.004975	
-0.004975	
-0.005249	
-0.005463	
-0.005676	
-0.006043	
-0.006256	
-0.006409	
-0.006287	
-0.006165	
-0.006012	
-0.005768	
-0.005799	
-0.006012	
-0.006287	
-0.006867	
-0.009644	
-0.012604	
-0.014527	
-0.015687	
-0.016144	
-0.016144	
-0.015564	
-0.014832	
-0.014222	
-0.014100	
-0.014405	
-0.014557	
-0.014771	
-0.014649	
-0.014283	
-0.013886	
-0.013184	
-0.012635	
-0.012329	
-0.011902	
-0.011811	
-0.011658	
-0.011170	
-0.010620	
-0.009949	
-0.009339	
-0.008972	
-0.008484	
-0.008362	
-0.008301	
-0.007691	
-0.007416	
-0.006348	
-0.005280	
-0.004669	
-0.004120	
-0.003723	
-0.003449	
-0.003296	
-0.002930	
-0.002625	
-0.002533	
-0.002380	
-0.002106	
-0.001831	
-0.001801	
-0.001862	
-0.001801	
-0.001770	
-0.001984	
-0.002136	
-0.002075	
-0.002197	
-0.002167	
-0.001923	
-0.001556	
-0.001434	
-0.001404	
-0.000916	
-0.000519	
0.000031	
0.001007	
0.002472	
0.004578	
0.006531	
0.008667	
0.010346	
0.010773	
0.010071	
0.009003	
0.008057	
0.007263	
0.006684	
0.006348	
0.006317	
0.006745	
0.007508	
0.008454	
0.009735	
0.010804	
0.011505	
0.011933	
0.011780	
0.011536	
0.011536	
0.011475	
0.011475	
0.011292	
0.010590	
0.009613	
0.008332	
0.007416	
0.006623	
0.005768	
0.005097	
0.004517	
0.004151	
0.003967	
0.003876	
0.003876	
0.003815	
0.004089	
0.004181	
0.007172	
0.011017	
0.012452	
0.013306	
0.013428	
0.013672	
0.013611	
0.014039	
0.012513	
0.007355	
0.004364	
0.002747	
0.001587	
0.001434	
0.001709	
0.001984	
0.002228	
0.002136	
0.002167	
0.002380	
0.002411	
0.002319	
0.002228	
0.001831	
0.001434	
0.001251	
0.001129	
0.001343	
0.001953	
0.002319	
0.002564	
0.002594	
0.002258	
0.001801	
0.001099	
0.000916	
0.001038	
0.001343	
0.001617	
0.001679	
0.001770	
0.001892	
0.001801	
0.001648	
0.001526	
0.001465	
0.001465	
0.001160	
0.000793	
0.000488	
0.000183	
0.000153	
0.000275	
0.000458	
0.000519	
0.000855	
0.000916	
0.000610	
0.000397	
0.000519	
0.000519	
0.000397	
0.000519	
0.000519	
0.000214	
-0.000092	
-0.000244	
-0.000336	
-0.000580	
-0.000549	
-0.000244	
-0.000366	
-0.000244	
-0.000153	
-0.000031	
0.000519	
0.000855	
0.000855	
0.000580	
0.000061	
-0.000366	
-0.000641	
-0.000946	
-0.001038	
-0.001160	
-0.001221	
-0.001251	
-0.001343	
-0.001282	
-0.001434	
-0.001617	
-0.001679	
-0.002014	
-0.002075	
-0.002258	
-0.003296	
-0.004303	
-0.005280	
-0.006073	
-0.006134	
-0.006012	
-0.006073	
-0.006134	
-0.006317	
-0.006378	
-0.006439	
-0.006836	
-0.007111	
-0.007202	
-0.007080	
-0.006623	
-0.006348	
-0.006104	
-0.005982	
-0.005921	
-0.006195	
-0.006287	
-0.007355	
-0.010804	
-0.013123	
-0.014374	
-0.014771	
-0.014771	
-0.014557	
-0.014008	
-0.013398	
-0.013153	
-0.012970	
-0.012970	
-0.012940	
-0.013001	
-0.013092	
-0.012757	
-0.012604	
-0.012604	
-0.012329	
-0.012177	
-0.011780	
-0.011139	
-0.010224	
-0.009430	
-0.008850	
-0.008179	
-0.007630	
-0.007385	
-0.007324	
-0.007385	
-0.006806	
-0.006409	
-0.006073	
-0.005280	
-0.004578	
-0.003937	
-0.003510	
-0.003510	
-0.003784	
-0.003937	
-0.003815	
-0.003510	
-0.003204	
-0.003235	
-0.003174	
-0.003052	
-0.002808	
-0.002625	
-0.002564	
-0.002533	
-0.002350	
-0.002136	
-0.001740	
-0.001434	
-0.001068	
-0.000793	
-0.000366	
0.000122	
0.000610	
0.001190	
0.001709	
0.002136	
0.003143	
0.005097	
0.007233	
0.009552	
0.011780	
0.012909	
0.013001	
0.012452	
0.011322	
0.010010	
0.008789	
0.008026	
0.007874	
0.008026	
0.008515	
0.009308	
0.010468	
0.011933	
0.013153	
0.013642	
0.013764	
0.013703	
0.013398	
0.013184	
0.013276	
0.013062	
0.012299	
0.011383	
0.010163	
0.008850	
0.007935	
0.007233	
0.006745	
0.006378	
0.006348	
0.006500	
0.006684	
0.006989	
0.006989	
0.007019	
0.006745	
0.007721	
0.011872	
0.014313	
0.015259	
0.015625	
0.015412	
0.015137	
0.014954	
0.014954	
0.010956	
0.006592	
0.004883	
0.003784	
0.003327	
0.003052	
0.003296	
0.003632	
0.003815	
0.004059	
0.004028	
0.003845	
0.003693	
0.003632	
0.003601	
0.003357	
0.003174	
0.003327	
0.003693	
0.003906	
0.003937	
0.003845	
0.003815	
0.003327	
0.002869	
0.002594	
0.002258	
0.002228	
0.002503	
0.002869	
0.003021	
0.003113	
0.003113	
0.003174	
0.003204	
0.003235	
0.003327	
0.003082	
0.002777	
0.002686	
0.002594	
0.002350	
0.002045	
0.001953	
0.001953	
0.001984	
0.001953	
0.001953	
0.001923	
0.001740	
0.001770	
0.001892	
0.001801	
0.001740	
0.001801	
0.001648	
0.001343	
0.001282	
0.001312	
0.000977	
0.000671	
0.000885	
0.001251	
0.001282	
0.001221	
0.001129	
0.001190	
0.001251	
0.001343	
0.001282	
0.000916	
0.000580	
0.000336	
0.000061	
-0.000244	
-0.000580	
-0.000885	
-0.001038	
-0.001129	
-0.001282	
-0.001251	
-0.001251	
-0.001251	
-0.001404	
-0.001434	
-0.001434	
-0.002228	
-0.003265	
-0.004212	
-0.004639	
-0.004822	
-0.005097	
-0.005219	
-0.005371	
-0.005524	
-0.005921	
-0.006256	
-0.006439	
-0.006592	
-0.006531	
-0.006531	
-0.006409	
-0.006348	
-0.006165	
-0.006012	
-0.005890	
-0.005615	
-0.005646	
-0.005890	
-0.008362	
-0.011200	
-0.012604	
-0.013459	
-0.013794	
-0.013794	
-0.013886	
-0.013642	
-0.013276	
-0.013245	
-0.012970	
-0.012879	
-0.013062	
-0.013001	
-0.012970	
-0.012665	
-0.012177	
-0.011780	
-0.011505	
-0.011139	
-0.010956	
-0.010956	
-0.010834	
-0.010773	
-0.010681	
-0.010681	
-0.010773	
-0.010712	
-0.010834	
-0.010895	
-0.010407	
-0.010193	
-0.009674	
-0.008698	
-0.007630	
-0.006623	
-0.005982	
-0.005554	
-0.005341	
-0.005310	
-0.005066	
-0.004852	
-0.004761	
-0.004639	
-0.004334	
-0.003967	
-0.003662	
-0.003357	
-0.003082	
-0.003052	
-0.003021	
-0.002930	
-0.002655	
-0.002594	
-0.002533	
-0.002289	
-0.002167	
-0.001892	
-0.001434	
-0.000855	
-0.000153	
0.000549	
0.001984	
0.004028	
0.006165	
0.008362	
0.009827	
0.010163	
0.009674	
0.008637	
0.007477	
0.006439	
0.005860	
0.005615	
0.005799	
0.006470	
0.007385	
0.008515	
0.009583	
0.010620	
0.011567	
0.012177	
0.012513	
0.012696	
0.012665	
0.012299	
0.011872	
0.011078	
0.010071	
0.009064	
0.008179	
0.007263	
0.006439	
0.005707	
0.004913	
0.004578	
0.004700	
0.004730	
0.004639	
0.004730	
0.004761	
0.004975	
0.004852	
0.007721	
0.011475	
0.012787	
0.013581	
0.013611	
0.013764	
0.013672	
0.014313	
0.013062	
0.007843	
0.004578	
0.002869	
0.001831	
0.001282	
0.000855	
0.000885	
0.001099	
0.001190	
0.001404	
0.001617	
0.001923	
0.002228	
0.002716	
0.003235	
0.003418	
0.003449	
0.003449	
0.003693	
0.003876	
0.003876	
0.003876	
0.003723	
0.003449	
0.003235	
0.002899	
0.002594	
0.002380	
0.002503	
0.002625	
0.002777	
0.003113	
0.003143	
0.003204	
0.003265	
0.003327	
0.003327	
0.003143	
0.002655	
0.002289	
0.002167	
0.001923	
0.001831	
0.001770	
0.001892	
0.002136	
0.002350	
0.002380	
0.002441	
0.002319	
0.002136	
0.001831	
0.001495	
0.001465	
0.001251	
0.001038	
0.000885	
0.000671	
0.000427	
0.000031	
-0.000336	
-0.000122	
0.000061	
0.000122	
0.000122	
0.000122	
0.000275	
0.000397	
0.000458	
0.000305	
0.000183	
0.000244	
0.000244	
0.000305	
0.000366	
0.000275	
0.000031	
0.000000	
-0.000122	
-0.000153	
0.000000	
0.000000	
-0.000122	
-0.000153	
-0.000061	
-0.000702	
-0.001984	
-0.003052	
-0.003601	
-0.004028	
-0.004242	
-0.004181	
-0.004120	
-0.004089	
-0.004120	
-0.004212	
-0.004181	
-0.004212	
-0.003998	
-0.003723	
-0.003662	
-0.003510	
-0.003418	
-0.003143	
-0.003204	
-0.003388	
-0.003510	
-0.003571	
-0.004639	
-0.007721	
-0.010315	
-0.011994	
-0.013001	
-0.013459	
-0.013215	
-0.012970	
-0.012818	
-0.012452	
-0.012238	
-0.012146	
-0.012268	
-0.012604	
-0.012818	
-0.012909	
-0.012635	
-0.011963	
-0.011689	
-0.011353	
-0.010743	
-0.010376	
-0.009919	
-0.009430	
-0.008972	
-0.008515	
-0.008240	
-0.007935	
-0.007569	
-0.007691	
-0.007355	
-0.006897	
-0.006561	
-0.005432	
-0.004761	
-0.003998	
-0.003510	
-0.003479	
-0.003265	
-0.003021	
-0.002960	
-0.002625	
-0.002380	
-0.002228	
-0.002228	
-0.002167	
-0.001892	
-0.001587	
-0.001465	
-0.001434	
-0.001373	
-0.001221	
-0.001221	
-0.001190	
-0.001160	
-0.000946	
-0.000580	
-0.000244	
0.000183	
0.000641	
0.001221	
0.002106	
0.003174	
0.005066	
0.007355	
0.009522	
0.011383	
0.012177	
0.011902	
0.011017	
0.009400	
0.007721	
0.006470	
0.005524	
0.004883	
0.005005	
0.005737	
0.006806	
0.008240	
0.009735	
0.010987	
0.011902	
0.012299	
0.012360	
0.012055	
0.011780	
0.012024	
0.011811	
0.011048	
0.010285	
0.009522	
0.008759	
0.007996	
0.007294	
0.006684	
0.006226	
0.006012	
0.006012	
0.005951	
0.005829	
0.005554	
0.005554	
0.005463	
0.006561	
0.010559	
0.013153	
0.014191	
0.014374	
0.014222	
0.014374	
0.014466	
0.015046	
0.011628	
0.006928	
0.004761	
0.003388	
0.002655	
0.002197	
0.001862	
0.001984	
0.002350	
0.002441	
0.002655	
0.003021	
0.003082	
0.003082	
0.003021	
0.003052	
0.003052	
0.002899	
0.002930	
0.003265	
0.003449	
0.003449	
0.003388	
0.003052	
0.002533	
0.002167	
0.001892	
0.001923	
0.002045	
0.002289	
0.002655	
0.003082	
0.003174	
0.003113	
0.003204	
0.003265	
0.003327	
0.003357	
0.003204	
0.003082	
0.002808	
0.002533	
0.002258	
0.002045	
0.001831	
0.001770	
0.001587	
0.001343	
0.001221	
0.000946	
0.000427	
0.000061	
-0.000122	
-0.000275	
-0.000519	
-0.000885	
-0.001282	
-0.001556	
-0.001984	
-0.002167	
-0.002319	
-0.002045	
-0.001434	
-0.001038	
-0.000488	
-0.000031	
0.000458	
0.000610	
0.000458	
0.000092	
-0.000366	
-0.000458	
-0.000488	
-0.000427	
-0.000397	
-0.000488	
-0.000641	
-0.000702	
-0.000824	
-0.000885	
-0.000641	
-0.000610	
-0.000519	
-0.000732	
-0.001160	
-0.001465	
-0.002106	
-0.003082	
-0.004212	
-0.004822	
-0.004883	
-0.004822	
-0.004730	
-0.004761	
-0.005066	
-0.005524	
-0.005860	
-0.006287	
-0.006684	
-0.006867	
-0.007019	
-0.006928	
-0.006867	
-0.006867	
-0.006867	
-0.006989	
-0.007141	
-0.007141	
-0.007233	
-0.009369	
-0.012207	
-0.013977	
-0.015137	
-0.015656	
-0.015931	
-0.015992	
-0.016022	
-0.015778	
-0.015534	
-0.015351	
-0.015198	
-0.015351	
-0.015229	
-0.015107	
-0.015198	
-0.014985	
-0.014588	
-0.014222	
-0.013794	
-0.013276	
-0.012574	
-0.011994	
-0.011841	
-0.011505	
-0.011170	
-0.011078	
-0.010865	
-0.010620	
-0.010163	
-0.009308	
-0.008789	
-0.008240	
-0.007630	
-0.007111	
-0.006500	
-0.006043	
-0.005493	
-0.005005	
-0.004486	
-0.004181	
-0.004120	
-0.003967	
-0.003937	
-0.003937	
-0.003754	
-0.003754	
-0.003693	
-0.003723	
-0.003784	
-0.003754	
-0.003937	
-0.003906	
-0.003723	
-0.003754	
-0.003540	
-0.003235	
-0.002960	
-0.002533	
-0.002197	
-0.001770	
-0.001038	
0.000549	
0.002686	
0.004791	
0.007050	
0.008545	
0.009095	
0.008820	
0.007691	
0.006134	
0.005005	
0.004425	
0.004028	
0.004120	
0.004700	
0.005646	
0.006897	
0.007996	
0.008820	
0.009369	
0.009888	
0.010102	
0.010193	
0.010254	
0.010437	
0.010559	
0.010010	
0.009095	
0.008057	
0.007111	
0.006348	
0.005646	
0.005219	
0.004761	
0.004486	
0.004334	
0.004028	
0.004089	
0.004120	
0.004151	
0.004578	
0.004944	
0.008209	
0.011811	
0.013153	
0.013855	
0.013764	
0.013855	
0.013764	
0.014252	
0.012055	
0.006867	
0.004089	
0.002411	
0.001404	
0.000916	
0.000580	
0.000458	
0.000458	
0.000702	
0.001068	
0.001343	
0.001556	
0.001770	
0.001923	
0.001953	
0.001862	
0.002014	
0.002136	
0.002350	
0.002655	
0.002777	
0.002930	
0.002777	
0.002319	
0.001923	
0.001526	
0.001251	
0.001038	
0.000671	
0.000427	
0.000305	
0.000275	
0.000305	
0.000336	
0.000336	
0.000275	
0.000153	
0.000031	
0.000214	
0.000183	
-0.000031	
-0.000183	
-0.000366	
-0.000427	
-0.000519	
-0.000580	
-0.000519	
-0.000610	
-0.000793	
-0.000763	
-0.000732	
-0.000610	
-0.000275	
-0.000122	
-0.000214	
-0.000305	
-0.000549	
-0.000824	
-0.001099	
-0.001373	
-0.001160	
-0.000519	
-0.000183	
0.000153	
0.000244	
0.000397	
0.000671	
0.000732	
0.000610	
0.000397	
0.000305	
0.000275	
0.000031	
-0.000092	
-0.000183	
-0.000427	
-0.000732	
-0.000793	
-0.000977	
-0.001251	
-0.001404	
-0.001648	
-0.001709	
-0.001892	
-0.002045	
-0.002441	
-0.003449	
-0.004364	
-0.004944	
-0.005310	
-0.005676	
-0.006043	
-0.006317	
-0.006561	
-0.007019	
-0.007691	
-0.007935	
-0.008118	
-0.008087	
-0.007874	
-0.007843	
-0.007477	
-0.007263	
-0.007019	
-0.006653	
-0.006500	
-0.006897	
-0.007050	
-0.008393	
-0.011536	
-0.013794	
-0.015351	
-0.016144	
-0.016327	
-0.016053	
-0.015717	
-0.015351	
-0.015137	
-0.014924	
-0.014893	
-0.014893	
-0.014832	
-0.014863	
-0.014679	
-0.014374	
-0.013947	
-0.013581	
-0.013062	
-0.012482	
-0.011994	
-0.011536	
-0.011628	
-0.011811	
-0.011719	
-0.011597	
-0.011078	
-0.010224	
-0.009735	
-0.009125	
-0.008820	
-0.008881	
-0.008362	
-0.007691	
-0.006897	
-0.006378	
-0.006012	
-0.005829	
-0.005615	
-0.005371	
-0.005280	
-0.005249	
-0.004822	
-0.004334	
-0.004028	
-0.003662	
-0.003540	
-0.003449	
-0.003296	
-0.003235	
-0.002960	
-0.002686	
-0.002594	
-0.002441	
-0.002136	
-0.001892	
-0.001709	
-0.001465	
-0.001190	
-0.000855	
-0.000549	
0.000244	
0.001923	
0.003906	
0.006256	
0.008576	
0.009491	
0.009278	
0.008332	
0.006836	
0.005341	
0.004273	
0.003815	
0.003662	
0.003845	
0.004578	
0.005768	
0.007080	
0.008271	
0.009278	
0.010254	
0.010834	
0.011048	
0.011170	
0.011200	
0.011017	
0.010529	
0.009735	
0.008850	
0.008148	
0.007538	
0.006867	
0.006165	
0.005493	
0.004944	
0.004456	
0.004089	
0.003632	
0.003723	
0.003784	
0.003967	
0.003967	
0.005097	
0.009095	
0.011750	
0.013184	
0.014069	
0.014344	
0.014557	
0.014801	
0.014740	
0.010651	
0.006134	
0.003998	
0.002808	
0.002441	
0.002411	
0.002503	
0.002594	
0.002777	
0.002899	
0.003052	
0.003052	
0.002930	
0.002747	
0.002411	
0.002167	
0.002258	
0.002564	
0.002716	
0.002838	
0.003357	
0.003754	
0.003784	
0.003510	
0.003265	
0.002808	
0.002411	
0.002350	
0.002472	
0.002503	
0.002472	
0.002686	
0.002777	
0.002808	
0.002838	
0.002777	
0.002808	
0.002808	
0.002930	
0.003021	
0.003052	
0.003082	
0.003021	
0.002960	
0.002960	
0.002899	
0.002777	
0.002655	
0.002747	
0.002716	
0.002564	
0.002503	
0.002625	
0.002564	
0.002533	
0.002533	
0.002380	
0.002228	
0.002075	
0.001923	
0.001740	
0.002075	
0.002350	
0.002106	
0.002167	
0.002136	
0.002106	
0.001892	
0.001709	
0.001648	
0.001587	
0.001740	
0.001892	
0.001923	
0.001587	
0.001190	
0.001099	
0.001129	
0.001129	
0.001129	
0.001404	
0.001617	
0.001709	
0.001740	
0.001404	
0.000885	
0.000031	
-0.001129	
-0.001923	
-0.002411	
-0.002716	
-0.003021	
-0.003388	
-0.003815	
-0.004059	
-0.004242	
-0.004303	
-0.004242	
-0.004059	
-0.003998	
-0.004151	
-0.003937	
-0.003906	
-0.004181	
-0.004028	
-0.003876	
-0.003998	
-0.004273	
-0.004334	
-0.006439	
-0.009339	
-0.011170	
-0.012116	
-0.012482	
-0.012421	
-0.011963	
-0.011567	
-0.011322	
-0.011383	
-0.011536	
-0.011567	
-0.011963	
-0.012299	
-0.012177	
-0.012055	
-0.012055	
-0.011658	
-0.011261	
-0.010834	
-0.010712	
-0.010498	
-0.009980	
-0.009552	
-0.009278	
-0.009033	
-0.009003	
-0.008698	
-0.008423	
-0.008087	
-0.007294	
-0.006958	
-0.006348	
-0.005341	
-0.004456	
-0.003388	
-0.002899	
-0.002594	
-0.002411	
-0.002228	
-0.002258	
-0.002258	
-0.002136	
-0.001801	
-0.001251	
-0.000916	
-0.001007	
-0.001190	
-0.001282	
-0.001312	
-0.001526	
-0.001617	
-0.001648	
-0.001617	
-0.001556	
-0.001221	
-0.001099	
-0.000855	
-0.000519	
-0.000214	
0.000458	
0.001282	
0.002930	
0.005066	
0.007111	
0.009461	
0.011139	
0.011689	
0.011292	
0.010285	
0.008759	
0.007202	
0.005860	
0.005188	
0.005341	
0.006104	
0.007050	
0.008087	
0.009278	
0.010071	
0.010590	
0.010956	
0.011109	
0.011109	
0.011017	
0.011292	
0.011383	
0.010926	
0.010163	
0.009308	
0.008484	
0.007508	
0.006592	
0.006043	
0.005646	
0.005493	
0.005585	
0.005615	
0.005707	
0.006134	
0.006470	
0.006836	
0.006958	
0.010071	
0.013672	
0.015107	
0.015992	
0.016022	
0.016053	
0.015778	
0.016327	
0.014771	
0.009522	
0.006195	
0.004395	
0.003540	
0.003021	
0.002838	
0.002838	
0.002686	
0.002655	
0.002838	
0.002960	
0.003021	
0.003113	
0.003113	
0.003204	
0.003235	
0.003357	
0.003632	
0.003906	
0.004089	
0.004028	
0.003845	
0.003418	
0.002869	
0.002411	
0.001984	
0.001740	
0.001648	
0.001831	
0.002014	
0.002075	
0.002106	
0.001923	
0.001740	
0.001801	
0.001984	
0.002136	
0.002197	
0.002258	
0.002350	
0.002289	
0.002075	
0.002136	
0.002380	
0.002503	
0.002441	
0.002380	
0.002411	
0.002655	
0.002869	
0.003143	
0.003418	
0.003296	
0.003174	
0.003143	
0.003113	
0.003082	
0.002930	
0.002533	
0.002045	
0.002045	
0.002380	
0.002197	
0.001831	
0.001709	
0.001862	
0.001984	
0.001892	
0.001709	
0.001648	
0.001556	
0.001495	
0.001648	
0.001862	
0.001831	
0.001526	
0.001160	
0.000763	
0.000458	
0.000336	
0.000214	
0.000244	
0.000305	
0.000214	
0.000244	
-0.000061	
-0.001221	
-0.002808	
-0.003876	
-0.004456	
-0.004700	
-0.004669	
-0.004730	
-0.004761	
-0.004913	
-0.005219	
-0.005463	
-0.005676	
-0.005646	
-0.005676	
-0.005768	
-0.005707	
-0.005646	
-0.005524	
-0.005432	
-0.005280	
-0.005371	
-0.005463	
-0.006775	
-0.009766	
-0.011841	
-0.013215	
-0.013977	
-0.014405	
-0.014496	
-0.014283	
-0.013733	
-0.013428	
-0.013062	
-0.012940	
-0.012848	
-0.012604	
-0.012757	
-0.012635	
-0.012421	
-0.012116	
-0.011841	
-0.011414	
-0.010804	
-0.010407	
-0.010010	
-0.009857	
-0.009705	
-0.009461	
-0.009400	
-0.009217	
-0.008850	
-0.008667	
-0.008209	
-0.007813	
-0.007874	
-0.007477	
-0.006958	
-0.006409	
-0.005982	
-0.005615	
-0.005310	
-0.005310	
-0.005127	
-0.004944	
-0.004791	
-0.004425	
-0.004212	
-0.004028	
-0.003815	
-0.003906	
-0.004028	
-0.004028	
-0.004151	
-0.004181	
-0.003906	
-0.003571	
-0.003479	
-0.003479	
-0.003296	
-0.003082	
-0.002838	
-0.002625	
-0.002258	
-0.001770	
-0.000885	
0.001160	
0.003449	
0.005829	
0.008057	
0.009095	
0.009217	
0.008667	
0.007599	
0.006287	
0.005188	
0.004517	
0.004425	
0.004944	
0.005707	
0.006653	
0.007904	
0.009033	
0.010010	
0.010743	
0.011170	
0.011231	
0.011261	
0.011261	
0.011139	
0.010529	
0.009583	
0.008393	
0.006897	
0.005707	
0.004852	
0.004242	
0.004028	
0.003876	
0.003784	
0.003998	
0.004028	
0.004059	
0.004028	
0.004303	
0.004242	
0.005463	
0.009308	
0.011353	
0.012177	
0.012574	
0.012818	
0.012970	
0.013092	
0.013703	
0.010132	
0.005615	
0.003418	
0.001740	
0.000793	
0.000122	
-0.000183	
-0.000183	
-0.000061	
-0.000061	
-0.000061	
0.000031	
0.000092	
0.000305	
0.000763	
0.001007	
0.001221	
0.001556	
0.001770	
0.002045	
0.002228	
0.002503	
0.002899	
0.002899	
0.002777	
0.002716	
0.002655	
0.002838	
0.003174	
0.003723	
0.004151	
0.004456	
0.004395	
0.004120	
0.003998	
0.004089	
0.004212	
0.004395	
0.004578	
0.004639	
0.004700	
0.004425	
0.004059	
0.003784	
0.003693	
0.003388	
0.002991	
0.002625	
0.002136	
0.001801	
0.001495	
0.001373	
0.001404	
0.001251	
0.001099	
0.000946	
0.000793	
0.000641	
0.000366	
-0.000092	
-0.000427	
-0.000214	
0.000092	
0.000305	
0.000397	
0.000702	
0.001129	
0.001282	
0.001282	
0.001251	
0.001190	
0.001007	
0.000885	
0.001099	
0.001282	
0.001282	
0.001221	
0.001434	
0.001709	
0.001709	
0.001648	
0.001617	
0.001648	
0.001404	
0.001099	
0.000793	
-0.000061	
-0.001160	
-0.001923	
-0.002380	
-0.002472	
-0.002197	
-0.001953	
-0.001923	
-0.002197	
-0.002716	
-0.002899	
-0.003357	
-0.003571	
-0.003265	
-0.003113	
-0.002899	
-0.002655	
-0.002380	
-0.002319	
-0.002197	
-0.002075	
-0.002411	
-0.002930	
-0.005676	
-0.009003	
-0.010895	
-0.012085	
-0.012665	
-0.013092	
-0.013306	
-0.013184	
-0.013001	
-0.013031	
-0.013092	
-0.013306	
-0.013367	
-0.013337	
-0.013489	
-0.013550	
-0.013459	
-0.013062	
-0.012604	
-0.012024	
-0.011292	
-0.010743	
-0.010254	
-0.009857	
-0.009400	
-0.009064	
-0.008972	
-0.008515	
-0.008026	
-0.007630	
-0.006928	
-0.006653	
-0.006317	
-0.005615	
-0.004822	
-0.003876	
-0.003357	
-0.003143	
-0.002991	
-0.002930	
-0.002991	
-0.003174	
-0.003204	
-0.003113	
-0.002991	
-0.002503	
-0.001740	
-0.001221	
-0.000885	
-0.000519	
-0.000275	
-0.000153	
0.000061	
0.000458	
0.000427	
0.000214	
0.000397	
0.000671	
0.001099	
0.001404	
0.001801	
0.002472	
0.004028	
0.006073	
0.007935	
0.009949	
0.011078	
0.011200	
0.010681	
0.009308	
0.007813	
0.006470	
0.005432	
0.004761	
0.004730	
0.005585	
0.006561	
0.007691	
0.009186	
0.010468	
0.011414	
0.012055	
0.012513	
0.012970	
0.013062	
0.013031	
0.012879	
0.012299	
0.011567	
0.010743	
0.009857	
0.009064	
0.008332	
0.007385	
0.006531	
0.005982	
0.005402	
0.005097	
0.005005	
0.004944	
0.004975	
0.005158	
0.005310	
0.008393	
0.011872	
0.013245	
0.014191	
0.014435	
0.014801	
0.014954	
0.015656	
0.014466	
0.009583	
0.006531	
0.005005	
0.004212	
0.003998	
0.003754	
0.003479	
0.003601	
0.004059	
0.004212	
0.004242	
0.004181	
0.004120	
0.004089	
0.003967	
0.003723	
0.003388	
0.003143	
0.003113	
0.002991	
0.002777	
0.002747	
0.002716	
0.002533	
0.002594	
0.002411	
0.002319	
0.002319	
0.002228	
0.002350	
0.002503	
0.002472	
0.002472	
0.002625	
0.002716	
0.002808	
0.002869	
0.002869	
0.002960	
0.002960	
0.003021	
0.002991	
0.002777	
0.002716	
0.002899	
0.002808	
0.002869	
0.003174	
0.003418	
0.003418	
0.003235	
0.003143	
0.003021	
0.002747	
0.002472	
0.002411	
0.002319	
0.002167	
0.001831	
0.001587	
0.001617	
0.001892	
0.002014	
0.002014	
0.001892	
0.001801	
0.001862	
0.001740	
0.001617	
0.001648	
0.001709	
0.001984	
0.002350	
0.002380	
0.002319	
0.002075	
0.002014	
0.001953	
0.001862	
0.001862	
0.001862	
0.001923	
0.001831	
0.001740	
0.001770	
0.001190	
-0.000153	
-0.001312	
-0.002136	
-0.002838	
-0.003327	
-0.003632	
-0.003906	
-0.004212	
-0.004639	
-0.004975	
-0.005005	
-0.005219	
-0.005280	
-0.005219	
-0.004975	
-0.004669	
-0.004334	
-0.004028	
-0.003876	
-0.003632	
-0.003601	
-0.003540	
-0.004486	
-0.007569	
-0.009674	
-0.011109	
-0.011994	
-0.012543	
-0.012726	
-0.012574	
-0.012116	
-0.011475	
-0.010987	
-0.010865	
-0.011017	
-0.011139	
-0.011292	
-0.011444	
-0.011444	
-0.011383	
-0.011231	
-0.010743	
-0.009949	
-0.009400	
-0.009217	
-0.009339	
-0.009369	
-0.009156	
-0.008942	
-0.008515	
-0.007904	
-0.007691	
-0.007355	
-0.007080	
-0.007141	
-0.006531	
-0.005890	
-0.005158	
-0.004486	
-0.004334	
-0.004151	
-0.004059	
-0.004273	
-0.004425	
-0.004486	
-0.004425	
-0.004303	
-0.004273	
-0.004028	
-0.003754	
-0.003479	
-0.003235	
-0.002960	
-0.002747	
-0.002503	
-0.002380	
-0.002014	
-0.001587	
-0.001465	
-0.001038	
-0.000488	
-0.000061	
0.000549	
0.001251	
0.002045	
0.003662	
0.005463	
0.007538	
0.009430	
0.010254	
0.010315	
0.009552	
0.008087	
0.006561	
0.005402	
0.004547	
0.004059	
0.004364	
0.005219	
0.006104	
0.007111	
0.008362	
0.009461	
0.010071	
0.010407	
0.010681	
0.010681	
0.010407	
0.009980	
0.009369	
0.008423	
0.007111	
0.006104	
0.005310	
0.004578	
0.003967	
0.003357	
0.002777	
0.002472	
0.002197	
0.002136	
0.002472	
0.002533	
0.002838	
0.002808	
0.003937	
0.007965	
0.010254	
0.011383	
0.012177	
0.012543	
0.012909	
0.013062	
0.012848	
0.008332	
0.003723	
0.001587	
0.000305	
-0.000061	
-0.000244	
-0.000092	
0.000183	
0.000610	
0.001038	
0.001068	
0.001099	
0.001221	
0.001007	
0.000977	
0.000977	
0.001129	
0.001495	
0.001740	
0.002045	
0.002167	
0.002014	
0.002075	
0.001892	
0.001587	
0.001343	
0.001007	
0.000885	
0.001099	
0.001251	
0.001404	
0.001831	
0.001923	
0.002014	
0.002472	
0.002899	
0.002930	
0.002686	
0.002564	
0.002564	
0.002319	
0.002075	
0.002014	
0.002075	
0.002075	
0.002136	
0.002106	
0.001892	
0.001862	
0.001862	
0.001892	
0.001740	
0.001770	
0.001892	
0.001831	
0.001648	
0.001679	
0.001648	
0.001251	
0.001007	
0.000916	
0.001160	
0.001099	
0.000732	
0.000610	
0.000397	
0.000336	
0.000458	
0.000671	
0.000580	
0.000549	
0.000549	
0.000427	
0.000397	
0.000488	
0.000641	
0.000427	
0.000122	
0.000244	
0.000336	
0.000427	
0.000702	
0.000763	
0.000824	
0.000885	
0.000824	
0.000305	
-0.000763	
-0.001801	
-0.002594	
-0.003082	
-0.003052	
-0.003082	
-0.003235	
-0.003601	
-0.004212	
-0.004364	
-0.004395	
-0.004669	
-0.004975	
-0.005371	
-0.005280	
-0.005127	
-0.005097	
-0.005066	
-0.004822	
-0.004486	
-0.004547	
-0.004700	
-0.007080	
-0.010468	
-0.012635	
-0.014100	
-0.014527	
-0.014466	
-0.014100	
-0.013550	
-0.013215	
-0.013245	
