GAS LISTING C:\WINDOWS\TEMP/ccra2jgb.s 			page 1


   1               		.file	"ataSNMP.c"
   2               		.arch atmega128
   3               	__SREG__ = 0x3f
   4               	__SP_H__ = 0x3e
   5               	__SP_L__ = 0x3d
   6               	__tmp_reg__ = 0
   7               	__zero_reg__ = 1
   8               	_PC_ = 2
   9               		.global __do_copy_data
  10               		.global __do_clear_bss
  11               		.data
  12               		.type	c,@object
  13               		.size	c,2
  14               	c:
  15 0000 0400      		.word	4
  16               		.text
  17               	.global	Delay_us
  18               		.type	Delay_us,@function
  19               	Delay_us:
  20               	/* prologue: frame size=0 */
  21               	/* prologue end (size=0) */
  22 0000 0097      		sbiw r24,0
  23 0002 19F0      		breq .L7
  24               	.L5:
  25               	/* #APP */
  26 0004 0000      		nop
  27               	/* #NOAPP */
  28 0006 0197      		sbiw r24,1
  29 0008 E9F7      		brne .L5
  30               	.L7:
  31               	/* epilogue: frame size=0 */
  32 000a 0895      		ret
  33               	/* epilogue end (size=1) */
  34               	/* function Delay_us size 8 (7) */
  35               	.Lfe1:
  36               		.size	Delay_us,.Lfe1-Delay_us
  37               	.global	DS1WInit
  38               		.type	DS1WInit,@function
  39               	DS1WInit:
  40               	/* prologue: frame size=0 */
  41 000c FF92      		push r15
  42 000e 0F93      		push r16
  43 0010 1F93      		push r17
  44 0012 CF93      		push r28
  45               	/* prologue end (size=4) */
  46 0014 C0E0      		ldi r28,lo8(0)
  47 0016 062F      		mov r16,r22
  48 0018 1127      		clr r17
  49 001a 21E0      		ldi r18,lo8(1)
  50 001c 30E0      		ldi r19,hi8(1)
  51 001e 002E      		mov r0,r16
  52 0020 02C0      		rjmp 2f
  53 0022 220F      	1:	lsl r18
  54 0024 331F      		rol r19
  55 0026 0A94      	2:	dec r0
  56 0028 E2F7      		brpl 1b
  57 002a F22E      		mov r15,r18
GAS LISTING C:\WINDOWS\TEMP/ccra2jgb.s 			page 2


  58 002c F094      		com r15
  59 002e 82B3      		in r24,50-0x20
  60 0030 8F21      		and r24,r15
  61 0032 82BB      		out 50-0x20,r24
  62 0034 81B3      		in r24,49-0x20
  63 0036 822B      		or r24,r18
  64 0038 81BB      		out 49-0x20,r24
  65 003a 2091 0000 		lds r18,c
  66 003e 3091 0000 		lds r19,(c)+1
  67 0042 8EE5      		ldi r24,lo8(350)
  68 0044 91E0      		ldi r25,hi8(350)
  69 0046 289F      		mul r18,r24
  70 0048 A001      		movw r20,r0
  71 004a 299F      		mul r18,r25
  72 004c 500D      		add r21,r0
  73 004e 389F      		mul r19,r24
  74 0050 500D      		add r21,r0
  75 0052 1124      		clr r1
  76 0054 CA01      		movw r24,r20
  77 0056 0E94 0000 		call Delay_us
  78 005a 81B3      		in r24,49-0x20
  79 005c 8F21      		and r24,r15
  80 005e 81BB      		out 49-0x20,r24
  81 0060 2091 0000 		lds r18,c
  82 0064 3091 0000 		lds r19,(c)+1
  83 0068 87E3      		ldi r24,lo8(55)
  84 006a 90E0      		ldi r25,hi8(55)
  85 006c 289F      		mul r18,r24
  86 006e A001      		movw r20,r0
  87 0070 299F      		mul r18,r25
  88 0072 500D      		add r21,r0
  89 0074 389F      		mul r19,r24
  90 0076 500D      		add r21,r0
  91 0078 1124      		clr r1
  92 007a CA01      		movw r24,r20
  93 007c 0E94 0000 		call Delay_us
  94 0080 80B3      		in r24,48-0x20
  95 0082 9927      		clr r25
  96 0084 8095      		com r24
  97 0086 9095      		com r25
  98 0088 02C0      		rjmp 2f
  99 008a 9595      	1:	asr r25
 100 008c 8795      		ror r24
 101 008e 0A95      	2:	dec r16
 102 0090 E2F7      		brpl 1b
 103 0092 80FD      		sbrc r24,0
 104 0094 C1E0      		ldi r28,lo8(1)
 105               	.L9:
 106 0096 2091 0000 		lds r18,c
 107 009a 3091 0000 		lds r19,(c)+1
 108 009e 80E4      		ldi r24,lo8(320)
 109 00a0 91E0      		ldi r25,hi8(320)
 110 00a2 289F      		mul r18,r24
 111 00a4 A001      		movw r20,r0
 112 00a6 299F      		mul r18,r25
 113 00a8 500D      		add r21,r0
 114 00aa 389F      		mul r19,r24
GAS LISTING C:\WINDOWS\TEMP/ccra2jgb.s 			page 3


 115 00ac 500D      		add r21,r0
 116 00ae 1124      		clr r1
 117 00b0 CA01      		movw r24,r20
 118 00b2 0E94 0000 		call Delay_us
 119 00b6 8C2F      		mov r24,r28
 120 00b8 9927      		clr r25
 121 00ba 87FD      		sbrc r24,7
 122 00bc 9095      		com r25
 123               	/* epilogue: frame size=0 */
 124 00be CF91      		pop r28
 125 00c0 1F91      		pop r17
 126 00c2 0F91      		pop r16
 127 00c4 FF90      		pop r15
 128 00c6 0895      		ret
 129               	/* epilogue end (size=5) */
 130               	/* function DS1WInit size 96 (87) */
 131               	.Lfe2:
 132               		.size	DS1WInit,.Lfe2-DS1WInit
 133               	.global	DS1WOutB
 134               		.type	DS1WOutB,@function
 135               	DS1WOutB:
 136               	/* prologue: frame size=0 */
 137 00c8 EF92      		push r14
 138 00ca FF92      		push r15
 139 00cc 0F93      		push r16
 140 00ce 1F93      		push r17
 141 00d0 CF93      		push r28
 142               	/* prologue end (size=5) */
 143 00d2 E62E      		mov r14,r22
 144 00d4 C42F      		mov r28,r20
 145               	/* #APP */
 146 00d6 F894      		cli
 147               	/* #NOAPP */
 148 00d8 88E0      		ldi r24,lo8(8)
 149 00da F82E      		mov r15,r24
 150               	.L17:
 151 00dc C0FF      		sbrs r28,0
 152 00de 2AC0      		rjmp .L15
 153 00e0 01E0      		ldi r16,lo8(1)
 154 00e2 10E0      		ldi r17,hi8(1)
 155 00e4 0E2C      		mov r0,r14
 156 00e6 02C0      		rjmp 2f
 157 00e8 000F      	1:	lsl r16
 158 00ea 111F      		rol r17
 159 00ec 0A94      	2:	dec r0
 160 00ee E2F7      		brpl 1b
 161 00f0 81B3      		in r24,49-0x20
 162 00f2 802B      		or r24,r16
 163 00f4 81BB      		out 49-0x20,r24
 164 00f6 8091 0000 		lds r24,c
 165 00fa 9091 0000 		lds r25,(c)+1
 166 00fe 0E94 0000 		call Delay_us
 167 0102 902F      		mov r25,r16
 168 0104 9095      		com r25
 169 0106 81B3      		in r24,49-0x20
 170 0108 8923      		and r24,r25
 171 010a 81BB      		out 49-0x20,r24
GAS LISTING C:\WINDOWS\TEMP/ccra2jgb.s 			page 4


 172 010c 2091 0000 		lds r18,c
 173 0110 3091 0000 		lds r19,(c)+1
 174 0114 89E2      		ldi r24,lo8(41)
 175 0116 90E0      		ldi r25,hi8(41)
 176 0118 289F      		mul r18,r24
 177 011a A001      		movw r20,r0
 178 011c 299F      		mul r18,r25
 179 011e 500D      		add r21,r0
 180 0120 389F      		mul r19,r24
 181 0122 500D      		add r21,r0
 182 0124 1124      		clr r1
 183 0126 CA01      		movw r24,r20
 184               	.L20:
 185 0128 0E94 0000 		call Delay_us
 186 012c C695      		lsr r28
 187 012e FA94      		dec r15
 188 0130 A9F6      		brne .L17
 189 0132 27C0      		rjmp .L21
 190               	.L15:
 191 0134 01E0      		ldi r16,lo8(1)
 192 0136 10E0      		ldi r17,hi8(1)
 193 0138 0E2C      		mov r0,r14
 194 013a 02C0      		rjmp 2f
 195 013c 000F      	1:	lsl r16
 196 013e 111F      		rol r17
 197 0140 0A94      	2:	dec r0
 198 0142 E2F7      		brpl 1b
 199 0144 81B3      		in r24,49-0x20
 200 0146 802B      		or r24,r16
 201 0148 81BB      		out 49-0x20,r24
 202 014a 2091 0000 		lds r18,c
 203 014e 3091 0000 		lds r19,(c)+1
 204 0152 87E2      		ldi r24,lo8(39)
 205 0154 90E0      		ldi r25,hi8(39)
 206 0156 289F      		mul r18,r24
 207 0158 A001      		movw r20,r0
 208 015a 299F      		mul r18,r25
 209 015c 500D      		add r21,r0
 210 015e 389F      		mul r19,r24
 211 0160 500D      		add r21,r0
 212 0162 1124      		clr r1
 213 0164 CA01      		movw r24,r20
 214 0166 0E94 0000 		call Delay_us
 215 016a 902F      		mov r25,r16
 216 016c 9095      		com r25
 217 016e 81B3      		in r24,49-0x20
 218 0170 8923      		and r24,r25
 219 0172 81BB      		out 49-0x20,r24
 220 0174 8091 0000 		lds r24,c
 221 0178 9091 0000 		lds r25,(c)+1
 222 017c 880F      		add r24,r24
 223 017e 991F      		adc r25,r25
 224 0180 D3CF      		rjmp .L20
 225               	.L21:
 226               	/* #APP */
 227 0182 7894      		sei
 228               	/* #NOAPP */
GAS LISTING C:\WINDOWS\TEMP/ccra2jgb.s 			page 5


 229               	/* epilogue: frame size=0 */
 230 0184 CF91      		pop r28
 231 0186 1F91      		pop r17
 232 0188 0F91      		pop r16
 233 018a FF90      		pop r15
 234 018c EF90      		pop r14
 235 018e 0895      		ret
 236               	/* epilogue end (size=6) */
 237               	/* function DS1WOutB size 103 (92) */
 238               	.Lfe3:
 239               		.size	DS1WOutB,.Lfe3-DS1WOutB
 240               	.global	DS1WInB
 241               		.type	DS1WInB,@function
 242               	DS1WInB:
 243               	/* prologue: frame size=0 */
 244 0190 EF92      		push r14
 245 0192 FF92      		push r15
 246 0194 0F93      		push r16
 247 0196 1F93      		push r17
 248 0198 CF93      		push r28
 249               	/* prologue end (size=5) */
 250 019a E62E      		mov r14,r22
 251 019c C0E0      		ldi r28,lo8(0)
 252               	/* #APP */
 253 019e F894      		cli
 254               	/* #NOAPP */
 255 01a0 98E0      		ldi r25,lo8(8)
 256 01a2 F92E      		mov r15,r25
 257               	.L29:
 258 01a4 C595      		asr r28
 259 01a6 0E2D      		mov r16,r14
 260 01a8 1127      		clr r17
 261 01aa 21E0      		ldi r18,lo8(1)
 262 01ac 30E0      		ldi r19,hi8(1)
 263 01ae 002E      		mov r0,r16
 264 01b0 02C0      		rjmp 2f
 265 01b2 220F      	1:	lsl r18
 266 01b4 331F      		rol r19
 267 01b6 0A94      	2:	dec r0
 268 01b8 E2F7      		brpl 1b
 269 01ba 81B3      		in r24,49-0x20
 270 01bc 822B      		or r24,r18
 271 01be 81BB      		out 49-0x20,r24
 272               	/* #APP */
 273 01c0 0000      		nop
 274 01c2 0000      		nop
 275 01c4 0000      		nop
 276 01c6 0000      		nop
 277 01c8 0000      		nop
 278 01ca 0000      		nop
 279 01cc 0000      		nop
 280 01ce 0000      		nop
 281 01d0 0000      		nop
 282 01d2 0000      		nop
 283 01d4 0000      		nop
 284 01d6 0000      		nop
 285 01d8 0000      		nop
GAS LISTING C:\WINDOWS\TEMP/ccra2jgb.s 			page 6


 286 01da 0000      		nop
 287 01dc 0000      		nop
 288 01de 0000      		nop
 289               	/* #NOAPP */
 290 01e0 922F      		mov r25,r18
 291 01e2 9095      		com r25
 292 01e4 81B3      		in r24,49-0x20
 293 01e6 8923      		and r24,r25
 294 01e8 81BB      		out 49-0x20,r24
 295 01ea 8091 0000 		lds r24,c
 296 01ee 9091 0000 		lds r25,(c)+1
 297 01f2 0E94 0000 		call Delay_us
 298 01f6 80B3      		in r24,48-0x20
 299 01f8 9927      		clr r25
 300 01fa 02C0      		rjmp 2f
 301 01fc 9595      	1:	asr r25
 302 01fe 8795      		ror r24
 303 0200 0A95      	2:	dec r16
 304 0202 E2F7      		brpl 1b
 305 0204 80FF      		sbrs r24,0
 306 0206 15C0      		rjmp .L27
 307 0208 C068      		ori r28,lo8(-128)
 308               	.L28:
 309 020a 8091 0000 		lds r24,c
 310 020e 9091 0000 		lds r25,(c)+1
 311 0212 2CE2      		ldi r18,lo8(44)
 312 0214 30E0      		ldi r19,hi8(44)
 313 0216 829F      		mul r24,r18
 314 0218 A001      		movw r20,r0
 315 021a 839F      		mul r24,r19
 316 021c 500D      		add r21,r0
 317 021e 929F      		mul r25,r18
 318 0220 500D      		add r21,r0
 319 0222 1124      		clr r1
 320 0224 CA01      		movw r24,r20
 321 0226 0E94 0000 		call Delay_us
 322 022a FA94      		dec r15
 323 022c 09F0      		breq _PC_+2
 324 022e BACF      		rjmp .L29
 325 0230 02C0      		rjmp .L32
 326               	.L27:
 327 0232 CF77      		andi r28,lo8(127)
 328 0234 EACF      		rjmp .L28
 329               	.L32:
 330               	/* #APP */
 331 0236 7894      		sei
 332               	/* #NOAPP */
 333 0238 8C2F      		mov r24,r28
 334 023a 9927      		clr r25
 335 023c 87FD      		sbrc r24,7
 336 023e 9095      		com r25
 337               	/* epilogue: frame size=0 */
 338 0240 CF91      		pop r28
 339 0242 1F91      		pop r17
 340 0244 0F91      		pop r16
 341 0246 FF90      		pop r15
 342 0248 EF90      		pop r14
GAS LISTING C:\WINDOWS\TEMP/ccra2jgb.s 			page 7


 343 024a 0895      		ret
 344               	/* epilogue end (size=6) */
 345               	/* function DS1WInB size 114 (103) */
 346               	.Lfe4:
 347               		.size	DS1WInB,.Lfe4-DS1WInB
 348               	.global	DS1WReadByte
 349               		.type	DS1WReadByte,@function
 350               	DS1WReadByte:
 351               	/* prologue: frame size=0 */
 352 024c CF92      		push r12
 353 024e DF92      		push r13
 354 0250 EF92      		push r14
 355 0252 FF92      		push r15
 356 0254 0F93      		push r16
 357 0256 1F93      		push r17
 358               	/* prologue end (size=6) */
 359 0258 7C01      		movw r14,r24
 360 025a 8B01      		movw r16,r22
 361 025c 6A01      		movw r12,r20
 362 025e 0E94 0000 		call DS1WInit
 363 0262 4CEC      		ldi r20,lo8(-52)
 364 0264 64E0      		ldi r22,lo8(4)
 365 0266 82B3      		in r24,50-0x20
 366 0268 0E94 0000 		call DS1WOutB
 367 026c 4C2D      		mov r20,r12
 368 026e 602F      		mov r22,r16
 369 0270 8E2D      		mov r24,r14
 370 0272 0E94 0000 		call DS1WOutB
 371 0276 602F      		mov r22,r16
 372 0278 8E2D      		mov r24,r14
 373 027a 0E94 0000 		call DS1WInB
 374 027e 9927      		clr r25
 375               	/* epilogue: frame size=0 */
 376 0280 1F91      		pop r17
 377 0282 0F91      		pop r16
 378 0284 FF90      		pop r15
 379 0286 EF90      		pop r14
 380 0288 DF90      		pop r13
 381 028a CF90      		pop r12
 382 028c 0895      		ret
 383               	/* epilogue end (size=7) */
 384               	/* function DS1WReadByte size 33 (20) */
 385               	.Lfe5:
 386               		.size	DS1WReadByte,.Lfe5-DS1WReadByte
 387               	.global	DS1WCommand
 388               		.type	DS1WCommand,@function
 389               	DS1WCommand:
 390               	/* prologue: frame size=0 */
 391 028e CF92      		push r12
 392 0290 DF92      		push r13
 393 0292 EF92      		push r14
 394 0294 FF92      		push r15
 395 0296 0F93      		push r16
 396 0298 1F93      		push r17
 397               	/* prologue end (size=6) */
 398 029a 8C01      		movw r16,r24
 399 029c 7B01      		movw r14,r22
GAS LISTING C:\WINDOWS\TEMP/ccra2jgb.s 			page 8


 400 029e 6A01      		movw r12,r20
 401 02a0 0E94 0000 		call DS1WInit
 402 02a4 4CEC      		ldi r20,lo8(-52)
 403 02a6 64E0      		ldi r22,lo8(4)
 404 02a8 82B3      		in r24,50-0x20
 405 02aa 0E94 0000 		call DS1WOutB
 406 02ae 4C2D      		mov r20,r12
 407 02b0 6E2D      		mov r22,r14
 408 02b2 802F      		mov r24,r16
 409 02b4 0E94 0000 		call DS1WOutB
 410 02b8 80E0      		ldi r24,lo8(0)
 411 02ba 90E0      		ldi r25,hi8(0)
 412               	/* epilogue: frame size=0 */
 413 02bc 1F91      		pop r17
 414 02be 0F91      		pop r16
 415 02c0 FF90      		pop r15
 416 02c2 EF90      		pop r14
 417 02c4 DF90      		pop r13
 418 02c6 CF90      		pop r12
 419 02c8 0895      		ret
 420               	/* epilogue end (size=7) */
 421               	/* function DS1WCommand size 30 (17) */
 422               	.Lfe6:
 423               		.size	DS1WCommand,.Lfe6-DS1WCommand
 424               	.global	DS1WWriteByte
 425               		.type	DS1WWriteByte,@function
 426               	DS1WWriteByte:
 427               	/* prologue: frame size=0 */
 428 02ca EF92      		push r14
 429 02cc FF92      		push r15
 430 02ce 0F93      		push r16
 431 02d0 1F93      		push r17
 432               	/* prologue end (size=4) */
 433 02d2 082F      		mov r16,r24
 434 02d4 162F      		mov r17,r22
 435 02d6 F42E      		mov r15,r20
 436 02d8 E22E      		mov r14,r18
 437 02da 0E94 0000 		call DS1WInit
 438 02de 4F2D      		mov r20,r15
 439 02e0 612F      		mov r22,r17
 440 02e2 802F      		mov r24,r16
 441 02e4 0E94 0000 		call DS1WOutB
 442 02e8 4E2D      		mov r20,r14
 443 02ea 612F      		mov r22,r17
 444 02ec 802F      		mov r24,r16
 445 02ee 0E94 0000 		call DS1WOutB
 446 02f2 80E0      		ldi r24,lo8(0)
 447 02f4 90E0      		ldi r25,hi8(0)
 448               	/* epilogue: frame size=0 */
 449 02f6 1F91      		pop r17
 450 02f8 0F91      		pop r16
 451 02fa FF90      		pop r15
 452 02fc EF90      		pop r14
 453 02fe 0895      		ret
 454               	/* epilogue end (size=5) */
 455               	/* function DS1WWriteByte size 27 (18) */
 456               	.Lfe7:
GAS LISTING C:\WINDOWS\TEMP/ccra2jgb.s 			page 9


 457               		.size	DS1WWriteByte,.Lfe7-DS1WWriteByte
 458               	.global	gettemp
 459               		.type	gettemp,@function
 460               	gettemp:
 461               	/* prologue: frame size=0 */
 462               	/* prologue end (size=0) */
 463 0300 64E0      		ldi r22,lo8(4)
 464 0302 82B3      		in r24,50-0x20
 465 0304 0E94 0000 		call DS1WInit
 466 0308 8823      		tst r24
 467 030a 19F4      		brne .L39
 468 030c 80E0      		ldi r24,lo8(0)
 469 030e 90E0      		ldi r25,hi8(0)
 470 0310 13C0      		rjmp .L36
 471               	.L39:
 472 0312 82B3      		in r24,50-0x20
 473 0314 9927      		clr r25
 474 0316 44E4      		ldi r20,lo8(68)
 475 0318 50E0      		ldi r21,hi8(68)
 476 031a 64E0      		ldi r22,lo8(4)
 477 031c 70E0      		ldi r23,hi8(4)
 478 031e 0E94 0000 		call DS1WCommand
 479 0322 82B3      		in r24,50-0x20
 480 0324 9927      		clr r25
 481 0326 4EEB      		ldi r20,lo8(190)
 482 0328 50E0      		ldi r21,hi8(190)
 483 032a 64E0      		ldi r22,lo8(4)
 484 032c 70E0      		ldi r23,hi8(4)
 485 032e 0E94 0000 		call DS1WReadByte
 486 0332 9927      		clr r25
 487 0334 87FD      		sbrc r24,7
 488 0336 9095      		com r25
 489               	.L36:
 490               	/* epilogue: frame size=0 */
 491 0338 0895      		ret
 492               	/* epilogue end (size=1) */
 493               	/* function gettemp size 29 (28) */
 494               	.Lfe8:
 495               		.size	gettemp,.Lfe8-gettemp
 496               		.data
 497               		.type	my_mac,@object
 498               		.size	my_mac,6
 499               	my_mac:
 500 0002 00        		.byte	0
 501 0003 06        		.byte	6
 502 0004 98        		.byte	-104
 503 0005 20        		.byte	32
 504 0006 00        		.byte	0
 505 0007 00        		.byte	0
 506               		.type	SNMPport,@object
 507               		.size	SNMPport,2
 508               	SNMPport:
 509 0008 A100      		.word	161
 510               		.type	TRAPport,@object
 511               		.size	TRAPport,2
 512               	TRAPport:
 513 000a A200      		.word	162
GAS LISTING C:\WINDOWS\TEMP/ccra2jgb.s 			page 10


 514               		.lcomm bufflen,2
 515               		.type	maxtemp,@object
 516               		.size	maxtemp,2
 517               	maxtemp:
 518 000c 1C00      		.word	28
 519               	.global	baud
 520               		.type	baud,@object
 521               		.size	baud,4
 522               	baud:
 523 000e 00C2 0100 		.long	115200
 524               		.type	setpassword,@object
 525               		.size	setpassword,8
 526               	setpassword:
 527 0012 7072 6976 		.string	"private"
 527      6174 6500 
 528               		.type	getpassword,@object
 529               		.size	getpassword,7
 530               	getpassword:
 531 001a 7075 626C 		.string	"public"
 531      6963 00
 532               		.type	sysDescrID,@object
 533               		.size	sysDescrID,8
 534               	sysDescrID:
 535 0021 2B        		.byte	43
 536 0022 06        		.byte	6
 537 0023 01        		.byte	1
 538 0024 02        		.byte	2
 539 0025 01        		.byte	1
 540 0026 01        		.byte	1
 541 0027 01        		.byte	1
 542 0028 00        		.byte	0
 543               		.type	sysDescr,@object
 544               		.size	sysDescr,38
 545               	sysDescr:
 546 0029 4574 6865 		.string	"EtherNut 128KbyteFlashROM 32KbyteSRAM"
 546      724E 7574 
 546      2031 3238 
 546      4B62 7974 
 546      6546 6C61 
 547               		.type	sysObjIDID,@object
 548               		.size	sysObjIDID,8
 549               	sysObjIDID:
 550 004f 2B        		.byte	43
 551 0050 06        		.byte	6
 552 0051 01        		.byte	1
 553 0052 02        		.byte	2
 554 0053 01        		.byte	1
 555 0054 01        		.byte	1
 556 0055 02        		.byte	2
 557 0056 00        		.byte	0
 558               		.type	sysUpTimeID,@object
 559               		.size	sysUpTimeID,8
 560               	sysUpTimeID:
 561 0057 2B        		.byte	43
 562 0058 06        		.byte	6
 563 0059 01        		.byte	1
 564 005a 02        		.byte	2
GAS LISTING C:\WINDOWS\TEMP/ccra2jgb.s 			page 11


 565 005b 01        		.byte	1
 566 005c 01        		.byte	1
 567 005d 03        		.byte	3
 568 005e 00        		.byte	0
 569               		.type	sysContactID,@object
 570               		.size	sysContactID,8
 571               	sysContactID:
 572 005f 2B        		.byte	43
 573 0060 06        		.byte	6
 574 0061 01        		.byte	1
 575 0062 02        		.byte	2
 576 0063 01        		.byte	1
 577 0064 01        		.byte	1
 578 0065 04        		.byte	4
 579 0066 00        		.byte	0
 580               		.type	sysContact,@object
 581               		.size	sysContact,22
 582               	sysContact:
 583 0067 4174 6179 		.string	"Ataya P KMITL bangkok"
 583      6120 5020 
 583      4B4D 4954 
 583      4C20 6261 
 583      6E67 6B6F 
 584               		.type	sysNameID,@object
 585               		.size	sysNameID,8
 586               	sysNameID:
 587 007d 2B        		.byte	43
 588 007e 06        		.byte	6
 589 007f 01        		.byte	1
 590 0080 02        		.byte	2
 591 0081 01        		.byte	1
 592 0082 01        		.byte	1
 593 0083 05        		.byte	5
 594 0084 00        		.byte	0
 595               		.type	sysName,@object
 596               		.size	sysName,19
 597               	sysName:
 598 0085 4574 6865 		.string	"Ethernut SNMP demo"
 598      726E 7574 
 598      2053 4E4D 
 598      5020 6465 
 598      6D6F 00
 599               		.type	sysLocateID,@object
 600               		.size	sysLocateID,8
 601               	sysLocateID:
 602 0098 2B        		.byte	43
 603 0099 06        		.byte	6
 604 009a 01        		.byte	1
 605 009b 02        		.byte	2
 606 009c 01        		.byte	1
 607 009d 01        		.byte	1
 608 009e 06        		.byte	6
 609 009f 00        		.byte	0
 610               		.type	sysLocate,@object
 611               		.size	sysLocate,13
 612               	sysLocate:
 613 00a0 4553 4C2C 		.string	"ESL,Room 603"
GAS LISTING C:\WINDOWS\TEMP/ccra2jgb.s 			page 12


 613      526F 6F6D 
 613      2036 3033 
 613      00
 614               		.type	sysServID,@object
 615               		.size	sysServID,8
 616               	sysServID:
 617 00ad 2B        		.byte	43
 618 00ae 06        		.byte	6
 619 00af 01        		.byte	1
 620 00b0 02        		.byte	2
 621 00b1 01        		.byte	1
 622 00b2 01        		.byte	1
 623 00b3 07        		.byte	7
 624 00b4 00        		.byte	0
 625               		.type	sysServ,@object
 626               		.size	sysServ,2
 627               	sysServ:
 628 00b5 0100      		.word	1
 629               		.type	led1Descr,@object
 630               		.size	led1Descr,21
 631               	led1Descr:
 632 00b7 4C45 4420 		.string	"LED 1 value > 0 : ON"
 632      3120 7661 
 632      6C75 6520 
 632      3E20 3020 
 632      3A20 4F4E 
 633               		.lcomm led1Value,2
 634               		.type	led2Descr,@object
 635               		.size	led2Descr,21
 636               	led2Descr:
 637 00cc 4C45 4420 		.string	"LED 2 value > 0 : ON"
 637      3220 7661 
 637      6C75 6520 
 637      3E20 3020 
 637      3A20 4F4E 
 638               		.lcomm led2Value,2
 639               		.type	led3Descr,@object
 640               		.size	led3Descr,21
 641               	led3Descr:
 642 00e1 4C45 4420 		.string	"LED 3 value > 0 : ON"
 642      3320 7661 
 642      6C75 6520 
 642      3E20 3020 
 642      3A20 4F4E 
 643               		.lcomm led3Value,2
 644               		.type	led4Descr,@object
 645               		.size	led4Descr,21
 646               	led4Descr:
 647 00f6 4C45 4420 		.string	"LED 4 value > 0 : ON"
 647      3420 7661 
 647      6C75 6520 
 647      3E20 3020 
 647      3A20 4F4E 
 648               		.lcomm led4Value,2
 649               		.type	temp1Descr,@object
 650               		.size	temp1Descr,28
 651               	temp1Descr:
GAS LISTING C:\WINDOWS\TEMP/ccra2jgb.s 			page 13


 652 010b 5465 6D70 		.string	"Temperature Sensor : DS1820"
 652      6572 6174 
 652      7572 6520 
 652      5365 6E73 
 652      6F72 203A 
 653               		.type	temp1ValueID,@object
 654               		.size	temp1ValueID,10
 655               	temp1ValueID:
 656 0127 2B        		.byte	43
 657 0128 06        		.byte	6
 658 0129 01        		.byte	1
 659 012a 04        		.byte	4
 660 012b 01        		.byte	1
 661 012c 07        		.byte	7
 662 012d 01        		.byte	1
 663 012e 02        		.byte	2
 664 012f 02        		.byte	2
 665 0130 00        		.byte	0
 666               		.lcomm temp1Value,2
 667               		.type	TrapEnterprise,@object
 668               		.size	TrapEnterprise,10
 669               	TrapEnterprise:
 670 0131 2B        		.byte	43
 671 0132 06        		.byte	6
 672 0133 01        		.byte	1
 673 0134 04        		.byte	4
 674 0135 01        		.byte	1
 675 0136 09        		.byte	9
 676 0137 01        		.byte	1
 677 0138 01        		.byte	1
 678 0139 01        		.byte	1
 679 013a 00        		.byte	0
 680               		.type	TrapIP,@object
 681               		.size	TrapIP,4
 682               	TrapIP:
 683 013b A1        		.byte	-95
 684 013c F6        		.byte	-10
 685 013d 05        		.byte	5
 686 013e 87        		.byte	-121
 687               	.LC5:
 688 013f 0D0A 2072 		.string	"\r\n read temp is %d"
 688      6561 6420 
 688      7465 6D70 
 688      2069 7320 
 688      2564 00
 689               	.LC0:
 690 0152 0D0A 2063 		.string	"\r\n con is %c"
 690      6F6E 2069 
 690      7320 2563 
 690      00
 691               	.LC1:
 692 015f 0D0A 204C 		.string	"\r\n Led 1 set is %d"
 692      6564 2031 
 692      2073 6574 
 692      2069 7320 
 692      2564 00
 693               	.LC4:
GAS LISTING C:\WINDOWS\TEMP/ccra2jgb.s 			page 14


 694 0172 0D0A 204C 		.string	"\r\n Led 4 set is %d"
 694      6564 2034 
 694      2073 6574 
 694      2069 7320 
 694      2564 00
 695               	.LC3:
 696 0185 0D0A 204C 		.string	"\r\n Led 3 set is %d"
 696      6564 2033 
 696      2073 6574 
 696      2069 7320 
 696      2564 00
 697               	.LC2:
 698 0198 0D0A 204C 		.string	"\r\n Led 2 set is %d"
 698      6564 2032 
 698      2073 6574 
 698      2069 7320 
 698      2564 00
 699               		.text
 700               	.global	SNMPgetMIB
 701               		.type	SNMPgetMIB,@function
 702               	SNMPgetMIB:
 703               	/* prologue: frame size=362 */
 704 033a 2F92      		push r2
 705 033c 3F92      		push r3
 706 033e 4F92      		push r4
 707 0340 5F92      		push r5
 708 0342 6F92      		push r6
 709 0344 7F92      		push r7
 710 0346 8F92      		push r8
 711 0348 9F92      		push r9
 712 034a AF92      		push r10
 713 034c BF92      		push r11
 714 034e CF92      		push r12
 715 0350 DF92      		push r13
 716 0352 EF92      		push r14
 717 0354 FF92      		push r15
 718 0356 0F93      		push r16
 719 0358 1F93      		push r17
 720 035a CF93      		push r28
 721 035c DF93      		push r29
 722 035e CDB7      		in r28,__SP_L__
 723 0360 DEB7      		in r29,__SP_H__
 724 0362 CA56      		subi r28,lo8(362)
 725 0364 D140      		sbci r29,hi8(362)
 726 0366 0FB6      		in __tmp_reg__,__SREG__
 727 0368 F894      		cli
 728 036a DEBF      		out __SP_H__,r29
 729 036c 0FBE      		out __SREG__,__tmp_reg__
 730 036e CDBF      		out __SP_L__,r28
 731               	/* prologue end (size=27) */
 732 0370 C759      		subi r28,lo8(-361)
 733 0372 DE4F      		sbci r29,hi8(-361)
 734 0374 8883      		st Y,r24
 735 0376 9983      		std Y+1,r25
 736 0378 C956      		subi r28,lo8(361)
 737 037a D140      		sbci r29,hi8(361)
 738 037c 00E0      		ldi r16,lo8(0)
GAS LISTING C:\WINDOWS\TEMP/ccra2jgb.s 			page 15


 739 037e 10E0      		ldi r17,hi8(0)
 740 0380 FFEF      		ldi r31,lo8(-1)
 741 0382 4F2E      		mov r4,r31
 742 0384 5F2E      		mov r5,r31
 743 0386 3801      		movw r6,r16
 744 0388 E0E3      		ldi r30,lo8(48)
 745 038a DE2E      		mov r13,r30
 746 038c D982      		std Y+1,r13
 747 038e 7801      		movw r14,r16
 748 0390 0894      		sec
 749 0392 E11C      		adc r14,__zero_reg__
 750 0394 F11C      		adc r15,__zero_reg__
 751 0396 1A82      		std Y+2,__zero_reg__
 752 0398 8091 0000 		lds r24,berin+16
 753 039c 9091 0000 		lds r25,(berin+16)+1
 754 03a0 833A      		cpi r24,163
 755 03a2 9105      		cpc r25,__zero_reg__
 756 03a4 11F4      		brne _PC_+4
 757 03a6 0C94 0000 		jmp .L510
 758               	.L41:
 759 03aa 8091 0000 		lds r24,berin+16
 760 03ae 9091 0000 		lds r25,(berin+16)+1
 761 03b2 813A      		cpi r24,161
 762 03b4 9105      		cpc r25,__zero_reg__
 763 03b6 09F4      		brne _PC_+2
 764 03b8 7DC5      		rjmp .L511
 765               	.L226:
 766 03ba 8091 0000 		lds r24,berin+16
 767 03be 9091 0000 		lds r25,(berin+16)+1
 768 03c2 803A      		cpi r24,160
 769 03c4 9105      		cpc r25,__zero_reg__
 770 03c6 39F1      		breq .L512
 771               	.L314:
 772 03c8 C701      		movw r24,r14
 773 03ca 0196      		adiw r24,1
 774 03cc 9093 0000 		sts (bufflen)+1,r25
 775 03d0 8093 0000 		sts bufflen,r24
 776 03d4 0894      		sec
 777 03d6 E108      		sbc r14,__zero_reg__
 778 03d8 F108      		sbc r15,__zero_reg__
 779 03da EA82      		std Y+2,r14
 780 03dc 00E0      		ldi r16,lo8(0)
 781 03de 10E0      		ldi r17,hi8(0)
 782 03e0 0817      		cp r16,r24
 783 03e2 1907      		cpc r17,r25
 784 03e4 14F0      		brlt _PC_+4
 785 03e6 0C94 0000 		jmp .L499
 786 03ea C759      		subi r28,lo8(-361)
 787 03ec DE4F      		sbci r29,hi8(-361)
 788 03ee A881      		ld r26,Y
 789 03f0 B981      		ldd r27,Y+1
 790 03f2 C956      		subi r28,lo8(361)
 791 03f4 D140      		sbci r29,hi8(361)
 792               	.L433:
 793 03f6 FE01      		movw r30,r28
 794 03f8 E00F      		add r30,r16
 795 03fa F11F      		adc r31,r17
GAS LISTING C:\WINDOWS\TEMP/ccra2jgb.s 			page 16


 796 03fc 8181      		ldd r24,Z+1
 797 03fe 8D93      		st X+,r24
 798 0400 0F5F      		subi r16,lo8(-(1))
 799 0402 1F4F      		sbci r17,hi8(-(1))
 800 0404 8091 0000 		lds r24,bufflen
 801 0408 9091 0000 		lds r25,(bufflen)+1
 802 040c 0817      		cp r16,r24
 803 040e 1907      		cpc r17,r25
 804 0410 94F3      		brlt .L433
 805 0412 0C94 0000 		jmp .L499
 806               	.L512:
 807 0416 60E0      		ldi r22,lo8(getpassword)
 808 0418 70E0      		ldi r23,hi8(getpassword)
 809 041a 80E0      		ldi r24,lo8(berin+6)
 810 041c 90E0      		ldi r25,hi8(berin+6)
 811 041e 0E94 0000 		call strstr
 812 0422 892B      		or r24,r25
 813 0424 09F4      		brne _PC_+2
 814 0426 BAC4      		rjmp .L513
 815 0428 8091 0000 		lds r24,berin+579
 816 042c 9091 0000 		lds r25,(berin+579)+1
 817 0430 6816      		cp r6,r24
 818 0432 7906      		cpc r7,r25
 819 0434 4CF6      		brge .L314
 820               	.L428:
 821 0436 0497      		sbiw r24,4
 822 0438 34F0      		brlt .L324
 823 043a 82E0      		ldi r24,lo8(2)
 824 043c 90E0      		ldi r25,hi8(2)
 825 043e 9093 0000 		sts (berin+579)+1,r25
 826 0442 8093 0000 		sts berin+579,r24
 827               	.L324:
 828 0446 0894      		sec
 829 0448 611C      		adc r6,__zero_reg__
 830 044a 711C      		adc r7,__zero_reg__
 831 044c 0894      		sec
 832 044e E11C      		adc r14,__zero_reg__
 833 0450 F11C      		adc r15,__zero_reg__
 834 0452 9E01      		movw r18,r28
 835 0454 2F5F      		subi r18,lo8(-(1))
 836 0456 3F4F      		sbci r19,hi8(-(1))
 837 0458 F701      		movw r30,r14
 838 045a E20F      		add r30,r18
 839 045c F31F      		adc r31,r19
 840 045e 80E3      		ldi r24,lo8(48)
 841 0460 8083      		st Z,r24
 842 0462 0894      		sec
 843 0464 E11C      		adc r14,__zero_reg__
 844 0466 F11C      		adc r15,__zero_reg__
 845 0468 1701      		movw r2,r14
 846 046a 0894      		sec
 847 046c E11C      		adc r14,__zero_reg__
 848 046e F11C      		adc r15,__zero_reg__
 849 0470 F701      		movw r30,r14
 850 0472 E20F      		add r30,r18
 851 0474 F31F      		adc r31,r19
 852 0476 86E0      		ldi r24,lo8(6)
GAS LISTING C:\WINDOWS\TEMP/ccra2jgb.s 			page 17


 853 0478 8083      		st Z,r24
 854 047a 0894      		sec
 855 047c E11C      		adc r14,__zero_reg__
 856 047e F11C      		adc r15,__zero_reg__
 857 0480 A701      		movw r20,r14
 858 0482 420F      		add r20,r18
 859 0484 531F      		adc r21,r19
 860 0486 0CE3      		ldi r16,lo8(60)
 861 0488 10E0      		ldi r17,hi8(60)
 862 048a 609E      		mul r6,r16
 863 048c 9001      		movw r18,r0
 864 048e 619E      		mul r6,r17
 865 0490 300D      		add r19,r0
 866 0492 709E      		mul r7,r16
 867 0494 300D      		add r19,r0
 868 0496 1124      		clr r1
 869 0498 D901      		movw r26,r18
 870 049a A050      		subi r26,lo8(-(berin+29))
 871 049c B040      		sbci r27,hi8(-(berin+29))
 872 049e FD01      		movw r30,r26
 873 04a0 0190      		ld __tmp_reg__,Z+
 874 04a2 0020      		tst __tmp_reg__
 875 04a4 E9F7      		brne _PC_-6
 876 04a6 3197      		sbiw r30,1
 877 04a8 EA1B      		sub r30,r26
 878 04aa FB0B      		sbc r31,r27
 879 04ac 8E2F      		mov r24,r30
 880 04ae 8F5F      		subi r24,lo8(-(1))
 881 04b0 FA01      		movw r30,r20
 882 04b2 8083      		st Z,r24
 883 04b4 60E0      		ldi r22,lo8(0)
 884 04b6 70E0      		ldi r23,hi8(0)
 885 04b8 0894      		sec
 886 04ba 411C      		adc r4,__zero_reg__
 887 04bc 511C      		adc r5,__zero_reg__
 888 04be 240D      		add r18,r4
 889 04c0 351D      		adc r19,r5
 890 04c2 2050      		subi r18,lo8(-(berin))
 891 04c4 3040      		sbci r19,hi8(-(berin))
 892 04c6 F901      		movw r30,r18
 893 04c8 858D      		ldd r24,Z+29
 894 04ca 8823      		tst r24
 895 04cc 19F1      		breq .L488
 896               	.L328:
 897 04ce 0894      		sec
 898 04d0 E11C      		adc r14,__zero_reg__
 899 04d2 F11C      		adc r15,__zero_reg__
 900 04d4 20E0      		ldi r18,lo8(berin)
 901 04d6 30E0      		ldi r19,hi8(berin)
 902 04d8 609E      		mul r6,r16
 903 04da D001      		movw r26,r0
 904 04dc 619E      		mul r6,r17
 905 04de B00D      		add r27,r0
 906 04e0 709E      		mul r7,r16
 907 04e2 B00D      		add r27,r0
 908 04e4 1124      		clr r1
 909 04e6 FD01      		movw r30,r26
GAS LISTING C:\WINDOWS\TEMP/ccra2jgb.s 			page 18


 910 04e8 E40D      		add r30,r4
 911 04ea F51D      		adc r31,r5
 912 04ec E20F      		add r30,r18
 913 04ee F31F      		adc r31,r19
 914 04f0 858D      		ldd r24,Z+29
 915 04f2 4F5F      		subi r20,lo8(-(1))
 916 04f4 5F4F      		sbci r21,hi8(-(1))
 917 04f6 FA01      		movw r30,r20
 918 04f8 8083      		st Z,r24
 919 04fa 6F5F      		subi r22,lo8(-(1))
 920 04fc 7F4F      		sbci r23,hi8(-(1))
 921 04fe 0894      		sec
 922 0500 411C      		adc r4,__zero_reg__
 923 0502 511C      		adc r5,__zero_reg__
 924 0504 A40D      		add r26,r4
 925 0506 B51D      		adc r27,r5
 926 0508 A20F      		add r26,r18
 927 050a B31F      		adc r27,r19
 928 050c 5D96      		adiw r26,29
 929 050e 8C91      		ld r24,X
 930 0510 8823      		tst r24
 931 0512 E9F6      		brne .L328
 932               	.L488:
 933 0514 0894      		sec
 934 0516 E11C      		adc r14,__zero_reg__
 935 0518 F11C      		adc r15,__zero_reg__
 936 051a 8E01      		movw r16,r28
 937 051c 0F5F      		subi r16,lo8(-(1))
 938 051e 1F4F      		sbci r17,hi8(-(1))
 939 0520 F701      		movw r30,r14
 940 0522 E00F      		add r30,r16
 941 0524 F11F      		adc r31,r17
 942 0526 1082      		st Z,__zero_reg__
 943 0528 9201      		movw r18,r4
 944 052a 261B      		sub r18,r22
 945 052c 370B      		sbc r19,r23
 946 052e 8CE3      		ldi r24,lo8(60)
 947 0530 90E0      		ldi r25,hi8(60)
 948 0532 689E      		mul r6,r24
 949 0534 F001      		movw r30,r0
 950 0536 699E      		mul r6,r25
 951 0538 F00D      		add r31,r0
 952 053a 789E      		mul r7,r24
 953 053c F00D      		add r31,r0
 954 053e 1124      		clr r1
 955 0540 E20F      		add r30,r18
 956 0542 F31F      		adc r31,r19
 957 0544 E050      		subi r30,lo8(-(berin))
 958 0546 F040      		sbci r31,hi8(-(berin))
 959 0548 858D      		ldd r24,Z+29
 960 054a 8B32      		cpi r24,lo8(43)
 961 054c 81F1      		breq .L329
 962 054e 82E0      		ldi r24,lo8(2)
 963 0550 90E0      		ldi r25,hi8(2)
 964 0552 9093 0000 		sts (berin+25)+1,r25
 965 0556 8093 0000 		sts berin+25,r24
 966 055a 1092 0000 		sts (berin+27)+1,__zero_reg__
GAS LISTING C:\WINDOWS\TEMP/ccra2jgb.s 			page 19


 967 055e 1092 0000 		sts berin+27,__zero_reg__
 968               	.L330:
 969 0562 8091 0000 		lds r24,berin+25
 970 0566 9091 0000 		lds r25,(berin+25)+1
 971 056a 0297      		sbiw r24,2
 972 056c 79F0      		breq .L514
 973               	.L427:
 974 056e FE01      		movw r30,r28
 975 0570 E20D      		add r30,r2
 976 0572 F31D      		adc r31,r3
 977 0574 8E2D      		mov r24,r14
 978 0576 8219      		sub r24,r2
 979 0578 8183      		std Z+1,r24
 980 057a 8091 0000 		lds r24,berin+579
 981 057e 9091 0000 		lds r25,(berin+579)+1
 982 0582 6816      		cp r6,r24
 983 0584 7906      		cpc r7,r25
 984 0586 0CF4      		brge _PC_+2
 985 0588 56CF      		rjmp .L428
 986 058a 1ECF      		rjmp .L314
 987               	.L514:
 988 058c 0894      		sec
 989 058e E11C      		adc r14,__zero_reg__
 990 0590 F11C      		adc r15,__zero_reg__
 991 0592 FE01      		movw r30,r28
 992 0594 3196      		adiw r30,1
 993 0596 D701      		movw r26,r14
 994 0598 AE0F      		add r26,r30
 995 059a BF1F      		adc r27,r31
 996 059c 85E0      		ldi r24,lo8(5)
 997 059e 8C93      		st X,r24
 998 05a0 0894      		sec
 999 05a2 E11C      		adc r14,__zero_reg__
 1000 05a4 F11C      		adc r15,__zero_reg__
 1001 05a6 EE0D      		add r30,r14
 1002 05a8 FF1D      		adc r31,r15
 1003 05aa 1082      		st Z,__zero_reg__
 1004 05ac E0CF      		rjmp .L427
 1005               	.L329:
 1006 05ae 868D      		ldd r24,Z+30
 1007 05b0 8630      		cpi r24,lo8(6)
 1008 05b2 69F0      		breq .L331
 1009 05b4 82E0      		ldi r24,lo8(2)
 1010 05b6 90E0      		ldi r25,hi8(2)
 1011 05b8 9093 0000 		sts (berin+25)+1,r25
 1012 05bc 8093 0000 		sts berin+25,r24
 1013 05c0 81E0      		ldi r24,lo8(1)
 1014 05c2 90E0      		ldi r25,hi8(1)
 1015               	.L504:
 1016 05c4 9093 0000 		sts (berin+27)+1,r25
 1017 05c8 8093 0000 		sts berin+27,r24
 1018 05cc CACF      		rjmp .L330
 1019               	.L331:
 1020 05ce 878D      		ldd r24,Z+31
 1021 05d0 8130      		cpi r24,lo8(1)
 1022 05d2 39F0      		breq .L333
 1023 05d4 82E0      		ldi r24,lo8(2)
GAS LISTING C:\WINDOWS\TEMP/ccra2jgb.s 			page 20


 1024 05d6 90E0      		ldi r25,hi8(2)
 1025 05d8 9093 0000 		sts (berin+25)+1,r25
 1026 05dc 8093 0000 		sts berin+25,r24
 1027 05e0 F1CF      		rjmp .L504
 1028               	.L333:
 1029 05e2 80A1      		ldd r24,Z+32
 1030 05e4 8230      		cpi r24,lo8(2)
 1031 05e6 09F4      		brne _PC_+2
 1032 05e8 4CC2      		rjmp .L335
 1033 05ea 8430      		cpi r24,lo8(4)
 1034 05ec 09F4      		brne _PC_+2
 1035 05ee 3CC2      		rjmp .L515
 1036               	.L502:
 1037 05f0 82E0      		ldi r24,lo8(2)
 1038 05f2 90E0      		ldi r25,hi8(2)
 1039 05f4 9093 0000 		sts (berin+25)+1,r25
 1040 05f8 8093 0000 		sts berin+25,r24
 1041 05fc 83E0      		ldi r24,lo8(3)
 1042 05fe 90E0      		ldi r25,hi8(3)
 1043 0600 9093 0000 		sts (berin+27)+1,r25
 1044 0604 8093 0000 		sts berin+27,r24
 1045               	.L337:
 1046 0608 8CE3      		ldi r24,lo8(60)
 1047 060a 90E0      		ldi r25,hi8(60)
 1048 060c 689E      		mul r6,r24
 1049 060e F001      		movw r30,r0
 1050 0610 699E      		mul r6,r25
 1051 0612 F00D      		add r31,r0
 1052 0614 789E      		mul r7,r24
 1053 0616 F00D      		add r31,r0
 1054 0618 1124      		clr r1
 1055 061a E20F      		add r30,r18
 1056 061c F31F      		adc r31,r19
 1057 061e E050      		subi r30,lo8(-(berin))
 1058 0620 F040      		sbci r31,hi8(-(berin))
 1059 0622 84A1      		ldd r24,Z+36
 1060 0624 8130      		cpi r24,lo8(1)
 1061 0626 09F4      		brne _PC_+2
 1062 0628 92C0      		rjmp .L343
 1063 062a 8230      		cpi r24,lo8(2)
 1064 062c 49F0      		breq .L516
 1065 062e 82E0      		ldi r24,lo8(2)
 1066 0630 90E0      		ldi r25,hi8(2)
 1067 0632 9093 0000 		sts (berin+25)+1,r25
 1068 0636 8093 0000 		sts berin+25,r24
 1069 063a 83E0      		ldi r24,lo8(3)
 1070 063c 90E0      		ldi r25,hi8(3)
 1071 063e C2CF      		rjmp .L504
 1072               	.L516:
 1073 0640 85A1      		ldd r24,Z+37
 1074 0642 8130      		cpi r24,lo8(1)
 1075 0644 09F4      		brne _PC_+2
 1076 0646 41C0      		rjmp .L517
 1077 0648 8CE3      		ldi r24,lo8(60)
 1078 064a 90E0      		ldi r25,hi8(60)
 1079 064c 689E      		mul r6,r24
 1080 064e F001      		movw r30,r0
GAS LISTING C:\WINDOWS\TEMP/ccra2jgb.s 			page 21


 1081 0650 699E      		mul r6,r25
 1082 0652 F00D      		add r31,r0
 1083 0654 789E      		mul r7,r24
 1084 0656 F00D      		add r31,r0
 1085 0658 1124      		clr r1
 1086 065a E20F      		add r30,r18
 1087 065c F31F      		adc r31,r19
 1088 065e E050      		subi r30,lo8(-(berin))
 1089 0660 F040      		sbci r31,hi8(-(berin))
 1090 0662 85A1      		ldd r24,Z+37
 1091 0664 8230      		cpi r24,lo8(2)
 1092 0666 09F0      		breq _PC_+2
 1093 0668 7CCF      		rjmp .L330
 1094 066a 0894      		sec
 1095 066c E11C      		adc r14,__zero_reg__
 1096 066e F11C      		adc r15,__zero_reg__
 1097 0670 F701      		movw r30,r14
 1098 0672 E00F      		add r30,r16
 1099 0674 F11F      		adc r31,r17
 1100 0676 8083      		st Z,r24
 1101 0678 0894      		sec
 1102 067a E11C      		adc r14,__zero_reg__
 1103 067c F11C      		adc r15,__zero_reg__
 1104 067e F701      		movw r30,r14
 1105 0680 E00F      		add r30,r16
 1106 0682 F11F      		adc r31,r17
 1107 0684 81E0      		ldi r24,lo8(1)
 1108 0686 8083      		st Z,r24
 1109 0688 0E94 0000 		call gettemp
 1110 068c 9927      		clr r25
 1111 068e 87FD      		sbrc r24,7
 1112 0690 9095      		com r25
 1113 0692 9093 0000 		sts (temp1Value)+1,r25
 1114 0696 8093 0000 		sts temp1Value,r24
 1115 069a 0894      		sec
 1116 069c E11C      		adc r14,__zero_reg__
 1117 069e F11C      		adc r15,__zero_reg__
 1118 06a0 F701      		movw r30,r14
 1119 06a2 E00F      		add r30,r16
 1120 06a4 F11F      		adc r31,r17
 1121 06a6 97FD      		sbrc r25,7
 1122 06a8 0196      		adiw r24,1
 1123               	.L353:
 1124 06aa 9595      		asr r25
 1125 06ac 8795      		ror r24
 1126 06ae 8083      		st Z,r24
 1127 06b0 9F93      		push r25
 1128 06b2 8F93      		push r24
 1129 06b4 80E0      		ldi r24,lo8(.LC5)
 1130 06b6 90E0      		ldi r25,hi8(.LC5)
 1131 06b8 9F93      		push r25
 1132 06ba 8F93      		push r24
 1133 06bc 0E94 0000 		call NutKPrintFormat
 1134 06c0 0F90      		pop __tmp_reg__
 1135 06c2 0F90      		pop __tmp_reg__
 1136 06c4 0F90      		pop __tmp_reg__
 1137 06c6 0F90      		pop __tmp_reg__
GAS LISTING C:\WINDOWS\TEMP/ccra2jgb.s 			page 22


 1138 06c8 4CCF      		rjmp .L330
 1139               	.L517:
 1140 06ca 0894      		sec
 1141 06cc E11C      		adc r14,__zero_reg__
 1142 06ce F11C      		adc r15,__zero_reg__
 1143 06d0 F701      		movw r30,r14
 1144 06d2 E00F      		add r30,r16
 1145 06d4 F11F      		adc r31,r17
 1146 06d6 84E0      		ldi r24,lo8(4)
 1147 06d8 8083      		st Z,r24
 1148 06da BDE2      		ldi r27,lo8(301)
 1149 06dc CB2E      		mov r12,r27
 1150 06de B1E0      		ldi r27,hi8(301)
 1151 06e0 DB2E      		mov r13,r27
 1152 06e2 CC0E      		add r12,r28
 1153 06e4 DD1E      		adc r13,r29
 1154 06e6 60E0      		ldi r22,lo8(temp1Descr)
 1155 06e8 70E0      		ldi r23,hi8(temp1Descr)
 1156 06ea C601      		movw r24,r12
 1157 06ec 0E94 0000 		call strcpy
 1158 06f0 0894      		sec
 1159 06f2 E11C      		adc r14,__zero_reg__
 1160 06f4 F11C      		adc r15,__zero_reg__
 1161 06f6 D701      		movw r26,r14
 1162 06f8 A00F      		add r26,r16
 1163 06fa B11F      		adc r27,r17
 1164 06fc F601      		movw r30,r12
 1165 06fe 0190      		ld __tmp_reg__,Z+
 1166 0700 0020      		tst __tmp_reg__
 1167 0702 E9F7      		brne _PC_-6
 1168 0704 3197      		sbiw r30,1
 1169 0706 EC19      		sub r30,r12
 1170 0708 FD09      		sbc r31,r13
 1171 070a EC93      		st X,r30
 1172 070c F601      		movw r30,r12
 1173 070e 0190      		ld __tmp_reg__,Z+
 1174 0710 0020      		tst __tmp_reg__
 1175 0712 E9F7      		brne _PC_-6
 1176 0714 3197      		sbiw r30,1
 1177 0716 00E0      		ldi r16,lo8(0)
 1178 0718 10E0      		ldi r17,hi8(0)
 1179 071a EC15      		cp r30,r12
 1180 071c FD05      		cpc r31,r13
 1181 071e 09F4      		brne _PC_+2
 1182 0720 20CF      		rjmp .L330
 1183 0722 9601      		movw r18,r12
 1184               	.L350:
 1185 0724 0894      		sec
 1186 0726 E11C      		adc r14,__zero_reg__
 1187 0728 F11C      		adc r15,__zero_reg__
 1188 072a F901      		movw r30,r18
 1189 072c 8191      		ld r24,Z+
 1190 072e 9F01      		movw r18,r30
 1191 0730 1196      		adiw r26,1
 1192 0732 8C93      		st X,r24
 1193 0734 0F5F      		subi r16,lo8(-(1))
 1194 0736 1F4F      		sbci r17,hi8(-(1))
GAS LISTING C:\WINDOWS\TEMP/ccra2jgb.s 			page 23


 1195 0738 F601      		movw r30,r12
 1196 073a 0190      		ld __tmp_reg__,Z+
 1197 073c 0020      		tst __tmp_reg__
 1198 073e E9F7      		brne _PC_-6
 1199 0740 3197      		sbiw r30,1
 1200 0742 EC19      		sub r30,r12
 1201 0744 FD09      		sbc r31,r13
 1202 0746 0E17      		cp r16,r30
 1203 0748 1F07      		cpc r17,r31
 1204 074a 60F3      		brlo .L350
 1205 074c 0ACF      		rjmp .L330
 1206               	.L343:
 1207 074e 85A1      		ldd r24,Z+37
 1208 0750 9927      		clr r25
 1209 0752 8430      		cpi r24,4
 1210 0754 9105      		cpc r25,__zero_reg__
 1211 0756 09F4      		brne _PC_+2
 1212 0758 6FC1      		rjmp .L371
 1213 075a 8530      		cpi r24,5
 1214 075c 9105      		cpc r25,__zero_reg__
 1215 075e 0CF0      		brlt _PC_+2
 1216 0760 A9C0      		rjmp .L388
 1217 0762 8230      		cpi r24,2
 1218 0764 9105      		cpc r25,__zero_reg__
 1219 0766 09F4      		brne _PC_+2
 1220 0768 8BC0      		rjmp .L364
 1221 076a 8330      		cpi r24,3
 1222 076c 9105      		cpc r25,__zero_reg__
 1223 076e 0CF0      		brlt _PC_+2
 1224 0770 45C0      		rjmp .L365
 1225 0772 0197      		sbiw r24,1
 1226 0774 09F0      		breq _PC_+2
 1227 0776 F5CE      		rjmp .L330
 1228 0778 0894      		sec
 1229 077a E11C      		adc r14,__zero_reg__
 1230 077c F11C      		adc r15,__zero_reg__
 1231 077e F701      		movw r30,r14
 1232 0780 E00F      		add r30,r16
 1233 0782 F11F      		adc r31,r17
 1234 0784 84E0      		ldi r24,lo8(4)
 1235 0786 8083      		st Z,r24
 1236 0788 FDE2      		ldi r31,lo8(301)
 1237 078a CF2E      		mov r12,r31
 1238 078c F1E0      		ldi r31,hi8(301)
 1239 078e DF2E      		mov r13,r31
 1240 0790 CC0E      		add r12,r28
 1241 0792 DD1E      		adc r13,r29
 1242 0794 60E0      		ldi r22,lo8(led1Descr)
 1243 0796 70E0      		ldi r23,hi8(led1Descr)
 1244 0798 C601      		movw r24,r12
 1245 079a 0E94 0000 		call strcpy
 1246 079e 0894      		sec
 1247 07a0 E11C      		adc r14,__zero_reg__
 1248 07a2 F11C      		adc r15,__zero_reg__
 1249 07a4 D701      		movw r26,r14
 1250 07a6 A00F      		add r26,r16
 1251 07a8 B11F      		adc r27,r17
GAS LISTING C:\WINDOWS\TEMP/ccra2jgb.s 			page 24


 1252 07aa F601      		movw r30,r12
 1253 07ac 0190      		ld __tmp_reg__,Z+
 1254 07ae 0020      		tst __tmp_reg__
 1255 07b0 E9F7      		brne _PC_-6
 1256 07b2 3197      		sbiw r30,1
 1257 07b4 EC19      		sub r30,r12
 1258 07b6 FD09      		sbc r31,r13
 1259 07b8 EC93      		st X,r30
 1260 07ba F601      		movw r30,r12
 1261 07bc 0190      		ld __tmp_reg__,Z+
 1262 07be 0020      		tst __tmp_reg__
 1263 07c0 E9F7      		brne _PC_-6
 1264 07c2 3197      		sbiw r30,1
 1265 07c4 00E0      		ldi r16,lo8(0)
 1266 07c6 10E0      		ldi r17,hi8(0)
 1267 07c8 EC15      		cp r30,r12
 1268 07ca FD05      		cpc r31,r13
 1269 07cc 09F4      		brne _PC_+2
 1270 07ce C9CE      		rjmp .L330
 1271 07d0 9601      		movw r18,r12
 1272               	.L363:
 1273 07d2 0894      		sec
 1274 07d4 E11C      		adc r14,__zero_reg__
 1275 07d6 F11C      		adc r15,__zero_reg__
 1276 07d8 F901      		movw r30,r18
 1277 07da 8191      		ld r24,Z+
 1278 07dc 9F01      		movw r18,r30
 1279 07de 1196      		adiw r26,1
 1280 07e0 8C93      		st X,r24
 1281 07e2 0F5F      		subi r16,lo8(-(1))
 1282 07e4 1F4F      		sbci r17,hi8(-(1))
 1283 07e6 F601      		movw r30,r12
 1284 07e8 0190      		ld __tmp_reg__,Z+
 1285 07ea 0020      		tst __tmp_reg__
 1286 07ec E9F7      		brne _PC_-6
 1287 07ee 3197      		sbiw r30,1
 1288 07f0 EC19      		sub r30,r12
 1289 07f2 FD09      		sbc r31,r13
 1290 07f4 0E17      		cp r16,r30
 1291 07f6 1F07      		cpc r17,r31
 1292 07f8 60F3      		brlo .L363
 1293 07fa B3CE      		rjmp .L330
 1294               	.L365:
 1295 07fc 0894      		sec
 1296 07fe E11C      		adc r14,__zero_reg__
 1297 0800 F11C      		adc r15,__zero_reg__
 1298 0802 F701      		movw r30,r14
 1299 0804 E00F      		add r30,r16
 1300 0806 F11F      		adc r31,r17
 1301 0808 84E0      		ldi r24,lo8(4)
 1302 080a 8083      		st Z,r24
 1303 080c EDE2      		ldi r30,lo8(301)
 1304 080e CE2E      		mov r12,r30
 1305 0810 E1E0      		ldi r30,hi8(301)
 1306 0812 DE2E      		mov r13,r30
 1307 0814 CC0E      		add r12,r28
 1308 0816 DD1E      		adc r13,r29
GAS LISTING C:\WINDOWS\TEMP/ccra2jgb.s 			page 25


 1309 0818 60E0      		ldi r22,lo8(led2Descr)
 1310 081a 70E0      		ldi r23,hi8(led2Descr)
 1311 081c C601      		movw r24,r12
 1312 081e 0E94 0000 		call strcpy
 1313 0822 0894      		sec
 1314 0824 E11C      		adc r14,__zero_reg__
 1315 0826 F11C      		adc r15,__zero_reg__
 1316 0828 D701      		movw r26,r14
 1317 082a A00F      		add r26,r16
 1318 082c B11F      		adc r27,r17
 1319 082e F601      		movw r30,r12
 1320 0830 0190      		ld __tmp_reg__,Z+
 1321 0832 0020      		tst __tmp_reg__
 1322 0834 E9F7      		brne _PC_-6
 1323 0836 3197      		sbiw r30,1
 1324 0838 EC19      		sub r30,r12
 1325 083a FD09      		sbc r31,r13
 1326 083c EC93      		st X,r30
 1327 083e F601      		movw r30,r12
 1328 0840 0190      		ld __tmp_reg__,Z+
 1329 0842 0020      		tst __tmp_reg__
 1330 0844 E9F7      		brne _PC_-6
 1331 0846 3197      		sbiw r30,1
 1332 0848 00E0      		ldi r16,lo8(0)
 1333 084a 10E0      		ldi r17,hi8(0)
 1334 084c EC15      		cp r30,r12
 1335 084e FD05      		cpc r31,r13
 1336 0850 09F4      		brne _PC_+2
 1337 0852 87CE      		rjmp .L330
 1338 0854 9601      		movw r18,r12
 1339               	.L370:
 1340 0856 0894      		sec
 1341 0858 E11C      		adc r14,__zero_reg__
 1342 085a F11C      		adc r15,__zero_reg__
 1343 085c F901      		movw r30,r18
 1344 085e 8191      		ld r24,Z+
 1345 0860 9F01      		movw r18,r30
 1346 0862 1196      		adiw r26,1
 1347 0864 8C93      		st X,r24
 1348 0866 0F5F      		subi r16,lo8(-(1))
 1349 0868 1F4F      		sbci r17,hi8(-(1))
 1350 086a F601      		movw r30,r12
 1351 086c 0190      		ld __tmp_reg__,Z+
 1352 086e 0020      		tst __tmp_reg__
 1353 0870 E9F7      		brne _PC_-6
 1354 0872 3197      		sbiw r30,1
 1355 0874 EC19      		sub r30,r12
 1356 0876 FD09      		sbc r31,r13
 1357 0878 0E17      		cp r16,r30
 1358 087a 1F07      		cpc r17,r31
 1359 087c 60F3      		brlo .L370
 1360 087e 71CE      		rjmp .L330
 1361               	.L364:
 1362 0880 0894      		sec
 1363 0882 E11C      		adc r14,__zero_reg__
 1364 0884 F11C      		adc r15,__zero_reg__
 1365 0886 F701      		movw r30,r14
GAS LISTING C:\WINDOWS\TEMP/ccra2jgb.s 			page 26


 1366 0888 E00F      		add r30,r16
 1367 088a F11F      		adc r31,r17
 1368 088c 82E0      		ldi r24,lo8(2)
 1369 088e 8083      		st Z,r24
 1370 0890 0894      		sec
 1371 0892 E11C      		adc r14,__zero_reg__
 1372 0894 F11C      		adc r15,__zero_reg__
 1373 0896 F701      		movw r30,r14
 1374 0898 E00F      		add r30,r16
 1375 089a F11F      		adc r31,r17
 1376 089c 81E0      		ldi r24,lo8(1)
 1377 089e 8083      		st Z,r24
 1378 08a0 0894      		sec
 1379 08a2 E11C      		adc r14,__zero_reg__
 1380 08a4 F11C      		adc r15,__zero_reg__
 1381 08a6 0E0D      		add r16,r14
 1382 08a8 1F1D      		adc r17,r15
 1383 08aa 8091 0000 		lds r24,led1Value
 1384               	.L503:
 1385 08ae F801      		movw r30,r16
 1386 08b0 8083      		st Z,r24
 1387 08b2 57CE      		rjmp .L330
 1388               	.L388:
 1389 08b4 8630      		cpi r24,6
 1390 08b6 9105      		cpc r25,__zero_reg__
 1391 08b8 09F4      		brne _PC_+2
 1392 08ba A6C0      		rjmp .L378
 1393 08bc 8630      		cpi r24,6
 1394 08be 9105      		cpc r25,__zero_reg__
 1395 08c0 0CF4      		brge _PC_+2
 1396 08c2 60C0      		rjmp .L372
 1397 08c4 8730      		cpi r24,7
 1398 08c6 9105      		cpc r25,__zero_reg__
 1399 08c8 D9F0      		breq .L379
 1400 08ca 0897      		sbiw r24,8
 1401 08cc 09F0      		breq _PC_+2
 1402 08ce 49CE      		rjmp .L330
 1403 08d0 0894      		sec
 1404 08d2 E11C      		adc r14,__zero_reg__
 1405 08d4 F11C      		adc r15,__zero_reg__
 1406 08d6 F701      		movw r30,r14
 1407 08d8 E00F      		add r30,r16
 1408 08da F11F      		adc r31,r17
 1409 08dc 82E0      		ldi r24,lo8(2)
 1410 08de 8083      		st Z,r24
 1411 08e0 0894      		sec
 1412 08e2 E11C      		adc r14,__zero_reg__
 1413 08e4 F11C      		adc r15,__zero_reg__
 1414 08e6 F701      		movw r30,r14
 1415 08e8 E00F      		add r30,r16
 1416 08ea F11F      		adc r31,r17
 1417 08ec 81E0      		ldi r24,lo8(1)
 1418 08ee 8083      		st Z,r24
 1419 08f0 0894      		sec
 1420 08f2 E11C      		adc r14,__zero_reg__
 1421 08f4 F11C      		adc r15,__zero_reg__
 1422 08f6 0E0D      		add r16,r14
GAS LISTING C:\WINDOWS\TEMP/ccra2jgb.s 			page 27


 1423 08f8 1F1D      		adc r17,r15
 1424 08fa 8091 0000 		lds r24,led4Value
 1425 08fe D7CF      		rjmp .L503
 1426               	.L379:
 1427 0900 0894      		sec
 1428 0902 E11C      		adc r14,__zero_reg__
 1429 0904 F11C      		adc r15,__zero_reg__
 1430 0906 F701      		movw r30,r14
 1431 0908 E00F      		add r30,r16
 1432 090a F11F      		adc r31,r17
 1433 090c 84E0      		ldi r24,lo8(4)
 1434 090e 8083      		st Z,r24
 1435 0910 6DE2      		ldi r22,lo8(301)
 1436 0912 C62E      		mov r12,r22
 1437 0914 61E0      		ldi r22,hi8(301)
 1438 0916 D62E      		mov r13,r22
 1439 0918 CC0E      		add r12,r28
 1440 091a DD1E      		adc r13,r29
 1441 091c 60E0      		ldi r22,lo8(led4Descr)
 1442 091e 70E0      		ldi r23,hi8(led4Descr)
 1443 0920 C601      		movw r24,r12
 1444 0922 0E94 0000 		call strcpy
 1445 0926 0894      		sec
 1446 0928 E11C      		adc r14,__zero_reg__
 1447 092a F11C      		adc r15,__zero_reg__
 1448 092c D701      		movw r26,r14
 1449 092e A00F      		add r26,r16
 1450 0930 B11F      		adc r27,r17
 1451 0932 F601      		movw r30,r12
 1452 0934 0190      		ld __tmp_reg__,Z+
 1453 0936 0020      		tst __tmp_reg__
 1454 0938 E9F7      		brne _PC_-6
 1455 093a 3197      		sbiw r30,1
 1456 093c EC19      		sub r30,r12
 1457 093e FD09      		sbc r31,r13
 1458 0940 EC93      		st X,r30
 1459 0942 F601      		movw r30,r12
 1460 0944 0190      		ld __tmp_reg__,Z+
 1461 0946 0020      		tst __tmp_reg__
 1462 0948 E9F7      		brne _PC_-6
 1463 094a 3197      		sbiw r30,1
 1464 094c 00E0      		ldi r16,lo8(0)
 1465 094e 10E0      		ldi r17,hi8(0)
 1466 0950 EC15      		cp r30,r12
 1467 0952 FD05      		cpc r31,r13
 1468 0954 09F4      		brne _PC_+2
 1469 0956 05CE      		rjmp .L330
 1470 0958 9601      		movw r18,r12
 1471               	.L384:
 1472 095a 0894      		sec
 1473 095c E11C      		adc r14,__zero_reg__
 1474 095e F11C      		adc r15,__zero_reg__
 1475 0960 F901      		movw r30,r18
 1476 0962 8191      		ld r24,Z+
 1477 0964 9F01      		movw r18,r30
 1478 0966 1196      		adiw r26,1
 1479 0968 8C93      		st X,r24
GAS LISTING C:\WINDOWS\TEMP/ccra2jgb.s 			page 28


 1480 096a 0F5F      		subi r16,lo8(-(1))
 1481 096c 1F4F      		sbci r17,hi8(-(1))
 1482 096e F601      		movw r30,r12
 1483 0970 0190      		ld __tmp_reg__,Z+
 1484 0972 0020      		tst __tmp_reg__
 1485 0974 E9F7      		brne _PC_-6
 1486 0976 3197      		sbiw r30,1
 1487 0978 EC19      		sub r30,r12
 1488 097a FD09      		sbc r31,r13
 1489 097c 0E17      		cp r16,r30
 1490 097e 1F07      		cpc r17,r31
 1491 0980 60F3      		brlo .L384
 1492 0982 EFCD      		rjmp .L330
 1493               	.L372:
 1494 0984 0894      		sec
 1495 0986 E11C      		adc r14,__zero_reg__
 1496 0988 F11C      		adc r15,__zero_reg__
 1497 098a F701      		movw r30,r14
 1498 098c E00F      		add r30,r16
 1499 098e F11F      		adc r31,r17
 1500 0990 84E0      		ldi r24,lo8(4)
 1501 0992 8083      		st Z,r24
 1502 0994 7DE2      		ldi r23,lo8(301)
 1503 0996 C72E      		mov r12,r23
 1504 0998 71E0      		ldi r23,hi8(301)
 1505 099a D72E      		mov r13,r23
 1506 099c CC0E      		add r12,r28
 1507 099e DD1E      		adc r13,r29
 1508 09a0 60E0      		ldi r22,lo8(led3Descr)
 1509 09a2 70E0      		ldi r23,hi8(led3Descr)
 1510 09a4 C601      		movw r24,r12
 1511 09a6 0E94 0000 		call strcpy
 1512 09aa 0894      		sec
 1513 09ac E11C      		adc r14,__zero_reg__
 1514 09ae F11C      		adc r15,__zero_reg__
 1515 09b0 D701      		movw r26,r14
 1516 09b2 A00F      		add r26,r16
 1517 09b4 B11F      		adc r27,r17
 1518 09b6 F601      		movw r30,r12
 1519 09b8 0190      		ld __tmp_reg__,Z+
 1520 09ba 0020      		tst __tmp_reg__
 1521 09bc E9F7      		brne _PC_-6
 1522 09be 3197      		sbiw r30,1
 1523 09c0 EC19      		sub r30,r12
 1524 09c2 FD09      		sbc r31,r13
 1525 09c4 EC93      		st X,r30
 1526 09c6 F601      		movw r30,r12
 1527 09c8 0190      		ld __tmp_reg__,Z+
 1528 09ca 0020      		tst __tmp_reg__
 1529 09cc E9F7      		brne _PC_-6
 1530 09ce 3197      		sbiw r30,1
 1531 09d0 00E0      		ldi r16,lo8(0)
 1532 09d2 10E0      		ldi r17,hi8(0)
 1533 09d4 EC15      		cp r30,r12
 1534 09d6 FD05      		cpc r31,r13
 1535 09d8 09F4      		brne _PC_+2
 1536 09da C3CD      		rjmp .L330
GAS LISTING C:\WINDOWS\TEMP/ccra2jgb.s 			page 29


 1537 09dc 9601      		movw r18,r12
 1538               	.L377:
 1539 09de 0894      		sec
 1540 09e0 E11C      		adc r14,__zero_reg__
 1541 09e2 F11C      		adc r15,__zero_reg__
 1542 09e4 F901      		movw r30,r18
 1543 09e6 8191      		ld r24,Z+
 1544 09e8 9F01      		movw r18,r30
 1545 09ea 1196      		adiw r26,1
 1546 09ec 8C93      		st X,r24
 1547 09ee 0F5F      		subi r16,lo8(-(1))
 1548 09f0 1F4F      		sbci r17,hi8(-(1))
 1549 09f2 F601      		movw r30,r12
 1550 09f4 0190      		ld __tmp_reg__,Z+
 1551 09f6 0020      		tst __tmp_reg__
 1552 09f8 E9F7      		brne _PC_-6
 1553 09fa 3197      		sbiw r30,1
 1554 09fc EC19      		sub r30,r12
 1555 09fe FD09      		sbc r31,r13
 1556 0a00 0E17      		cp r16,r30
 1557 0a02 1F07      		cpc r17,r31
 1558 0a04 60F3      		brlo .L377
 1559 0a06 ADCD      		rjmp .L330
 1560               	.L378:
 1561 0a08 0894      		sec
 1562 0a0a E11C      		adc r14,__zero_reg__
 1563 0a0c F11C      		adc r15,__zero_reg__
 1564 0a0e F701      		movw r30,r14
 1565 0a10 E00F      		add r30,r16
 1566 0a12 F11F      		adc r31,r17
 1567 0a14 82E0      		ldi r24,lo8(2)
 1568 0a16 8083      		st Z,r24
 1569 0a18 0894      		sec
 1570 0a1a E11C      		adc r14,__zero_reg__
 1571 0a1c F11C      		adc r15,__zero_reg__
 1572 0a1e F701      		movw r30,r14
 1573 0a20 E00F      		add r30,r16
 1574 0a22 F11F      		adc r31,r17
 1575 0a24 81E0      		ldi r24,lo8(1)
 1576 0a26 8083      		st Z,r24
 1577 0a28 0894      		sec
 1578 0a2a E11C      		adc r14,__zero_reg__
 1579 0a2c F11C      		adc r15,__zero_reg__
 1580 0a2e 0E0D      		add r16,r14
 1581 0a30 1F1D      		adc r17,r15
 1582 0a32 8091 0000 		lds r24,led3Value
 1583 0a36 3BCF      		rjmp .L503
 1584               	.L371:
 1585 0a38 0894      		sec
 1586 0a3a E11C      		adc r14,__zero_reg__
 1587 0a3c F11C      		adc r15,__zero_reg__
 1588 0a3e F701      		movw r30,r14
 1589 0a40 E00F      		add r30,r16
 1590 0a42 F11F      		adc r31,r17
 1591 0a44 82E0      		ldi r24,lo8(2)
 1592 0a46 8083      		st Z,r24
 1593 0a48 0894      		sec
GAS LISTING C:\WINDOWS\TEMP/ccra2jgb.s 			page 30


 1594 0a4a E11C      		adc r14,__zero_reg__
 1595 0a4c F11C      		adc r15,__zero_reg__
 1596 0a4e F701      		movw r30,r14
 1597 0a50 E00F      		add r30,r16
 1598 0a52 F11F      		adc r31,r17
 1599 0a54 81E0      		ldi r24,lo8(1)
 1600 0a56 8083      		st Z,r24
 1601 0a58 0894      		sec
 1602 0a5a E11C      		adc r14,__zero_reg__
 1603 0a5c F11C      		adc r15,__zero_reg__
 1604 0a5e 0E0D      		add r16,r14
 1605 0a60 1F1D      		adc r17,r15
 1606 0a62 8091 0000 		lds r24,led2Value
 1607 0a66 23CF      		rjmp .L503
 1608               	.L515:
 1609 0a68 81A1      		ldd r24,Z+33
 1610 0a6a 8130      		cpi r24,lo8(1)
 1611 0a6c 09F0      		breq _PC_+2
 1612 0a6e C0CD      		rjmp .L502
 1613 0a70 82A1      		ldd r24,Z+34
 1614 0a72 8730      		cpi r24,lo8(7)
 1615 0a74 09F0      		breq _PC_+2
 1616 0a76 BCCD      		rjmp .L502
 1617 0a78 83A1      		ldd r24,Z+35
 1618 0a7a 8130      		cpi r24,lo8(1)
 1619 0a7c 09F0      		breq _PC_+2
 1620 0a7e B8CD      		rjmp .L502
 1621 0a80 C3CD      		rjmp .L337
 1622               	.L335:
 1623 0a82 81A1      		ldd r24,Z+33
 1624 0a84 8130      		cpi r24,lo8(1)
 1625 0a86 49F0      		breq .L390
 1626 0a88 82E0      		ldi r24,lo8(2)
 1627 0a8a 90E0      		ldi r25,hi8(2)
 1628 0a8c 9093 0000 		sts (berin+25)+1,r25
 1629 0a90 8093 0000 		sts berin+25,r24
 1630 0a94 84E0      		ldi r24,lo8(4)
 1631 0a96 90E0      		ldi r25,hi8(4)
 1632 0a98 95CD      		rjmp .L504
 1633               	.L390:
 1634 0a9a 22A1      		ldd r18,Z+34
 1635 0a9c 2130      		cpi r18,lo8(1)
 1636 0a9e 49F0      		breq .L518
 1637               	.L509:
 1638 0aa0 82E0      		ldi r24,lo8(2)
 1639 0aa2 90E0      		ldi r25,hi8(2)
 1640 0aa4 9093 0000 		sts (berin+25)+1,r25
 1641 0aa8 8093 0000 		sts berin+25,r24
 1642 0aac 85E0      		ldi r24,lo8(5)
 1643 0aae 90E0      		ldi r25,hi8(5)
 1644 0ab0 89CD      		rjmp .L504
 1645               	.L518:
 1646 0ab2 84A1      		ldd r24,Z+36
 1647 0ab4 8823      		tst r24
 1648 0ab6 A1F7      		brne .L509
 1649 0ab8 83A1      		ldd r24,Z+35
 1650 0aba 9927      		clr r25
GAS LISTING C:\WINDOWS\TEMP/ccra2jgb.s 			page 31


 1651 0abc 8430      		cpi r24,4
 1652 0abe 9105      		cpc r25,__zero_reg__
 1653 0ac0 09F4      		brne _PC_+2
 1654 0ac2 2AC1      		rjmp .L405
 1655 0ac4 8530      		cpi r24,5
 1656 0ac6 9105      		cpc r25,__zero_reg__
 1657 0ac8 0CF0      		brlt _PC_+2
 1658 0aca 80C0      		rjmp .L426
 1659 0acc 8230      		cpi r24,2
 1660 0ace 9105      		cpc r25,__zero_reg__
 1661 0ad0 09F4      		brne _PC_+2
 1662 0ad2 6CC0      		rjmp .L403
 1663 0ad4 8330      		cpi r24,3
 1664 0ad6 9105      		cpc r25,__zero_reg__
 1665 0ad8 0CF0      		brlt _PC_+2
 1666 0ada 4DC0      		rjmp .L404
 1667 0adc 0197      		sbiw r24,1
 1668 0ade 49F0      		breq .L397
 1669               	.L424:
 1670 0ae0 82E0      		ldi r24,lo8(2)
 1671 0ae2 90E0      		ldi r25,hi8(2)
 1672 0ae4 9093 0000 		sts (berin+25)+1,r25
 1673 0ae8 8093 0000 		sts berin+25,r24
 1674 0aec 86E0      		ldi r24,lo8(6)
 1675 0aee 90E0      		ldi r25,hi8(6)
 1676 0af0 69CD      		rjmp .L504
 1677               	.L397:
 1678 0af2 0894      		sec
 1679 0af4 E11C      		adc r14,__zero_reg__
 1680 0af6 F11C      		adc r15,__zero_reg__
 1681 0af8 F701      		movw r30,r14
 1682 0afa E00F      		add r30,r16
 1683 0afc F11F      		adc r31,r17
 1684 0afe 84E0      		ldi r24,lo8(4)
 1685 0b00 8083      		st Z,r24
 1686 0b02 5DE2      		ldi r21,lo8(301)
 1687 0b04 C52E      		mov r12,r21
 1688 0b06 51E0      		ldi r21,hi8(301)
 1689 0b08 D52E      		mov r13,r21
 1690 0b0a CC0E      		add r12,r28
 1691 0b0c DD1E      		adc r13,r29
 1692 0b0e 60E0      		ldi r22,lo8(sysDescr)
 1693 0b10 70E0      		ldi r23,hi8(sysDescr)
 1694 0b12 C601      		movw r24,r12
 1695 0b14 0E94 0000 		call strcpy
 1696 0b18 0894      		sec
 1697 0b1a E11C      		adc r14,__zero_reg__
 1698 0b1c F11C      		adc r15,__zero_reg__
 1699 0b1e D701      		movw r26,r14
 1700 0b20 A00F      		add r26,r16
 1701 0b22 B11F      		adc r27,r17
 1702 0b24 F601      		movw r30,r12
 1703 0b26 0190      		ld __tmp_reg__,Z+
 1704 0b28 0020      		tst __tmp_reg__
 1705 0b2a E9F7      		brne _PC_-6
 1706 0b2c 3197      		sbiw r30,1
 1707 0b2e EC19      		sub r30,r12
GAS LISTING C:\WINDOWS\TEMP/ccra2jgb.s 			page 32


 1708 0b30 FD09      		sbc r31,r13
 1709 0b32 EC93      		st X,r30
 1710 0b34 F601      		movw r30,r12
 1711 0b36 0190      		ld __tmp_reg__,Z+
 1712 0b38 0020      		tst __tmp_reg__
 1713 0b3a E9F7      		brne _PC_-6
 1714 0b3c 3197      		sbiw r30,1
 1715 0b3e 00E0      		ldi r16,lo8(0)
 1716 0b40 10E0      		ldi r17,hi8(0)
 1717 0b42 EC15      		cp r30,r12
 1718 0b44 FD05      		cpc r31,r13
 1719 0b46 09F4      		brne _PC_+2
 1720 0b48 0CCD      		rjmp .L330
 1721 0b4a 9601      		movw r18,r12
 1722               	.L402:
 1723 0b4c 0894      		sec
 1724 0b4e E11C      		adc r14,__zero_reg__
 1725 0b50 F11C      		adc r15,__zero_reg__
 1726 0b52 F901      		movw r30,r18
 1727 0b54 8191      		ld r24,Z+
 1728 0b56 9F01      		movw r18,r30
 1729 0b58 1196      		adiw r26,1
 1730 0b5a 8C93      		st X,r24
 1731 0b5c 0F5F      		subi r16,lo8(-(1))
 1732 0b5e 1F4F      		sbci r17,hi8(-(1))
 1733 0b60 F601      		movw r30,r12
 1734 0b62 0190      		ld __tmp_reg__,Z+
 1735 0b64 0020      		tst __tmp_reg__
 1736 0b66 E9F7      		brne _PC_-6
 1737 0b68 3197      		sbiw r30,1
 1738 0b6a EC19      		sub r30,r12
 1739 0b6c FD09      		sbc r31,r13
 1740 0b6e 0E17      		cp r16,r30
 1741 0b70 1F07      		cpc r17,r31
 1742 0b72 60F3      		brlo .L402
 1743 0b74 F6CC      		rjmp .L330
 1744               	.L404:
 1745 0b76 0894      		sec
 1746 0b78 E11C      		adc r14,__zero_reg__
 1747 0b7a F11C      		adc r15,__zero_reg__
 1748 0b7c F701      		movw r30,r14
 1749 0b7e E00F      		add r30,r16
 1750 0b80 F11F      		adc r31,r17
 1751 0b82 83E4      		ldi r24,lo8(67)
 1752 0b84 8083      		st Z,r24
 1753 0b86 0894      		sec
 1754 0b88 E11C      		adc r14,__zero_reg__
 1755 0b8a F11C      		adc r15,__zero_reg__
 1756 0b8c F701      		movw r30,r14
 1757 0b8e E00F      		add r30,r16
 1758 0b90 F11F      		adc r31,r17
 1759 0b92 2083      		st Z,r18
 1760 0b94 0894      		sec
 1761 0b96 E11C      		adc r14,__zero_reg__
 1762 0b98 F11C      		adc r15,__zero_reg__
 1763 0b9a 0E0D      		add r16,r14
 1764 0b9c 1F1D      		adc r17,r15
GAS LISTING C:\WINDOWS\TEMP/ccra2jgb.s 			page 33


 1765 0b9e 0E94 0000 		call NutHeapAvailable
 1766 0ba2 9093 0000 		sts (sysUpTime)+1,r25
 1767 0ba6 8093 0000 		sts sysUpTime,r24
 1768 0baa 81CE      		rjmp .L503
 1769               	.L403:
 1770 0bac 0894      		sec
 1771 0bae E11C      		adc r14,__zero_reg__
 1772 0bb0 F11C      		adc r15,__zero_reg__
 1773 0bb2 F701      		movw r30,r14
 1774 0bb4 E00F      		add r30,r16
 1775 0bb6 F11F      		adc r31,r17
 1776 0bb8 85E0      		ldi r24,lo8(5)
 1777 0bba 8083      		st Z,r24
 1778 0bbc 0894      		sec
 1779 0bbe E11C      		adc r14,__zero_reg__
 1780 0bc0 F11C      		adc r15,__zero_reg__
 1781 0bc2 0E0D      		add r16,r14
 1782 0bc4 1F1D      		adc r17,r15
 1783 0bc6 F801      		movw r30,r16
 1784 0bc8 1082      		st Z,__zero_reg__
 1785 0bca CBCC      		rjmp .L330
 1786               	.L426:
 1787 0bcc 8630      		cpi r24,6
 1788 0bce 9105      		cpc r25,__zero_reg__
 1789 0bd0 09F4      		brne _PC_+2
 1790 0bd2 60C0      		rjmp .L417
 1791 0bd4 8630      		cpi r24,6
 1792 0bd6 9105      		cpc r25,__zero_reg__
 1793 0bd8 DCF0      		brlt .L411
 1794 0bda 0797      		sbiw r24,7
 1795 0bdc 09F0      		breq _PC_+2
 1796 0bde 80CF      		rjmp .L424
 1797 0be0 0894      		sec
 1798 0be2 E11C      		adc r14,__zero_reg__
 1799 0be4 F11C      		adc r15,__zero_reg__
 1800 0be6 F701      		movw r30,r14
 1801 0be8 E00F      		add r30,r16
 1802 0bea F11F      		adc r31,r17
 1803 0bec 83E4      		ldi r24,lo8(67)
 1804 0bee 8083      		st Z,r24
 1805 0bf0 0894      		sec
 1806 0bf2 E11C      		adc r14,__zero_reg__
 1807 0bf4 F11C      		adc r15,__zero_reg__
 1808 0bf6 F701      		movw r30,r14
 1809 0bf8 E00F      		add r30,r16
 1810 0bfa F11F      		adc r31,r17
 1811 0bfc 81E0      		ldi r24,lo8(1)
 1812 0bfe 8083      		st Z,r24
 1813 0c00 0894      		sec
 1814 0c02 E11C      		adc r14,__zero_reg__
 1815 0c04 F11C      		adc r15,__zero_reg__
 1816 0c06 0E0D      		add r16,r14
 1817 0c08 1F1D      		adc r17,r15
 1818 0c0a 8091 0000 		lds r24,sysServ
 1819 0c0e 4FCE      		rjmp .L503
 1820               	.L411:
 1821 0c10 0894      		sec
GAS LISTING C:\WINDOWS\TEMP/ccra2jgb.s 			page 34


 1822 0c12 E11C      		adc r14,__zero_reg__
 1823 0c14 F11C      		adc r15,__zero_reg__
 1824 0c16 F701      		movw r30,r14
 1825 0c18 E00F      		add r30,r16
 1826 0c1a F11F      		adc r31,r17
 1827 0c1c 84E0      		ldi r24,lo8(4)
 1828 0c1e 8083      		st Z,r24
 1829 0c20 3DE2      		ldi r19,lo8(301)
 1830 0c22 C32E      		mov r12,r19
 1831 0c24 31E0      		ldi r19,hi8(301)
 1832 0c26 D32E      		mov r13,r19
 1833 0c28 CC0E      		add r12,r28
 1834 0c2a DD1E      		adc r13,r29
 1835 0c2c 60E0      		ldi r22,lo8(sysName)
 1836 0c2e 70E0      		ldi r23,hi8(sysName)
 1837 0c30 C601      		movw r24,r12
 1838 0c32 0E94 0000 		call strcpy
 1839 0c36 0894      		sec
 1840 0c38 E11C      		adc r14,__zero_reg__
 1841 0c3a F11C      		adc r15,__zero_reg__
 1842 0c3c D701      		movw r26,r14
 1843 0c3e A00F      		add r26,r16
 1844 0c40 B11F      		adc r27,r17
 1845 0c42 F601      		movw r30,r12
 1846 0c44 0190      		ld __tmp_reg__,Z+
 1847 0c46 0020      		tst __tmp_reg__
 1848 0c48 E9F7      		brne _PC_-6
 1849 0c4a 3197      		sbiw r30,1
 1850 0c4c EC19      		sub r30,r12
 1851 0c4e FD09      		sbc r31,r13
 1852 0c50 EC93      		st X,r30
 1853 0c52 F601      		movw r30,r12
 1854 0c54 0190      		ld __tmp_reg__,Z+
 1855 0c56 0020      		tst __tmp_reg__
 1856 0c58 E9F7      		brne _PC_-6
 1857 0c5a 3197      		sbiw r30,1
 1858 0c5c 00E0      		ldi r16,lo8(0)
 1859 0c5e 10E0      		ldi r17,hi8(0)
 1860 0c60 EC15      		cp r30,r12
 1861 0c62 FD05      		cpc r31,r13
 1862 0c64 09F4      		brne _PC_+2
 1863 0c66 7DCC      		rjmp .L330
 1864 0c68 9601      		movw r18,r12
 1865               	.L416:
 1866 0c6a 0894      		sec
 1867 0c6c E11C      		adc r14,__zero_reg__
 1868 0c6e F11C      		adc r15,__zero_reg__
 1869 0c70 F901      		movw r30,r18
 1870 0c72 8191      		ld r24,Z+
 1871 0c74 9F01      		movw r18,r30
 1872 0c76 1196      		adiw r26,1
 1873 0c78 8C93      		st X,r24
 1874 0c7a 0F5F      		subi r16,lo8(-(1))
 1875 0c7c 1F4F      		sbci r17,hi8(-(1))
 1876 0c7e F601      		movw r30,r12
 1877 0c80 0190      		ld __tmp_reg__,Z+
 1878 0c82 0020      		tst __tmp_reg__
GAS LISTING C:\WINDOWS\TEMP/ccra2jgb.s 			page 35


 1879 0c84 E9F7      		brne _PC_-6
 1880 0c86 3197      		sbiw r30,1
 1881 0c88 EC19      		sub r30,r12
 1882 0c8a FD09      		sbc r31,r13
 1883 0c8c 0E17      		cp r16,r30
 1884 0c8e 1F07      		cpc r17,r31
 1885 0c90 60F3      		brlo .L416
 1886 0c92 67CC      		rjmp .L330
 1887               	.L417:
 1888 0c94 0894      		sec
 1889 0c96 E11C      		adc r14,__zero_reg__
 1890 0c98 F11C      		adc r15,__zero_reg__
 1891 0c9a F701      		movw r30,r14
 1892 0c9c E00F      		add r30,r16
 1893 0c9e F11F      		adc r31,r17
 1894 0ca0 84E0      		ldi r24,lo8(4)
 1895 0ca2 8083      		st Z,r24
 1896 0ca4 2DE2      		ldi r18,lo8(301)
 1897 0ca6 C22E      		mov r12,r18
 1898 0ca8 21E0      		ldi r18,hi8(301)
 1899 0caa D22E      		mov r13,r18
 1900 0cac CC0E      		add r12,r28
 1901 0cae DD1E      		adc r13,r29
 1902 0cb0 60E0      		ldi r22,lo8(sysLocate)
 1903 0cb2 70E0      		ldi r23,hi8(sysLocate)
 1904 0cb4 C601      		movw r24,r12
 1905 0cb6 0E94 0000 		call strcpy
 1906 0cba 0894      		sec
 1907 0cbc E11C      		adc r14,__zero_reg__
 1908 0cbe F11C      		adc r15,__zero_reg__
 1909 0cc0 D701      		movw r26,r14
 1910 0cc2 A00F      		add r26,r16
 1911 0cc4 B11F      		adc r27,r17
 1912 0cc6 F601      		movw r30,r12
 1913 0cc8 0190      		ld __tmp_reg__,Z+
 1914 0cca 0020      		tst __tmp_reg__
 1915 0ccc E9F7      		brne _PC_-6
 1916 0cce 3197      		sbiw r30,1
 1917 0cd0 EC19      		sub r30,r12
 1918 0cd2 FD09      		sbc r31,r13
 1919 0cd4 EC93      		st X,r30
 1920 0cd6 F601      		movw r30,r12
 1921 0cd8 0190      		ld __tmp_reg__,Z+
 1922 0cda 0020      		tst __tmp_reg__
 1923 0cdc E9F7      		brne _PC_-6
 1924 0cde 3197      		sbiw r30,1
 1925 0ce0 00E0      		ldi r16,lo8(0)
 1926 0ce2 10E0      		ldi r17,hi8(0)
 1927 0ce4 EC15      		cp r30,r12
 1928 0ce6 FD05      		cpc r31,r13
 1929 0ce8 09F4      		brne _PC_+2
 1930 0cea 3BCC      		rjmp .L330
 1931 0cec 9601      		movw r18,r12
 1932               	.L422:
 1933 0cee 0894      		sec
 1934 0cf0 E11C      		adc r14,__zero_reg__
 1935 0cf2 F11C      		adc r15,__zero_reg__
GAS LISTING C:\WINDOWS\TEMP/ccra2jgb.s 			page 36


 1936 0cf4 F901      		movw r30,r18
 1937 0cf6 8191      		ld r24,Z+
 1938 0cf8 9F01      		movw r18,r30
 1939 0cfa 1196      		adiw r26,1
 1940 0cfc 8C93      		st X,r24
 1941 0cfe 0F5F      		subi r16,lo8(-(1))
 1942 0d00 1F4F      		sbci r17,hi8(-(1))
 1943 0d02 F601      		movw r30,r12
 1944 0d04 0190      		ld __tmp_reg__,Z+
 1945 0d06 0020      		tst __tmp_reg__
 1946 0d08 E9F7      		brne _PC_-6
 1947 0d0a 3197      		sbiw r30,1
 1948 0d0c EC19      		sub r30,r12
 1949 0d0e FD09      		sbc r31,r13
 1950 0d10 0E17      		cp r16,r30
 1951 0d12 1F07      		cpc r17,r31
 1952 0d14 60F3      		brlo .L422
 1953 0d16 25CC      		rjmp .L330
 1954               	.L405:
 1955 0d18 0894      		sec
 1956 0d1a E11C      		adc r14,__zero_reg__
 1957 0d1c F11C      		adc r15,__zero_reg__
 1958 0d1e F701      		movw r30,r14
 1959 0d20 E00F      		add r30,r16
 1960 0d22 F11F      		adc r31,r17
 1961 0d24 84E0      		ldi r24,lo8(4)
 1962 0d26 8083      		st Z,r24
 1963 0d28 4DE2      		ldi r20,lo8(301)
 1964 0d2a C42E      		mov r12,r20
 1965 0d2c 41E0      		ldi r20,hi8(301)
 1966 0d2e D42E      		mov r13,r20
 1967 0d30 CC0E      		add r12,r28
 1968 0d32 DD1E      		adc r13,r29
 1969 0d34 60E0      		ldi r22,lo8(sysContact)
 1970 0d36 70E0      		ldi r23,hi8(sysContact)
 1971 0d38 C601      		movw r24,r12
 1972 0d3a 0E94 0000 		call strcpy
 1973 0d3e 0894      		sec
 1974 0d40 E11C      		adc r14,__zero_reg__
 1975 0d42 F11C      		adc r15,__zero_reg__
 1976 0d44 D701      		movw r26,r14
 1977 0d46 A00F      		add r26,r16
 1978 0d48 B11F      		adc r27,r17
 1979 0d4a F601      		movw r30,r12
 1980 0d4c 0190      		ld __tmp_reg__,Z+
 1981 0d4e 0020      		tst __tmp_reg__
 1982 0d50 E9F7      		brne _PC_-6
 1983 0d52 3197      		sbiw r30,1
 1984 0d54 EC19      		sub r30,r12
 1985 0d56 FD09      		sbc r31,r13
 1986 0d58 EC93      		st X,r30
 1987 0d5a F601      		movw r30,r12
 1988 0d5c 0190      		ld __tmp_reg__,Z+
 1989 0d5e 0020      		tst __tmp_reg__
 1990 0d60 E9F7      		brne _PC_-6
 1991 0d62 3197      		sbiw r30,1
 1992 0d64 00E0      		ldi r16,lo8(0)
GAS LISTING C:\WINDOWS\TEMP/ccra2jgb.s 			page 37


 1993 0d66 10E0      		ldi r17,hi8(0)
 1994 0d68 EC15      		cp r30,r12
 1995 0d6a FD05      		cpc r31,r13
 1996 0d6c 09F4      		brne _PC_+2
 1997 0d6e F9CB      		rjmp .L330
 1998 0d70 9601      		movw r18,r12
 1999               	.L410:
 2000 0d72 0894      		sec
 2001 0d74 E11C      		adc r14,__zero_reg__
 2002 0d76 F11C      		adc r15,__zero_reg__
 2003 0d78 F901      		movw r30,r18
 2004 0d7a 8191      		ld r24,Z+
 2005 0d7c 9F01      		movw r18,r30
 2006 0d7e 1196      		adiw r26,1
 2007 0d80 8C93      		st X,r24
 2008 0d82 0F5F      		subi r16,lo8(-(1))
 2009 0d84 1F4F      		sbci r17,hi8(-(1))
 2010 0d86 F601      		movw r30,r12
 2011 0d88 0190      		ld __tmp_reg__,Z+
 2012 0d8a 0020      		tst __tmp_reg__
 2013 0d8c E9F7      		brne _PC_-6
 2014 0d8e 3197      		sbiw r30,1
 2015 0d90 EC19      		sub r30,r12
 2016 0d92 FD09      		sbc r31,r13
 2017 0d94 0E17      		cp r16,r30
 2018 0d96 1F07      		cpc r17,r31
 2019 0d98 60F3      		brlo .L410
 2020 0d9a E3CB      		rjmp .L330
 2021               	.L513:
 2022 0d9c 89E1      		ldi r24,lo8(25)
 2023 0d9e 90E0      		ldi r25,hi8(25)
 2024 0da0 9093 0000 		sts (berin+25)+1,r25
 2025 0da4 8093 0000 		sts berin+25,r24
 2026 0da8 81E0      		ldi r24,lo8(1)
 2027 0daa 90E0      		ldi r25,hi8(1)
 2028 0dac 9093 0000 		sts (berin+27)+1,r25
 2029 0db0 8093 0000 		sts berin+27,r24
 2030 0db4 E80E      		add r14,r24
 2031 0db6 F91E      		adc r15,r25
 2032 0db8 9E01      		movw r18,r28
 2033 0dba 280F      		add r18,r24
 2034 0dbc 391F      		adc r19,r25
 2035 0dbe F701      		movw r30,r14
 2036 0dc0 E20F      		add r30,r18
 2037 0dc2 F31F      		adc r31,r19
 2038 0dc4 80E3      		ldi r24,lo8(48)
 2039 0dc6 8083      		st Z,r24
 2040 0dc8 0894      		sec
 2041 0dca E11C      		adc r14,__zero_reg__
 2042 0dcc F11C      		adc r15,__zero_reg__
 2043 0dce 1701      		movw r2,r14
 2044 0dd0 0894      		sec
 2045 0dd2 611C      		adc r6,__zero_reg__
 2046 0dd4 711C      		adc r7,__zero_reg__
 2047 0dd6 0894      		sec
 2048 0dd8 E11C      		adc r14,__zero_reg__
 2049 0dda F11C      		adc r15,__zero_reg__
GAS LISTING C:\WINDOWS\TEMP/ccra2jgb.s 			page 38


 2050 0ddc F701      		movw r30,r14
 2051 0dde E20F      		add r30,r18
 2052 0de0 F31F      		adc r31,r19
 2053 0de2 86E0      		ldi r24,lo8(6)
 2054 0de4 8083      		st Z,r24
 2055 0de6 0894      		sec
 2056 0de8 E11C      		adc r14,__zero_reg__
 2057 0dea F11C      		adc r15,__zero_reg__
 2058 0dec 2E0D      		add r18,r14
 2059 0dee 3F1D      		adc r19,r15
 2060 0df0 6CE3      		ldi r22,lo8(60)
 2061 0df2 70E0      		ldi r23,hi8(60)
 2062 0df4 669E      		mul r6,r22
 2063 0df6 D001      		movw r26,r0
 2064 0df8 679E      		mul r6,r23
 2065 0dfa B00D      		add r27,r0
 2066 0dfc 769E      		mul r7,r22
 2067 0dfe B00D      		add r27,r0
 2068 0e00 1124      		clr r1
 2069 0e02 CD01      		movw r24,r26
 2070 0e04 8050      		subi r24,lo8(-(berin+29))
 2071 0e06 9040      		sbci r25,hi8(-(berin+29))
 2072 0e08 FC01      		movw r30,r24
 2073 0e0a 0190      		ld __tmp_reg__,Z+
 2074 0e0c 0020      		tst __tmp_reg__
 2075 0e0e E9F7      		brne _PC_-6
 2076 0e10 3197      		sbiw r30,1
 2077 0e12 E81B      		sub r30,r24
 2078 0e14 F90B      		sbc r31,r25
 2079 0e16 8E2F      		mov r24,r30
 2080 0e18 8F5F      		subi r24,lo8(-(1))
 2081 0e1a F901      		movw r30,r18
 2082 0e1c 8083      		st Z,r24
 2083 0e1e 0894      		sec
 2084 0e20 411C      		adc r4,__zero_reg__
 2085 0e22 511C      		adc r5,__zero_reg__
 2086 0e24 A40D      		add r26,r4
 2087 0e26 B51D      		adc r27,r5
 2088 0e28 A050      		subi r26,lo8(-(berin))
 2089 0e2a B040      		sbci r27,hi8(-(berin))
 2090 0e2c 5D96      		adiw r26,29
 2091 0e2e 8C91      		ld r24,X
 2092 0e30 8823      		tst r24
 2093 0e32 11F1      		breq .L485
 2094 0e34 A901      		movw r20,r18
 2095               	.L319:
 2096 0e36 0894      		sec
 2097 0e38 E11C      		adc r14,__zero_reg__
 2098 0e3a F11C      		adc r15,__zero_reg__
 2099 0e3c 20E0      		ldi r18,lo8(berin)
 2100 0e3e 30E0      		ldi r19,hi8(berin)
 2101 0e40 669E      		mul r6,r22
 2102 0e42 D001      		movw r26,r0
 2103 0e44 679E      		mul r6,r23
 2104 0e46 B00D      		add r27,r0
 2105 0e48 769E      		mul r7,r22
 2106 0e4a B00D      		add r27,r0
GAS LISTING C:\WINDOWS\TEMP/ccra2jgb.s 			page 39


 2107 0e4c 1124      		clr r1
 2108 0e4e FD01      		movw r30,r26
 2109 0e50 E40D      		add r30,r4
 2110 0e52 F51D      		adc r31,r5
 2111 0e54 E20F      		add r30,r18
 2112 0e56 F31F      		adc r31,r19
 2113 0e58 858D      		ldd r24,Z+29
 2114 0e5a 4F5F      		subi r20,lo8(-(1))
 2115 0e5c 5F4F      		sbci r21,hi8(-(1))
 2116 0e5e FA01      		movw r30,r20
 2117 0e60 8083      		st Z,r24
 2118 0e62 0894      		sec
 2119 0e64 411C      		adc r4,__zero_reg__
 2120 0e66 511C      		adc r5,__zero_reg__
 2121 0e68 A40D      		add r26,r4
 2122 0e6a B51D      		adc r27,r5
 2123 0e6c A20F      		add r26,r18
 2124 0e6e B31F      		adc r27,r19
 2125 0e70 5D96      		adiw r26,29
 2126 0e72 8C91      		ld r24,X
 2127 0e74 8823      		tst r24
 2128 0e76 F9F6      		brne .L319
 2129               	.L485:
 2130 0e78 0894      		sec
 2131 0e7a E11C      		adc r14,__zero_reg__
 2132 0e7c F11C      		adc r15,__zero_reg__
 2133 0e7e DE01      		movw r26,r28
 2134 0e80 1196      		adiw r26,1
 2135 0e82 F701      		movw r30,r14
 2136 0e84 EA0F      		add r30,r26
 2137 0e86 FB1F      		adc r31,r27
 2138 0e88 1082      		st Z,__zero_reg__
 2139 0e8a 0894      		sec
 2140 0e8c E11C      		adc r14,__zero_reg__
 2141 0e8e F11C      		adc r15,__zero_reg__
 2142 0e90 F701      		movw r30,r14
 2143 0e92 EA0F      		add r30,r26
 2144 0e94 FB1F      		adc r31,r27
 2145 0e96 85E0      		ldi r24,lo8(5)
 2146 0e98 8083      		st Z,r24
 2147 0e9a 0894      		sec
 2148 0e9c E11C      		adc r14,__zero_reg__
 2149 0e9e F11C      		adc r15,__zero_reg__
 2150 0ea0 F701      		movw r30,r14
 2151 0ea2 EA0F      		add r30,r26
 2152 0ea4 FB1F      		adc r31,r27
 2153 0ea6 1082      		st Z,__zero_reg__
 2154 0ea8 A20D      		add r26,r2
 2155 0eaa B31D      		adc r27,r3
 2156 0eac 8E2D      		mov r24,r14
 2157 0eae 8219      		sub r24,r2
 2158 0eb0 8C93      		st X,r24
 2159 0eb2 8ACA      		rjmp .L314
 2160               	.L511:
 2161 0eb4 0894      		sec
 2162 0eb6 E11C      		adc r14,__zero_reg__
 2163 0eb8 F11C      		adc r15,__zero_reg__
GAS LISTING C:\WINDOWS\TEMP/ccra2jgb.s 			page 40


 2164 0eba DE01      		movw r26,r28
 2165 0ebc 1196      		adiw r26,1
 2166 0ebe F701      		movw r30,r14
 2167 0ec0 EA0F      		add r30,r26
 2168 0ec2 FB1F      		adc r31,r27
 2169 0ec4 80E3      		ldi r24,lo8(48)
 2170 0ec6 8083      		st Z,r24
 2171 0ec8 0894      		sec
 2172 0eca E11C      		adc r14,__zero_reg__
 2173 0ecc F11C      		adc r15,__zero_reg__
 2174 0ece 1701      		movw r2,r14
 2175 0ed0 0894      		sec
 2176 0ed2 E11C      		adc r14,__zero_reg__
 2177 0ed4 F11C      		adc r15,__zero_reg__
 2178 0ed6 AE0D      		add r26,r14
 2179 0ed8 BF1D      		adc r27,r15
 2180 0eda 86E0      		ldi r24,lo8(6)
 2181 0edc 8C93      		st X,r24
 2182 0ede 4424      		clr r4
 2183 0ee0 5524      		clr r5
 2184 0ee2 3201      		movw r6,r4
 2185 0ee4 8091 0000 		lds r24,berin+579
 2186 0ee8 9091 0000 		lds r25,(berin+579)+1
 2187 0eec 4816      		cp r4,r24
 2188 0eee 5906      		cpc r5,r25
 2189 0ef0 0CF0      		brlt _PC_+2
 2190 0ef2 63CA      		rjmp .L226
 2191               	.L313:
 2192 0ef4 0497      		sbiw r24,4
 2193 0ef6 34F0      		brlt .L230
 2194 0ef8 82E0      		ldi r24,lo8(2)
 2195 0efa 90E0      		ldi r25,hi8(2)
 2196 0efc 9093 0000 		sts (berin+579)+1,r25
 2197 0f00 8093 0000 		sts berin+579,r24
 2198               	.L230:
 2199 0f04 0894      		sec
 2200 0f06 611C      		adc r6,__zero_reg__
 2201 0f08 711C      		adc r7,__zero_reg__
 2202 0f0a 20E0      		ldi r18,lo8(0)
 2203 0f0c 30E0      		ldi r19,hi8(0)
 2204 0f0e 8CE3      		ldi r24,lo8(60)
 2205 0f10 90E0      		ldi r25,hi8(60)
 2206 0f12 689E      		mul r6,r24
 2207 0f14 F001      		movw r30,r0
 2208 0f16 699E      		mul r6,r25
 2209 0f18 F00D      		add r31,r0
 2210 0f1a 789E      		mul r7,r24
 2211 0f1c F00D      		add r31,r0
 2212 0f1e 1124      		clr r1
 2213 0f20 E050      		subi r30,lo8(-(berin))
 2214 0f22 F040      		sbci r31,hi8(-(berin))
 2215 0f24 858D      		ldd r24,Z+29
 2216 0f26 8B32      		cpi r24,lo8(43)
 2217 0f28 09F4      		brne _PC_+2
 2218 0f2a ADC3      		rjmp .L519
 2219               	.L232:
 2220 0f2c 40E0      		ldi r20,lo8(0)
GAS LISTING C:\WINDOWS\TEMP/ccra2jgb.s 			page 41


 2221 0f2e 50E0      		ldi r21,hi8(0)
 2222 0f30 868D      		ldd r24,Z+30
 2223 0f32 8630      		cpi r24,lo8(6)
 2224 0f34 09F0      		breq .L233
 2225 0f36 41E0      		ldi r20,lo8(1) ; reg_was_0
 2226               	.L233:
 2227 0f38 2423      		and r18,r20
 2228 0f3a 3523      		and r19,r21
 2229 0f3c 232B      		or r18,r19
 2230 0f3e 09F4      		brne _PC_+2
 2231 0f40 A2C0      		rjmp .L231
 2232 0f42 0894      		sec
 2233 0f44 E11C      		adc r14,__zero_reg__
 2234 0f46 F11C      		adc r15,__zero_reg__
 2235 0f48 DE01      		movw r26,r28
 2236 0f4a 1196      		adiw r26,1
 2237 0f4c AE0D      		add r26,r14
 2238 0f4e BF1D      		adc r27,r15
 2239 0f50 20E0      		ldi r18,lo8(sysDescrID)
 2240 0f52 30E0      		ldi r19,hi8(sysDescrID)
 2241 0f54 F901      		movw r30,r18
 2242 0f56 0190      		ld __tmp_reg__,Z+
 2243 0f58 0020      		tst __tmp_reg__
 2244 0f5a E9F7      		brne _PC_-6
 2245 0f5c 3197      		sbiw r30,1
 2246 0f5e E21B      		sub r30,r18
 2247 0f60 F30B      		sbc r31,r19
 2248 0f62 8E2F      		mov r24,r30
 2249 0f64 8F5F      		subi r24,lo8(-(1))
 2250 0f66 8C93      		st X,r24
 2251 0f68 F901      		movw r30,r18
 2252 0f6a 0190      		ld __tmp_reg__,Z+
 2253 0f6c 0020      		tst __tmp_reg__
 2254 0f6e E9F7      		brne _PC_-6
 2255 0f70 3197      		sbiw r30,1
 2256 0f72 00E0      		ldi r16,lo8(0)
 2257 0f74 10E0      		ldi r17,hi8(0)
 2258 0f76 E217      		cp r30,r18
 2259 0f78 F307      		cpc r31,r19
 2260 0f7a A9F0      		breq .L465
 2261 0f7c A901      		movw r20,r18
 2262               	.L238:
 2263 0f7e 0894      		sec
 2264 0f80 E11C      		adc r14,__zero_reg__
 2265 0f82 F11C      		adc r15,__zero_reg__
 2266 0f84 FA01      		movw r30,r20
 2267 0f86 8191      		ld r24,Z+
 2268 0f88 AF01      		movw r20,r30
 2269 0f8a 1196      		adiw r26,1
 2270 0f8c 8C93      		st X,r24
 2271 0f8e 0F5F      		subi r16,lo8(-(1))
 2272 0f90 1F4F      		sbci r17,hi8(-(1))
 2273 0f92 F901      		movw r30,r18
 2274 0f94 0190      		ld __tmp_reg__,Z+
 2275 0f96 0020      		tst __tmp_reg__
 2276 0f98 E9F7      		brne _PC_-6
 2277 0f9a 3197      		sbiw r30,1
GAS LISTING C:\WINDOWS\TEMP/ccra2jgb.s 			page 42


 2278 0f9c E21B      		sub r30,r18
 2279 0f9e F30B      		sbc r31,r19
 2280 0fa0 0E17      		cp r16,r30
 2281 0fa2 1F07      		cpc r17,r31
 2282 0fa4 60F3      		brlo .L238
 2283               	.L465:
 2284 0fa6 0894      		sec
 2285 0fa8 E11C      		adc r14,__zero_reg__
 2286 0faa F11C      		adc r15,__zero_reg__
 2287 0fac 8E01      		movw r16,r28
 2288 0fae 0F5F      		subi r16,lo8(-(1))
 2289 0fb0 1F4F      		sbci r17,hi8(-(1))
 2290 0fb2 F701      		movw r30,r14
 2291 0fb4 E00F      		add r30,r16
 2292 0fb6 F11F      		adc r31,r17
 2293 0fb8 1082      		st Z,__zero_reg__
 2294 0fba 0894      		sec
 2295 0fbc E11C      		adc r14,__zero_reg__
 2296 0fbe F11C      		adc r15,__zero_reg__
 2297 0fc0 F701      		movw r30,r14
 2298 0fc2 E00F      		add r30,r16
 2299 0fc4 F11F      		adc r31,r17
 2300 0fc6 84E0      		ldi r24,lo8(4)
 2301 0fc8 8083      		st Z,r24
 2302 0fca 3DE2      		ldi r19,lo8(301)
 2303 0fcc C32E      		mov r12,r19
 2304 0fce 31E0      		ldi r19,hi8(301)
 2305 0fd0 D32E      		mov r13,r19
 2306 0fd2 CC0E      		add r12,r28
 2307 0fd4 DD1E      		adc r13,r29
 2308 0fd6 60E0      		ldi r22,lo8(sysDescr)
 2309 0fd8 70E0      		ldi r23,hi8(sysDescr)
 2310 0fda C601      		movw r24,r12
 2311 0fdc 0E94 0000 		call strcpy
 2312 0fe0 0894      		sec
 2313 0fe2 E11C      		adc r14,__zero_reg__
 2314 0fe4 F11C      		adc r15,__zero_reg__
 2315 0fe6 D701      		movw r26,r14
 2316 0fe8 A00F      		add r26,r16
 2317 0fea B11F      		adc r27,r17
 2318 0fec F601      		movw r30,r12
 2319 0fee 0190      		ld __tmp_reg__,Z+
 2320 0ff0 0020      		tst __tmp_reg__
 2321 0ff2 E9F7      		brne _PC_-6
 2322 0ff4 3197      		sbiw r30,1
 2323 0ff6 EC19      		sub r30,r12
 2324 0ff8 FD09      		sbc r31,r13
 2325 0ffa EC93      		st X,r30
 2326 0ffc F601      		movw r30,r12
 2327 0ffe 0190      		ld __tmp_reg__,Z+
 2328 1000 0020      		tst __tmp_reg__
 2329 1002 E9F7      		brne _PC_-6
 2330 1004 3197      		sbiw r30,1
 2331 1006 00E0      		ldi r16,lo8(0)
 2332 1008 10E0      		ldi r17,hi8(0)
 2333 100a EC15      		cp r30,r12
 2334 100c FD05      		cpc r31,r13
GAS LISTING C:\WINDOWS\TEMP/ccra2jgb.s 			page 43


 2335 100e A9F0      		breq .L244
 2336 1010 9601      		movw r18,r12
 2337               	.L243:
 2338 1012 0894      		sec
 2339 1014 E11C      		adc r14,__zero_reg__
 2340 1016 F11C      		adc r15,__zero_reg__
 2341 1018 F901      		movw r30,r18
 2342 101a 8191      		ld r24,Z+
 2343 101c 9F01      		movw r18,r30
 2344 101e 1196      		adiw r26,1
 2345 1020 8C93      		st X,r24
 2346 1022 0F5F      		subi r16,lo8(-(1))
 2347 1024 1F4F      		sbci r17,hi8(-(1))
 2348 1026 F601      		movw r30,r12
 2349 1028 0190      		ld __tmp_reg__,Z+
 2350 102a 0020      		tst __tmp_reg__
 2351 102c E9F7      		brne _PC_-6
 2352 102e 3197      		sbiw r30,1
 2353 1030 EC19      		sub r30,r12
 2354 1032 FD09      		sbc r31,r13
 2355 1034 0E17      		cp r16,r30
 2356 1036 1F07      		cpc r17,r31
 2357 1038 60F3      		brlo .L243
 2358               	.L244:
 2359 103a 8091 0000 		lds r24,berin+25
 2360 103e 9091 0000 		lds r25,(berin+25)+1
 2361 1042 0297      		sbiw r24,2
 2362 1044 79F0      		breq .L520
 2363               	.L312:
 2364 1046 FE01      		movw r30,r28
 2365 1048 E20D      		add r30,r2
 2366 104a F31D      		adc r31,r3
 2367 104c 8E2D      		mov r24,r14
 2368 104e 8219      		sub r24,r2
 2369 1050 8183      		std Z+1,r24
 2370 1052 8091 0000 		lds r24,berin+579
 2371 1056 9091 0000 		lds r25,(berin+579)+1
 2372 105a 6816      		cp r6,r24
 2373 105c 7906      		cpc r7,r25
 2374 105e 0CF4      		brge _PC_+2
 2375 1060 49CF      		rjmp .L313
 2376 1062 ABC9      		rjmp .L226
 2377               	.L520:
 2378 1064 0894      		sec
 2379 1066 E11C      		adc r14,__zero_reg__
 2380 1068 F11C      		adc r15,__zero_reg__
 2381 106a FE01      		movw r30,r28
 2382 106c 3196      		adiw r30,1
 2383 106e D701      		movw r26,r14
 2384 1070 AE0F      		add r26,r30
 2385 1072 BF1F      		adc r27,r31
 2386 1074 85E0      		ldi r24,lo8(5)
 2387 1076 8C93      		st X,r24
 2388 1078 0894      		sec
 2389 107a E11C      		adc r14,__zero_reg__
 2390 107c F11C      		adc r15,__zero_reg__
 2391 107e EE0D      		add r30,r14
GAS LISTING C:\WINDOWS\TEMP/ccra2jgb.s 			page 44


 2392 1080 FF1D      		adc r31,r15
 2393 1082 1082      		st Z,__zero_reg__
 2394 1084 E0CF      		rjmp .L312
 2395               	.L231:
 2396 1086 8CE3      		ldi r24,lo8(60)
 2397 1088 90E0      		ldi r25,hi8(60)
 2398 108a 689E      		mul r6,r24
 2399 108c F001      		movw r30,r0
 2400 108e 699E      		mul r6,r25
 2401 1090 F00D      		add r31,r0
 2402 1092 789E      		mul r7,r24
 2403 1094 F00D      		add r31,r0
 2404 1096 1124      		clr r1
 2405 1098 E050      		subi r30,lo8(-(berin))
 2406 109a F040      		sbci r31,hi8(-(berin))
 2407 109c 858D      		ldd r24,Z+29
 2408 109e 8B32      		cpi r24,lo8(43)
 2409 10a0 61F6      		brne .L244
 2410 10a2 868D      		ldd r24,Z+30
 2411 10a4 8630      		cpi r24,lo8(6)
 2412 10a6 49F6      		brne .L244
 2413 10a8 878D      		ldd r24,Z+31
 2414 10aa 8130      		cpi r24,lo8(1)
 2415 10ac 31F6      		brne .L244
 2416 10ae 80A1      		ldd r24,Z+32
 2417 10b0 8230      		cpi r24,lo8(2)
 2418 10b2 19F6      		brne .L244
 2419 10b4 81A1      		ldd r24,Z+33
 2420 10b6 8130      		cpi r24,lo8(1)
 2421 10b8 09F0      		breq _PC_+2
 2422 10ba BFCF      		rjmp .L244
 2423 10bc 82A1      		ldd r24,Z+34
 2424 10be 8130      		cpi r24,lo8(1)
 2425 10c0 09F0      		breq _PC_+2
 2426 10c2 BBCF      		rjmp .L244
 2427 10c4 83A1      		ldd r24,Z+35
 2428 10c6 9927      		clr r25
 2429 10c8 8430      		cpi r24,4
 2430 10ca 9105      		cpc r25,__zero_reg__
 2431 10cc 09F4      		brne _PC_+2
 2432 10ce 5DC2      		rjmp .L275
 2433 10d0 8530      		cpi r24,5
 2434 10d2 9105      		cpc r25,__zero_reg__
 2435 10d4 0CF0      		brlt _PC_+2
 2436 10d6 48C1      		rjmp .L311
 2437 10d8 8230      		cpi r24,2
 2438 10da 9105      		cpc r25,__zero_reg__
 2439 10dc 09F4      		brne _PC_+2
 2440 10de E2C0      		rjmp .L258
 2441 10e0 8330      		cpi r24,3
 2442 10e2 9105      		cpc r25,__zero_reg__
 2443 10e4 0CF0      		brlt _PC_+2
 2444 10e6 60C0      		rjmp .L264
 2445 10e8 0197      		sbiw r24,1
 2446 10ea 69F0      		breq .L252
 2447               	.L309:
 2448 10ec 82E0      		ldi r24,lo8(2)
GAS LISTING C:\WINDOWS\TEMP/ccra2jgb.s 			page 45


 2449 10ee 90E0      		ldi r25,hi8(2)
 2450 10f0 9093 0000 		sts (berin+25)+1,r25
 2451 10f4 8093 0000 		sts berin+25,r24
 2452 10f8 86E0      		ldi r24,lo8(6)
 2453 10fa 90E0      		ldi r25,hi8(6)
 2454 10fc 9093 0000 		sts (berin+27)+1,r25
 2455 1100 8093 0000 		sts berin+27,r24
 2456 1104 9ACF      		rjmp .L244
 2457               	.L252:
 2458 1106 60E0      		ldi r22,lo8(sysObjIDID)
 2459 1108 70E0      		ldi r23,hi8(sysObjIDID)
 2460 110a CE01      		movw r24,r28
 2461 110c 835D      		subi r24,lo8(-(301))
 2462 110e 9E4F      		sbci r25,hi8(-(301))
 2463 1110 0E94 0000 		call strcpy
 2464 1114 0894      		sec
 2465 1116 E11C      		adc r14,__zero_reg__
 2466 1118 F11C      		adc r15,__zero_reg__
 2467 111a DE01      		movw r26,r28
 2468 111c 1196      		adiw r26,1
 2469 111e AE0D      		add r26,r14
 2470 1120 BF1D      		adc r27,r15
 2471 1122 20E0      		ldi r18,lo8(sysObjIDID)
 2472 1124 30E0      		ldi r19,hi8(sysObjIDID)
 2473 1126 F901      		movw r30,r18
 2474 1128 0190      		ld __tmp_reg__,Z+
 2475 112a 0020      		tst __tmp_reg__
 2476 112c E9F7      		brne _PC_-6
 2477 112e 3197      		sbiw r30,1
 2478 1130 E21B      		sub r30,r18
 2479 1132 F30B      		sbc r31,r19
 2480 1134 8E2F      		mov r24,r30
 2481 1136 8F5F      		subi r24,lo8(-(1))
 2482 1138 8C93      		st X,r24
 2483 113a F901      		movw r30,r18
 2484 113c 0190      		ld __tmp_reg__,Z+
 2485 113e 0020      		tst __tmp_reg__
 2486 1140 E9F7      		brne _PC_-6
 2487 1142 3197      		sbiw r30,1
 2488 1144 00E0      		ldi r16,lo8(0)
 2489 1146 10E0      		ldi r17,hi8(0)
 2490 1148 E217      		cp r30,r18
 2491 114a F307      		cpc r31,r19
 2492 114c A9F0      		breq .L468
 2493 114e A901      		movw r20,r18
 2494               	.L257:
 2495 1150 0894      		sec
 2496 1152 E11C      		adc r14,__zero_reg__
 2497 1154 F11C      		adc r15,__zero_reg__
 2498 1156 FA01      		movw r30,r20
 2499 1158 8191      		ld r24,Z+
 2500 115a AF01      		movw r20,r30
 2501 115c 1196      		adiw r26,1
 2502 115e 8C93      		st X,r24
 2503 1160 0F5F      		subi r16,lo8(-(1))
 2504 1162 1F4F      		sbci r17,hi8(-(1))
 2505 1164 F901      		movw r30,r18
GAS LISTING C:\WINDOWS\TEMP/ccra2jgb.s 			page 46


 2506 1166 0190      		ld __tmp_reg__,Z+
 2507 1168 0020      		tst __tmp_reg__
 2508 116a E9F7      		brne _PC_-6
 2509 116c 3197      		sbiw r30,1
 2510 116e E21B      		sub r30,r18
 2511 1170 F30B      		sbc r31,r19
 2512 1172 0E17      		cp r16,r30
 2513 1174 1F07      		cpc r17,r31
 2514 1176 60F3      		brlo .L257
 2515               	.L468:
 2516 1178 0894      		sec
 2517 117a E11C      		adc r14,__zero_reg__
 2518 117c F11C      		adc r15,__zero_reg__
 2519 117e DE01      		movw r26,r28
 2520 1180 1196      		adiw r26,1
 2521 1182 F701      		movw r30,r14
 2522 1184 EA0F      		add r30,r26
 2523 1186 FB1F      		adc r31,r27
 2524 1188 1082      		st Z,__zero_reg__
 2525 118a 0894      		sec
 2526 118c E11C      		adc r14,__zero_reg__
 2527 118e F11C      		adc r15,__zero_reg__
 2528 1190 F701      		movw r30,r14
 2529 1192 EA0F      		add r30,r26
 2530 1194 FB1F      		adc r31,r27
 2531 1196 85E0      		ldi r24,lo8(5)
 2532 1198 8083      		st Z,r24
 2533 119a 0894      		sec
 2534 119c E11C      		adc r14,__zero_reg__
 2535 119e F11C      		adc r15,__zero_reg__
 2536 11a0 AE0D      		add r26,r14
 2537 11a2 BF1D      		adc r27,r15
 2538 11a4 1C92      		st X,__zero_reg__
 2539 11a6 49CF      		rjmp .L244
 2540               	.L264:
 2541 11a8 0894      		sec
 2542 11aa E11C      		adc r14,__zero_reg__
 2543 11ac F11C      		adc r15,__zero_reg__
 2544 11ae DE01      		movw r26,r28
 2545 11b0 1196      		adiw r26,1
 2546 11b2 AE0D      		add r26,r14
 2547 11b4 BF1D      		adc r27,r15
 2548 11b6 20E0      		ldi r18,lo8(sysContactID)
 2549 11b8 30E0      		ldi r19,hi8(sysContactID)
 2550 11ba F901      		movw r30,r18
 2551 11bc 0190      		ld __tmp_reg__,Z+
 2552 11be 0020      		tst __tmp_reg__
 2553 11c0 E9F7      		brne _PC_-6
 2554 11c2 3197      		sbiw r30,1
 2555 11c4 E21B      		sub r30,r18
 2556 11c6 F30B      		sbc r31,r19
 2557 11c8 8E2F      		mov r24,r30
 2558 11ca 8F5F      		subi r24,lo8(-(1))
 2559 11cc 8C93      		st X,r24
 2560 11ce F901      		movw r30,r18
 2561 11d0 0190      		ld __tmp_reg__,Z+
 2562 11d2 0020      		tst __tmp_reg__
GAS LISTING C:\WINDOWS\TEMP/ccra2jgb.s 			page 47


 2563 11d4 E9F7      		brne _PC_-6
 2564 11d6 3197      		sbiw r30,1
 2565 11d8 00E0      		ldi r16,lo8(0)
 2566 11da 10E0      		ldi r17,hi8(0)
 2567 11dc E217      		cp r30,r18
 2568 11de F307      		cpc r31,r19
 2569 11e0 A9F0      		breq .L472
 2570 11e2 A901      		movw r20,r18
 2571               	.L269:
 2572 11e4 0894      		sec
 2573 11e6 E11C      		adc r14,__zero_reg__
 2574 11e8 F11C      		adc r15,__zero_reg__
 2575 11ea FA01      		movw r30,r20
 2576 11ec 8191      		ld r24,Z+
 2577 11ee AF01      		movw r20,r30
 2578 11f0 1196      		adiw r26,1
 2579 11f2 8C93      		st X,r24
 2580 11f4 0F5F      		subi r16,lo8(-(1))
 2581 11f6 1F4F      		sbci r17,hi8(-(1))
 2582 11f8 F901      		movw r30,r18
 2583 11fa 0190      		ld __tmp_reg__,Z+
 2584 11fc 0020      		tst __tmp_reg__
 2585 11fe E9F7      		brne _PC_-6
 2586 1200 3197      		sbiw r30,1
 2587 1202 E21B      		sub r30,r18
 2588 1204 F30B      		sbc r31,r19
 2589 1206 0E17      		cp r16,r30
 2590 1208 1F07      		cpc r17,r31
 2591 120a 60F3      		brlo .L269
 2592               	.L472:
 2593 120c 0894      		sec
 2594 120e E11C      		adc r14,__zero_reg__
 2595 1210 F11C      		adc r15,__zero_reg__
 2596 1212 8E01      		movw r16,r28
 2597 1214 0F5F      		subi r16,lo8(-(1))
 2598 1216 1F4F      		sbci r17,hi8(-(1))
 2599 1218 F701      		movw r30,r14
 2600 121a E00F      		add r30,r16
 2601 121c F11F      		adc r31,r17
 2602 121e 1082      		st Z,__zero_reg__
 2603 1220 0894      		sec
 2604 1222 E11C      		adc r14,__zero_reg__
 2605 1224 F11C      		adc r15,__zero_reg__
 2606 1226 F701      		movw r30,r14
 2607 1228 E00F      		add r30,r16
 2608 122a F11F      		adc r31,r17
 2609 122c 84E0      		ldi r24,lo8(4)
 2610 122e 8083      		st Z,r24
 2611 1230 2DE2      		ldi r18,lo8(301)
 2612 1232 C22E      		mov r12,r18
 2613 1234 21E0      		ldi r18,hi8(301)
 2614 1236 D22E      		mov r13,r18
 2615 1238 CC0E      		add r12,r28
 2616 123a DD1E      		adc r13,r29
 2617 123c 60E0      		ldi r22,lo8(sysContact)
 2618 123e 70E0      		ldi r23,hi8(sysContact)
 2619 1240 C601      		movw r24,r12
GAS LISTING C:\WINDOWS\TEMP/ccra2jgb.s 			page 48


 2620 1242 0E94 0000 		call strcpy
 2621 1246 0894      		sec
 2622 1248 E11C      		adc r14,__zero_reg__
 2623 124a F11C      		adc r15,__zero_reg__
 2624 124c D701      		movw r26,r14
 2625 124e A00F      		add r26,r16
 2626 1250 B11F      		adc r27,r17
 2627 1252 F601      		movw r30,r12
 2628 1254 0190      		ld __tmp_reg__,Z+
 2629 1256 0020      		tst __tmp_reg__
 2630 1258 E9F7      		brne _PC_-6
 2631 125a 3197      		sbiw r30,1
 2632 125c EC19      		sub r30,r12
 2633 125e FD09      		sbc r31,r13
 2634 1260 EC93      		st X,r30
 2635 1262 F601      		movw r30,r12
 2636 1264 0190      		ld __tmp_reg__,Z+
 2637 1266 0020      		tst __tmp_reg__
 2638 1268 E9F7      		brne _PC_-6
 2639 126a 3197      		sbiw r30,1
 2640 126c 00E0      		ldi r16,lo8(0)
 2641 126e 10E0      		ldi r17,hi8(0)
 2642 1270 EC15      		cp r30,r12
 2643 1272 FD05      		cpc r31,r13
 2644 1274 09F4      		brne _PC_+2
 2645 1276 E1CE      		rjmp .L244
 2646 1278 9601      		movw r18,r12
 2647               	.L274:
 2648 127a 0894      		sec
 2649 127c E11C      		adc r14,__zero_reg__
 2650 127e F11C      		adc r15,__zero_reg__
 2651 1280 F901      		movw r30,r18
 2652 1282 8191      		ld r24,Z+
 2653 1284 9F01      		movw r18,r30
 2654 1286 1196      		adiw r26,1
 2655 1288 8C93      		st X,r24
 2656 128a 0F5F      		subi r16,lo8(-(1))
 2657 128c 1F4F      		sbci r17,hi8(-(1))
 2658 128e F601      		movw r30,r12
 2659 1290 0190      		ld __tmp_reg__,Z+
 2660 1292 0020      		tst __tmp_reg__
 2661 1294 E9F7      		brne _PC_-6
 2662 1296 3197      		sbiw r30,1
 2663 1298 EC19      		sub r30,r12
 2664 129a FD09      		sbc r31,r13
 2665 129c 0E17      		cp r16,r30
 2666 129e 1F07      		cpc r17,r31
 2667 12a0 60F3      		brlo .L274
 2668 12a2 CBCE      		rjmp .L244
 2669               	.L258:
 2670 12a4 60E0      		ldi r22,lo8(sysUpTimeID)
 2671 12a6 70E0      		ldi r23,hi8(sysUpTimeID)
 2672 12a8 CE01      		movw r24,r28
 2673 12aa 835D      		subi r24,lo8(-(301))
 2674 12ac 9E4F      		sbci r25,hi8(-(301))
 2675 12ae 0E94 0000 		call strcpy
 2676 12b2 0894      		sec
GAS LISTING C:\WINDOWS\TEMP/ccra2jgb.s 			page 49


 2677 12b4 E11C      		adc r14,__zero_reg__
 2678 12b6 F11C      		adc r15,__zero_reg__
 2679 12b8 DE01      		movw r26,r28
 2680 12ba 1196      		adiw r26,1
 2681 12bc AE0D      		add r26,r14
 2682 12be BF1D      		adc r27,r15
 2683 12c0 20E0      		ldi r18,lo8(sysUpTimeID)
 2684 12c2 30E0      		ldi r19,hi8(sysUpTimeID)
 2685 12c4 F901      		movw r30,r18
 2686 12c6 0190      		ld __tmp_reg__,Z+
 2687 12c8 0020      		tst __tmp_reg__
 2688 12ca E9F7      		brne _PC_-6
 2689 12cc 3197      		sbiw r30,1
 2690 12ce E21B      		sub r30,r18
 2691 12d0 F30B      		sbc r31,r19
 2692 12d2 8E2F      		mov r24,r30
 2693 12d4 8F5F      		subi r24,lo8(-(1))
 2694 12d6 8C93      		st X,r24
 2695 12d8 F901      		movw r30,r18
 2696 12da 0190      		ld __tmp_reg__,Z+
 2697 12dc 0020      		tst __tmp_reg__
 2698 12de E9F7      		brne _PC_-6
 2699 12e0 3197      		sbiw r30,1
 2700 12e2 00E0      		ldi r16,lo8(0)
 2701 12e4 10E0      		ldi r17,hi8(0)
 2702 12e6 E217      		cp r30,r18
 2703 12e8 F307      		cpc r31,r19
 2704 12ea A9F0      		breq .L470
 2705 12ec A901      		movw r20,r18
 2706               	.L263:
 2707 12ee 0894      		sec
 2708 12f0 E11C      		adc r14,__zero_reg__
 2709 12f2 F11C      		adc r15,__zero_reg__
 2710 12f4 FA01      		movw r30,r20
 2711 12f6 8191      		ld r24,Z+
 2712 12f8 AF01      		movw r20,r30
 2713 12fa 1196      		adiw r26,1
 2714 12fc 8C93      		st X,r24
 2715 12fe 0F5F      		subi r16,lo8(-(1))
 2716 1300 1F4F      		sbci r17,hi8(-(1))
 2717 1302 F901      		movw r30,r18
 2718 1304 0190      		ld __tmp_reg__,Z+
 2719 1306 0020      		tst __tmp_reg__
 2720 1308 E9F7      		brne _PC_-6
 2721 130a 3197      		sbiw r30,1
 2722 130c E21B      		sub r30,r18
 2723 130e F30B      		sbc r31,r19
 2724 1310 0E17      		cp r16,r30
 2725 1312 1F07      		cpc r17,r31
 2726 1314 60F3      		brlo .L263
 2727               	.L470:
 2728 1316 0894      		sec
 2729 1318 E11C      		adc r14,__zero_reg__
 2730 131a F11C      		adc r15,__zero_reg__
 2731 131c 9E01      		movw r18,r28
 2732 131e 2F5F      		subi r18,lo8(-(1))
 2733 1320 3F4F      		sbci r19,hi8(-(1))
GAS LISTING C:\WINDOWS\TEMP/ccra2jgb.s 			page 50


 2734 1322 F701      		movw r30,r14
 2735 1324 E20F      		add r30,r18
 2736 1326 F31F      		adc r31,r19
 2737 1328 1082      		st Z,__zero_reg__
 2738 132a 0894      		sec
 2739 132c E11C      		adc r14,__zero_reg__
 2740 132e F11C      		adc r15,__zero_reg__
 2741 1330 F701      		movw r30,r14
 2742 1332 E20F      		add r30,r18
 2743 1334 F31F      		adc r31,r19
 2744 1336 83E4      		ldi r24,lo8(67)
 2745 1338 8083      		st Z,r24
 2746 133a 0894      		sec
 2747 133c E11C      		adc r14,__zero_reg__
 2748 133e F11C      		adc r15,__zero_reg__
 2749 1340 F701      		movw r30,r14
 2750 1342 E20F      		add r30,r18
 2751 1344 F31F      		adc r31,r19
 2752 1346 81E0      		ldi r24,lo8(1)
 2753 1348 8083      		st Z,r24
 2754 134a 0894      		sec
 2755 134c E11C      		adc r14,__zero_reg__
 2756 134e F11C      		adc r15,__zero_reg__
 2757 1350 8701      		movw r16,r14
 2758 1352 020F      		add r16,r18
 2759 1354 131F      		adc r17,r19
 2760 1356 0E94 0000 		call NutHeapAvailable
 2761 135a 9093 0000 		sts (sysUpTime)+1,r25
 2762 135e 8093 0000 		sts sysUpTime,r24
 2763 1362 F801      		movw r30,r16
 2764 1364 8083      		st Z,r24
 2765 1366 69CE      		rjmp .L244
 2766               	.L311:
 2767 1368 8630      		cpi r24,6
 2768 136a 9105      		cpc r25,__zero_reg__
 2769 136c 09F4      		brne _PC_+2
 2770 136e D9C0      		rjmp .L297
 2771 1370 8630      		cpi r24,6
 2772 1372 9105      		cpc r25,__zero_reg__
 2773 1374 0CF4      		brge _PC_+2
 2774 1376 57C0      		rjmp .L286
 2775 1378 0797      		sbiw r24,7
 2776 137a 09F0      		breq _PC_+2
 2777 137c B7CE      		rjmp .L309
 2778 137e 0894      		sec
 2779 1380 E11C      		adc r14,__zero_reg__
 2780 1382 F11C      		adc r15,__zero_reg__
 2781 1384 DE01      		movw r26,r28
 2782 1386 1196      		adiw r26,1
 2783 1388 AE0D      		add r26,r14
 2784 138a BF1D      		adc r27,r15
 2785 138c 20E0      		ldi r18,lo8(sysServID)
 2786 138e 30E0      		ldi r19,hi8(sysServID)
 2787 1390 F901      		movw r30,r18
 2788 1392 0190      		ld __tmp_reg__,Z+
 2789 1394 0020      		tst __tmp_reg__
 2790 1396 E9F7      		brne _PC_-6
GAS LISTING C:\WINDOWS\TEMP/ccra2jgb.s 			page 51


 2791 1398 3197      		sbiw r30,1
 2792 139a E21B      		sub r30,r18
 2793 139c F30B      		sbc r31,r19
 2794 139e 8E2F      		mov r24,r30
 2795 13a0 8F5F      		subi r24,lo8(-(1))
 2796 13a2 8C93      		st X,r24
 2797 13a4 F901      		movw r30,r18
 2798 13a6 0190      		ld __tmp_reg__,Z+
 2799 13a8 0020      		tst __tmp_reg__
 2800 13aa E9F7      		brne _PC_-6
 2801 13ac 3197      		sbiw r30,1
 2802 13ae 00E0      		ldi r16,lo8(0)
 2803 13b0 10E0      		ldi r17,hi8(0)
 2804 13b2 E217      		cp r30,r18
 2805 13b4 F307      		cpc r31,r19
 2806 13b6 A9F0      		breq .L483
 2807 13b8 A901      		movw r20,r18
 2808               	.L308:
 2809 13ba 0894      		sec
 2810 13bc E11C      		adc r14,__zero_reg__
 2811 13be F11C      		adc r15,__zero_reg__
 2812 13c0 FA01      		movw r30,r20
 2813 13c2 8191      		ld r24,Z+
 2814 13c4 AF01      		movw r20,r30
 2815 13c6 1196      		adiw r26,1
 2816 13c8 8C93      		st X,r24
 2817 13ca 0F5F      		subi r16,lo8(-(1))
 2818 13cc 1F4F      		sbci r17,hi8(-(1))
 2819 13ce F901      		movw r30,r18
 2820 13d0 0190      		ld __tmp_reg__,Z+
 2821 13d2 0020      		tst __tmp_reg__
 2822 13d4 E9F7      		brne _PC_-6
 2823 13d6 3197      		sbiw r30,1
 2824 13d8 E21B      		sub r30,r18
 2825 13da F30B      		sbc r31,r19
 2826 13dc 0E17      		cp r16,r30
 2827 13de 1F07      		cpc r17,r31
 2828 13e0 60F3      		brlo .L308
 2829               	.L483:
 2830 13e2 0894      		sec
 2831 13e4 E11C      		adc r14,__zero_reg__
 2832 13e6 F11C      		adc r15,__zero_reg__
 2833 13e8 DE01      		movw r26,r28
 2834 13ea 1196      		adiw r26,1
 2835 13ec F701      		movw r30,r14
 2836 13ee EA0F      		add r30,r26
 2837 13f0 FB1F      		adc r31,r27
 2838 13f2 1082      		st Z,__zero_reg__
 2839 13f4 0894      		sec
 2840 13f6 E11C      		adc r14,__zero_reg__
 2841 13f8 F11C      		adc r15,__zero_reg__
 2842 13fa F701      		movw r30,r14
 2843 13fc EA0F      		add r30,r26
 2844 13fe FB1F      		adc r31,r27
 2845 1400 83E4      		ldi r24,lo8(67)
 2846 1402 8083      		st Z,r24
 2847 1404 0894      		sec
GAS LISTING C:\WINDOWS\TEMP/ccra2jgb.s 			page 52


 2848 1406 E11C      		adc r14,__zero_reg__
 2849 1408 F11C      		adc r15,__zero_reg__
 2850 140a F701      		movw r30,r14
 2851 140c EA0F      		add r30,r26
 2852 140e FB1F      		adc r31,r27
 2853 1410 81E0      		ldi r24,lo8(1)
 2854 1412 8083      		st Z,r24
 2855 1414 0894      		sec
 2856 1416 E11C      		adc r14,__zero_reg__
 2857 1418 F11C      		adc r15,__zero_reg__
 2858 141a AE0D      		add r26,r14
 2859 141c BF1D      		adc r27,r15
 2860 141e 8091 0000 		lds r24,sysServ
 2861 1422 8C93      		st X,r24
 2862 1424 0ACE      		rjmp .L244
 2863               	.L286:
 2864 1426 0894      		sec
 2865 1428 E11C      		adc r14,__zero_reg__
 2866 142a F11C      		adc r15,__zero_reg__
 2867 142c DE01      		movw r26,r28
 2868 142e 1196      		adiw r26,1
 2869 1430 AE0D      		add r26,r14
 2870 1432 BF1D      		adc r27,r15
 2871 1434 20E0      		ldi r18,lo8(sysLocateID)
 2872 1436 30E0      		ldi r19,hi8(sysLocateID)
 2873 1438 F901      		movw r30,r18
 2874 143a 0190      		ld __tmp_reg__,Z+
 2875 143c 0020      		tst __tmp_reg__
 2876 143e E9F7      		brne _PC_-6
 2877 1440 3197      		sbiw r30,1
 2878 1442 E21B      		sub r30,r18
 2879 1444 F30B      		sbc r31,r19
 2880 1446 8E2F      		mov r24,r30
 2881 1448 8F5F      		subi r24,lo8(-(1))
 2882 144a 8C93      		st X,r24
 2883 144c F901      		movw r30,r18
 2884 144e 0190      		ld __tmp_reg__,Z+
 2885 1450 0020      		tst __tmp_reg__
 2886 1452 E9F7      		brne _PC_-6
 2887 1454 3197      		sbiw r30,1
 2888 1456 00E0      		ldi r16,lo8(0)
 2889 1458 10E0      		ldi r17,hi8(0)
 2890 145a E217      		cp r30,r18
 2891 145c F307      		cpc r31,r19
 2892 145e A9F0      		breq .L478
 2893 1460 A901      		movw r20,r18
 2894               	.L291:
 2895 1462 0894      		sec
 2896 1464 E11C      		adc r14,__zero_reg__
 2897 1466 F11C      		adc r15,__zero_reg__
 2898 1468 FA01      		movw r30,r20
 2899 146a 8191      		ld r24,Z+
 2900 146c AF01      		movw r20,r30
 2901 146e 1196      		adiw r26,1
 2902 1470 8C93      		st X,r24
 2903 1472 0F5F      		subi r16,lo8(-(1))
 2904 1474 1F4F      		sbci r17,hi8(-(1))
GAS LISTING C:\WINDOWS\TEMP/ccra2jgb.s 			page 53


 2905 1476 F901      		movw r30,r18
 2906 1478 0190      		ld __tmp_reg__,Z+
 2907 147a 0020      		tst __tmp_reg__
 2908 147c E9F7      		brne _PC_-6
 2909 147e 3197      		sbiw r30,1
 2910 1480 E21B      		sub r30,r18
 2911 1482 F30B      		sbc r31,r19
 2912 1484 0E17      		cp r16,r30
 2913 1486 1F07      		cpc r17,r31
 2914 1488 60F3      		brlo .L291
 2915               	.L478:
 2916 148a 0894      		sec
 2917 148c E11C      		adc r14,__zero_reg__
 2918 148e F11C      		adc r15,__zero_reg__
 2919 1490 8E01      		movw r16,r28
 2920 1492 0F5F      		subi r16,lo8(-(1))
 2921 1494 1F4F      		sbci r17,hi8(-(1))
 2922 1496 F701      		movw r30,r14
 2923 1498 E00F      		add r30,r16
 2924 149a F11F      		adc r31,r17
 2925 149c 1082      		st Z,__zero_reg__
 2926 149e 0894      		sec
 2927 14a0 E11C      		adc r14,__zero_reg__
 2928 14a2 F11C      		adc r15,__zero_reg__
 2929 14a4 F701      		movw r30,r14
 2930 14a6 E00F      		add r30,r16
 2931 14a8 F11F      		adc r31,r17
 2932 14aa 84E0      		ldi r24,lo8(4)
 2933 14ac 8083      		st Z,r24
 2934 14ae 8DE2      		ldi r24,lo8(301)
 2935 14b0 C82E      		mov r12,r24
 2936 14b2 81E0      		ldi r24,hi8(301)
 2937 14b4 D82E      		mov r13,r24
 2938 14b6 CC0E      		add r12,r28
 2939 14b8 DD1E      		adc r13,r29
 2940 14ba 60E0      		ldi r22,lo8(sysLocate)
 2941 14bc 70E0      		ldi r23,hi8(sysLocate)
 2942 14be C601      		movw r24,r12
 2943 14c0 0E94 0000 		call strcpy
 2944 14c4 0894      		sec
 2945 14c6 E11C      		adc r14,__zero_reg__
 2946 14c8 F11C      		adc r15,__zero_reg__
 2947 14ca D701      		movw r26,r14
 2948 14cc A00F      		add r26,r16
 2949 14ce B11F      		adc r27,r17
 2950 14d0 F601      		movw r30,r12
 2951 14d2 0190      		ld __tmp_reg__,Z+
 2952 14d4 0020      		tst __tmp_reg__
 2953 14d6 E9F7      		brne _PC_-6
 2954 14d8 3197      		sbiw r30,1
 2955 14da EC19      		sub r30,r12
 2956 14dc FD09      		sbc r31,r13
 2957 14de EC93      		st X,r30
 2958 14e0 F601      		movw r30,r12
 2959 14e2 0190      		ld __tmp_reg__,Z+
 2960 14e4 0020      		tst __tmp_reg__
 2961 14e6 E9F7      		brne _PC_-6
GAS LISTING C:\WINDOWS\TEMP/ccra2jgb.s 			page 54


 2962 14e8 3197      		sbiw r30,1
 2963 14ea 00E0      		ldi r16,lo8(0)
 2964 14ec 10E0      		ldi r17,hi8(0)
 2965 14ee EC15      		cp r30,r12
 2966 14f0 FD05      		cpc r31,r13
 2967 14f2 09F4      		brne _PC_+2
 2968 14f4 A2CD      		rjmp .L244
 2969 14f6 9601      		movw r18,r12
 2970               	.L296:
 2971 14f8 0894      		sec
 2972 14fa E11C      		adc r14,__zero_reg__
 2973 14fc F11C      		adc r15,__zero_reg__
 2974 14fe F901      		movw r30,r18
 2975 1500 8191      		ld r24,Z+
 2976 1502 9F01      		movw r18,r30
 2977 1504 1196      		adiw r26,1
 2978 1506 8C93      		st X,r24
 2979 1508 0F5F      		subi r16,lo8(-(1))
 2980 150a 1F4F      		sbci r17,hi8(-(1))
 2981 150c F601      		movw r30,r12
 2982 150e 0190      		ld __tmp_reg__,Z+
 2983 1510 0020      		tst __tmp_reg__
 2984 1512 E9F7      		brne _PC_-6
 2985 1514 3197      		sbiw r30,1
 2986 1516 EC19      		sub r30,r12
 2987 1518 FD09      		sbc r31,r13
 2988 151a 0E17      		cp r16,r30
 2989 151c 1F07      		cpc r17,r31
 2990 151e 60F3      		brlo .L296
 2991 1520 8CCD      		rjmp .L244
 2992               	.L297:
 2993 1522 0894      		sec
 2994 1524 E11C      		adc r14,__zero_reg__
 2995 1526 F11C      		adc r15,__zero_reg__
 2996 1528 DE01      		movw r26,r28
 2997 152a 1196      		adiw r26,1
 2998 152c AE0D      		add r26,r14
 2999 152e BF1D      		adc r27,r15
 3000 1530 20E0      		ldi r18,lo8(sysServID)
 3001 1532 30E0      		ldi r19,hi8(sysServID)
 3002 1534 F901      		movw r30,r18
 3003 1536 0190      		ld __tmp_reg__,Z+
 3004 1538 0020      		tst __tmp_reg__
 3005 153a E9F7      		brne _PC_-6
 3006 153c 3197      		sbiw r30,1
 3007 153e E21B      		sub r30,r18
 3008 1540 F30B      		sbc r31,r19
 3009 1542 8E2F      		mov r24,r30
 3010 1544 8F5F      		subi r24,lo8(-(1))
 3011 1546 8C93      		st X,r24
 3012 1548 F901      		movw r30,r18
 3013 154a 0190      		ld __tmp_reg__,Z+
 3014 154c 0020      		tst __tmp_reg__
 3015 154e E9F7      		brne _PC_-6
 3016 1550 3197      		sbiw r30,1
 3017 1552 00E0      		ldi r16,lo8(0)
 3018 1554 10E0      		ldi r17,hi8(0)
GAS LISTING C:\WINDOWS\TEMP/ccra2jgb.s 			page 55


 3019 1556 E217      		cp r30,r18
 3020 1558 F307      		cpc r31,r19
 3021 155a 09F4      		brne _PC_+2
 3022 155c 42CF      		rjmp .L483
 3023 155e A901      		movw r20,r18
 3024               	.L302:
 3025 1560 0894      		sec
 3026 1562 E11C      		adc r14,__zero_reg__
 3027 1564 F11C      		adc r15,__zero_reg__
 3028 1566 FA01      		movw r30,r20
 3029 1568 8191      		ld r24,Z+
 3030 156a AF01      		movw r20,r30
 3031 156c 1196      		adiw r26,1
 3032 156e 8C93      		st X,r24
 3033 1570 0F5F      		subi r16,lo8(-(1))
 3034 1572 1F4F      		sbci r17,hi8(-(1))
 3035 1574 F901      		movw r30,r18
 3036 1576 0190      		ld __tmp_reg__,Z+
 3037 1578 0020      		tst __tmp_reg__
 3038 157a E9F7      		brne _PC_-6
 3039 157c 3197      		sbiw r30,1
 3040 157e E21B      		sub r30,r18
 3041 1580 F30B      		sbc r31,r19
 3042 1582 0E17      		cp r16,r30
 3043 1584 1F07      		cpc r17,r31
 3044 1586 60F3      		brlo .L302
 3045 1588 2CCF      		rjmp .L483
 3046               	.L275:
 3047 158a 0894      		sec
 3048 158c E11C      		adc r14,__zero_reg__
 3049 158e F11C      		adc r15,__zero_reg__
 3050 1590 DE01      		movw r26,r28
 3051 1592 1196      		adiw r26,1
 3052 1594 AE0D      		add r26,r14
 3053 1596 BF1D      		adc r27,r15
 3054 1598 20E0      		ldi r18,lo8(sysNameID)
 3055 159a 30E0      		ldi r19,hi8(sysNameID)
 3056 159c F901      		movw r30,r18
 3057 159e 0190      		ld __tmp_reg__,Z+
 3058 15a0 0020      		tst __tmp_reg__
 3059 15a2 E9F7      		brne _PC_-6
 3060 15a4 3197      		sbiw r30,1
 3061 15a6 E21B      		sub r30,r18
 3062 15a8 F30B      		sbc r31,r19
 3063 15aa 8E2F      		mov r24,r30
 3064 15ac 8F5F      		subi r24,lo8(-(1))
 3065 15ae 8C93      		st X,r24
 3066 15b0 F901      		movw r30,r18
 3067 15b2 0190      		ld __tmp_reg__,Z+
 3068 15b4 0020      		tst __tmp_reg__
 3069 15b6 E9F7      		brne _PC_-6
 3070 15b8 3197      		sbiw r30,1
 3071 15ba 00E0      		ldi r16,lo8(0)
 3072 15bc 10E0      		ldi r17,hi8(0)
 3073 15be E217      		cp r30,r18
 3074 15c0 F307      		cpc r31,r19
 3075 15c2 A9F0      		breq .L475
GAS LISTING C:\WINDOWS\TEMP/ccra2jgb.s 			page 56


 3076 15c4 A901      		movw r20,r18
 3077               	.L280:
 3078 15c6 0894      		sec
 3079 15c8 E11C      		adc r14,__zero_reg__
 3080 15ca F11C      		adc r15,__zero_reg__
 3081 15cc FA01      		movw r30,r20
 3082 15ce 8191      		ld r24,Z+
 3083 15d0 AF01      		movw r20,r30
 3084 15d2 1196      		adiw r26,1
 3085 15d4 8C93      		st X,r24
 3086 15d6 0F5F      		subi r16,lo8(-(1))
 3087 15d8 1F4F      		sbci r17,hi8(-(1))
 3088 15da F901      		movw r30,r18
 3089 15dc 0190      		ld __tmp_reg__,Z+
 3090 15de 0020      		tst __tmp_reg__
 3091 15e0 E9F7      		brne _PC_-6
 3092 15e2 3197      		sbiw r30,1
 3093 15e4 E21B      		sub r30,r18
 3094 15e6 F30B      		sbc r31,r19
 3095 15e8 0E17      		cp r16,r30
 3096 15ea 1F07      		cpc r17,r31
 3097 15ec 60F3      		brlo .L280
 3098               	.L475:
 3099 15ee 0894      		sec
 3100 15f0 E11C      		adc r14,__zero_reg__
 3101 15f2 F11C      		adc r15,__zero_reg__
 3102 15f4 8E01      		movw r16,r28
 3103 15f6 0F5F      		subi r16,lo8(-(1))
 3104 15f8 1F4F      		sbci r17,hi8(-(1))
 3105 15fa F701      		movw r30,r14
 3106 15fc E00F      		add r30,r16
 3107 15fe F11F      		adc r31,r17
 3108 1600 1082      		st Z,__zero_reg__
 3109 1602 0894      		sec
 3110 1604 E11C      		adc r14,__zero_reg__
 3111 1606 F11C      		adc r15,__zero_reg__
 3112 1608 F701      		movw r30,r14
 3113 160a E00F      		add r30,r16
 3114 160c F11F      		adc r31,r17
 3115 160e 84E0      		ldi r24,lo8(4)
 3116 1610 8083      		st Z,r24
 3117 1612 9DE2      		ldi r25,lo8(301)
 3118 1614 C92E      		mov r12,r25
 3119 1616 91E0      		ldi r25,hi8(301)
 3120 1618 D92E      		mov r13,r25
 3121 161a CC0E      		add r12,r28
 3122 161c DD1E      		adc r13,r29
 3123 161e 60E0      		ldi r22,lo8(sysName)
 3124 1620 70E0      		ldi r23,hi8(sysName)
 3125 1622 C601      		movw r24,r12
 3126 1624 0E94 0000 		call strcpy
 3127 1628 0894      		sec
 3128 162a E11C      		adc r14,__zero_reg__
 3129 162c F11C      		adc r15,__zero_reg__
 3130 162e D701      		movw r26,r14
 3131 1630 A00F      		add r26,r16
 3132 1632 B11F      		adc r27,r17
GAS LISTING C:\WINDOWS\TEMP/ccra2jgb.s 			page 57


 3133 1634 F601      		movw r30,r12
 3134 1636 0190      		ld __tmp_reg__,Z+
 3135 1638 0020      		tst __tmp_reg__
 3136 163a E9F7      		brne _PC_-6
 3137 163c 3197      		sbiw r30,1
 3138 163e EC19      		sub r30,r12
 3139 1640 FD09      		sbc r31,r13
 3140 1642 EC93      		st X,r30
 3141 1644 F601      		movw r30,r12
 3142 1646 0190      		ld __tmp_reg__,Z+
 3143 1648 0020      		tst __tmp_reg__
 3144 164a E9F7      		brne _PC_-6
 3145 164c 3197      		sbiw r30,1
 3146 164e 00E0      		ldi r16,lo8(0)
 3147 1650 10E0      		ldi r17,hi8(0)
 3148 1652 EC15      		cp r30,r12
 3149 1654 FD05      		cpc r31,r13
 3150 1656 09F4      		brne _PC_+2
 3151 1658 F0CC      		rjmp .L244
 3152 165a 9601      		movw r18,r12
 3153               	.L285:
 3154 165c 0894      		sec
 3155 165e E11C      		adc r14,__zero_reg__
 3156 1660 F11C      		adc r15,__zero_reg__
 3157 1662 F901      		movw r30,r18
 3158 1664 8191      		ld r24,Z+
 3159 1666 9F01      		movw r18,r30
 3160 1668 1196      		adiw r26,1
 3161 166a 8C93      		st X,r24
 3162 166c 0F5F      		subi r16,lo8(-(1))
 3163 166e 1F4F      		sbci r17,hi8(-(1))
 3164 1670 F601      		movw r30,r12
 3165 1672 0190      		ld __tmp_reg__,Z+
 3166 1674 0020      		tst __tmp_reg__
 3167 1676 E9F7      		brne _PC_-6
 3168 1678 3197      		sbiw r30,1
 3169 167a EC19      		sub r30,r12
 3170 167c FD09      		sbc r31,r13
 3171 167e 0E17      		cp r16,r30
 3172 1680 1F07      		cpc r17,r31
 3173 1682 60F3      		brlo .L285
 3174 1684 DACC      		rjmp .L244
 3175               	.L519:
 3176 1686 21E0      		ldi r18,lo8(1)
 3177 1688 30E0      		ldi r19,hi8(1)
 3178 168a 50CC      		rjmp .L232
 3179               	.L510:
 3180 168c 60E0      		ldi r22,lo8(setpassword)
 3181 168e 70E0      		ldi r23,hi8(setpassword)
 3182 1690 80E0      		ldi r24,lo8(berin+6)
 3183 1692 90E0      		ldi r25,hi8(berin+6)
 3184 1694 0E94 0000 		call strstr
 3185 1698 892B      		or r24,r25
 3186 169a 09F4      		brne _PC_+2
 3187 169c 18C7      		rjmp .L521
 3188 169e 8091 0000 		lds r24,berin+579
 3189 16a2 9091 0000 		lds r25,(berin+579)+1
GAS LISTING C:\WINDOWS\TEMP/ccra2jgb.s 			page 58


 3190 16a6 0817      		cp r16,r24
 3191 16a8 1907      		cpc r17,r25
 3192 16aa 14F0      		brlt _PC_+4
 3193 16ac 0C94 0000 		jmp .L41
 3194               	.L225:
 3195 16b0 0497      		sbiw r24,4
 3196 16b2 34F0      		brlt .L51
 3197 16b4 82E0      		ldi r24,lo8(2)
 3198 16b6 90E0      		ldi r25,hi8(2)
 3199 16b8 9093 0000 		sts (berin+579)+1,r25
 3200 16bc 8093 0000 		sts berin+579,r24
 3201               	.L51:
 3202 16c0 0894      		sec
 3203 16c2 E11C      		adc r14,__zero_reg__
 3204 16c4 F11C      		adc r15,__zero_reg__
 3205 16c6 9E01      		movw r18,r28
 3206 16c8 2F5F      		subi r18,lo8(-(1))
 3207 16ca 3F4F      		sbci r19,hi8(-(1))
 3208 16cc F701      		movw r30,r14
 3209 16ce E20F      		add r30,r18
 3210 16d0 F31F      		adc r31,r19
 3211 16d2 80E3      		ldi r24,lo8(48)
 3212 16d4 8083      		st Z,r24
 3213 16d6 0894      		sec
 3214 16d8 E11C      		adc r14,__zero_reg__
 3215 16da F11C      		adc r15,__zero_reg__
 3216 16dc 1701      		movw r2,r14
 3217 16de 0894      		sec
 3218 16e0 611C      		adc r6,__zero_reg__
 3219 16e2 711C      		adc r7,__zero_reg__
 3220 16e4 0894      		sec
 3221 16e6 E11C      		adc r14,__zero_reg__
 3222 16e8 F11C      		adc r15,__zero_reg__
 3223 16ea F701      		movw r30,r14
 3224 16ec E20F      		add r30,r18
 3225 16ee F31F      		adc r31,r19
 3226 16f0 86E0      		ldi r24,lo8(6)
 3227 16f2 8083      		st Z,r24
 3228 16f4 0894      		sec
 3229 16f6 E11C      		adc r14,__zero_reg__
 3230 16f8 F11C      		adc r15,__zero_reg__
 3231 16fa A701      		movw r20,r14
 3232 16fc 420F      		add r20,r18
 3233 16fe 531F      		adc r21,r19
 3234 1700 0CE3      		ldi r16,lo8(60)
 3235 1702 10E0      		ldi r17,hi8(60)
 3236 1704 609E      		mul r6,r16
 3237 1706 9001      		movw r18,r0
 3238 1708 619E      		mul r6,r17
 3239 170a 300D      		add r19,r0
 3240 170c 709E      		mul r7,r16
 3241 170e 300D      		add r19,r0
 3242 1710 1124      		clr r1
 3243 1712 D901      		movw r26,r18
 3244 1714 A050      		subi r26,lo8(-(berin+29))
 3245 1716 B040      		sbci r27,hi8(-(berin+29))
 3246 1718 FD01      		movw r30,r26
GAS LISTING C:\WINDOWS\TEMP/ccra2jgb.s 			page 59


 3247 171a 0190      		ld __tmp_reg__,Z+
 3248 171c 0020      		tst __tmp_reg__
 3249 171e E9F7      		brne _PC_-6
 3250 1720 3197      		sbiw r30,1
 3251 1722 EA1B      		sub r30,r26
 3252 1724 FB0B      		sbc r31,r27
 3253 1726 8E2F      		mov r24,r30
 3254 1728 8F5F      		subi r24,lo8(-(1))
 3255 172a FA01      		movw r30,r20
 3256 172c 8083      		st Z,r24
 3257 172e 60E0      		ldi r22,lo8(0)
 3258 1730 70E0      		ldi r23,hi8(0)
 3259 1732 0894      		sec
 3260 1734 411C      		adc r4,__zero_reg__
 3261 1736 511C      		adc r5,__zero_reg__
 3262 1738 240D      		add r18,r4
 3263 173a 351D      		adc r19,r5
 3264 173c 2050      		subi r18,lo8(-(berin))
 3265 173e 3040      		sbci r19,hi8(-(berin))
 3266 1740 F901      		movw r30,r18
 3267 1742 858D      		ldd r24,Z+29
 3268 1744 8823      		tst r24
 3269 1746 19F1      		breq .L438
 3270               	.L55:
 3271 1748 0894      		sec
 3272 174a E11C      		adc r14,__zero_reg__
 3273 174c F11C      		adc r15,__zero_reg__
 3274 174e 20E0      		ldi r18,lo8(berin)
 3275 1750 30E0      		ldi r19,hi8(berin)
 3276 1752 609E      		mul r6,r16
 3277 1754 D001      		movw r26,r0
 3278 1756 619E      		mul r6,r17
 3279 1758 B00D      		add r27,r0
 3280 175a 709E      		mul r7,r16
 3281 175c B00D      		add r27,r0
 3282 175e 1124      		clr r1
 3283 1760 FD01      		movw r30,r26
 3284 1762 E40D      		add r30,r4
 3285 1764 F51D      		adc r31,r5
 3286 1766 E20F      		add r30,r18
 3287 1768 F31F      		adc r31,r19
 3288 176a 858D      		ldd r24,Z+29
 3289 176c 4F5F      		subi r20,lo8(-(1))
 3290 176e 5F4F      		sbci r21,hi8(-(1))
 3291 1770 FA01      		movw r30,r20
 3292 1772 8083      		st Z,r24
 3293 1774 6F5F      		subi r22,lo8(-(1))
 3294 1776 7F4F      		sbci r23,hi8(-(1))
 3295 1778 0894      		sec
 3296 177a 411C      		adc r4,__zero_reg__
 3297 177c 511C      		adc r5,__zero_reg__
 3298 177e A40D      		add r26,r4
 3299 1780 B51D      		adc r27,r5
 3300 1782 A20F      		add r26,r18
 3301 1784 B31F      		adc r27,r19
 3302 1786 5D96      		adiw r26,29
 3303 1788 8C91      		ld r24,X
GAS LISTING C:\WINDOWS\TEMP/ccra2jgb.s 			page 60


 3304 178a 8823      		tst r24
 3305 178c E9F6      		brne .L55
 3306               	.L438:
 3307 178e 0894      		sec
 3308 1790 E11C      		adc r14,__zero_reg__
 3309 1792 F11C      		adc r15,__zero_reg__
 3310 1794 5E01      		movw r10,r28
 3311 1796 0894      		sec
 3312 1798 A11C      		adc r10,__zero_reg__
 3313 179a B11C      		adc r11,__zero_reg__
 3314 179c F701      		movw r30,r14
 3315 179e EA0D      		add r30,r10
 3316 17a0 FB1D      		adc r31,r11
 3317 17a2 1082      		st Z,__zero_reg__
 3318 17a4 9201      		movw r18,r4
 3319 17a6 261B      		sub r18,r22
 3320 17a8 370B      		sbc r19,r23
 3321 17aa 8CE3      		ldi r24,lo8(60)
 3322 17ac 90E0      		ldi r25,hi8(60)
 3323 17ae 689E      		mul r6,r24
 3324 17b0 D001      		movw r26,r0
 3325 17b2 699E      		mul r6,r25
 3326 17b4 B00D      		add r27,r0
 3327 17b6 789E      		mul r7,r24
 3328 17b8 B00D      		add r27,r0
 3329 17ba 1124      		clr r1
 3330 17bc FD01      		movw r30,r26
 3331 17be E20F      		add r30,r18
 3332 17c0 F31F      		adc r31,r19
 3333 17c2 E050      		subi r30,lo8(-(berin))
 3334 17c4 F040      		sbci r31,hi8(-(berin))
 3335 17c6 858D      		ldd r24,Z+29
 3336 17c8 8B32      		cpi r24,lo8(43)
 3337 17ca 09F4      		brne _PC_+2
 3338 17cc 4CC0      		rjmp .L56
 3339 17ce 82E0      		ldi r24,lo8(2)
 3340 17d0 90E0      		ldi r25,hi8(2)
 3341 17d2 9093 0000 		sts (berin+25)+1,r25
 3342 17d6 8093 0000 		sts berin+25,r24
 3343 17da 1092 0000 		sts (berin+27)+1,__zero_reg__
 3344 17de 1092 0000 		sts berin+27,__zero_reg__
 3345               	.L57:
 3346 17e2 40E0      		ldi r20,lo8(0)
 3347 17e4 50E0      		ldi r21,hi8(0)
 3348 17e6 2091 0000 		lds r18,berin+25
 3349 17ea 3091 0000 		lds r19,(berin+25)+1
 3350 17ee 2230      		cpi r18,2
 3351 17f0 3105      		cpc r19,__zero_reg__
 3352 17f2 B1F1      		breq .L522
 3353               	.L222:
 3354 17f4 80E0      		ldi r24,lo8(0)
 3355 17f6 90E0      		ldi r25,hi8(0)
 3356 17f8 2430      		cpi r18,4
 3357 17fa 3105      		cpc r19,__zero_reg__
 3358 17fc 71F1      		breq .L523
 3359               	.L223:
 3360 17fe 842B      		or r24,r20
GAS LISTING C:\WINDOWS\TEMP/ccra2jgb.s 			page 61


 3361 1800 952B      		or r25,r21
 3362 1802 40E0      		ldi r20,lo8(0)
 3363 1804 50E0      		ldi r21,hi8(0)
 3364 1806 2330      		cpi r18,3
 3365 1808 3105      		cpc r19,__zero_reg__
 3366 180a 21F1      		breq .L524
 3367               	.L224:
 3368 180c 842B      		or r24,r20
 3369 180e 952B      		or r25,r21
 3370 1810 892B      		or r24,r25
 3371 1812 81F0      		breq .L221
 3372 1814 0894      		sec
 3373 1816 E11C      		adc r14,__zero_reg__
 3374 1818 F11C      		adc r15,__zero_reg__
 3375 181a FE01      		movw r30,r28
 3376 181c 3196      		adiw r30,1
 3377 181e D701      		movw r26,r14
 3378 1820 AE0F      		add r26,r30
 3379 1822 BF1F      		adc r27,r31
 3380 1824 85E0      		ldi r24,lo8(5)
 3381 1826 8C93      		st X,r24
 3382 1828 0894      		sec
 3383 182a E11C      		adc r14,__zero_reg__
 3384 182c F11C      		adc r15,__zero_reg__
 3385 182e EE0D      		add r30,r14
 3386 1830 FF1D      		adc r31,r15
 3387 1832 1082      		st Z,__zero_reg__
 3388               	.L221:
 3389 1834 FE01      		movw r30,r28
 3390 1836 E20D      		add r30,r2
 3391 1838 F31D      		adc r31,r3
 3392 183a 8E2D      		mov r24,r14
 3393 183c 8219      		sub r24,r2
 3394 183e 8183      		std Z+1,r24
 3395 1840 8091 0000 		lds r24,berin+579
 3396 1844 9091 0000 		lds r25,(berin+579)+1
 3397 1848 6816      		cp r6,r24
 3398 184a 7906      		cpc r7,r25
 3399 184c 0CF4      		brge _PC_+2
 3400 184e 30CF      		rjmp .L225
 3401 1850 0C94 0000 		jmp .L41
 3402               	.L524:
 3403 1854 41E0      		ldi r20,lo8(1)
 3404 1856 50E0      		ldi r21,hi8(1)
 3405 1858 D9CF      		rjmp .L224
 3406               	.L523:
 3407 185a 81E0      		ldi r24,lo8(1)
 3408 185c 90E0      		ldi r25,hi8(1)
 3409 185e CFCF      		rjmp .L223
 3410               	.L522:
 3411 1860 41E0      		ldi r20,lo8(1)
 3412 1862 50E0      		ldi r21,hi8(1)
 3413 1864 C7CF      		rjmp .L222
 3414               	.L56:
 3415 1866 868D      		ldd r24,Z+30
 3416 1868 8630      		cpi r24,lo8(6)
 3417 186a 69F0      		breq .L58
GAS LISTING C:\WINDOWS\TEMP/ccra2jgb.s 			page 62


 3418 186c 82E0      		ldi r24,lo8(2)
 3419 186e 90E0      		ldi r25,hi8(2)
 3420 1870 9093 0000 		sts (berin+25)+1,r25
 3421 1874 8093 0000 		sts berin+25,r24
 3422 1878 81E0      		ldi r24,lo8(1)
 3423 187a 90E0      		ldi r25,hi8(1)
 3424               	.L501:
 3425 187c 9093 0000 		sts (berin+27)+1,r25
 3426 1880 8093 0000 		sts berin+27,r24
 3427 1884 AECF      		rjmp .L57
 3428               	.L58:
 3429 1886 878D      		ldd r24,Z+31
 3430 1888 8130      		cpi r24,lo8(1)
 3431 188a 39F0      		breq .L60
 3432 188c 82E0      		ldi r24,lo8(2)
 3433 188e 90E0      		ldi r25,hi8(2)
 3434 1890 9093 0000 		sts (berin+25)+1,r25
 3435 1894 8093 0000 		sts berin+25,r24
 3436 1898 F1CF      		rjmp .L501
 3437               	.L60:
 3438 189a 80A1      		ldd r24,Z+32
 3439 189c 8230      		cpi r24,lo8(2)
 3440 189e 09F4      		brne _PC_+2
 3441 18a0 3CC4      		rjmp .L62
 3442 18a2 8430      		cpi r24,lo8(4)
 3443 18a4 49F0      		breq .L525
 3444               	.L72:
 3445 18a6 82E0      		ldi r24,lo8(2)
 3446 18a8 90E0      		ldi r25,hi8(2)
 3447 18aa 9093 0000 		sts (berin+25)+1,r25
 3448 18ae 8093 0000 		sts berin+25,r24
 3449 18b2 83E0      		ldi r24,lo8(3)
 3450 18b4 90E0      		ldi r25,hi8(3)
 3451 18b6 E2CF      		rjmp .L501
 3452               	.L525:
 3453 18b8 81A1      		ldd r24,Z+33
 3454 18ba 8130      		cpi r24,lo8(1)
 3455 18bc A1F7      		brne .L72
 3456 18be 82A1      		ldd r24,Z+34
 3457 18c0 8730      		cpi r24,lo8(7)
 3458 18c2 89F7      		brne .L72
 3459 18c4 83A1      		ldd r24,Z+35
 3460 18c6 8130      		cpi r24,lo8(1)
 3461 18c8 71F7      		brne .L72
 3462 18ca 44A1      		ldd r20,Z+36
 3463 18cc 4130      		cpi r20,lo8(1)
 3464 18ce 09F4      		brne _PC_+2
 3465 18d0 A8C0      		rjmp .L71
 3466 18d2 4230      		cpi r20,lo8(2)
 3467 18d4 41F7      		brne .L72
 3468 18d6 85A1      		ldd r24,Z+37
 3469 18d8 8130      		cpi r24,lo8(1)
 3470 18da 89F0      		breq .L526
 3471 18dc A20F      		add r26,r18
 3472 18de B31F      		adc r27,r19
 3473 18e0 A050      		subi r26,lo8(-(berin))
 3474 18e2 B040      		sbci r27,hi8(-(berin))
GAS LISTING C:\WINDOWS\TEMP/ccra2jgb.s 			page 63


 3475 18e4 9596      		adiw r26,37
 3476 18e6 8C91      		ld r24,X
 3477 18e8 8230      		cpi r24,lo8(2)
 3478 18ea E9F6      		brne .L72
 3479               	.L217:
 3480 18ec 84E0      		ldi r24,lo8(4)
 3481 18ee 90E0      		ldi r25,hi8(4)
 3482               	.L500:
 3483 18f0 9093 0000 		sts (berin+25)+1,r25
 3484 18f4 8093 0000 		sts berin+25,r24
 3485 18f8 86E0      		ldi r24,lo8(6)
 3486 18fa 90E0      		ldi r25,hi8(6)
 3487 18fc BFCF      		rjmp .L501
 3488               	.L526:
 3489 18fe 82E3      		ldi r24,lo8(50)
 3490 1900 90E0      		ldi r25,hi8(50)
 3491 1902 689E      		mul r6,r24
 3492 1904 F001      		movw r30,r0
 3493 1906 699E      		mul r6,r25
 3494 1908 F00D      		add r31,r0
 3495 190a 789E      		mul r7,r24
 3496 190c F00D      		add r31,r0
 3497 190e 1124      		clr r1
 3498 1910 E050      		subi r30,lo8(-(berin))
 3499 1912 F040      		sbci r31,hi8(-(berin))
 3500 1914 E75B      		subi r30,lo8(-(329))
 3501 1916 FE4F      		sbci r31,hi8(-(329))
 3502 1918 8081      		ld r24,Z
 3503 191a E954      		subi r30,lo8(-(-329))
 3504 191c F140      		sbci r31,hi8(-(-329))
 3505 191e 8430      		cpi r24,lo8(4)
 3506 1920 49F0      		breq .L527
 3507               	.L205:
 3508 1922 83E0      		ldi r24,lo8(3)
 3509 1924 90E0      		ldi r25,hi8(3)
 3510 1926 9093 0000 		sts (berin+25)+1,r25
 3511 192a 8093 0000 		sts berin+25,r24
 3512 192e 87E0      		ldi r24,lo8(7)
 3513 1930 90E0      		ldi r25,hi8(7)
 3514 1932 A4CF      		rjmp .L501
 3515               	.L527:
 3516 1934 E65B      		subi r30,lo8(-(330))
 3517 1936 FE4F      		sbci r31,hi8(-(330))
 3518 1938 8081      		ld r24,Z
 3519 193a C82E      		mov r12,r24
 3520 193c DD24      		clr r13
 3521 193e 02E0      		ldi r16,lo8(2)
 3522 1940 10E0      		ldi r17,hi8(2)
 3523 1942 83E0      		ldi r24,lo8(3)
 3524 1944 90E0      		ldi r25,hi8(3)
 3525 1946 C80E      		add r12,r24
 3526 1948 D91E      		adc r13,r25
 3527 194a 0C15      		cp r16,r12
 3528 194c 1D05      		cpc r17,r13
 3529 194e 3CF5      		brge .L440
 3530 1950 60E0      		ldi r22,lo8(temp1Descr)
 3531 1952 862E      		mov r8,r22
GAS LISTING C:\WINDOWS\TEMP/ccra2jgb.s 			page 64


 3532 1954 60E0      		ldi r22,hi8(temp1Descr)
 3533 1956 962E      		mov r9,r22
 3534               	.L79:
 3535 1958 82E3      		ldi r24,lo8(50)
 3536 195a 90E0      		ldi r25,hi8(50)
 3537 195c 689E      		mul r6,r24
 3538 195e F001      		movw r30,r0
 3539 1960 699E      		mul r6,r25
 3540 1962 F00D      		add r31,r0
 3541 1964 789E      		mul r7,r24
 3542 1966 F00D      		add r31,r0
 3543 1968 1124      		clr r1
 3544 196a E00F      		add r30,r16
 3545 196c F11F      		adc r31,r17
 3546 196e E050      		subi r30,lo8(-(berin+329))
 3547 1970 F040      		sbci r31,hi8(-(berin+329))
 3548 1972 8081      		ld r24,Z
 3549 1974 F401      		movw r30,r8
 3550 1976 8193      		st Z+,r24
 3551 1978 4F01      		movw r8,r30
 3552 197a 9927      		clr r25
 3553 197c 9F93      		push r25
 3554 197e 8F93      		push r24
 3555 1980 80E0      		ldi r24,lo8(.LC0)
 3556 1982 90E0      		ldi r25,hi8(.LC0)
 3557 1984 9F93      		push r25
 3558 1986 8F93      		push r24
 3559 1988 0E94 0000 		call NutKPrintFormat
 3560 198c 0F90      		pop __tmp_reg__
 3561 198e 0F90      		pop __tmp_reg__
 3562 1990 0F90      		pop __tmp_reg__
 3563 1992 0F90      		pop __tmp_reg__
 3564 1994 0F5F      		subi r16,lo8(-(1))
 3565 1996 1F4F      		sbci r17,hi8(-(1))
 3566 1998 0C15      		cp r16,r12
 3567 199a 1D05      		cpc r17,r13
 3568 199c ECF2      		brlt .L79
 3569               	.L440:
 3570 199e 0894      		sec
 3571 19a0 E11C      		adc r14,__zero_reg__
 3572 19a2 F11C      		adc r15,__zero_reg__
 3573 19a4 F701      		movw r30,r14
 3574 19a6 EA0D      		add r30,r10
 3575 19a8 FB1D      		adc r31,r11
 3576 19aa 84E0      		ldi r24,lo8(4)
 3577 19ac 8083      		st Z,r24
 3578 19ae 5DE2      		ldi r21,lo8(301)
 3579 19b0 C52E      		mov r12,r21
 3580 19b2 51E0      		ldi r21,hi8(301)
 3581 19b4 D52E      		mov r13,r21
 3582 19b6 CC0E      		add r12,r28
 3583 19b8 DD1E      		adc r13,r29
 3584 19ba 60E0      		ldi r22,lo8(temp1Descr)
 3585 19bc 70E0      		ldi r23,hi8(temp1Descr)
 3586 19be C601      		movw r24,r12
 3587 19c0 0E94 0000 		call strcpy
 3588 19c4 0894      		sec
GAS LISTING C:\WINDOWS\TEMP/ccra2jgb.s 			page 65


 3589 19c6 E11C      		adc r14,__zero_reg__
 3590 19c8 F11C      		adc r15,__zero_reg__
 3591 19ca D701      		movw r26,r14
 3592 19cc AA0D      		add r26,r10
 3593 19ce BB1D      		adc r27,r11
 3594 19d0 F601      		movw r30,r12
 3595 19d2 0190      		ld __tmp_reg__,Z+
 3596 19d4 0020      		tst __tmp_reg__
 3597 19d6 E9F7      		brne _PC_-6
 3598 19d8 3197      		sbiw r30,1
 3599 19da EC19      		sub r30,r12
 3600 19dc FD09      		sbc r31,r13
 3601 19de EC93      		st X,r30
 3602 19e0 F601      		movw r30,r12
 3603 19e2 0190      		ld __tmp_reg__,Z+
 3604 19e4 0020      		tst __tmp_reg__
 3605 19e6 E9F7      		brne _PC_-6
 3606 19e8 3197      		sbiw r30,1
 3607 19ea 00E0      		ldi r16,lo8(0)
 3608 19ec 10E0      		ldi r17,hi8(0)
 3609 19ee EC15      		cp r30,r12
 3610 19f0 FD05      		cpc r31,r13
 3611 19f2 09F4      		brne _PC_+2
 3612 19f4 F6CE      		rjmp .L57
 3613 19f6 9601      		movw r18,r12
 3614               	.L84:
 3615 19f8 0894      		sec
 3616 19fa E11C      		adc r14,__zero_reg__
 3617 19fc F11C      		adc r15,__zero_reg__
 3618 19fe F901      		movw r30,r18
 3619 1a00 8191      		ld r24,Z+
 3620 1a02 9F01      		movw r18,r30
 3621 1a04 1196      		adiw r26,1
 3622 1a06 8C93      		st X,r24
 3623 1a08 0F5F      		subi r16,lo8(-(1))
 3624 1a0a 1F4F      		sbci r17,hi8(-(1))
 3625 1a0c F601      		movw r30,r12
 3626 1a0e 0190      		ld __tmp_reg__,Z+
 3627 1a10 0020      		tst __tmp_reg__
 3628 1a12 E9F7      		brne _PC_-6
 3629 1a14 3197      		sbiw r30,1
 3630 1a16 EC19      		sub r30,r12
 3631 1a18 FD09      		sbc r31,r13
 3632 1a1a 0E17      		cp r16,r30
 3633 1a1c 1F07      		cpc r17,r31
 3634 1a1e 60F3      		brlo .L84
 3635 1a20 E0CE      		rjmp .L57
 3636               	.L71:
 3637 1a22 85A1      		ldd r24,Z+37
 3638 1a24 9927      		clr r25
 3639 1a26 8430      		cpi r24,4
 3640 1a28 9105      		cpc r25,__zero_reg__
 3641 1a2a 09F4      		brne _PC_+2
 3642 1a2c 2AC3      		rjmp .L123
 3643 1a2e 8530      		cpi r24,5
 3644 1a30 9105      		cpc r25,__zero_reg__
 3645 1a32 0CF0      		brlt _PC_+2
GAS LISTING C:\WINDOWS\TEMP/ccra2jgb.s 			page 66


 3646 1a34 6BC1      		rjmp .L166
 3647 1a36 8230      		cpi r24,2
 3648 1a38 9105      		cpc r25,__zero_reg__
 3649 1a3a 09F4      		brne _PC_+2
 3650 1a3c 1BC1      		rjmp .L105
 3651 1a3e 8330      		cpi r24,3
 3652 1a40 9105      		cpc r25,__zero_reg__
 3653 1a42 0CF0      		brlt _PC_+2
 3654 1a44 8DC0      		rjmp .L110
 3655 1a46 0197      		sbiw r24,1
 3656 1a48 09F0      		breq _PC_+2
 3657 1a4a CBCE      		rjmp .L57
 3658 1a4c 82E3      		ldi r24,lo8(50)
 3659 1a4e 90E0      		ldi r25,hi8(50)
 3660 1a50 689E      		mul r6,r24
 3661 1a52 F001      		movw r30,r0
 3662 1a54 699E      		mul r6,r25
 3663 1a56 F00D      		add r31,r0
 3664 1a58 789E      		mul r7,r24
 3665 1a5a F00D      		add r31,r0
 3666 1a5c 1124      		clr r1
 3667 1a5e E050      		subi r30,lo8(-(berin))
 3668 1a60 F040      		sbci r31,hi8(-(berin))
 3669 1a62 E75B      		subi r30,lo8(-(329))
 3670 1a64 FE4F      		sbci r31,hi8(-(329))
 3671 1a66 8081      		ld r24,Z
 3672 1a68 E954      		subi r30,lo8(-(-329))
 3673 1a6a F140      		sbci r31,hi8(-(-329))
 3674 1a6c 8430      		cpi r24,lo8(4)
 3675 1a6e 09F0      		breq _PC_+2
 3676 1a70 58CF      		rjmp .L205
 3677 1a72 E65B      		subi r30,lo8(-(330))
 3678 1a74 FE4F      		sbci r31,hi8(-(330))
 3679 1a76 8081      		ld r24,Z
 3680 1a78 C82E      		mov r12,r24
 3681 1a7a DD24      		clr r13
 3682 1a7c 02E0      		ldi r16,lo8(2)
 3683 1a7e 10E0      		ldi r17,hi8(2)
 3684 1a80 83E0      		ldi r24,lo8(3)
 3685 1a82 90E0      		ldi r25,hi8(3)
 3686 1a84 C80E      		add r12,r24
 3687 1a86 D91E      		adc r13,r25
 3688 1a88 0C15      		cp r16,r12
 3689 1a8a 1D05      		cpc r17,r13
 3690 1a8c 3CF5      		brge .L443
 3691 1a8e 40E0      		ldi r20,lo8(led1Descr)
 3692 1a90 842E      		mov r8,r20
 3693 1a92 40E0      		ldi r20,hi8(led1Descr)
 3694 1a94 942E      		mov r9,r20
 3695               	.L98:
 3696 1a96 82E3      		ldi r24,lo8(50)
 3697 1a98 90E0      		ldi r25,hi8(50)
 3698 1a9a 689E      		mul r6,r24
 3699 1a9c F001      		movw r30,r0
 3700 1a9e 699E      		mul r6,r25
 3701 1aa0 F00D      		add r31,r0
 3702 1aa2 789E      		mul r7,r24
GAS LISTING C:\WINDOWS\TEMP/ccra2jgb.s 			page 67


 3703 1aa4 F00D      		add r31,r0
 3704 1aa6 1124      		clr r1
 3705 1aa8 E00F      		add r30,r16
 3706 1aaa F11F      		adc r31,r17
 3707 1aac E050      		subi r30,lo8(-(berin+329))
 3708 1aae F040      		sbci r31,hi8(-(berin+329))
 3709 1ab0 8081      		ld r24,Z
 3710 1ab2 F401      		movw r30,r8
 3711 1ab4 8193      		st Z+,r24
 3712 1ab6 4F01      		movw r8,r30
 3713 1ab8 9927      		clr r25
 3714 1aba 9F93      		push r25
 3715 1abc 8F93      		push r24
 3716 1abe 80E0      		ldi r24,lo8(.LC0)
 3717 1ac0 90E0      		ldi r25,hi8(.LC0)
 3718 1ac2 9F93      		push r25
 3719 1ac4 8F93      		push r24
 3720 1ac6 0E94 0000 		call NutKPrintFormat
 3721 1aca 0F90      		pop __tmp_reg__
 3722 1acc 0F90      		pop __tmp_reg__
 3723 1ace 0F90      		pop __tmp_reg__
 3724 1ad0 0F90      		pop __tmp_reg__
 3725 1ad2 0F5F      		subi r16,lo8(-(1))
 3726 1ad4 1F4F      		sbci r17,hi8(-(1))
 3727 1ad6 0C15      		cp r16,r12
 3728 1ad8 1D05      		cpc r17,r13
 3729 1ada ECF2      		brlt .L98
 3730               	.L443:
 3731 1adc 0894      		sec
 3732 1ade E11C      		adc r14,__zero_reg__
 3733 1ae0 F11C      		adc r15,__zero_reg__
 3734 1ae2 F701      		movw r30,r14
 3735 1ae4 EA0D      		add r30,r10
 3736 1ae6 FB1D      		adc r31,r11
 3737 1ae8 84E0      		ldi r24,lo8(4)
 3738 1aea 8083      		st Z,r24
 3739 1aec 3DE2      		ldi r19,lo8(301)
 3740 1aee C32E      		mov r12,r19
 3741 1af0 31E0      		ldi r19,hi8(301)
 3742 1af2 D32E      		mov r13,r19
 3743 1af4 CC0E      		add r12,r28
 3744 1af6 DD1E      		adc r13,r29
 3745 1af8 60E0      		ldi r22,lo8(led1Descr)
 3746 1afa 70E0      		ldi r23,hi8(led1Descr)
 3747 1afc C601      		movw r24,r12
 3748 1afe 0E94 0000 		call strcpy
 3749 1b02 0894      		sec
 3750 1b04 E11C      		adc r14,__zero_reg__
 3751 1b06 F11C      		adc r15,__zero_reg__
 3752 1b08 D701      		movw r26,r14
 3753 1b0a AA0D      		add r26,r10
 3754 1b0c BB1D      		adc r27,r11
 3755 1b0e F601      		movw r30,r12
 3756 1b10 0190      		ld __tmp_reg__,Z+
 3757 1b12 0020      		tst __tmp_reg__
 3758 1b14 E9F7      		brne _PC_-6
 3759 1b16 3197      		sbiw r30,1
GAS LISTING C:\WINDOWS\TEMP/ccra2jgb.s 			page 68


 3760 1b18 EC19      		sub r30,r12
 3761 1b1a FD09      		sbc r31,r13
 3762 1b1c EC93      		st X,r30
 3763 1b1e F601      		movw r30,r12
 3764 1b20 0190      		ld __tmp_reg__,Z+
 3765 1b22 0020      		tst __tmp_reg__
 3766 1b24 E9F7      		brne _PC_-6
 3767 1b26 3197      		sbiw r30,1
 3768 1b28 00E0      		ldi r16,lo8(0)
 3769 1b2a 10E0      		ldi r17,hi8(0)
 3770 1b2c EC15      		cp r30,r12
 3771 1b2e FD05      		cpc r31,r13
 3772 1b30 09F4      		brne _PC_+2
 3773 1b32 57CE      		rjmp .L57
 3774 1b34 9601      		movw r18,r12
 3775               	.L103:
 3776 1b36 0894      		sec
 3777 1b38 E11C      		adc r14,__zero_reg__
 3778 1b3a F11C      		adc r15,__zero_reg__
 3779 1b3c F901      		movw r30,r18
 3780 1b3e 8191      		ld r24,Z+
 3781 1b40 9F01      		movw r18,r30
 3782 1b42 1196      		adiw r26,1
 3783 1b44 8C93      		st X,r24
 3784 1b46 0F5F      		subi r16,lo8(-(1))
 3785 1b48 1F4F      		sbci r17,hi8(-(1))
 3786 1b4a F601      		movw r30,r12
 3787 1b4c 0190      		ld __tmp_reg__,Z+
 3788 1b4e 0020      		tst __tmp_reg__
 3789 1b50 E9F7      		brne _PC_-6
 3790 1b52 3197      		sbiw r30,1
 3791 1b54 EC19      		sub r30,r12
 3792 1b56 FD09      		sbc r31,r13
 3793 1b58 0E17      		cp r16,r30
 3794 1b5a 1F07      		cpc r17,r31
 3795 1b5c 60F3      		brlo .L103
 3796 1b5e 41CE      		rjmp .L57
 3797               	.L110:
 3798 1b60 82E3      		ldi r24,lo8(50)
 3799 1b62 90E0      		ldi r25,hi8(50)
 3800 1b64 689E      		mul r6,r24
 3801 1b66 F001      		movw r30,r0
 3802 1b68 699E      		mul r6,r25
 3803 1b6a F00D      		add r31,r0
 3804 1b6c 789E      		mul r7,r24
 3805 1b6e F00D      		add r31,r0
 3806 1b70 1124      		clr r1
 3807 1b72 E050      		subi r30,lo8(-(berin))
 3808 1b74 F040      		sbci r31,hi8(-(berin))
 3809 1b76 E75B      		subi r30,lo8(-(329))
 3810 1b78 FE4F      		sbci r31,hi8(-(329))
 3811 1b7a 8081      		ld r24,Z
 3812 1b7c E954      		subi r30,lo8(-(-329))
 3813 1b7e F140      		sbci r31,hi8(-(-329))
 3814 1b80 8430      		cpi r24,lo8(4)
 3815 1b82 09F0      		breq _PC_+2
 3816 1b84 CECE      		rjmp .L205
GAS LISTING C:\WINDOWS\TEMP/ccra2jgb.s 			page 69


 3817 1b86 E65B      		subi r30,lo8(-(330))
 3818 1b88 FE4F      		sbci r31,hi8(-(330))
 3819 1b8a 8081      		ld r24,Z
 3820 1b8c C82E      		mov r12,r24
 3821 1b8e DD24      		clr r13
 3822 1b90 02E0      		ldi r16,lo8(2)
 3823 1b92 10E0      		ldi r17,hi8(2)
 3824 1b94 83E0      		ldi r24,lo8(3)
 3825 1b96 90E0      		ldi r25,hi8(3)
 3826 1b98 C80E      		add r12,r24
 3827 1b9a D91E      		adc r13,r25
 3828 1b9c 0C15      		cp r16,r12
 3829 1b9e 1D05      		cpc r17,r13
 3830 1ba0 3CF5      		brge .L446
 3831 1ba2 20E0      		ldi r18,lo8(led2Descr)
 3832 1ba4 822E      		mov r8,r18
 3833 1ba6 20E0      		ldi r18,hi8(led2Descr)
 3834 1ba8 922E      		mov r9,r18
 3835               	.L116:
 3836 1baa 82E3      		ldi r24,lo8(50)
 3837 1bac 90E0      		ldi r25,hi8(50)
 3838 1bae 689E      		mul r6,r24
 3839 1bb0 F001      		movw r30,r0
 3840 1bb2 699E      		mul r6,r25
 3841 1bb4 F00D      		add r31,r0
 3842 1bb6 789E      		mul r7,r24
 3843 1bb8 F00D      		add r31,r0
 3844 1bba 1124      		clr r1
 3845 1bbc E00F      		add r30,r16
 3846 1bbe F11F      		adc r31,r17
 3847 1bc0 E050      		subi r30,lo8(-(berin+329))
 3848 1bc2 F040      		sbci r31,hi8(-(berin+329))
 3849 1bc4 8081      		ld r24,Z
 3850 1bc6 F401      		movw r30,r8
 3851 1bc8 8193      		st Z+,r24
 3852 1bca 4F01      		movw r8,r30
 3853 1bcc 9927      		clr r25
 3854 1bce 9F93      		push r25
 3855 1bd0 8F93      		push r24
 3856 1bd2 80E0      		ldi r24,lo8(.LC0)
 3857 1bd4 90E0      		ldi r25,hi8(.LC0)
 3858 1bd6 9F93      		push r25
 3859 1bd8 8F93      		push r24
 3860 1bda 0E94 0000 		call NutKPrintFormat
 3861 1bde 0F90      		pop __tmp_reg__
 3862 1be0 0F90      		pop __tmp_reg__
 3863 1be2 0F90      		pop __tmp_reg__
 3864 1be4 0F90      		pop __tmp_reg__
 3865 1be6 0F5F      		subi r16,lo8(-(1))
 3866 1be8 1F4F      		sbci r17,hi8(-(1))
 3867 1bea 0C15      		cp r16,r12
 3868 1bec 1D05      		cpc r17,r13
 3869 1bee ECF2      		brlt .L116
 3870               	.L446:
 3871 1bf0 0894      		sec
 3872 1bf2 E11C      		adc r14,__zero_reg__
 3873 1bf4 F11C      		adc r15,__zero_reg__
GAS LISTING C:\WINDOWS\TEMP/ccra2jgb.s 			page 70


 3874 1bf6 F701      		movw r30,r14
 3875 1bf8 EA0D      		add r30,r10
 3876 1bfa FB1D      		adc r31,r11
 3877 1bfc 84E0      		ldi r24,lo8(4)
 3878 1bfe 8083      		st Z,r24
 3879 1c00 9DE2      		ldi r25,lo8(301)
 3880 1c02 C92E      		mov r12,r25
 3881 1c04 91E0      		ldi r25,hi8(301)
 3882 1c06 D92E      		mov r13,r25
 3883 1c08 CC0E      		add r12,r28
 3884 1c0a DD1E      		adc r13,r29
 3885 1c0c 60E0      		ldi r22,lo8(led2Descr)
 3886 1c0e 70E0      		ldi r23,hi8(led2Descr)
 3887 1c10 C601      		movw r24,r12
 3888 1c12 0E94 0000 		call strcpy
 3889 1c16 0894      		sec
 3890 1c18 E11C      		adc r14,__zero_reg__
 3891 1c1a F11C      		adc r15,__zero_reg__
 3892 1c1c D701      		movw r26,r14
 3893 1c1e AA0D      		add r26,r10
 3894 1c20 BB1D      		adc r27,r11
 3895 1c22 F601      		movw r30,r12
 3896 1c24 0190      		ld __tmp_reg__,Z+
 3897 1c26 0020      		tst __tmp_reg__
 3898 1c28 E9F7      		brne _PC_-6
 3899 1c2a 3197      		sbiw r30,1
 3900 1c2c EC19      		sub r30,r12
 3901 1c2e FD09      		sbc r31,r13
 3902 1c30 EC93      		st X,r30
 3903 1c32 F601      		movw r30,r12
 3904 1c34 0190      		ld __tmp_reg__,Z+
 3905 1c36 0020      		tst __tmp_reg__
 3906 1c38 E9F7      		brne _PC_-6
 3907 1c3a 3197      		sbiw r30,1
 3908 1c3c 00E0      		ldi r16,lo8(0)
 3909 1c3e 10E0      		ldi r17,hi8(0)
 3910 1c40 EC15      		cp r30,r12
 3911 1c42 FD05      		cpc r31,r13
 3912 1c44 09F4      		brne _PC_+2
 3913 1c46 CDCD      		rjmp .L57
 3914 1c48 9601      		movw r18,r12
 3915               	.L121:
 3916 1c4a 0894      		sec
 3917 1c4c E11C      		adc r14,__zero_reg__
 3918 1c4e F11C      		adc r15,__zero_reg__
 3919 1c50 F901      		movw r30,r18
 3920 1c52 8191      		ld r24,Z+
 3921 1c54 9F01      		movw r18,r30
 3922 1c56 1196      		adiw r26,1
 3923 1c58 8C93      		st X,r24
 3924 1c5a 0F5F      		subi r16,lo8(-(1))
 3925 1c5c 1F4F      		sbci r17,hi8(-(1))
 3926 1c5e F601      		movw r30,r12
 3927 1c60 0190      		ld __tmp_reg__,Z+
 3928 1c62 0020      		tst __tmp_reg__
 3929 1c64 E9F7      		brne _PC_-6
 3930 1c66 3197      		sbiw r30,1
GAS LISTING C:\WINDOWS\TEMP/ccra2jgb.s 			page 71


 3931 1c68 EC19      		sub r30,r12
 3932 1c6a FD09      		sbc r31,r13
 3933 1c6c 0E17      		cp r16,r30
 3934 1c6e 1F07      		cpc r17,r31
 3935 1c70 60F3      		brlo .L121
 3936 1c72 B7CD      		rjmp .L57
 3937               	.L105:
 3938 1c74 82E3      		ldi r24,lo8(50)
 3939 1c76 90E0      		ldi r25,hi8(50)
 3940 1c78 689E      		mul r6,r24
 3941 1c7a F001      		movw r30,r0
 3942 1c7c 699E      		mul r6,r25
 3943 1c7e F00D      		add r31,r0
 3944 1c80 789E      		mul r7,r24
 3945 1c82 F00D      		add r31,r0
 3946 1c84 1124      		clr r1
 3947 1c86 E050      		subi r30,lo8(-(berin))
 3948 1c88 F040      		sbci r31,hi8(-(berin))
 3949 1c8a E75B      		subi r30,lo8(-(329))
 3950 1c8c FE4F      		sbci r31,hi8(-(329))
 3951 1c8e 9081      		ld r25,Z
 3952 1c90 E954      		subi r30,lo8(-(-329))
 3953 1c92 F140      		sbci r31,hi8(-(-329))
 3954 1c94 9230      		cpi r25,lo8(2)
 3955 1c96 09F0      		breq _PC_+2
 3956 1c98 44CE      		rjmp .L205
 3957 1c9a E55B      		subi r30,lo8(-(331))
 3958 1c9c FE4F      		sbci r31,hi8(-(331))
 3959 1c9e 8081      		ld r24,Z
 3960 1ca0 282F      		mov r18,r24
 3961 1ca2 3327      		clr r19
 3962 1ca4 3093 0000 		sts (led1Value)+1,r19
 3963 1ca8 2093 0000 		sts led1Value,r18
 3964 1cac 0894      		sec
 3965 1cae E11C      		adc r14,__zero_reg__
 3966 1cb0 F11C      		adc r15,__zero_reg__
 3967 1cb2 F701      		movw r30,r14
 3968 1cb4 EA0D      		add r30,r10
 3969 1cb6 FB1D      		adc r31,r11
 3970 1cb8 9083      		st Z,r25
 3971 1cba 0894      		sec
 3972 1cbc E11C      		adc r14,__zero_reg__
 3973 1cbe F11C      		adc r15,__zero_reg__
 3974 1cc0 F701      		movw r30,r14
 3975 1cc2 EA0D      		add r30,r10
 3976 1cc4 FB1D      		adc r31,r11
 3977 1cc6 4083      		st Z,r20
 3978 1cc8 0894      		sec
 3979 1cca E11C      		adc r14,__zero_reg__
 3980 1ccc F11C      		adc r15,__zero_reg__
 3981 1cce AE0C      		add r10,r14
 3982 1cd0 BF1C      		adc r11,r15
 3983 1cd2 8091 0000 		lds r24,led1Value
 3984 1cd6 F501      		movw r30,r10
 3985 1cd8 8083      		st Z,r24
 3986 1cda 3F93      		push r19
 3987 1cdc 2F93      		push r18
GAS LISTING C:\WINDOWS\TEMP/ccra2jgb.s 			page 72


 3988 1cde 80E0      		ldi r24,lo8(.LC1)
 3989 1ce0 90E0      		ldi r25,hi8(.LC1)
 3990 1ce2 9F93      		push r25
 3991 1ce4 8F93      		push r24
 3992 1ce6 0E94 0000 		call NutKPrintFormat
 3993 1cea 8091 0000 		lds r24,led1Value
 3994 1cee 9091 0000 		lds r25,(led1Value)+1
 3995 1cf2 0F90      		pop __tmp_reg__
 3996 1cf4 0F90      		pop __tmp_reg__
 3997 1cf6 0F90      		pop __tmp_reg__
 3998 1cf8 0F90      		pop __tmp_reg__
 3999 1cfa 1816      		cp __zero_reg__,r24
 4000 1cfc 1906      		cpc __zero_reg__,r25
 4001 1cfe 1CF4      		brge .L107
 4002 1d00 889A      		sbi 49-0x20,0
 4003 1d02 909A      		sbi 50-0x20,0
 4004 1d04 6ECD      		rjmp .L57
 4005               	.L107:
 4006 1d06 889A      		sbi 49-0x20,0
 4007 1d08 9098      		cbi 50-0x20,0
 4008 1d0a 6BCD      		rjmp .L57
 4009               	.L166:
 4010 1d0c 8630      		cpi r24,6
 4011 1d0e 9105      		cpc r25,__zero_reg__
 4012 1d10 09F4      		brne _PC_+2
 4013 1d12 6BC1      		rjmp .L141
 4014 1d14 8630      		cpi r24,6
 4015 1d16 9105      		cpc r25,__zero_reg__
 4016 1d18 0CF4      		brge _PC_+2
 4017 1d1a DDC0      		rjmp .L128
 4018 1d1c 8730      		cpi r24,7
 4019 1d1e 9105      		cpc r25,__zero_reg__
 4020 1d20 09F4      		brne _PC_+2
 4021 1d22 4FC0      		rjmp .L146
 4022 1d24 0897      		sbiw r24,8
 4023 1d26 09F0      		breq _PC_+2
 4024 1d28 5CCD      		rjmp .L57
 4025 1d2a 82E3      		ldi r24,lo8(50)
 4026 1d2c 90E0      		ldi r25,hi8(50)
 4027 1d2e 689E      		mul r6,r24
 4028 1d30 F001      		movw r30,r0
 4029 1d32 699E      		mul r6,r25
 4030 1d34 F00D      		add r31,r0
 4031 1d36 789E      		mul r7,r24
 4032 1d38 F00D      		add r31,r0
 4033 1d3a 1124      		clr r1
 4034 1d3c E050      		subi r30,lo8(-(berin))
 4035 1d3e F040      		sbci r31,hi8(-(berin))
 4036 1d40 E75B      		subi r30,lo8(-(329))
 4037 1d42 FE4F      		sbci r31,hi8(-(329))
 4038 1d44 9081      		ld r25,Z
 4039 1d46 E954      		subi r30,lo8(-(-329))
 4040 1d48 F140      		sbci r31,hi8(-(-329))
 4041 1d4a 9230      		cpi r25,lo8(2)
 4042 1d4c 09F0      		breq _PC_+2
 4043 1d4e E9CD      		rjmp .L205
 4044 1d50 E55B      		subi r30,lo8(-(331))
GAS LISTING C:\WINDOWS\TEMP/ccra2jgb.s 			page 73


 4045 1d52 FE4F      		sbci r31,hi8(-(331))
 4046 1d54 8081      		ld r24,Z
 4047 1d56 282F      		mov r18,r24
 4048 1d58 3327      		clr r19
 4049 1d5a 3093 0000 		sts (led4Value)+1,r19
 4050 1d5e 2093 0000 		sts led4Value,r18
 4051 1d62 0894      		sec
 4052 1d64 E11C      		adc r14,__zero_reg__
 4053 1d66 F11C      		adc r15,__zero_reg__
 4054 1d68 F701      		movw r30,r14
 4055 1d6a EA0D      		add r30,r10
 4056 1d6c FB1D      		adc r31,r11
 4057 1d6e 9083      		st Z,r25
 4058 1d70 0894      		sec
 4059 1d72 E11C      		adc r14,__zero_reg__
 4060 1d74 F11C      		adc r15,__zero_reg__
 4061 1d76 F701      		movw r30,r14
 4062 1d78 EA0D      		add r30,r10
 4063 1d7a FB1D      		adc r31,r11
 4064 1d7c 4083      		st Z,r20
 4065 1d7e 0894      		sec
 4066 1d80 E11C      		adc r14,__zero_reg__
 4067 1d82 F11C      		adc r15,__zero_reg__
 4068 1d84 AE0C      		add r10,r14
 4069 1d86 BF1C      		adc r11,r15
 4070 1d88 8091 0000 		lds r24,led4Value
 4071 1d8c F501      		movw r30,r10
 4072 1d8e 8083      		st Z,r24
 4073 1d90 3F93      		push r19
 4074 1d92 2F93      		push r18
 4075 1d94 80E0      		ldi r24,lo8(.LC4)
 4076 1d96 90E0      		ldi r25,hi8(.LC4)
 4077 1d98 9F93      		push r25
 4078 1d9a 8F93      		push r24
 4079 1d9c 0E94 0000 		call NutKPrintFormat
 4080 1da0 8091 0000 		lds r24,led4Value
 4081 1da4 9091 0000 		lds r25,(led4Value)+1
 4082 1da8 0F90      		pop __tmp_reg__
 4083 1daa 0F90      		pop __tmp_reg__
 4084 1dac 0F90      		pop __tmp_reg__
 4085 1dae 0F90      		pop __tmp_reg__
 4086 1db0 1816      		cp __zero_reg__,r24
 4087 1db2 1906      		cpc __zero_reg__,r25
 4088 1db4 1CF4      		brge .L161
 4089 1db6 8B9A      		sbi 49-0x20,3
 4090 1db8 939A      		sbi 50-0x20,3
 4091 1dba 13CD      		rjmp .L57
 4092               	.L161:
 4093 1dbc 8B9A      		sbi 49-0x20,3
 4094 1dbe 9398      		cbi 50-0x20,3
 4095 1dc0 10CD      		rjmp .L57
 4096               	.L146:
 4097 1dc2 82E3      		ldi r24,lo8(50)
 4098 1dc4 90E0      		ldi r25,hi8(50)
 4099 1dc6 689E      		mul r6,r24
 4100 1dc8 F001      		movw r30,r0
 4101 1dca 699E      		mul r6,r25
GAS LISTING C:\WINDOWS\TEMP/ccra2jgb.s 			page 74


 4102 1dcc F00D      		add r31,r0
 4103 1dce 789E      		mul r7,r24
 4104 1dd0 F00D      		add r31,r0
 4105 1dd2 1124      		clr r1
 4106 1dd4 E050      		subi r30,lo8(-(berin))
 4107 1dd6 F040      		sbci r31,hi8(-(berin))
 4108 1dd8 E75B      		subi r30,lo8(-(329))
 4109 1dda FE4F      		sbci r31,hi8(-(329))
 4110 1ddc 8081      		ld r24,Z
 4111 1dde E954      		subi r30,lo8(-(-329))
 4112 1de0 F140      		sbci r31,hi8(-(-329))
 4113 1de2 8430      		cpi r24,lo8(4)
 4114 1de4 09F0      		breq _PC_+2
 4115 1de6 9DCD      		rjmp .L205
 4116 1de8 E65B      		subi r30,lo8(-(330))
 4117 1dea FE4F      		sbci r31,hi8(-(330))
 4118 1dec 8081      		ld r24,Z
 4119 1dee C82E      		mov r12,r24
 4120 1df0 DD24      		clr r13
 4121 1df2 02E0      		ldi r16,lo8(2)
 4122 1df4 10E0      		ldi r17,hi8(2)
 4123 1df6 83E0      		ldi r24,lo8(3)
 4124 1df8 90E0      		ldi r25,hi8(3)
 4125 1dfa C80E      		add r12,r24
 4126 1dfc D91E      		adc r13,r25
 4127 1dfe 0C15      		cp r16,r12
 4128 1e00 1D05      		cpc r17,r13
 4129 1e02 3CF5      		brge .L452
 4130 1e04 B0E0      		ldi r27,lo8(led4Descr)
 4131 1e06 8B2E      		mov r8,r27
 4132 1e08 B0E0      		ldi r27,hi8(led4Descr)
 4133 1e0a 9B2E      		mov r9,r27
 4134               	.L152:
 4135 1e0c 82E3      		ldi r24,lo8(50)
 4136 1e0e 90E0      		ldi r25,hi8(50)
 4137 1e10 689E      		mul r6,r24
 4138 1e12 F001      		movw r30,r0
 4139 1e14 699E      		mul r6,r25
 4140 1e16 F00D      		add r31,r0
 4141 1e18 789E      		mul r7,r24
 4142 1e1a F00D      		add r31,r0
 4143 1e1c 1124      		clr r1
 4144 1e1e E00F      		add r30,r16
 4145 1e20 F11F      		adc r31,r17
 4146 1e22 E050      		subi r30,lo8(-(berin+329))
 4147 1e24 F040      		sbci r31,hi8(-(berin+329))
 4148 1e26 8081      		ld r24,Z
 4149 1e28 F401      		movw r30,r8
 4150 1e2a 8193      		st Z+,r24
 4151 1e2c 4F01      		movw r8,r30
 4152 1e2e 9927      		clr r25
 4153 1e30 9F93      		push r25
 4154 1e32 8F93      		push r24
 4155 1e34 80E0      		ldi r24,lo8(.LC0)
 4156 1e36 90E0      		ldi r25,hi8(.LC0)
 4157 1e38 9F93      		push r25
 4158 1e3a 8F93      		push r24
GAS LISTING C:\WINDOWS\TEMP/ccra2jgb.s 			page 75


 4159 1e3c 0E94 0000 		call NutKPrintFormat
 4160 1e40 0F90      		pop __tmp_reg__
 4161 1e42 0F90      		pop __tmp_reg__
 4162 1e44 0F90      		pop __tmp_reg__
 4163 1e46 0F90      		pop __tmp_reg__
 4164 1e48 0F5F      		subi r16,lo8(-(1))
 4165 1e4a 1F4F      		sbci r17,hi8(-(1))
 4166 1e4c 0C15      		cp r16,r12
 4167 1e4e 1D05      		cpc r17,r13
 4168 1e50 ECF2      		brlt .L152
 4169               	.L452:
 4170 1e52 0894      		sec
 4171 1e54 E11C      		adc r14,__zero_reg__
 4172 1e56 F11C      		adc r15,__zero_reg__
 4173 1e58 F701      		movw r30,r14
 4174 1e5a EA0D      		add r30,r10
 4175 1e5c FB1D      		adc r31,r11
 4176 1e5e 84E0      		ldi r24,lo8(4)
 4177 1e60 8083      		st Z,r24
 4178 1e62 ADE2      		ldi r26,lo8(301)
 4179 1e64 CA2E      		mov r12,r26
 4180 1e66 A1E0      		ldi r26,hi8(301)
 4181 1e68 DA2E      		mov r13,r26
 4182 1e6a CC0E      		add r12,r28
 4183 1e6c DD1E      		adc r13,r29
 4184 1e6e 60E0      		ldi r22,lo8(led4Descr)
 4185 1e70 70E0      		ldi r23,hi8(led4Descr)
 4186 1e72 C601      		movw r24,r12
 4187 1e74 0E94 0000 		call strcpy
 4188 1e78 0894      		sec
 4189 1e7a E11C      		adc r14,__zero_reg__
 4190 1e7c F11C      		adc r15,__zero_reg__
 4191 1e7e D701      		movw r26,r14
 4192 1e80 AA0D      		add r26,r10
 4193 1e82 BB1D      		adc r27,r11
 4194 1e84 F601      		movw r30,r12
 4195 1e86 0190      		ld __tmp_reg__,Z+
 4196 1e88 0020      		tst __tmp_reg__
 4197 1e8a E9F7      		brne _PC_-6
 4198 1e8c 3197      		sbiw r30,1
 4199 1e8e EC19      		sub r30,r12
 4200 1e90 FD09      		sbc r31,r13
 4201 1e92 EC93      		st X,r30
 4202 1e94 F601      		movw r30,r12
 4203 1e96 0190      		ld __tmp_reg__,Z+
 4204 1e98 0020      		tst __tmp_reg__
 4205 1e9a E9F7      		brne _PC_-6
 4206 1e9c 3197      		sbiw r30,1
 4207 1e9e 00E0      		ldi r16,lo8(0)
 4208 1ea0 10E0      		ldi r17,hi8(0)
 4209 1ea2 EC15      		cp r30,r12
 4210 1ea4 FD05      		cpc r31,r13
 4211 1ea6 09F4      		brne _PC_+2
 4212 1ea8 9CCC      		rjmp .L57
 4213 1eaa 9601      		movw r18,r12
 4214               	.L157:
 4215 1eac 0894      		sec
GAS LISTING C:\WINDOWS\TEMP/ccra2jgb.s 			page 76


 4216 1eae E11C      		adc r14,__zero_reg__
 4217 1eb0 F11C      		adc r15,__zero_reg__
 4218 1eb2 F901      		movw r30,r18
 4219 1eb4 8191      		ld r24,Z+
 4220 1eb6 9F01      		movw r18,r30
 4221 1eb8 1196      		adiw r26,1
 4222 1eba 8C93      		st X,r24
 4223 1ebc 0F5F      		subi r16,lo8(-(1))
 4224 1ebe 1F4F      		sbci r17,hi8(-(1))
 4225 1ec0 F601      		movw r30,r12
 4226 1ec2 0190      		ld __tmp_reg__,Z+
 4227 1ec4 0020      		tst __tmp_reg__
 4228 1ec6 E9F7      		brne _PC_-6
 4229 1ec8 3197      		sbiw r30,1
 4230 1eca EC19      		sub r30,r12
 4231 1ecc FD09      		sbc r31,r13
 4232 1ece 0E17      		cp r16,r30
 4233 1ed0 1F07      		cpc r17,r31
 4234 1ed2 60F3      		brlo .L157
 4235 1ed4 86CC      		rjmp .L57
 4236               	.L128:
 4237 1ed6 82E3      		ldi r24,lo8(50)
 4238 1ed8 90E0      		ldi r25,hi8(50)
 4239 1eda 689E      		mul r6,r24
 4240 1edc F001      		movw r30,r0
 4241 1ede 699E      		mul r6,r25
 4242 1ee0 F00D      		add r31,r0
 4243 1ee2 789E      		mul r7,r24
 4244 1ee4 F00D      		add r31,r0
 4245 1ee6 1124      		clr r1
 4246 1ee8 E050      		subi r30,lo8(-(berin))
 4247 1eea F040      		sbci r31,hi8(-(berin))
 4248 1eec E75B      		subi r30,lo8(-(329))
 4249 1eee FE4F      		sbci r31,hi8(-(329))
 4250 1ef0 8081      		ld r24,Z
 4251 1ef2 E954      		subi r30,lo8(-(-329))
 4252 1ef4 F140      		sbci r31,hi8(-(-329))
 4253 1ef6 8430      		cpi r24,lo8(4)
 4254 1ef8 09F0      		breq _PC_+2
 4255 1efa 13CD      		rjmp .L205
 4256 1efc E65B      		subi r30,lo8(-(330))
 4257 1efe FE4F      		sbci r31,hi8(-(330))
 4258 1f00 8081      		ld r24,Z
 4259 1f02 C82E      		mov r12,r24
 4260 1f04 DD24      		clr r13
 4261 1f06 02E0      		ldi r16,lo8(2)
 4262 1f08 10E0      		ldi r17,hi8(2)
 4263 1f0a 83E0      		ldi r24,lo8(3)
 4264 1f0c 90E0      		ldi r25,hi8(3)
 4265 1f0e C80E      		add r12,r24
 4266 1f10 D91E      		adc r13,r25
 4267 1f12 0C15      		cp r16,r12
 4268 1f14 1D05      		cpc r17,r13
 4269 1f16 3CF5      		brge .L449
 4270 1f18 80E0      		ldi r24,lo8(led3Descr)
 4271 1f1a 882E      		mov r8,r24
 4272 1f1c 80E0      		ldi r24,hi8(led3Descr)
GAS LISTING C:\WINDOWS\TEMP/ccra2jgb.s 			page 77


 4273 1f1e 982E      		mov r9,r24
 4274               	.L134:
 4275 1f20 82E3      		ldi r24,lo8(50)
 4276 1f22 90E0      		ldi r25,hi8(50)
 4277 1f24 689E      		mul r6,r24
 4278 1f26 F001      		movw r30,r0
 4279 1f28 699E      		mul r6,r25
 4280 1f2a F00D      		add r31,r0
 4281 1f2c 789E      		mul r7,r24
 4282 1f2e F00D      		add r31,r0
 4283 1f30 1124      		clr r1
 4284 1f32 E00F      		add r30,r16
 4285 1f34 F11F      		adc r31,r17
 4286 1f36 E050      		subi r30,lo8(-(berin+329))
 4287 1f38 F040      		sbci r31,hi8(-(berin+329))
 4288 1f3a 8081      		ld r24,Z
 4289 1f3c F401      		movw r30,r8
 4290 1f3e 8193      		st Z+,r24
 4291 1f40 4F01      		movw r8,r30
 4292 1f42 9927      		clr r25
 4293 1f44 9F93      		push r25
 4294 1f46 8F93      		push r24
 4295 1f48 80E0      		ldi r24,lo8(.LC0)
 4296 1f4a 90E0      		ldi r25,hi8(.LC0)
 4297 1f4c 9F93      		push r25
 4298 1f4e 8F93      		push r24
 4299 1f50 0E94 0000 		call NutKPrintFormat
 4300 1f54 0F90      		pop __tmp_reg__
 4301 1f56 0F90      		pop __tmp_reg__
 4302 1f58 0F90      		pop __tmp_reg__
 4303 1f5a 0F90      		pop __tmp_reg__
 4304 1f5c 0F5F      		subi r16,lo8(-(1))
 4305 1f5e 1F4F      		sbci r17,hi8(-(1))
 4306 1f60 0C15      		cp r16,r12
 4307 1f62 1D05      		cpc r17,r13
 4308 1f64 ECF2      		brlt .L134
 4309               	.L449:
 4310 1f66 0894      		sec
 4311 1f68 E11C      		adc r14,__zero_reg__
 4312 1f6a F11C      		adc r15,__zero_reg__
 4313 1f6c F701      		movw r30,r14
 4314 1f6e EA0D      		add r30,r10
 4315 1f70 FB1D      		adc r31,r11
 4316 1f72 84E0      		ldi r24,lo8(4)
 4317 1f74 8083      		st Z,r24
 4318 1f76 1DE2      		ldi r17,lo8(301)
 4319 1f78 C12E      		mov r12,r17
 4320 1f7a 11E0      		ldi r17,hi8(301)
 4321 1f7c D12E      		mov r13,r17
 4322 1f7e CC0E      		add r12,r28
 4323 1f80 DD1E      		adc r13,r29
 4324 1f82 60E0      		ldi r22,lo8(led3Descr)
 4325 1f84 70E0      		ldi r23,hi8(led3Descr)
 4326 1f86 C601      		movw r24,r12
 4327 1f88 0E94 0000 		call strcpy
 4328 1f8c 0894      		sec
 4329 1f8e E11C      		adc r14,__zero_reg__
GAS LISTING C:\WINDOWS\TEMP/ccra2jgb.s 			page 78


 4330 1f90 F11C      		adc r15,__zero_reg__
 4331 1f92 D701      		movw r26,r14
 4332 1f94 AA0D      		add r26,r10
 4333 1f96 BB1D      		adc r27,r11
 4334 1f98 F601      		movw r30,r12
 4335 1f9a 0190      		ld __tmp_reg__,Z+
 4336 1f9c 0020      		tst __tmp_reg__
 4337 1f9e E9F7      		brne _PC_-6
 4338 1fa0 3197      		sbiw r30,1
 4339 1fa2 EC19      		sub r30,r12
 4340 1fa4 FD09      		sbc r31,r13
 4341 1fa6 EC93      		st X,r30
 4342 1fa8 F601      		movw r30,r12
 4343 1faa 0190      		ld __tmp_reg__,Z+
 4344 1fac 0020      		tst __tmp_reg__
 4345 1fae E9F7      		brne _PC_-6
 4346 1fb0 3197      		sbiw r30,1
 4347 1fb2 00E0      		ldi r16,lo8(0)
 4348 1fb4 10E0      		ldi r17,hi8(0)
 4349 1fb6 EC15      		cp r30,r12
 4350 1fb8 FD05      		cpc r31,r13
 4351 1fba 09F4      		brne _PC_+2
 4352 1fbc 12CC      		rjmp .L57
 4353 1fbe 9601      		movw r18,r12
 4354               	.L139:
 4355 1fc0 0894      		sec
 4356 1fc2 E11C      		adc r14,__zero_reg__
 4357 1fc4 F11C      		adc r15,__zero_reg__
 4358 1fc6 F901      		movw r30,r18
 4359 1fc8 8191      		ld r24,Z+
 4360 1fca 9F01      		movw r18,r30
 4361 1fcc 1196      		adiw r26,1
 4362 1fce 8C93      		st X,r24
 4363 1fd0 0F5F      		subi r16,lo8(-(1))
 4364 1fd2 1F4F      		sbci r17,hi8(-(1))
 4365 1fd4 F601      		movw r30,r12
 4366 1fd6 0190      		ld __tmp_reg__,Z+
 4367 1fd8 0020      		tst __tmp_reg__
 4368 1fda E9F7      		brne _PC_-6
 4369 1fdc 3197      		sbiw r30,1
 4370 1fde EC19      		sub r30,r12
 4371 1fe0 FD09      		sbc r31,r13
 4372 1fe2 0E17      		cp r16,r30
 4373 1fe4 1F07      		cpc r17,r31
 4374 1fe6 60F3      		brlo .L139
 4375 1fe8 FCCB      		rjmp .L57
 4376               	.L141:
 4377 1fea 82E3      		ldi r24,lo8(50)
 4378 1fec 90E0      		ldi r25,hi8(50)
 4379 1fee 689E      		mul r6,r24
 4380 1ff0 F001      		movw r30,r0
 4381 1ff2 699E      		mul r6,r25
 4382 1ff4 F00D      		add r31,r0
 4383 1ff6 789E      		mul r7,r24
 4384 1ff8 F00D      		add r31,r0
 4385 1ffa 1124      		clr r1
 4386 1ffc E050      		subi r30,lo8(-(berin))
GAS LISTING C:\WINDOWS\TEMP/ccra2jgb.s 			page 79


 4387 1ffe F040      		sbci r31,hi8(-(berin))
 4388 2000 E75B      		subi r30,lo8(-(329))
 4389 2002 FE4F      		sbci r31,hi8(-(329))
 4390 2004 9081      		ld r25,Z
 4391 2006 E954      		subi r30,lo8(-(-329))
 4392 2008 F140      		sbci r31,hi8(-(-329))
 4393 200a 9230      		cpi r25,lo8(2)
 4394 200c 09F0      		breq _PC_+2
 4395 200e 89CC      		rjmp .L205
 4396 2010 E55B      		subi r30,lo8(-(331))
 4397 2012 FE4F      		sbci r31,hi8(-(331))
 4398 2014 8081      		ld r24,Z
 4399 2016 282F      		mov r18,r24
 4400 2018 3327      		clr r19
 4401 201a 3093 0000 		sts (led3Value)+1,r19
 4402 201e 2093 0000 		sts led3Value,r18
 4403 2022 0894      		sec
 4404 2024 E11C      		adc r14,__zero_reg__
 4405 2026 F11C      		adc r15,__zero_reg__
 4406 2028 F701      		movw r30,r14
 4407 202a EA0D      		add r30,r10
 4408 202c FB1D      		adc r31,r11
 4409 202e 9083      		st Z,r25
 4410 2030 0894      		sec
 4411 2032 E11C      		adc r14,__zero_reg__
 4412 2034 F11C      		adc r15,__zero_reg__
 4413 2036 F701      		movw r30,r14
 4414 2038 EA0D      		add r30,r10
 4415 203a FB1D      		adc r31,r11
 4416 203c 4083      		st Z,r20
 4417 203e 0894      		sec
 4418 2040 E11C      		adc r14,__zero_reg__
 4419 2042 F11C      		adc r15,__zero_reg__
 4420 2044 AE0C      		add r10,r14
 4421 2046 BF1C      		adc r11,r15
 4422 2048 8091 0000 		lds r24,led3Value
 4423 204c F501      		movw r30,r10
 4424 204e 8083      		st Z,r24
 4425 2050 3F93      		push r19
 4426 2052 2F93      		push r18
 4427 2054 80E0      		ldi r24,lo8(.LC3)
 4428 2056 90E0      		ldi r25,hi8(.LC3)
 4429 2058 9F93      		push r25
 4430 205a 8F93      		push r24
 4431 205c 0E94 0000 		call NutKPrintFormat
 4432 2060 8091 0000 		lds r24,led3Value
 4433 2064 9091 0000 		lds r25,(led3Value)+1
 4434 2068 0F90      		pop __tmp_reg__
 4435 206a 0F90      		pop __tmp_reg__
 4436 206c 0F90      		pop __tmp_reg__
 4437 206e 0F90      		pop __tmp_reg__
 4438 2070 1816      		cp __zero_reg__,r24
 4439 2072 1906      		cpc __zero_reg__,r25
 4440 2074 1CF4      		brge .L143
 4441 2076 8A9A      		sbi 49-0x20,2
 4442 2078 929A      		sbi 50-0x20,2
 4443 207a B3CB      		rjmp .L57
GAS LISTING C:\WINDOWS\TEMP/ccra2jgb.s 			page 80


 4444               	.L143:
 4445 207c 8A9A      		sbi 49-0x20,2
 4446 207e 9298      		cbi 50-0x20,2
 4447 2080 B0CB      		rjmp .L57
 4448               	.L123:
 4449 2082 82E3      		ldi r24,lo8(50)
 4450 2084 90E0      		ldi r25,hi8(50)
 4451 2086 689E      		mul r6,r24
 4452 2088 F001      		movw r30,r0
 4453 208a 699E      		mul r6,r25
 4454 208c F00D      		add r31,r0
 4455 208e 789E      		mul r7,r24
 4456 2090 F00D      		add r31,r0
 4457 2092 1124      		clr r1
 4458 2094 E050      		subi r30,lo8(-(berin))
 4459 2096 F040      		sbci r31,hi8(-(berin))
 4460 2098 E75B      		subi r30,lo8(-(329))
 4461 209a FE4F      		sbci r31,hi8(-(329))
 4462 209c 9081      		ld r25,Z
 4463 209e E954      		subi r30,lo8(-(-329))
 4464 20a0 F140      		sbci r31,hi8(-(-329))
 4465 20a2 9230      		cpi r25,lo8(2)
 4466 20a4 09F0      		breq _PC_+2
 4467 20a6 3DCC      		rjmp .L205
 4468 20a8 E55B      		subi r30,lo8(-(331))
 4469 20aa FE4F      		sbci r31,hi8(-(331))
 4470 20ac 8081      		ld r24,Z
 4471 20ae 282F      		mov r18,r24
 4472 20b0 3327      		clr r19
 4473 20b2 3093 0000 		sts (led2Value)+1,r19
 4474 20b6 2093 0000 		sts led2Value,r18
 4475 20ba 0894      		sec
 4476 20bc E11C      		adc r14,__zero_reg__
 4477 20be F11C      		adc r15,__zero_reg__
 4478 20c0 F701      		movw r30,r14
 4479 20c2 EA0D      		add r30,r10
 4480 20c4 FB1D      		adc r31,r11
 4481 20c6 9083      		st Z,r25
 4482 20c8 0894      		sec
 4483 20ca E11C      		adc r14,__zero_reg__
 4484 20cc F11C      		adc r15,__zero_reg__
 4485 20ce F701      		movw r30,r14
 4486 20d0 EA0D      		add r30,r10
 4487 20d2 FB1D      		adc r31,r11
 4488 20d4 4083      		st Z,r20
 4489 20d6 0894      		sec
 4490 20d8 E11C      		adc r14,__zero_reg__
 4491 20da F11C      		adc r15,__zero_reg__
 4492 20dc AE0C      		add r10,r14
 4493 20de BF1C      		adc r11,r15
 4494 20e0 8091 0000 		lds r24,led2Value
 4495 20e4 F501      		movw r30,r10
 4496 20e6 8083      		st Z,r24
 4497 20e8 3F93      		push r19
 4498 20ea 2F93      		push r18
 4499 20ec 80E0      		ldi r24,lo8(.LC2)
 4500 20ee 90E0      		ldi r25,hi8(.LC2)
GAS LISTING C:\WINDOWS\TEMP/ccra2jgb.s 			page 81


 4501 20f0 9F93      		push r25
 4502 20f2 8F93      		push r24
 4503 20f4 0E94 0000 		call NutKPrintFormat
 4504 20f8 8091 0000 		lds r24,led2Value
 4505 20fc 9091 0000 		lds r25,(led2Value)+1
 4506 2100 0F90      		pop __tmp_reg__
 4507 2102 0F90      		pop __tmp_reg__
 4508 2104 0F90      		pop __tmp_reg__
 4509 2106 0F90      		pop __tmp_reg__
 4510 2108 1816      		cp __zero_reg__,r24
 4511 210a 1906      		cpc __zero_reg__,r25
 4512 210c 1CF4      		brge .L125
 4513 210e 899A      		sbi 49-0x20,1
 4514 2110 919A      		sbi 50-0x20,1
 4515 2112 67CB      		rjmp .L57
 4516               	.L125:
 4517 2114 899A      		sbi 49-0x20,1
 4518 2116 9198      		cbi 50-0x20,1
 4519 2118 64CB      		rjmp .L57
 4520               	.L62:
 4521 211a 81A1      		ldd r24,Z+33
 4522 211c 8130      		cpi r24,lo8(1)
 4523 211e 49F0      		breq .L168
 4524 2120 82E0      		ldi r24,lo8(2)
 4525 2122 90E0      		ldi r25,hi8(2)
 4526 2124 9093 0000 		sts (berin+25)+1,r25
 4527 2128 8093 0000 		sts berin+25,r24
 4528 212c 84E0      		ldi r24,lo8(4)
 4529 212e 90E0      		ldi r25,hi8(4)
 4530 2130 A5CB      		rjmp .L501
 4531               	.L168:
 4532 2132 82A1      		ldd r24,Z+34
 4533 2134 8130      		cpi r24,lo8(1)
 4534 2136 49F0      		breq .L528
 4535               	.L508:
 4536 2138 82E0      		ldi r24,lo8(2)
 4537 213a 90E0      		ldi r25,hi8(2)
 4538 213c 9093 0000 		sts (berin+25)+1,r25
 4539 2140 8093 0000 		sts berin+25,r24
 4540 2144 85E0      		ldi r24,lo8(5)
 4541 2146 90E0      		ldi r25,hi8(5)
 4542 2148 99CB      		rjmp .L501
 4543               	.L528:
 4544 214a 84A1      		ldd r24,Z+36
 4545 214c 8823      		tst r24
 4546 214e A1F7      		brne .L508
 4547 2150 83A1      		ldd r24,Z+35
 4548 2152 9927      		clr r25
 4549 2154 8430      		cpi r24,4
 4550 2156 9105      		cpc r25,__zero_reg__
 4551 2158 09F4      		brne _PC_+2
 4552 215a 2FC1      		rjmp .L178
 4553 215c 8530      		cpi r24,5
 4554 215e 9105      		cpc r25,__zero_reg__
 4555 2160 74F4      		brge .L220
 4556 2162 8230      		cpi r24,2
 4557 2164 9105      		cpc r25,__zero_reg__
GAS LISTING C:\WINDOWS\TEMP/ccra2jgb.s 			page 82


 4558 2166 09F4      		brne _PC_+2
 4559 2168 C1CB      		rjmp .L217
 4560 216a 8330      		cpi r24,3
 4561 216c 9105      		cpc r25,__zero_reg__
 4562 216e 0CF0      		brlt _PC_+2
 4563 2170 BDCB      		rjmp .L217
 4564 2172 0197      		sbiw r24,1
 4565 2174 09F4      		brne _PC_+2
 4566 2176 BACB      		rjmp .L217
 4567               	.L218:
 4568 2178 82E0      		ldi r24,lo8(2)
 4569 217a 90E0      		ldi r25,hi8(2)
 4570 217c B9CB      		rjmp .L500
 4571               	.L220:
 4572 217e 8630      		cpi r24,6
 4573 2180 9105      		cpc r25,__zero_reg__
 4574 2182 09F4      		brne _PC_+2
 4575 2184 90C0      		rjmp .L204
 4576 2186 8630      		cpi r24,6
 4577 2188 9105      		cpc r25,__zero_reg__
 4578 218a 1CF0      		brlt .L191
 4579 218c 0797      		sbiw r24,7
 4580 218e A1F7      		brne .L218
 4581 2190 ADCB      		rjmp .L217
 4582               	.L191:
 4583 2192 82E3      		ldi r24,lo8(50)
 4584 2194 90E0      		ldi r25,hi8(50)
 4585 2196 689E      		mul r6,r24
 4586 2198 F001      		movw r30,r0
 4587 219a 699E      		mul r6,r25
 4588 219c F00D      		add r31,r0
 4589 219e 789E      		mul r7,r24
 4590 21a0 F00D      		add r31,r0
 4591 21a2 1124      		clr r1
 4592 21a4 E050      		subi r30,lo8(-(berin))
 4593 21a6 F040      		sbci r31,hi8(-(berin))
 4594 21a8 E75B      		subi r30,lo8(-(329))
 4595 21aa FE4F      		sbci r31,hi8(-(329))
 4596 21ac 8081      		ld r24,Z
 4597 21ae E954      		subi r30,lo8(-(-329))
 4598 21b0 F140      		sbci r31,hi8(-(-329))
 4599 21b2 8430      		cpi r24,lo8(4)
 4600 21b4 09F0      		breq _PC_+2
 4601 21b6 B5CB      		rjmp .L205
 4602 21b8 E65B      		subi r30,lo8(-(330))
 4603 21ba FE4F      		sbci r31,hi8(-(330))
 4604 21bc 8081      		ld r24,Z
 4605 21be C82E      		mov r12,r24
 4606 21c0 DD24      		clr r13
 4607 21c2 02E0      		ldi r16,lo8(2)
 4608 21c4 10E0      		ldi r17,hi8(2)
 4609 21c6 83E0      		ldi r24,lo8(3)
 4610 21c8 90E0      		ldi r25,hi8(3)
 4611 21ca C80E      		add r12,r24
 4612 21cc D91E      		adc r13,r25
 4613 21ce 0C15      		cp r16,r12
 4614 21d0 1D05      		cpc r17,r13
GAS LISTING C:\WINDOWS\TEMP/ccra2jgb.s 			page 83


 4615 21d2 3CF5      		brge .L458
 4616 21d4 70E0      		ldi r23,lo8(sysName)
 4617 21d6 872E      		mov r8,r23
 4618 21d8 70E0      		ldi r23,hi8(sysName)
 4619 21da 972E      		mov r9,r23
 4620               	.L197:
 4621 21dc 82E3      		ldi r24,lo8(50)
 4622 21de 90E0      		ldi r25,hi8(50)
 4623 21e0 689E      		mul r6,r24
 4624 21e2 F001      		movw r30,r0
 4625 21e4 699E      		mul r6,r25
 4626 21e6 F00D      		add r31,r0
 4627 21e8 789E      		mul r7,r24
 4628 21ea F00D      		add r31,r0
 4629 21ec 1124      		clr r1
 4630 21ee E00F      		add r30,r16
 4631 21f0 F11F      		adc r31,r17
 4632 21f2 E050      		subi r30,lo8(-(berin+329))
 4633 21f4 F040      		sbci r31,hi8(-(berin+329))
 4634 21f6 8081      		ld r24,Z
 4635 21f8 F401      		movw r30,r8
 4636 21fa 8193      		st Z+,r24
 4637 21fc 4F01      		movw r8,r30
 4638 21fe 9927      		clr r25
 4639 2200 9F93      		push r25
 4640 2202 8F93      		push r24
 4641 2204 80E0      		ldi r24,lo8(.LC0)
 4642 2206 90E0      		ldi r25,hi8(.LC0)
 4643 2208 9F93      		push r25
 4644 220a 8F93      		push r24
 4645 220c 0E94 0000 		call NutKPrintFormat
 4646 2210 0F90      		pop __tmp_reg__
 4647 2212 0F90      		pop __tmp_reg__
 4648 2214 0F90      		pop __tmp_reg__
 4649 2216 0F90      		pop __tmp_reg__
 4650 2218 0F5F      		subi r16,lo8(-(1))
 4651 221a 1F4F      		sbci r17,hi8(-(1))
 4652 221c 0C15      		cp r16,r12
 4653 221e 1D05      		cpc r17,r13
 4654 2220 ECF2      		brlt .L197
 4655               	.L458:
 4656 2222 0894      		sec
 4657 2224 E11C      		adc r14,__zero_reg__
 4658 2226 F11C      		adc r15,__zero_reg__
 4659 2228 F701      		movw r30,r14
 4660 222a EA0D      		add r30,r10
 4661 222c FB1D      		adc r31,r11
 4662 222e 84E0      		ldi r24,lo8(4)
 4663 2230 8083      		st Z,r24
 4664 2232 6DE2      		ldi r22,lo8(301)
 4665 2234 C62E      		mov r12,r22
 4666 2236 61E0      		ldi r22,hi8(301)
 4667 2238 D62E      		mov r13,r22
 4668 223a CC0E      		add r12,r28
 4669 223c DD1E      		adc r13,r29
 4670 223e 60E0      		ldi r22,lo8(sysName)
 4671 2240 70E0      		ldi r23,hi8(sysName)
GAS LISTING C:\WINDOWS\TEMP/ccra2jgb.s 			page 84


 4672 2242 C601      		movw r24,r12
 4673 2244 0E94 0000 		call strcpy
 4674 2248 0894      		sec
 4675 224a E11C      		adc r14,__zero_reg__
 4676 224c F11C      		adc r15,__zero_reg__
 4677 224e D701      		movw r26,r14
 4678 2250 AA0D      		add r26,r10
 4679 2252 BB1D      		adc r27,r11
 4680 2254 F601      		movw r30,r12
 4681 2256 0190      		ld __tmp_reg__,Z+
 4682 2258 0020      		tst __tmp_reg__
 4683 225a E9F7      		brne _PC_-6
 4684 225c 3197      		sbiw r30,1
 4685 225e EC19      		sub r30,r12
 4686 2260 FD09      		sbc r31,r13
 4687 2262 EC93      		st X,r30
 4688 2264 F601      		movw r30,r12
 4689 2266 0190      		ld __tmp_reg__,Z+
 4690 2268 0020      		tst __tmp_reg__
 4691 226a E9F7      		brne _PC_-6
 4692 226c 3197      		sbiw r30,1
 4693 226e 00E0      		ldi r16,lo8(0)
 4694 2270 10E0      		ldi r17,hi8(0)
 4695 2272 EC15      		cp r30,r12
 4696 2274 FD05      		cpc r31,r13
 4697 2276 09F4      		brne _PC_+2
 4698 2278 B4CA      		rjmp .L57
 4699 227a 9601      		movw r18,r12
 4700               	.L202:
 4701 227c 0894      		sec
 4702 227e E11C      		adc r14,__zero_reg__
 4703 2280 F11C      		adc r15,__zero_reg__
 4704 2282 F901      		movw r30,r18
 4705 2284 8191      		ld r24,Z+
 4706 2286 9F01      		movw r18,r30
 4707 2288 1196      		adiw r26,1
 4708 228a 8C93      		st X,r24
 4709 228c 0F5F      		subi r16,lo8(-(1))
 4710 228e 1F4F      		sbci r17,hi8(-(1))
 4711 2290 F601      		movw r30,r12
 4712 2292 0190      		ld __tmp_reg__,Z+
 4713 2294 0020      		tst __tmp_reg__
 4714 2296 E9F7      		brne _PC_-6
 4715 2298 3197      		sbiw r30,1
 4716 229a EC19      		sub r30,r12
 4717 229c FD09      		sbc r31,r13
 4718 229e 0E17      		cp r16,r30
 4719 22a0 1F07      		cpc r17,r31
 4720 22a2 60F3      		brlo .L202
 4721 22a4 9ECA      		rjmp .L57
 4722               	.L204:
 4723 22a6 82E3      		ldi r24,lo8(50)
 4724 22a8 90E0      		ldi r25,hi8(50)
 4725 22aa 689E      		mul r6,r24
 4726 22ac F001      		movw r30,r0
 4727 22ae 699E      		mul r6,r25
 4728 22b0 F00D      		add r31,r0
GAS LISTING C:\WINDOWS\TEMP/ccra2jgb.s 			page 85


 4729 22b2 789E      		mul r7,r24
 4730 22b4 F00D      		add r31,r0
 4731 22b6 1124      		clr r1
 4732 22b8 E050      		subi r30,lo8(-(berin))
 4733 22ba F040      		sbci r31,hi8(-(berin))
 4734 22bc E75B      		subi r30,lo8(-(329))
 4735 22be FE4F      		sbci r31,hi8(-(329))
 4736 22c0 8081      		ld r24,Z
 4737 22c2 E954      		subi r30,lo8(-(-329))
 4738 22c4 F140      		sbci r31,hi8(-(-329))
 4739 22c6 8430      		cpi r24,lo8(4)
 4740 22c8 09F0      		breq _PC_+2
 4741 22ca 2BCB      		rjmp .L205
 4742 22cc E65B      		subi r30,lo8(-(330))
 4743 22ce FE4F      		sbci r31,hi8(-(330))
 4744 22d0 8081      		ld r24,Z
 4745 22d2 C82E      		mov r12,r24
 4746 22d4 DD24      		clr r13
 4747 22d6 02E0      		ldi r16,lo8(2)
 4748 22d8 10E0      		ldi r17,hi8(2)
 4749 22da 83E0      		ldi r24,lo8(3)
 4750 22dc 90E0      		ldi r25,hi8(3)
 4751 22de C80E      		add r12,r24
 4752 22e0 D91E      		adc r13,r25
 4753 22e2 0C15      		cp r16,r12
 4754 22e4 1D05      		cpc r17,r13
 4755 22e6 3CF5      		brge .L461
 4756 22e8 50E0      		ldi r21,lo8(sysLocate)
 4757 22ea 852E      		mov r8,r21
 4758 22ec 50E0      		ldi r21,hi8(sysLocate)
 4759 22ee 952E      		mov r9,r21
 4760               	.L210:
 4761 22f0 82E3      		ldi r24,lo8(50)
 4762 22f2 90E0      		ldi r25,hi8(50)
 4763 22f4 689E      		mul r6,r24
 4764 22f6 F001      		movw r30,r0
 4765 22f8 699E      		mul r6,r25
 4766 22fa F00D      		add r31,r0
 4767 22fc 789E      		mul r7,r24
 4768 22fe F00D      		add r31,r0
 4769 2300 1124      		clr r1
 4770 2302 E00F      		add r30,r16
 4771 2304 F11F      		adc r31,r17
 4772 2306 E050      		subi r30,lo8(-(berin+329))
 4773 2308 F040      		sbci r31,hi8(-(berin+329))
 4774 230a 8081      		ld r24,Z
 4775 230c F401      		movw r30,r8
 4776 230e 8193      		st Z+,r24
 4777 2310 4F01      		movw r8,r30
 4778 2312 9927      		clr r25
 4779 2314 9F93      		push r25
 4780 2316 8F93      		push r24
 4781 2318 80E0      		ldi r24,lo8(.LC0)
 4782 231a 90E0      		ldi r25,hi8(.LC0)
 4783 231c 9F93      		push r25
 4784 231e 8F93      		push r24
 4785 2320 0E94 0000 		call NutKPrintFormat
GAS LISTING C:\WINDOWS\TEMP/ccra2jgb.s 			page 86


 4786 2324 0F90      		pop __tmp_reg__
 4787 2326 0F90      		pop __tmp_reg__
 4788 2328 0F90      		pop __tmp_reg__
 4789 232a 0F90      		pop __tmp_reg__
 4790 232c 0F5F      		subi r16,lo8(-(1))
 4791 232e 1F4F      		sbci r17,hi8(-(1))
 4792 2330 0C15      		cp r16,r12
 4793 2332 1D05      		cpc r17,r13
 4794 2334 ECF2      		brlt .L210
 4795               	.L461:
 4796 2336 0894      		sec
 4797 2338 E11C      		adc r14,__zero_reg__
 4798 233a F11C      		adc r15,__zero_reg__
 4799 233c F701      		movw r30,r14
 4800 233e EA0D      		add r30,r10
 4801 2340 FB1D      		adc r31,r11
 4802 2342 84E0      		ldi r24,lo8(4)
 4803 2344 8083      		st Z,r24
 4804 2346 4DE2      		ldi r20,lo8(301)
 4805 2348 C42E      		mov r12,r20
 4806 234a 41E0      		ldi r20,hi8(301)
 4807 234c D42E      		mov r13,r20
 4808 234e CC0E      		add r12,r28
 4809 2350 DD1E      		adc r13,r29
 4810 2352 60E0      		ldi r22,lo8(sysLocate)
 4811 2354 70E0      		ldi r23,hi8(sysLocate)
 4812 2356 C601      		movw r24,r12
 4813 2358 0E94 0000 		call strcpy
 4814 235c 0894      		sec
 4815 235e E11C      		adc r14,__zero_reg__
 4816 2360 F11C      		adc r15,__zero_reg__
 4817 2362 D701      		movw r26,r14
 4818 2364 AA0D      		add r26,r10
 4819 2366 BB1D      		adc r27,r11
 4820 2368 F601      		movw r30,r12
 4821 236a 0190      		ld __tmp_reg__,Z+
 4822 236c 0020      		tst __tmp_reg__
 4823 236e E9F7      		brne _PC_-6
 4824 2370 3197      		sbiw r30,1
 4825 2372 EC19      		sub r30,r12
 4826 2374 FD09      		sbc r31,r13
 4827 2376 EC93      		st X,r30
 4828 2378 F601      		movw r30,r12
 4829 237a 0190      		ld __tmp_reg__,Z+
 4830 237c 0020      		tst __tmp_reg__
 4831 237e E9F7      		brne _PC_-6
 4832 2380 3197      		sbiw r30,1
 4833 2382 00E0      		ldi r16,lo8(0)
 4834 2384 10E0      		ldi r17,hi8(0)
 4835 2386 EC15      		cp r30,r12
 4836 2388 FD05      		cpc r31,r13
 4837 238a 09F4      		brne _PC_+2
 4838 238c 2ACA      		rjmp .L57
 4839 238e 9601      		movw r18,r12
 4840               	.L215:
 4841 2390 0894      		sec
 4842 2392 E11C      		adc r14,__zero_reg__
GAS LISTING C:\WINDOWS\TEMP/ccra2jgb.s 			page 87


 4843 2394 F11C      		adc r15,__zero_reg__
 4844 2396 F901      		movw r30,r18
 4845 2398 8191      		ld r24,Z+
 4846 239a 9F01      		movw r18,r30
 4847 239c 1196      		adiw r26,1
 4848 239e 8C93      		st X,r24
 4849 23a0 0F5F      		subi r16,lo8(-(1))
 4850 23a2 1F4F      		sbci r17,hi8(-(1))
 4851 23a4 F601      		movw r30,r12
 4852 23a6 0190      		ld __tmp_reg__,Z+
 4853 23a8 0020      		tst __tmp_reg__
 4854 23aa E9F7      		brne _PC_-6
 4855 23ac 3197      		sbiw r30,1
 4856 23ae EC19      		sub r30,r12
 4857 23b0 FD09      		sbc r31,r13
 4858 23b2 0E17      		cp r16,r30
 4859 23b4 1F07      		cpc r17,r31
 4860 23b6 60F3      		brlo .L215
 4861 23b8 14CA      		rjmp .L57
 4862               	.L178:
 4863 23ba 82E3      		ldi r24,lo8(50)
 4864 23bc 90E0      		ldi r25,hi8(50)
 4865 23be 689E      		mul r6,r24
 4866 23c0 F001      		movw r30,r0
 4867 23c2 699E      		mul r6,r25
 4868 23c4 F00D      		add r31,r0
 4869 23c6 789E      		mul r7,r24
 4870 23c8 F00D      		add r31,r0
 4871 23ca 1124      		clr r1
 4872 23cc E050      		subi r30,lo8(-(berin))
 4873 23ce F040      		sbci r31,hi8(-(berin))
 4874 23d0 E75B      		subi r30,lo8(-(329))
 4875 23d2 FE4F      		sbci r31,hi8(-(329))
 4876 23d4 8081      		ld r24,Z
 4877 23d6 E954      		subi r30,lo8(-(-329))
 4878 23d8 F140      		sbci r31,hi8(-(-329))
 4879 23da 8430      		cpi r24,lo8(4)
 4880 23dc 09F0      		breq _PC_+2
 4881 23de A1CA      		rjmp .L205
 4882 23e0 E65B      		subi r30,lo8(-(330))
 4883 23e2 FE4F      		sbci r31,hi8(-(330))
 4884 23e4 8081      		ld r24,Z
 4885 23e6 C82E      		mov r12,r24
 4886 23e8 DD24      		clr r13
 4887 23ea 02E0      		ldi r16,lo8(2)
 4888 23ec 10E0      		ldi r17,hi8(2)
 4889 23ee 83E0      		ldi r24,lo8(3)
 4890 23f0 90E0      		ldi r25,hi8(3)
 4891 23f2 C80E      		add r12,r24
 4892 23f4 D91E      		adc r13,r25
 4893 23f6 0C15      		cp r16,r12
 4894 23f8 1D05      		cpc r17,r13
 4895 23fa 3CF5      		brge .L455
 4896 23fc F0E0      		ldi r31,lo8(sysContact)
 4897 23fe 8F2E      		mov r8,r31
 4898 2400 F0E0      		ldi r31,hi8(sysContact)
 4899 2402 9F2E      		mov r9,r31
GAS LISTING C:\WINDOWS\TEMP/ccra2jgb.s 			page 88


 4900               	.L184:
 4901 2404 82E3      		ldi r24,lo8(50)
 4902 2406 90E0      		ldi r25,hi8(50)
 4903 2408 689E      		mul r6,r24
 4904 240a F001      		movw r30,r0
 4905 240c 699E      		mul r6,r25
 4906 240e F00D      		add r31,r0
 4907 2410 789E      		mul r7,r24
 4908 2412 F00D      		add r31,r0
 4909 2414 1124      		clr r1
 4910 2416 E00F      		add r30,r16
 4911 2418 F11F      		adc r31,r17
 4912 241a E050      		subi r30,lo8(-(berin+329))
 4913 241c F040      		sbci r31,hi8(-(berin+329))
 4914 241e 8081      		ld r24,Z
 4915 2420 F401      		movw r30,r8
 4916 2422 8193      		st Z+,r24
 4917 2424 4F01      		movw r8,r30
 4918 2426 9927      		clr r25
 4919 2428 9F93      		push r25
 4920 242a 8F93      		push r24
 4921 242c 80E0      		ldi r24,lo8(.LC0)
 4922 242e 90E0      		ldi r25,hi8(.LC0)
 4923 2430 9F93      		push r25
 4924 2432 8F93      		push r24
 4925 2434 0E94 0000 		call NutKPrintFormat
 4926 2438 0F90      		pop __tmp_reg__
 4927 243a 0F90      		pop __tmp_reg__
 4928 243c 0F90      		pop __tmp_reg__
 4929 243e 0F90      		pop __tmp_reg__
 4930 2440 0F5F      		subi r16,lo8(-(1))
 4931 2442 1F4F      		sbci r17,hi8(-(1))
 4932 2444 0C15      		cp r16,r12
 4933 2446 1D05      		cpc r17,r13
 4934 2448 ECF2      		brlt .L184
 4935               	.L455:
 4936 244a 0894      		sec
 4937 244c E11C      		adc r14,__zero_reg__
 4938 244e F11C      		adc r15,__zero_reg__
 4939 2450 F701      		movw r30,r14
 4940 2452 EA0D      		add r30,r10
 4941 2454 FB1D      		adc r31,r11
 4942 2456 84E0      		ldi r24,lo8(4)
 4943 2458 8083      		st Z,r24
 4944 245a EDE2      		ldi r30,lo8(301)
 4945 245c CE2E      		mov r12,r30
 4946 245e E1E0      		ldi r30,hi8(301)
 4947 2460 DE2E      		mov r13,r30
 4948 2462 CC0E      		add r12,r28
 4949 2464 DD1E      		adc r13,r29
 4950 2466 60E0      		ldi r22,lo8(sysContact)
 4951 2468 70E0      		ldi r23,hi8(sysContact)
 4952 246a C601      		movw r24,r12
 4953 246c 0E94 0000 		call strcpy
 4954 2470 0894      		sec
 4955 2472 E11C      		adc r14,__zero_reg__
 4956 2474 F11C      		adc r15,__zero_reg__
GAS LISTING C:\WINDOWS\TEMP/ccra2jgb.s 			page 89


 4957 2476 D701      		movw r26,r14
 4958 2478 AA0D      		add r26,r10
 4959 247a BB1D      		adc r27,r11
 4960 247c F601      		movw r30,r12
 4961 247e 0190      		ld __tmp_reg__,Z+
 4962 2480 0020      		tst __tmp_reg__
 4963 2482 E9F7      		brne _PC_-6
 4964 2484 3197      		sbiw r30,1
 4965 2486 EC19      		sub r30,r12
 4966 2488 FD09      		sbc r31,r13
 4967 248a EC93      		st X,r30
 4968 248c F601      		movw r30,r12
 4969 248e 0190      		ld __tmp_reg__,Z+
 4970 2490 0020      		tst __tmp_reg__
 4971 2492 E9F7      		brne _PC_-6
 4972 2494 3197      		sbiw r30,1
 4973 2496 00E0      		ldi r16,lo8(0)
 4974 2498 10E0      		ldi r17,hi8(0)
 4975 249a EC15      		cp r30,r12
 4976 249c FD05      		cpc r31,r13
 4977 249e 09F4      		brne _PC_+2
 4978 24a0 A0C9      		rjmp .L57
 4979 24a2 9601      		movw r18,r12
 4980               	.L189:
 4981 24a4 0894      		sec
 4982 24a6 E11C      		adc r14,__zero_reg__
 4983 24a8 F11C      		adc r15,__zero_reg__
 4984 24aa F901      		movw r30,r18
 4985 24ac 8191      		ld r24,Z+
 4986 24ae 9F01      		movw r18,r30
 4987 24b0 1196      		adiw r26,1
 4988 24b2 8C93      		st X,r24
 4989 24b4 0F5F      		subi r16,lo8(-(1))
 4990 24b6 1F4F      		sbci r17,hi8(-(1))
 4991 24b8 F601      		movw r30,r12
 4992 24ba 0190      		ld __tmp_reg__,Z+
 4993 24bc 0020      		tst __tmp_reg__
 4994 24be E9F7      		brne _PC_-6
 4995 24c0 3197      		sbiw r30,1
 4996 24c2 EC19      		sub r30,r12
 4997 24c4 FD09      		sbc r31,r13
 4998 24c6 0E17      		cp r16,r30
 4999 24c8 1F07      		cpc r17,r31
 5000 24ca 60F3      		brlo .L189
 5001 24cc 8AC9      		rjmp .L57
 5002               	.L521:
 5003 24ce 89E1      		ldi r24,lo8(25)
 5004 24d0 90E0      		ldi r25,hi8(25)
 5005 24d2 9093 0000 		sts (berin+25)+1,r25
 5006 24d6 8093 0000 		sts berin+25,r24
 5007 24da F092 0000 		sts (berin+27)+1,r15
 5008 24de E092 0000 		sts berin+27,r14
 5009 24e2 DB82      		std Y+3,r13
 5010 24e4 3701      		movw r6,r14
 5011 24e6 86E0      		ldi r24,lo8(6)
 5012 24e8 8D83      		std Y+5,r24
 5013 24ea 75E0      		ldi r23,lo8(5)
GAS LISTING C:\WINDOWS\TEMP/ccra2jgb.s 			page 90


 5014 24ec E72E      		mov r14,r23
 5015 24ee F12C      		mov r15,__zero_reg__
 5016 24f0 6CE3      		ldi r22,lo8(60)
 5017 24f2 70E0      		ldi r23,hi8(60)
 5018 24f4 DB01      		movw r26,r22
 5019 24f6 A050      		subi r26,lo8(-(berin+29))
 5020 24f8 B040      		sbci r27,hi8(-(berin+29))
 5021 24fa FD01      		movw r30,r26
 5022 24fc 0190      		ld __tmp_reg__,Z+
 5023 24fe 0020      		tst __tmp_reg__
 5024 2500 E9F7      		brne _PC_-6
 5025 2502 E40D      		add r30,r4
 5026 2504 F51D      		adc r31,r5
 5027 2506 EA1B      		sub r30,r26
 5028 2508 FB0B      		sbc r31,r27
 5029 250a 8E2F      		mov r24,r30
 5030 250c 8F5F      		subi r24,lo8(-(1))
 5031 250e 8E83      		std Y+6,r24
 5032 2510 2801      		movw r4,r16
 5033 2512 8091 0000 		lds r24,berin+89
 5034 2516 8823      		tst r24
 5035 2518 D9F0      		breq .L435
 5036 251a AB01      		movw r20,r22
 5037 251c DE01      		movw r26,r28
 5038 251e 1696      		adiw r26,6
 5039               	.L46:
 5040 2520 0894      		sec
 5041 2522 E11C      		adc r14,__zero_reg__
 5042 2524 F11C      		adc r15,__zero_reg__
 5043 2526 20E0      		ldi r18,lo8(berin)
 5044 2528 30E0      		ldi r19,hi8(berin)
 5045 252a FA01      		movw r30,r20
 5046 252c E20F      		add r30,r18
 5047 252e F31F      		adc r31,r19
 5048 2530 858D      		ldd r24,Z+29
 5049 2532 1196      		adiw r26,1
 5050 2534 8C93      		st X,r24
 5051 2536 4F5F      		subi r20,lo8(-(1))
 5052 2538 5F4F      		sbci r21,hi8(-(1))
 5053 253a 0894      		sec
 5054 253c 411C      		adc r4,__zero_reg__
 5055 253e 511C      		adc r5,__zero_reg__
 5056 2540 F201      		movw r30,r4
 5057 2542 E60F      		add r30,r22
 5058 2544 F71F      		adc r31,r23
 5059 2546 E20F      		add r30,r18
 5060 2548 F31F      		adc r31,r19
 5061 254a 858D      		ldd r24,Z+29
 5062 254c 8823      		tst r24
 5063 254e 41F7      		brne .L46
 5064               	.L435:
 5065 2550 0894      		sec
 5066 2552 E11C      		adc r14,__zero_reg__
 5067 2554 F11C      		adc r15,__zero_reg__
 5068 2556 DE01      		movw r26,r28
 5069 2558 1196      		adiw r26,1
 5070 255a F701      		movw r30,r14
GAS LISTING C:\WINDOWS\TEMP/ccra2jgb.s 			page 91


 5071 255c EA0F      		add r30,r26
 5072 255e FB1F      		adc r31,r27
 5073 2560 1082      		st Z,__zero_reg__
 5074 2562 0894      		sec
 5075 2564 E11C      		adc r14,__zero_reg__
 5076 2566 F11C      		adc r15,__zero_reg__
 5077 2568 F701      		movw r30,r14
 5078 256a EA0F      		add r30,r26
 5079 256c FB1F      		adc r31,r27
 5080 256e 85E0      		ldi r24,lo8(5)
 5081 2570 8083      		st Z,r24
 5082 2572 0894      		sec
 5083 2574 E11C      		adc r14,__zero_reg__
 5084 2576 F11C      		adc r15,__zero_reg__
 5085 2578 AE0D      		add r26,r14
 5086 257a BF1D      		adc r27,r15
 5087 257c 1C92      		st X,__zero_reg__
 5088 257e 8E2D      		mov r24,r14
 5089 2580 8350      		subi r24,lo8(-(-3))
 5090 2582 8C83      		std Y+4,r24
 5091 2584 0C94 0000 		jmp .L41
 5092               	.L499:
 5093               	/* epilogue: frame size=362 */
 5094 2588 C659      		subi r28,lo8(-362)
 5095 258a DE4F      		sbci r29,hi8(-362)
 5096 258c 0FB6      		in __tmp_reg__,__SREG__
 5097 258e F894      		cli
 5098 2590 DEBF      		out __SP_H__,r29
 5099 2592 0FBE      		out __SREG__,__tmp_reg__
 5100 2594 CDBF      		out __SP_L__,r28
 5101 2596 DF91      		pop r29
 5102 2598 CF91      		pop r28
 5103 259a 1F91      		pop r17
 5104 259c 0F91      		pop r16
 5105 259e FF90      		pop r15
 5106 25a0 EF90      		pop r14
 5107 25a2 DF90      		pop r13
 5108 25a4 CF90      		pop r12
 5109 25a6 BF90      		pop r11
 5110 25a8 AF90      		pop r10
 5111 25aa 9F90      		pop r9
 5112 25ac 8F90      		pop r8
 5113 25ae 7F90      		pop r7
 5114 25b0 6F90      		pop r6
 5115 25b2 5F90      		pop r5
 5116 25b4 4F90      		pop r4
 5117 25b6 3F90      		pop r3
 5118 25b8 2F90      		pop r2
 5119 25ba 0895      		ret
 5120               	/* epilogue end (size=26) */
 5121               	/* function SNMPgetMIB size 4433 (4380) */
 5122               	.Lfe9:
 5123               		.size	SNMPgetMIB,.Lfe9-SNMPgetMIB
 5124               		.data
 5125               	.LC6:
 5126 01ab 0D0A 4572 		.string	"\r\nError:OverLoad for this SNMP demo"
 5126      726F 723A 
GAS LISTING C:\WINDOWS\TEMP/ccra2jgb.s 			page 92


 5126      4F76 6572 
 5126      4C6F 6164 
 5126      2066 6F72 
 5127               		.text
 5128               	.global	SNMPsending
 5129               		.type	SNMPsending,@function
 5130               	SNMPsending:
 5131               	/* prologue: frame size=300 */
 5132 25bc CF92      		push r12
 5133 25be DF92      		push r13
 5134 25c0 EF92      		push r14
 5135 25c2 FF92      		push r15
 5136 25c4 0F93      		push r16
 5137 25c6 1F93      		push r17
 5138 25c8 CF93      		push r28
 5139 25ca DF93      		push r29
 5140 25cc CDB7      		in r28,__SP_L__
 5141 25ce DEB7      		in r29,__SP_H__
 5142 25d0 CC52      		subi r28,lo8(300)
 5143 25d2 D140      		sbci r29,hi8(300)
 5144 25d4 0FB6      		in __tmp_reg__,__SREG__
 5145 25d6 F894      		cli
 5146 25d8 DEBF      		out __SP_H__,r29
 5147 25da 0FBE      		out __SREG__,__tmp_reg__
 5148 25dc CDBF      		out __SP_L__,r28
 5149               	/* prologue end (size=17) */
 5150 25de 6C01      		movw r12,r24
 5151 25e0 7B01      		movw r14,r22
 5152 25e2 20E0      		ldi r18,lo8(0)
 5153 25e4 30E0      		ldi r19,hi8(0)
 5154 25e6 80E3      		ldi r24,lo8(48)
 5155 25e8 8983      		std Y+1,r24
 5156 25ea 1A82      		std Y+2,__zero_reg__
 5157 25ec 82E0      		ldi r24,lo8(2)
 5158 25ee 8B83      		std Y+3,r24
 5159 25f0 81E0      		ldi r24,lo8(1)
 5160 25f2 8C83      		std Y+4,r24
 5161 25f4 2D83      		std Y+5,r18
 5162 25f6 84E0      		ldi r24,lo8(4)
 5163 25f8 8E83      		std Y+6,r24
 5164 25fa 8091 0000 		lds r24,berin+4
 5165 25fe 8F83      		std Y+7,r24
 5166 2600 4091 0000 		lds r20,berin+4
 5167 2604 5091 0000 		lds r21,(berin+4)+1
 5168 2608 2417      		cp r18,r20
 5169 260a 3507      		cpc r19,r21
 5170 260c 64F4      		brge .L562
 5171 260e DE01      		movw r26,r28
 5172 2610 1896      		adiw r26,8
 5173               	.L534:
 5174 2612 F901      		movw r30,r18
 5175 2614 E050      		subi r30,lo8(-(berin))
 5176 2616 F040      		sbci r31,hi8(-(berin))
 5177 2618 8681      		ldd r24,Z+6
 5178 261a 8D93      		st X+,r24
 5179 261c 2F5F      		subi r18,lo8(-(1))
 5180 261e 3F4F      		sbci r19,hi8(-(1))
GAS LISTING C:\WINDOWS\TEMP/ccra2jgb.s 			page 93


 5181 2620 2417      		cp r18,r20
 5182 2622 3507      		cpc r19,r21
 5183 2624 B4F3      		brlt .L534
 5184               	.L562:
 5185 2626 D901      		movw r26,r18
 5186 2628 1796      		adiw r26,7
 5187 262a 8091 0000 		lds r24,berin+16
 5188 262e 9091 0000 		lds r25,(berin+16)+1
 5189 2632 823A      		cpi r24,162
 5190 2634 9105      		cpc r25,__zero_reg__
 5191 2636 09F4      		brne _PC_+2
 5192 2638 95C0      		rjmp .L539
 5193 263a 833A      		cpi r24,163
 5194 263c 9105      		cpc r25,__zero_reg__
 5195 263e 08F0      		brlo _PC_+2
 5196 2640 97C0      		rjmp .L543
 5197 2642 803A      		cpi r24,160
 5198 2644 9105      		cpc r25,__zero_reg__
 5199 2646 09F4      		brne _PC_+2
 5200 2648 8DC0      		rjmp .L539
 5201 264a 813A      		cpi r24,161
 5202 264c 9105      		cpc r25,__zero_reg__
 5203 264e 09F4      		brne _PC_+2
 5204 2650 89C0      		rjmp .L539
 5205               	.L535:
 5206 2652 BD01      		movw r22,r26
 5207 2654 6F5F      		subi r22,lo8(-(1))
 5208 2656 7F4F      		sbci r23,hi8(-(1))
 5209 2658 DB01      		movw r26,r22
 5210 265a 1196      		adiw r26,1
 5211 265c 9E01      		movw r18,r28
 5212 265e 2F5F      		subi r18,lo8(-(1))
 5213 2660 3F4F      		sbci r19,hi8(-(1))
 5214 2662 FD01      		movw r30,r26
 5215 2664 E20F      		add r30,r18
 5216 2666 F31F      		adc r31,r19
 5217 2668 82E0      		ldi r24,lo8(2)
 5218 266a 8083      		st Z,r24
 5219 266c 1196      		adiw r26,1
 5220 266e FD01      		movw r30,r26
 5221 2670 E20F      		add r30,r18
 5222 2672 F31F      		adc r31,r19
 5223 2674 8091 0000 		lds r24,berin+18
 5224 2678 8083      		st Z,r24
 5225 267a 20E0      		ldi r18,lo8(0)
 5226 267c 30E0      		ldi r19,hi8(0)
 5227 267e 0091 0000 		lds r16,berin+18
 5228 2682 1091 0000 		lds r17,(berin+18)+1
 5229 2686 2017      		cp r18,r16
 5230 2688 3107      		cpc r19,r17
 5231 268a 7CF4      		brge .L564
 5232 268c AF01      		movw r20,r30
 5233               	.L548:
 5234 268e 1196      		adiw r26,1
 5235 2690 F901      		movw r30,r18
 5236 2692 E050      		subi r30,lo8(-(berin))
 5237 2694 F040      		sbci r31,hi8(-(berin))
GAS LISTING C:\WINDOWS\TEMP/ccra2jgb.s 			page 94


 5238 2696 8489      		ldd r24,Z+20
 5239 2698 4F5F      		subi r20,lo8(-(1))
 5240 269a 5F4F      		sbci r21,hi8(-(1))
 5241 269c FA01      		movw r30,r20
 5242 269e 8083      		st Z,r24
 5243 26a0 2F5F      		subi r18,lo8(-(1))
 5244 26a2 3F4F      		sbci r19,hi8(-(1))
 5245 26a4 2017      		cp r18,r16
 5246 26a6 3107      		cpc r19,r17
 5247 26a8 94F3      		brlt .L548
 5248               	.L564:
 5249 26aa 1196      		adiw r26,1
 5250 26ac 9E01      		movw r18,r28
 5251 26ae 2F5F      		subi r18,lo8(-(1))
 5252 26b0 3F4F      		sbci r19,hi8(-(1))
 5253 26b2 FD01      		movw r30,r26
 5254 26b4 E20F      		add r30,r18
 5255 26b6 F31F      		adc r31,r19
 5256 26b8 42E0      		ldi r20,lo8(2)
 5257 26ba 4083      		st Z,r20
 5258 26bc 1196      		adiw r26,1
 5259 26be FD01      		movw r30,r26
 5260 26c0 E20F      		add r30,r18
 5261 26c2 F31F      		adc r31,r19
 5262 26c4 91E0      		ldi r25,lo8(1)
 5263 26c6 9083      		st Z,r25
 5264 26c8 1196      		adiw r26,1
 5265 26ca FD01      		movw r30,r26
 5266 26cc E20F      		add r30,r18
 5267 26ce F31F      		adc r31,r19
 5268 26d0 8091 0000 		lds r24,berin+25
 5269 26d4 8083      		st Z,r24
 5270 26d6 B093 0000 		sts (berin+25)+1,r27
 5271 26da A093 0000 		sts berin+25,r26
 5272 26de 1196      		adiw r26,1
 5273 26e0 FD01      		movw r30,r26
 5274 26e2 E20F      		add r30,r18
 5275 26e4 F31F      		adc r31,r19
 5276 26e6 4083      		st Z,r20
 5277 26e8 1196      		adiw r26,1
 5278 26ea FD01      		movw r30,r26
 5279 26ec E20F      		add r30,r18
 5280 26ee F31F      		adc r31,r19
 5281 26f0 9083      		st Z,r25
 5282 26f2 1196      		adiw r26,1
 5283 26f4 FD01      		movw r30,r26
 5284 26f6 E20F      		add r30,r18
 5285 26f8 F31F      		adc r31,r19
 5286 26fa 8091 0000 		lds r24,berin+27
 5287 26fe 8083      		st Z,r24
 5288 2700 B093 0000 		sts (berin+27)+1,r27
 5289 2704 A093 0000 		sts berin+27,r26
 5290 2708 1E14      		cp __zero_reg__,r14
 5291 270a 1F04      		cpc __zero_reg__,r15
 5292 270c 74F4      		brge .L566
 5293 270e A601      		movw r20,r12
 5294 2710 8F01      		movw r16,r30
GAS LISTING C:\WINDOWS\TEMP/ccra2jgb.s 			page 95


 5295 2712 9701      		movw r18,r14
 5296               	.L553:
 5297 2714 1196      		adiw r26,1
 5298 2716 FA01      		movw r30,r20
 5299 2718 8191      		ld r24,Z+
 5300 271a AF01      		movw r20,r30
 5301 271c 0F5F      		subi r16,lo8(-(1))
 5302 271e 1F4F      		sbci r17,hi8(-(1))
 5303 2720 F801      		movw r30,r16
 5304 2722 8083      		st Z,r24
 5305 2724 2150      		subi r18,lo8(-(-1))
 5306 2726 3040      		sbci r19,hi8(-(-1))
 5307 2728 A9F7      		brne .L553
 5308               	.L566:
 5309 272a 8D01      		movw r16,r26
 5310 272c 0150      		subi r16,lo8(-(-1))
 5311 272e 1040      		sbci r17,hi8(-(-1))
 5312 2730 0038      		cpi r16,128
 5313 2732 1105      		cpc r17,__zero_reg__
 5314 2734 94F4      		brge .L554
 5315 2736 0A83      		std Y+2,r16
 5316 2738 FE01      		movw r30,r28
 5317 273a E60F      		add r30,r22
 5318 273c F71F      		adc r31,r23
 5319 273e 802F      		mov r24,r16
 5320 2740 861B      		sub r24,r22
 5321 2742 8F5F      		subi r24,lo8(-(1))
 5322 2744 8183      		std Z+1,r24
 5323               	.L555:
 5324 2746 0E5F      		subi r16,lo8(-(2))
 5325 2748 1F4F      		sbci r17,hi8(-(2))
 5326 274a 1093 0000 		sts (bufflen)+1,r17
 5327 274e 0093 0000 		sts bufflen,r16
 5328 2752 20E0      		ldi r18,lo8(0)
 5329 2754 30E0      		ldi r19,hi8(0)
 5330 2756 D601      		movw r26,r12
 5331 2758 17C0      		rjmp .L560
 5332               	.L554:
 5333 275a 80E0      		ldi r24,lo8(.LC6)
 5334 275c 90E0      		ldi r25,hi8(.LC6)
 5335 275e 0E94 0000 		call NutKPrintString
 5336 2762 F1CF      		rjmp .L555
 5337               	.L539:
 5338 2764 FE01      		movw r30,r28
 5339 2766 EA0F      		add r30,r26
 5340 2768 FB1F      		adc r31,r27
 5341 276a 82EA      		ldi r24,lo8(-94)
 5342               	.L569:
 5343 276c 8183      		std Z+1,r24
 5344 276e 71CF      		rjmp .L535
 5345               	.L543:
 5346 2770 833A      		cpi r24,163
 5347 2772 9105      		cpc r25,__zero_reg__
 5348 2774 B9F3      		breq .L539
 5349 2776 843A      		cpi r24,164
 5350 2778 9105      		cpc r25,__zero_reg__
 5351 277a 09F0      		breq _PC_+2
GAS LISTING C:\WINDOWS\TEMP/ccra2jgb.s 			page 96


 5352 277c 6ACF      		rjmp .L535
 5353 277e FE01      		movw r30,r28
 5354 2780 EA0F      		add r30,r26
 5355 2782 FB1F      		adc r31,r27
 5356 2784 84EA      		ldi r24,lo8(-92)
 5357 2786 F2CF      		rjmp .L569
 5358               	.L560:
 5359 2788 FE01      		movw r30,r28
 5360 278a E20F      		add r30,r18
 5361 278c F31F      		adc r31,r19
 5362 278e 8181      		ldd r24,Z+1
 5363 2790 8D93      		st X+,r24
 5364 2792 2F5F      		subi r18,lo8(-(1))
 5365 2794 3F4F      		sbci r19,hi8(-(1))
 5366 2796 F1E0      		ldi r31,hi8(300)
 5367 2798 2C32      		cpi r18,lo8(300)
 5368 279a 3F07      		cpc r19,r31
 5369 279c A8F3      		brlo .L560
 5370               	/* epilogue: frame size=300 */
 5371 279e C45D      		subi r28,lo8(-300)
 5372 27a0 DE4F      		sbci r29,hi8(-300)
 5373 27a2 0FB6      		in __tmp_reg__,__SREG__
 5374 27a4 F894      		cli
 5375 27a6 DEBF      		out __SP_H__,r29
 5376 27a8 0FBE      		out __SREG__,__tmp_reg__
 5377 27aa CDBF      		out __SP_L__,r28
 5378 27ac DF91      		pop r29
 5379 27ae CF91      		pop r28
 5380 27b0 1F91      		pop r17
 5381 27b2 0F91      		pop r16
 5382 27b4 FF90      		pop r15
 5383 27b6 EF90      		pop r14
 5384 27b8 DF90      		pop r13
 5385 27ba CF90      		pop r12
 5386 27bc 0895      		ret
 5387               	/* epilogue end (size=16) */
 5388               	/* function SNMPsending size 259 (226) */
 5389               	.Lfe10:
 5390               		.size	SNMPsending,.Lfe10-SNMPsending
 5391               		.data
 5392               	.LC7:
 5393 01cf 0D0A 204F 		.string	"\r\n OID[%d] on p[%d] is %x"
 5393      4944 5B25 
 5393      645D 206F 
 5393      6E20 705B 
 5393      2564 5D20 
 5394               	.LC9:
 5395 01e9 0D0A 2056 		.string	"\r\n Value[%d][%d] is %x"
 5395      616C 7565 
 5395      5B25 645D 
 5395      5B25 645D 
 5395      2069 7320 
 5396               	.LC8:
 5397 0200 0D0A 204E 		.string	"\r\n Null value comming"
 5397      756C 6C20 
 5397      7661 6C75 
 5397      6520 636F 
GAS LISTING C:\WINDOWS\TEMP/ccra2jgb.s 			page 97


 5397      6D6D 696E 
 5398               		.text
 5399               	.global	SNMPdecode
 5400               		.type	SNMPdecode,@function
 5401               	SNMPdecode:
 5402               	/* prologue: frame size=0 */
 5403 27be 6F92      		push r6
 5404 27c0 7F92      		push r7
 5405 27c2 8F92      		push r8
 5406 27c4 9F92      		push r9
 5407 27c6 AF92      		push r10
 5408 27c8 BF92      		push r11
 5409 27ca CF92      		push r12
 5410 27cc DF92      		push r13
 5411 27ce EF92      		push r14
 5412 27d0 FF92      		push r15
 5413 27d2 0F93      		push r16
 5414 27d4 1F93      		push r17
 5415 27d6 CF93      		push r28
 5416 27d8 DF93      		push r29
 5417               	/* prologue end (size=14) */
 5418 27da 6C01      		movw r12,r24
 5419 27dc C0E0      		ldi r28,lo8(0)
 5420 27de D0E0      		ldi r29,hi8(0)
 5421 27e0 5E01      		movw r10,r28
 5422 27e2 3E01      		movw r6,r28
 5423 27e4 DC01      		movw r26,r24
 5424 27e6 8C91      		ld r24,X
 5425 27e8 8033      		cpi r24,lo8(48)
 5426 27ea 09F0      		breq _PC_+2
 5427 27ec C8C1      		rjmp .L571
 5428 27ee 1196      		adiw r26,1
 5429 27f0 8C91      		ld r24,X
 5430 27f2 1197      		sbiw r26,1
 5431 27f4 9927      		clr r25
 5432 27f6 9093 0000 		sts (berin)+1,r25
 5433 27fa 8093 0000 		sts berin,r24
 5434 27fe 1296      		adiw r26,2
 5435 2800 8C91      		ld r24,X
 5436 2802 1297      		sbiw r26,2
 5437 2804 8230      		cpi r24,lo8(2)
 5438 2806 09F4      		brne _PC_+2
 5439 2808 ABC1      		rjmp .L621
 5440               	.L572:
 5441 280a C4E0      		ldi r28,lo8(4)
 5442 280c D0E0      		ldi r29,hi8(4)
 5443 280e F601      		movw r30,r12
 5444 2810 8581      		ldd r24,Z+5
 5445 2812 8430      		cpi r24,lo8(4)
 5446 2814 09F4      		brne _PC_+2
 5447 2816 7CC1      		rjmp .L622
 5448               	.L574:
 5449 2818 F601      		movw r30,r12
 5450 281a EC0F      		add r30,r28
 5451 281c FD1F      		adc r31,r29
 5452 281e 8081      		ld r24,Z
 5453 2820 9927      		clr r25
GAS LISTING C:\WINDOWS\TEMP/ccra2jgb.s 			page 98


 5454 2822 9093 0000 		sts (berin+16)+1,r25
 5455 2826 8093 0000 		sts berin+16,r24
 5456 282a 2196      		adiw r28,1
 5457 282c F601      		movw r30,r12
 5458 282e EC0F      		add r30,r28
 5459 2830 FD1F      		adc r31,r29
 5460 2832 8081      		ld r24,Z
 5461 2834 E82E      		mov r14,r24
 5462 2836 FF24      		clr r15
 5463 2838 F1E8      		ldi r31,lo8(129)
 5464 283a EF16      		cp r14,r31
 5465 283c F104      		cpc r15,__zero_reg__
 5466 283e 3CF0      		brlt .L580
 5467 2840 2196      		adiw r28,1
 5468 2842 F601      		movw r30,r12
 5469 2844 EC0F      		add r30,r28
 5470 2846 FD1F      		adc r31,r29
 5471 2848 8081      		ld r24,Z
 5472 284a E80E      		add r14,r24
 5473 284c F11C      		adc r15,__zero_reg__
 5474               	.L580:
 5475 284e 2196      		adiw r28,1
 5476 2850 F601      		movw r30,r12
 5477 2852 EC0F      		add r30,r28
 5478 2854 FD1F      		adc r31,r29
 5479 2856 8081      		ld r24,Z
 5480 2858 8230      		cpi r24,lo8(2)
 5481 285a 09F4      		brne _PC_+2
 5482 285c 51C1      		rjmp .L623
 5483               	.L581:
 5484 285e F601      		movw r30,r12
 5485 2860 EC0F      		add r30,r28
 5486 2862 FD1F      		adc r31,r29
 5487 2864 8081      		ld r24,Z
 5488 2866 9927      		clr r25
 5489 2868 9093 0000 		sts (berin+18)+1,r25
 5490 286c 8093 0000 		sts berin+18,r24
 5491 2870 AA24      		clr r10
 5492 2872 BB24      		clr r11
 5493 2874 2196      		adiw r28,1
 5494 2876 AE14      		cp r10,r14
 5495 2878 BF04      		cpc r11,r15
 5496 287a 7CF4      		brge .L615
 5497 287c DE01      		movw r26,r28
 5498 287e AC0D      		add r26,r12
 5499 2880 BD1D      		adc r27,r13
 5500               	.L586:
 5501 2882 F501      		movw r30,r10
 5502 2884 E050      		subi r30,lo8(-(berin))
 5503 2886 F040      		sbci r31,hi8(-(berin))
 5504 2888 8D91      		ld r24,X+
 5505 288a 848B      		std Z+20,r24
 5506 288c 2196      		adiw r28,1
 5507 288e 0894      		sec
 5508 2890 A11C      		adc r10,__zero_reg__
 5509 2892 B11C      		adc r11,__zero_reg__
 5510 2894 AE14      		cp r10,r14
GAS LISTING C:\WINDOWS\TEMP/ccra2jgb.s 			page 99


 5511 2896 BF04      		cpc r11,r15
 5512 2898 A4F3      		brlt .L586
 5513               	.L615:
 5514 289a F601      		movw r30,r12
 5515 289c EC0F      		add r30,r28
 5516 289e FD1F      		adc r31,r29
 5517 28a0 8081      		ld r24,Z
 5518 28a2 8230      		cpi r24,lo8(2)
 5519 28a4 09F4      		brne _PC_+2
 5520 28a6 19C1      		rjmp .L624
 5521               	.L587:
 5522 28a8 2196      		adiw r28,1
 5523 28aa F601      		movw r30,r12
 5524 28ac EC0F      		add r30,r28
 5525 28ae FD1F      		adc r31,r29
 5526 28b0 8081      		ld r24,Z
 5527 28b2 8230      		cpi r24,lo8(2)
 5528 28b4 09F4      		brne _PC_+2
 5529 28b6 FEC0      		rjmp .L625
 5530               	.L589:
 5531 28b8 2196      		adiw r28,1
 5532 28ba F601      		movw r30,r12
 5533 28bc EC0F      		add r30,r28
 5534 28be FD1F      		adc r31,r29
 5535 28c0 8081      		ld r24,Z
 5536 28c2 8033      		cpi r24,lo8(48)
 5537 28c4 09F4      		brne _PC_+2
 5538 28c6 F4C0      		rjmp .L626
 5539               	.L591:
 5540 28c8 8091 0000 		lds r24,berin
 5541 28cc 9091 0000 		lds r25,(berin)+1
 5542 28d0 C817      		cp r28,r24
 5543 28d2 D907      		cpc r29,r25
 5544 28d4 8CF4      		brge .L611
 5545 28d6 8E01      		movw r16,r28
 5546 28d8 0C0D      		add r16,r12
 5547 28da 1D1D      		adc r17,r13
 5548               	.L610:
 5549 28dc 0F5F      		subi r16,lo8(-(1))
 5550 28de 1F4F      		sbci r17,hi8(-(1))
 5551 28e0 2196      		adiw r28,1
 5552 28e2 D801      		movw r26,r16
 5553 28e4 8C91      		ld r24,X
 5554 28e6 8033      		cpi r24,lo8(48)
 5555 28e8 51F0      		breq .L627
 5556               	.L592:
 5557 28ea 8091 0000 		lds r24,berin
 5558 28ee 9091 0000 		lds r25,(berin)+1
 5559 28f2 C817      		cp r28,r24
 5560 28f4 D907      		cpc r29,r25
 5561 28f6 94F3      		brlt .L610
 5562               	.L611:
 5563 28f8 80E0      		ldi r24,lo8(0)
 5564 28fa 90E0      		ldi r25,hi8(0)
 5565 28fc 42C1      		rjmp .L570
 5566               	.L627:
 5567 28fe 0E5F      		subi r16,lo8(-(2))
GAS LISTING C:\WINDOWS\TEMP/ccra2jgb.s 			page 100


 5568 2900 1F4F      		sbci r17,hi8(-(2))
 5569 2902 2296      		adiw r28,2
 5570 2904 F801      		movw r30,r16
 5571 2906 8081      		ld r24,Z
 5572 2908 8630      		cpi r24,lo8(6)
 5573 290a 79F7      		brne .L592
 5574 290c 8091 0000 		lds r24,berin+579
 5575 2910 9091 0000 		lds r25,(berin+579)+1
 5576 2914 0196      		adiw r24,1
 5577 2916 9093 0000 		sts (berin+579)+1,r25
 5578 291a 8093 0000 		sts berin+579,r24
 5579 291e 0F5F      		subi r16,lo8(-(1))
 5580 2920 1F4F      		sbci r17,hi8(-(1))
 5581 2922 D801      		movw r26,r16
 5582 2924 8D91      		ld r24,X+
 5583 2926 8D01      		movw r16,r26
 5584 2928 E82E      		mov r14,r24
 5585 292a FF24      		clr r15
 5586 292c 2296      		adiw r28,2
 5587 292e E114      		cp r14,__zero_reg__
 5588 2930 F104      		cpc r15,__zero_reg__
 5589 2932 D1F1      		breq .L618
 5590 2934 5701      		movw r10,r14
 5591 2936 7E01      		movw r14,r28
 5592 2938 EC0C      		add r14,r12
 5593 293a FD1C      		adc r15,r13
 5594               	.L601:
 5595 293c 2091 0000 		lds r18,berin+579
 5596 2940 3091 0000 		lds r19,(berin+579)+1
 5597 2944 8CE3      		ldi r24,lo8(60)
 5598 2946 90E0      		ldi r25,hi8(60)
 5599 2948 289F      		mul r18,r24
 5600 294a F001      		movw r30,r0
 5601 294c 299F      		mul r18,r25
 5602 294e F00D      		add r31,r0
 5603 2950 389F      		mul r19,r24
 5604 2952 F00D      		add r31,r0
 5605 2954 1124      		clr r1
 5606 2956 E60D      		add r30,r6
 5607 2958 F71D      		adc r31,r7
 5608 295a E050      		subi r30,lo8(-(berin))
 5609 295c F040      		sbci r31,hi8(-(berin))
 5610 295e D701      		movw r26,r14
 5611 2960 8D91      		ld r24,X+
 5612 2962 7D01      		movw r14,r26
 5613 2964 858F      		std Z+29,r24
 5614 2966 9927      		clr r25
 5615 2968 9F93      		push r25
 5616 296a 8F93      		push r24
 5617 296c DF93      		push r29
 5618 296e CF93      		push r28
 5619 2970 7F92      		push r7
 5620 2972 6F92      		push r6
 5621 2974 80E0      		ldi r24,lo8(.LC7)
 5622 2976 90E0      		ldi r25,hi8(.LC7)
 5623 2978 9F93      		push r25
 5624 297a 8F93      		push r24
GAS LISTING C:\WINDOWS\TEMP/ccra2jgb.s 			page 101


 5625 297c 0E94 0000 		call NutKPrintFormat
 5626 2980 0F5F      		subi r16,lo8(-(1))
 5627 2982 1F4F      		sbci r17,hi8(-(1))
 5628 2984 2196      		adiw r28,1
 5629 2986 0894      		sec
 5630 2988 611C      		adc r6,__zero_reg__
 5631 298a 711C      		adc r7,__zero_reg__
 5632 298c EDB7      		in r30,__SP_L__
 5633 298e FEB7      		in r31,__SP_H__
 5634 2990 3896      		adiw r30,8
 5635 2992 0FB6      		in __tmp_reg__,__SREG__
 5636 2994 F894      		cli
 5637 2996 FEBF      		out __SP_H__,r31
 5638 2998 0FBE      		out __SREG__,__tmp_reg__
 5639 299a EDBF      		out __SP_L__,r30
 5640 299c 0894      		sec
 5641 299e A108      		sbc r10,__zero_reg__
 5642 29a0 B108      		sbc r11,__zero_reg__
 5643 29a2 A114      		cp r10,__zero_reg__
 5644 29a4 B104      		cpc r11,__zero_reg__
 5645 29a6 51F6      		brne .L601
 5646               	.L618:
 5647 29a8 D801      		movw r26,r16
 5648 29aa 4C91      		ld r20,X
 5649 29ac 4530      		cpi r20,lo8(5)
 5650 29ae 09F4      		brne _PC_+2
 5651 29b0 77C0      		rjmp .L628
 5652 29b2 2091 0000 		lds r18,berin+579
 5653 29b6 3091 0000 		lds r19,(berin+579)+1
 5654 29ba 82E3      		ldi r24,lo8(50)
 5655 29bc 90E0      		ldi r25,hi8(50)
 5656 29be 289F      		mul r18,r24
 5657 29c0 D001      		movw r26,r0
 5658 29c2 299F      		mul r18,r25
 5659 29c4 B00D      		add r27,r0
 5660 29c6 389F      		mul r19,r24
 5661 29c8 B00D      		add r27,r0
 5662 29ca 1124      		clr r1
 5663 29cc FD01      		movw r30,r26
 5664 29ce E050      		subi r30,lo8(-(berin+329))
 5665 29d0 F040      		sbci r31,hi8(-(berin+329))
 5666 29d2 4083      		st Z,r20
 5667 29d4 0F5F      		subi r16,lo8(-(1))
 5668 29d6 1F4F      		sbci r17,hi8(-(1))
 5669 29d8 F801      		movw r30,r16
 5670 29da 8191      		ld r24,Z+
 5671 29dc 8F01      		movw r16,r30
 5672 29de E82E      		mov r14,r24
 5673 29e0 FF24      		clr r15
 5674 29e2 A050      		subi r26,lo8(-(berin+330))
 5675 29e4 B040      		sbci r27,hi8(-(berin+330))
 5676 29e6 EC92      		st X,r14
 5677 29e8 2296      		adiw r28,2
 5678 29ea A2E0      		ldi r26,lo8(2)
 5679 29ec AA2E      		mov r10,r26
 5680 29ee B12C      		mov r11,__zero_reg__
 5681 29f0 C701      		movw r24,r14
GAS LISTING C:\WINDOWS\TEMP/ccra2jgb.s 			page 102


 5682 29f2 8A0D      		add r24,r10
 5683 29f4 9B1D      		adc r25,r11
 5684 29f6 A816      		cp r10,r24
 5685 29f8 B906      		cpc r11,r25
 5686 29fa C4F5      		brge .L620
 5687 29fc 4E01      		movw r8,r28
 5688 29fe 8C0C      		add r8,r12
 5689 2a00 9D1C      		adc r9,r13
 5690               	.L608:
 5691 2a02 2091 0000 		lds r18,berin+579
 5692 2a06 3091 0000 		lds r19,(berin+579)+1
 5693 2a0a 82E3      		ldi r24,lo8(50)
 5694 2a0c 90E0      		ldi r25,hi8(50)
 5695 2a0e 289F      		mul r18,r24
 5696 2a10 F001      		movw r30,r0
 5697 2a12 299F      		mul r18,r25
 5698 2a14 F00D      		add r31,r0
 5699 2a16 389F      		mul r19,r24
 5700 2a18 F00D      		add r31,r0
 5701 2a1a 1124      		clr r1
 5702 2a1c EA0D      		add r30,r10
 5703 2a1e FB1D      		adc r31,r11
 5704 2a20 E050      		subi r30,lo8(-(berin+329))
 5705 2a22 F040      		sbci r31,hi8(-(berin+329))
 5706 2a24 D401      		movw r26,r8
 5707 2a26 8D91      		ld r24,X+
 5708 2a28 4D01      		movw r8,r26
 5709 2a2a 8083      		st Z,r24
 5710 2a2c 9927      		clr r25
 5711 2a2e 9F93      		push r25
 5712 2a30 8F93      		push r24
 5713 2a32 BF92      		push r11
 5714 2a34 AF92      		push r10
 5715 2a36 3F93      		push r19
 5716 2a38 2F93      		push r18
 5717 2a3a 80E0      		ldi r24,lo8(.LC9)
 5718 2a3c 90E0      		ldi r25,hi8(.LC9)
 5719 2a3e 9F93      		push r25
 5720 2a40 8F93      		push r24
 5721 2a42 0E94 0000 		call NutKPrintFormat
 5722 2a46 0F5F      		subi r16,lo8(-(1))
 5723 2a48 1F4F      		sbci r17,hi8(-(1))
 5724 2a4a 2196      		adiw r28,1
 5725 2a4c EDB7      		in r30,__SP_L__
 5726 2a4e FEB7      		in r31,__SP_H__
 5727 2a50 3896      		adiw r30,8
 5728 2a52 0FB6      		in __tmp_reg__,__SREG__
 5729 2a54 F894      		cli
 5730 2a56 FEBF      		out __SP_H__,r31
 5731 2a58 0FBE      		out __SREG__,__tmp_reg__
 5732 2a5a EDBF      		out __SP_L__,r30
 5733 2a5c 0894      		sec
 5734 2a5e A11C      		adc r10,__zero_reg__
 5735 2a60 B11C      		adc r11,__zero_reg__
 5736 2a62 C701      		movw r24,r14
 5737 2a64 0296      		adiw r24,2
 5738 2a66 A816      		cp r10,r24
GAS LISTING C:\WINDOWS\TEMP/ccra2jgb.s 			page 103


 5739 2a68 B906      		cpc r11,r25
 5740 2a6a 5CF2      		brlt .L608
 5741               	.L620:
 5742 2a6c 2091 0000 		lds r18,berin+579
 5743 2a70 3091 0000 		lds r19,(berin+579)+1
 5744 2a74 82E3      		ldi r24,lo8(50)
 5745 2a76 90E0      		ldi r25,hi8(50)
 5746 2a78 289F      		mul r18,r24
 5747 2a7a D001      		movw r26,r0
 5748 2a7c 299F      		mul r18,r25
 5749 2a7e B00D      		add r27,r0
 5750 2a80 389F      		mul r19,r24
 5751 2a82 B00D      		add r27,r0
 5752 2a84 1124      		clr r1
 5753 2a86 FD01      		movw r30,r26
 5754 2a88 E050      		subi r30,lo8(-(berin+329))
 5755 2a8a F040      		sbci r31,hi8(-(berin+329))
 5756 2a8c 8081      		ld r24,Z
 5757 2a8e 8430      		cpi r24,lo8(4)
 5758 2a90 09F0      		breq _PC_+2
 5759 2a92 2BCF      		rjmp .L592
 5760 2a94 AA0D      		add r26,r10
 5761 2a96 BB1D      		adc r27,r11
 5762 2a98 A050      		subi r26,lo8(-(berin+329))
 5763 2a9a B040      		sbci r27,hi8(-(berin+329))
 5764 2a9c 1C92      		st X,__zero_reg__
 5765 2a9e 25CF      		rjmp .L592
 5766               	.L628:
 5767 2aa0 0F5F      		subi r16,lo8(-(1))
 5768 2aa2 1F4F      		sbci r17,hi8(-(1))
 5769 2aa4 2196      		adiw r28,1
 5770 2aa6 80E0      		ldi r24,lo8(.LC8)
 5771 2aa8 90E0      		ldi r25,hi8(.LC8)
 5772 2aaa 0E94 0000 		call NutKPrintString
 5773 2aae 1DCF      		rjmp .L592
 5774               	.L626:
 5775 2ab0 2196      		adiw r28,1
 5776 2ab2 0ACF      		rjmp .L591
 5777               	.L625:
 5778 2ab4 2196      		adiw r28,1
 5779 2ab6 F601      		movw r30,r12
 5780 2ab8 EC0F      		add r30,r28
 5781 2aba FD1F      		adc r31,r29
 5782 2abc 8081      		ld r24,Z
 5783 2abe 8130      		cpi r24,lo8(1)
 5784 2ac0 09F0      		breq _PC_+2
 5785 2ac2 FACE      		rjmp .L589
 5786 2ac4 2196      		adiw r28,1
 5787 2ac6 F601      		movw r30,r12
 5788 2ac8 EC0F      		add r30,r28
 5789 2aca FD1F      		adc r31,r29
 5790 2acc 8081      		ld r24,Z
 5791 2ace 9927      		clr r25
 5792 2ad0 9093 0000 		sts (berin+27)+1,r25
 5793 2ad4 8093 0000 		sts berin+27,r24
 5794 2ad8 EFCE      		rjmp .L589
 5795               	.L624:
GAS LISTING C:\WINDOWS\TEMP/ccra2jgb.s 			page 104


 5796 2ada 2196      		adiw r28,1
 5797 2adc F601      		movw r30,r12
 5798 2ade EC0F      		add r30,r28
 5799 2ae0 FD1F      		adc r31,r29
 5800 2ae2 8081      		ld r24,Z
 5801 2ae4 8130      		cpi r24,lo8(1)
 5802 2ae6 09F0      		breq _PC_+2
 5803 2ae8 DFCE      		rjmp .L587
 5804 2aea 2196      		adiw r28,1
 5805 2aec F601      		movw r30,r12
 5806 2aee EC0F      		add r30,r28
 5807 2af0 FD1F      		adc r31,r29
 5808 2af2 8081      		ld r24,Z
 5809 2af4 9927      		clr r25
 5810 2af6 9093 0000 		sts (berin+25)+1,r25
 5811 2afa 8093 0000 		sts berin+25,r24
 5812 2afe D4CE      		rjmp .L587
 5813               	.L623:
 5814 2b00 2196      		adiw r28,1
 5815 2b02 F601      		movw r30,r12
 5816 2b04 EC0F      		add r30,r28
 5817 2b06 FD1F      		adc r31,r29
 5818 2b08 8081      		ld r24,Z
 5819 2b0a E82E      		mov r14,r24
 5820 2b0c FF24      		clr r15
 5821 2b0e A7CE      		rjmp .L581
 5822               	.L622:
 5823 2b10 8681      		ldd r24,Z+6
 5824 2b12 9927      		clr r25
 5825 2b14 9093 0000 		sts (berin+4)+1,r25
 5826 2b18 8093 0000 		sts berin+4,r24
 5827 2b1c 8681      		ldd r24,Z+6
 5828 2b1e 9927      		clr r25
 5829 2b20 B7E0      		ldi r27,lo8(7)
 5830 2b22 EB2E      		mov r14,r27
 5831 2b24 F12C      		mov r15,__zero_reg__
 5832 2b26 E80E      		add r14,r24
 5833 2b28 F91E      		adc r15,r25
 5834 2b2a C7E0      		ldi r28,lo8(7)
 5835 2b2c D0E0      		ldi r29,hi8(7)
 5836 2b2e CE15      		cp r28,r14
 5837 2b30 DF05      		cpc r29,r15
 5838 2b32 7CF4      		brge .L613
 5839 2b34 D601      		movw r26,r12
 5840 2b36 AC0F      		add r26,r28
 5841 2b38 BD1F      		adc r27,r29
 5842 2b3a EC01      		movw r28,r24
 5843               	.L579:
 5844 2b3c F501      		movw r30,r10
 5845 2b3e E050      		subi r30,lo8(-(berin))
 5846 2b40 F040      		sbci r31,hi8(-(berin))
 5847 2b42 8D91      		ld r24,X+
 5848 2b44 8683      		std Z+6,r24
 5849 2b46 0894      		sec
 5850 2b48 A11C      		adc r10,__zero_reg__
 5851 2b4a B11C      		adc r11,__zero_reg__
 5852 2b4c 2197      		sbiw r28,1
GAS LISTING C:\WINDOWS\TEMP/ccra2jgb.s 			page 105


 5853 2b4e B1F7      		brne .L579
 5854 2b50 E701      		movw r28,r14
 5855               	.L613:
 5856 2b52 80E0      		ldi r24,lo8(berin)
 5857 2b54 90E0      		ldi r25,hi8(berin)
 5858 2b56 A80E      		add r10,r24
 5859 2b58 B91E      		adc r11,r25
 5860 2b5a F501      		movw r30,r10
 5861 2b5c 1682      		std Z+6,__zero_reg__
 5862 2b5e 5CCE      		rjmp .L574
 5863               	.L621:
 5864 2b60 1396      		adiw r26,3
 5865 2b62 8C91      		ld r24,X
 5866 2b64 1397      		sbiw r26,3
 5867 2b66 8130      		cpi r24,lo8(1)
 5868 2b68 09F0      		breq _PC_+2
 5869 2b6a 4FCE      		rjmp .L572
 5870 2b6c 1496      		adiw r26,4
 5871 2b6e 8C91      		ld r24,X
 5872 2b70 9927      		clr r25
 5873 2b72 0196      		adiw r24,1
 5874 2b74 9093 0000 		sts (berin+2)+1,r25
 5875 2b78 8093 0000 		sts berin+2,r24
 5876 2b7c 46CE      		rjmp .L572
 5877               	.L571:
 5878 2b7e 8FEF      		ldi r24,lo8(-1)
 5879 2b80 9FEF      		ldi r25,hi8(-1)
 5880               	.L570:
 5881               	/* epilogue: frame size=0 */
 5882 2b82 DF91      		pop r29
 5883 2b84 CF91      		pop r28
 5884 2b86 1F91      		pop r17
 5885 2b88 0F91      		pop r16
 5886 2b8a FF90      		pop r15
 5887 2b8c EF90      		pop r14
 5888 2b8e DF90      		pop r13
 5889 2b90 CF90      		pop r12
 5890 2b92 BF90      		pop r11
 5891 2b94 AF90      		pop r10
 5892 2b96 9F90      		pop r9
 5893 2b98 8F90      		pop r8
 5894 2b9a 7F90      		pop r7
 5895 2b9c 6F90      		pop r6
 5896 2b9e 0895      		ret
 5897               	/* epilogue end (size=15) */
 5898               	/* function SNMPdecode size 498 (469) */
 5899               	.Lfe11:
 5900               		.size	SNMPdecode,.Lfe11-SNMPdecode
 5901               	.global	changePORT
 5902               		.type	changePORT,@function
 5903               	changePORT:
 5904               	/* prologue: frame size=0 */
 5905               	/* prologue end (size=0) */
 5906 2ba0 382F      		mov r19,r24
 5907 2ba2 2227      		clr r18
 5908 2ba4 892F      		mov r24,r25
 5909 2ba6 9927      		clr r25
GAS LISTING C:\WINDOWS\TEMP/ccra2jgb.s 			page 106


 5910 2ba8 282B      		or r18,r24
 5911 2baa 392B      		or r19,r25
 5912 2bac C901      		movw r24,r18
 5913               	/* epilogue: frame size=0 */
 5914 2bae 0895      		ret
 5915               	/* epilogue end (size=1) */
 5916               	/* function changePORT size 8 (7) */
 5917               	.Lfe12:
 5918               		.size	changePORT,.Lfe12-changePORT
 5919               	.global	MyTime
 5920               		.type	MyTime,@function
 5921               	MyTime:
 5922               	/* prologue: frame size=0 */
 5923               	/* prologue end (size=0) */
 5924               	.L631:
 5925 2bb0 8091 0000 		lds r24,sysUpTime
 5926 2bb4 9091 0000 		lds r25,(sysUpTime)+1
 5927 2bb8 8F3F      		cpi r24,255
 5928 2bba 9105      		cpc r25,__zero_reg__
 5929 2bbc 64F4      		brge .L634
 5930 2bbe 0196      		adiw r24,1
 5931 2bc0 9093 0000 		sts (sysUpTime)+1,r25
 5932 2bc4 8093 0000 		sts sysUpTime,r24
 5933               	.L635:
 5934 2bc8 68EE      		ldi r22,lo8(1000)
 5935 2bca 73E0      		ldi r23,hi8(1000)
 5936 2bcc 80E0      		ldi r24,hlo8(1000)
 5937 2bce 90E0      		ldi r25,hhi8(1000)
 5938 2bd0 0E94 0000 		call NutSleep
 5939 2bd4 EDCF      		rjmp .L631
 5940               	.L634:
 5941 2bd6 1092 0000 		sts (sysUpTime)+1,__zero_reg__
 5942 2bda 1092 0000 		sts sysUpTime,__zero_reg__
 5943 2bde F4CF      		rjmp .L635
 5944               	/* epilogue: frame size=0 */
 5945               	/* epilogue: noreturn */
 5946               	/* epilogue end (size=0) */
 5947               	/* function MyTime size 24 (24) */
 5948               	.Lfe13:
 5949               		.size	MyTime,.Lfe13-MyTime
 5950               		.data
 5951               	.LC10:
 5952 0216 3136 312E 		.string	"161.246.5.134"
 5952      3234 362E 
 5952      352E 3133 
 5952      3400 
 5953               	.LC11:
 5954 0224 5761 726E 		.string	"Warning!!"
 5954      696E 6721 
 5954      2100 
 5955               	.LC13:
 5956 022e 0D0A 2043 		.string	"\r\n Create Trap Socket O.K"
 5956      7265 6174 
 5956      6520 5472 
 5956      6170 2053 
 5956      6F63 6B65 
 5957               	.LC15:
GAS LISTING C:\WINDOWS\TEMP/ccra2jgb.s 			page 107


 5958 0248 0D0A 5365 		.string	"\r\nSend Trap O.K \r\n"
 5958      6E64 2054 
 5958      7261 7020 
 5958      4F2E 4B20 
 5958      0D0A 00
 5959               	.LC14:
 5960 025b 0D0A 4572 		.string	"\r\nError Trap Send to\r\n\n"
 5960      726F 7220 
 5960      5472 6170 
 5960      2053 656E 
 5960      6420 746F 
 5961               	.LC12:
 5962 0273 0D0A 2043 		.string	"\r\n Create Trap Socket Error "
 5962      7265 6174 
 5962      6520 5472 
 5962      6170 2053 
 5962      6F63 6B65 
 5963               	.LC16:
 5964 0290 0D0A 5365 		.string	"\r\nSend Trap Temp O.K \r\n"
 5964      6E64 2054 
 5964      7261 7020 
 5964      5465 6D70 
 5964      204F 2E4B 
 5965               		.text
 5966               	.global	MyTrap
 5967               		.type	MyTrap,@function
 5968               	MyTrap:
 5969               	/* prologue: frame size=364 */
 5970 2be0 CF93      		push r28
 5971 2be2 DF93      		push r29
 5972 2be4 CDB7      		in r28,__SP_L__
 5973 2be6 DEB7      		in r29,__SP_H__
 5974 2be8 CC56      		subi r28,lo8(364)
 5975 2bea D140      		sbci r29,hi8(364)
 5976 2bec 0FB6      		in __tmp_reg__,__SREG__
 5977 2bee F894      		cli
 5978 2bf0 DEBF      		out __SP_H__,r29
 5979 2bf2 0FBE      		out __SREG__,__tmp_reg__
 5980 2bf4 CDBF      		out __SP_L__,r28
 5981               	/* prologue end (size=11) */
 5982 2bf6 80E0      		ldi r24,lo8(.LC10)
 5983 2bf8 90E0      		ldi r25,hi8(.LC10)
 5984 2bfa 0E94 0000 		call inet_addr
 5985 2bfe 2B01      		movw r4,r22
 5986 2c00 3C01      		movw r6,r24
 5987 2c02 CC24      		clr r12
 5988 2c04 DD24      		clr r13
 5989 2c06 7601      		movw r14,r12
 5990 2c08 4601      		movw r8,r12
 5991 2c0a 0E94 0000 		call gettemp
 5992 2c0e 9927      		clr r25
 5993 2c10 87FD      		sbrc r24,7
 5994 2c12 9095      		com r25
 5995 2c14 9093 0000 		sts (temp1Value)+1,r25
 5996 2c18 8093 0000 		sts temp1Value,r24
 5997               	.L637:
 5998 2c1c E114      		cp r14,__zero_reg__
GAS LISTING C:\WINDOWS\TEMP/ccra2jgb.s 			page 108


 5999 2c1e F104      		cpc r15,__zero_reg__
 6000 2c20 09F0      		breq _PC_+2
 6001 2c22 49C2      		rjmp .L640
 6002 2c24 00E0      		ldi r16,lo8(berin+581)
 6003 2c26 10E0      		ldi r17,hi8(berin+581)
 6004 2c28 8AE0      		ldi r24,lo8(10)
 6005 2c2a D801      		movw r26,r16
 6006 2c2c E0E0      		ldi r30,lo8(.LC11)
 6007 2c2e F0E0      		ldi r31,hi8(.LC11)
 6008 2c30 0190      		ld __tmp_reg__,Z+
 6009 2c32 0D92      		st X+,__tmp_reg__
 6010 2c34 8A95      		dec r24
 6011 2c36 E1F7      		brne _PC_-8
 6012 2c38 60E0      		ldi r22,lo8(TrapEnterprise)
 6013 2c3a 70E0      		ldi r23,hi8(TrapEnterprise)
 6014 2c3c C801      		movw r24,r16
 6015 2c3e 0A96      		adiw r24,10
 6016 2c40 0E94 0000 		call strcpy
 6017 2c44 60E0      		ldi r22,lo8(TrapIP)
 6018 2c46 70E0      		ldi r23,hi8(TrapIP)
 6019 2c48 C801      		movw r24,r16
 6020 2c4a 4496      		adiw r24,20
 6021 2c4c 0E94 0000 		call strcpy
 6022 2c50 F092 0000 		sts (berin+611)+1,r15
 6023 2c54 E092 0000 		sts berin+611,r14
 6024 2c58 87E0      		ldi r24,lo8(7)
 6025 2c5a 90E0      		ldi r25,hi8(7)
 6026 2c5c 9093 0000 		sts (berin+613)+1,r25
 6027 2c60 8093 0000 		sts berin+613,r24
 6028 2c64 AE01      		movw r20,r28
 6029 2c66 4F5F      		subi r20,lo8(-(1))
 6030 2c68 5F4F      		sbci r21,hi8(-(1))
 6031 2c6a F601      		movw r30,r12
 6032 2c6c E40F      		add r30,r20
 6033 2c6e F51F      		adc r31,r21
 6034 2c70 80E3      		ldi r24,lo8(48)
 6035 2c72 8083      		st Z,r24
 6036 2c74 0894      		sec
 6037 2c76 C11C      		adc r12,__zero_reg__
 6038 2c78 D11C      		adc r13,__zero_reg__
 6039 2c7a F601      		movw r30,r12
 6040 2c7c E40F      		add r30,r20
 6041 2c7e F51F      		adc r31,r21
 6042 2c80 8082      		st Z,r8
 6043 2c82 0894      		sec
 6044 2c84 C11C      		adc r12,__zero_reg__
 6045 2c86 D11C      		adc r13,__zero_reg__
 6046 2c88 F601      		movw r30,r12
 6047 2c8a E40F      		add r30,r20
 6048 2c8c F51F      		adc r31,r21
 6049 2c8e 82E0      		ldi r24,lo8(2)
 6050 2c90 8083      		st Z,r24
 6051 2c92 0894      		sec
 6052 2c94 C11C      		adc r12,__zero_reg__
 6053 2c96 D11C      		adc r13,__zero_reg__
 6054 2c98 F601      		movw r30,r12
 6055 2c9a E40F      		add r30,r20
GAS LISTING C:\WINDOWS\TEMP/ccra2jgb.s 			page 109


 6056 2c9c F51F      		adc r31,r21
 6057 2c9e 81E0      		ldi r24,lo8(1)
 6058 2ca0 8083      		st Z,r24
 6059 2ca2 0894      		sec
 6060 2ca4 C11C      		adc r12,__zero_reg__
 6061 2ca6 D11C      		adc r13,__zero_reg__
 6062 2ca8 F601      		movw r30,r12
 6063 2caa E40F      		add r30,r20
 6064 2cac F51F      		adc r31,r21
 6065 2cae 1082      		st Z,__zero_reg__
 6066 2cb0 0894      		sec
 6067 2cb2 C11C      		adc r12,__zero_reg__
 6068 2cb4 D11C      		adc r13,__zero_reg__
 6069 2cb6 F601      		movw r30,r12
 6070 2cb8 E40F      		add r30,r20
 6071 2cba F51F      		adc r31,r21
 6072 2cbc 84E0      		ldi r24,lo8(4)
 6073 2cbe 8083      		st Z,r24
 6074 2cc0 0894      		sec
 6075 2cc2 C11C      		adc r12,__zero_reg__
 6076 2cc4 D11C      		adc r13,__zero_reg__
 6077 2cc6 D601      		movw r26,r12
 6078 2cc8 A40F      		add r26,r20
 6079 2cca B51F      		adc r27,r21
 6080 2ccc F801      		movw r30,r16
 6081 2cce 0190      		ld __tmp_reg__,Z+
 6082 2cd0 0020      		tst __tmp_reg__
 6083 2cd2 E9F7      		brne _PC_-6
 6084 2cd4 3197      		sbiw r30,1
 6085 2cd6 E01B      		sub r30,r16
 6086 2cd8 F10B      		sbc r31,r17
 6087 2cda EC93      		st X,r30
 6088 2cdc 0894      		sec
 6089 2cde C11C      		adc r12,__zero_reg__
 6090 2ce0 D11C      		adc r13,__zero_reg__
 6091 2ce2 9701      		movw r18,r14
 6092 2ce4 F801      		movw r30,r16
 6093 2ce6 0190      		ld __tmp_reg__,Z+
 6094 2ce8 0020      		tst __tmp_reg__
 6095 2cea E9F7      		brne _PC_-6
 6096 2cec 3197      		sbiw r30,1
 6097 2cee E01B      		sub r30,r16
 6098 2cf0 F10B      		sbc r31,r17
 6099 2cf2 EE16      		cp r14,r30
 6100 2cf4 FF06      		cpc r15,r31
 6101 2cf6 B8F4      		brsh .L700
 6102 2cf8 4C0D      		add r20,r12
 6103 2cfa 5D1D      		adc r21,r13
 6104               	.L645:
 6105 2cfc F901      		movw r30,r18
 6106 2cfe E050      		subi r30,lo8(-(berin+581))
 6107 2d00 F040      		sbci r31,hi8(-(berin+581))
 6108 2d02 8081      		ld r24,Z
 6109 2d04 DA01      		movw r26,r20
 6110 2d06 8D93      		st X+,r24
 6111 2d08 AD01      		movw r20,r26
 6112 2d0a 2F5F      		subi r18,lo8(-(1))
GAS LISTING C:\WINDOWS\TEMP/ccra2jgb.s 			page 110


 6113 2d0c 3F4F      		sbci r19,hi8(-(1))
 6114 2d0e A0E0      		ldi r26,lo8(berin+581)
 6115 2d10 B0E0      		ldi r27,hi8(berin+581)
 6116 2d12 FD01      		movw r30,r26
 6117 2d14 0190      		ld __tmp_reg__,Z+
 6118 2d16 0020      		tst __tmp_reg__
 6119 2d18 E9F7      		brne _PC_-6
 6120 2d1a 3197      		sbiw r30,1
 6121 2d1c EA1B      		sub r30,r26
 6122 2d1e FB0B      		sbc r31,r27
 6123 2d20 2E17      		cp r18,r30
 6124 2d22 3F07      		cpc r19,r31
 6125 2d24 58F3      		brlo .L645
 6126               	.L700:
 6127 2d26 C20E      		add r12,r18
 6128 2d28 D31E      		adc r13,r19
 6129 2d2a AE01      		movw r20,r28
 6130 2d2c 4F5F      		subi r20,lo8(-(1))
 6131 2d2e 5F4F      		sbci r21,hi8(-(1))
 6132 2d30 F601      		movw r30,r12
 6133 2d32 E40F      		add r30,r20
 6134 2d34 F51F      		adc r31,r21
 6135 2d36 84EA      		ldi r24,lo8(-92)
 6136 2d38 8083      		st Z,r24
 6137 2d3a 0894      		sec
 6138 2d3c C11C      		adc r12,__zero_reg__
 6139 2d3e D11C      		adc r13,__zero_reg__
 6140 2d40 A9E6      		ldi r26,lo8(361)
 6141 2d42 AA2E      		mov r10,r26
 6142 2d44 A1E0      		ldi r26,hi8(361)
 6143 2d46 BA2E      		mov r11,r26
 6144 2d48 AC0E      		add r10,r28
 6145 2d4a BD1E      		adc r11,r29
 6146 2d4c F501      		movw r30,r10
 6147 2d4e C082      		st Z,r12
 6148 2d50 D182      		std Z+1,r13
 6149 2d52 0894      		sec
 6150 2d54 C11C      		adc r12,__zero_reg__
 6151 2d56 D11C      		adc r13,__zero_reg__
 6152 2d58 F601      		movw r30,r12
 6153 2d5a E40F      		add r30,r20
 6154 2d5c F51F      		adc r31,r21
 6155 2d5e 86E0      		ldi r24,lo8(6)
 6156 2d60 8083      		st Z,r24
 6157 2d62 0894      		sec
 6158 2d64 C11C      		adc r12,__zero_reg__
 6159 2d66 D11C      		adc r13,__zero_reg__
 6160 2d68 C601      		movw r24,r12
 6161 2d6a 840F      		add r24,r20
 6162 2d6c 951F      		adc r25,r21
 6163 2d6e A0E0      		ldi r26,lo8(berin+591)
 6164 2d70 B0E0      		ldi r27,hi8(berin+591)
 6165 2d72 FD01      		movw r30,r26
 6166 2d74 0190      		ld __tmp_reg__,Z+
 6167 2d76 0020      		tst __tmp_reg__
 6168 2d78 E9F7      		brne _PC_-6
 6169 2d7a 9F01      		movw r18,r30
GAS LISTING C:\WINDOWS\TEMP/ccra2jgb.s 			page 111


 6170 2d7c 2150      		subi r18,lo8(-(-1))
 6171 2d7e 3040      		sbci r19,hi8(-(-1))
 6172 2d80 2A1B      		sub r18,r26
 6173 2d82 3B0B      		sbc r19,r27
 6174 2d84 FC01      		movw r30,r24
 6175 2d86 2083      		st Z,r18
 6176 2d88 0894      		sec
 6177 2d8a C11C      		adc r12,__zero_reg__
 6178 2d8c D11C      		adc r13,__zero_reg__
 6179 2d8e FD01      		movw r30,r26
 6180 2d90 0190      		ld __tmp_reg__,Z+
 6181 2d92 0020      		tst __tmp_reg__
 6182 2d94 E9F7      		brne _PC_-6
 6183 2d96 3197      		sbiw r30,1
 6184 2d98 20E0      		ldi r18,lo8(0)
 6185 2d9a 30E0      		ldi r19,hi8(0)
 6186 2d9c EA17      		cp r30,r26
 6187 2d9e FB07      		cpc r31,r27
 6188 2da0 B9F0      		breq .L702
 6189 2da2 4C0D      		add r20,r12
 6190 2da4 5D1D      		adc r21,r13
 6191               	.L650:
 6192 2da6 F901      		movw r30,r18
 6193 2da8 E050      		subi r30,lo8(-(berin+591))
 6194 2daa F040      		sbci r31,hi8(-(berin+591))
 6195 2dac 8081      		ld r24,Z
 6196 2dae DA01      		movw r26,r20
 6197 2db0 8D93      		st X+,r24
 6198 2db2 AD01      		movw r20,r26
 6199 2db4 2F5F      		subi r18,lo8(-(1))
 6200 2db6 3F4F      		sbci r19,hi8(-(1))
 6201 2db8 A0E0      		ldi r26,lo8(berin+591)
 6202 2dba B0E0      		ldi r27,hi8(berin+591)
 6203 2dbc FD01      		movw r30,r26
 6204 2dbe 0190      		ld __tmp_reg__,Z+
 6205 2dc0 0020      		tst __tmp_reg__
 6206 2dc2 E9F7      		brne _PC_-6
 6207 2dc4 3197      		sbiw r30,1
 6208 2dc6 EA1B      		sub r30,r26
 6209 2dc8 FB0B      		sbc r31,r27
 6210 2dca 2E17      		cp r18,r30
 6211 2dcc 3F07      		cpc r19,r31
 6212 2dce 58F3      		brlo .L650
 6213               	.L702:
 6214 2dd0 C20E      		add r12,r18
 6215 2dd2 D31E      		adc r13,r19
 6216 2dd4 8E01      		movw r16,r28
 6217 2dd6 0F5F      		subi r16,lo8(-(1))
 6218 2dd8 1F4F      		sbci r17,hi8(-(1))
 6219 2dda F601      		movw r30,r12
 6220 2ddc E00F      		add r30,r16
 6221 2dde F11F      		adc r31,r17
 6222 2de0 80E4      		ldi r24,lo8(64)
 6223 2de2 8083      		st Z,r24
 6224 2de4 0894      		sec
 6225 2de6 C11C      		adc r12,__zero_reg__
 6226 2de8 D11C      		adc r13,__zero_reg__
GAS LISTING C:\WINDOWS\TEMP/ccra2jgb.s 			page 112


 6227 2dea F601      		movw r30,r12
 6228 2dec E00F      		add r30,r16
 6229 2dee F11F      		adc r31,r17
 6230 2df0 84E0      		ldi r24,lo8(4)
 6231 2df2 8083      		st Z,r24
 6232 2df4 0894      		sec
 6233 2df6 C11C      		adc r12,__zero_reg__
 6234 2df8 D11C      		adc r13,__zero_reg__
 6235 2dfa D801      		movw r26,r16
 6236 2dfc AC0D      		add r26,r12
 6237 2dfe BD1D      		adc r27,r13
 6238 2e00 E0E0      		ldi r30,lo8(berin+601)
 6239 2e02 F0E0      		ldi r31,hi8(berin+601)
 6240 2e04 9F01      		movw r18,r30
 6241 2e06 2D5F      		subi r18,lo8(-(3))
 6242 2e08 3F4F      		sbci r19,hi8(-(3))
 6243               	.L655:
 6244 2e0a 8191      		ld r24,Z+
 6245 2e0c 8D93      		st X+,r24
 6246 2e0e 2E17      		cp r18,r30
 6247 2e10 3F07      		cpc r19,r31
 6248 2e12 DCF7      		brge .L655
 6249 2e14 E4E0      		ldi r30,lo8(4)
 6250 2e16 F0E0      		ldi r31,hi8(4)
 6251 2e18 CE0E      		add r12,r30
 6252 2e1a DF1E      		adc r13,r31
 6253 2e1c F601      		movw r30,r12
 6254 2e1e E00F      		add r30,r16
 6255 2e20 F11F      		adc r31,r17
 6256 2e22 22E0      		ldi r18,lo8(2)
 6257 2e24 2083      		st Z,r18
 6258 2e26 0894      		sec
 6259 2e28 C11C      		adc r12,__zero_reg__
 6260 2e2a D11C      		adc r13,__zero_reg__
 6261 2e2c F601      		movw r30,r12
 6262 2e2e E00F      		add r30,r16
 6263 2e30 F11F      		adc r31,r17
 6264 2e32 91E0      		ldi r25,lo8(1)
 6265 2e34 9083      		st Z,r25
 6266 2e36 0894      		sec
 6267 2e38 C11C      		adc r12,__zero_reg__
 6268 2e3a D11C      		adc r13,__zero_reg__
 6269 2e3c F601      		movw r30,r12
 6270 2e3e E00F      		add r30,r16
 6271 2e40 F11F      		adc r31,r17
 6272 2e42 8091 0000 		lds r24,berin+611
 6273 2e46 8083      		st Z,r24
 6274 2e48 0894      		sec
 6275 2e4a C11C      		adc r12,__zero_reg__
 6276 2e4c D11C      		adc r13,__zero_reg__
 6277 2e4e F601      		movw r30,r12
 6278 2e50 E00F      		add r30,r16
 6279 2e52 F11F      		adc r31,r17
 6280 2e54 2083      		st Z,r18
 6281 2e56 0894      		sec
 6282 2e58 C11C      		adc r12,__zero_reg__
 6283 2e5a D11C      		adc r13,__zero_reg__
GAS LISTING C:\WINDOWS\TEMP/ccra2jgb.s 			page 113


 6284 2e5c F601      		movw r30,r12
 6285 2e5e E00F      		add r30,r16
 6286 2e60 F11F      		adc r31,r17
 6287 2e62 9083      		st Z,r25
 6288 2e64 0894      		sec
 6289 2e66 C11C      		adc r12,__zero_reg__
 6290 2e68 D11C      		adc r13,__zero_reg__
 6291 2e6a F601      		movw r30,r12
 6292 2e6c E00F      		add r30,r16
 6293 2e6e F11F      		adc r31,r17
 6294 2e70 8091 0000 		lds r24,berin+613
 6295 2e74 8083      		st Z,r24
 6296 2e76 0894      		sec
 6297 2e78 C11C      		adc r12,__zero_reg__
 6298 2e7a D11C      		adc r13,__zero_reg__
 6299 2e7c F601      		movw r30,r12
 6300 2e7e E00F      		add r30,r16
 6301 2e80 F11F      		adc r31,r17
 6302 2e82 83E4      		ldi r24,lo8(67)
 6303 2e84 8083      		st Z,r24
 6304 2e86 0894      		sec
 6305 2e88 C11C      		adc r12,__zero_reg__
 6306 2e8a D11C      		adc r13,__zero_reg__
 6307 2e8c F601      		movw r30,r12
 6308 2e8e E00F      		add r30,r16
 6309 2e90 F11F      		adc r31,r17
 6310 2e92 9083      		st Z,r25
 6311 2e94 0894      		sec
 6312 2e96 C11C      		adc r12,__zero_reg__
 6313 2e98 D11C      		adc r13,__zero_reg__
 6314 2e9a F601      		movw r30,r12
 6315 2e9c E00F      		add r30,r16
 6316 2e9e F11F      		adc r31,r17
 6317 2ea0 8091 0000 		lds r24,sysUpTime
 6318 2ea4 8083      		st Z,r24
 6319 2ea6 0894      		sec
 6320 2ea8 C11C      		adc r12,__zero_reg__
 6321 2eaa D11C      		adc r13,__zero_reg__
 6322 2eac F601      		movw r30,r12
 6323 2eae E00F      		add r30,r16
 6324 2eb0 F11F      		adc r31,r17
 6325 2eb2 80E3      		ldi r24,lo8(48)
 6326 2eb4 8083      		st Z,r24
 6327 2eb6 0894      		sec
 6328 2eb8 C11C      		adc r12,__zero_reg__
 6329 2eba D11C      		adc r13,__zero_reg__
 6330 2ebc F501      		movw r30,r10
 6331 2ebe C282      		std Z+2,r12
 6332 2ec0 D382      		std Z+3,r13
 6333 2ec2 E090 0000 		lds r14,berin+611
 6334 2ec6 F090 0000 		lds r15,(berin+611)+1
 6335 2eca E114      		cp r14,__zero_reg__
 6336 2ecc F104      		cpc r15,__zero_reg__
 6337 2ece 09F0      		breq _PC_+2
 6338 2ed0 96C0      		rjmp .L656
 6339 2ed2 0894      		sec
 6340 2ed4 C11C      		adc r12,__zero_reg__
GAS LISTING C:\WINDOWS\TEMP/ccra2jgb.s 			page 114


 6341 2ed6 D11C      		adc r13,__zero_reg__
 6342 2ed8 F601      		movw r30,r12
 6343 2eda E00F      		add r30,r16
 6344 2edc F11F      		adc r31,r17
 6345 2ede 8083      		st Z,r24
 6346 2ee0 0894      		sec
 6347 2ee2 C11C      		adc r12,__zero_reg__
 6348 2ee4 D11C      		adc r13,__zero_reg__
 6349 2ee6 F501      		movw r30,r10
 6350 2ee8 C482      		std Z+4,r12
 6351 2eea D582      		std Z+5,r13
 6352 2eec 0894      		sec
 6353 2eee C11C      		adc r12,__zero_reg__
 6354 2ef0 D11C      		adc r13,__zero_reg__
 6355 2ef2 F601      		movw r30,r12
 6356 2ef4 E00F      		add r30,r16
 6357 2ef6 F11F      		adc r31,r17
 6358 2ef8 86E0      		ldi r24,lo8(6)
 6359 2efa 8083      		st Z,r24
 6360 2efc FDE2      		ldi r31,lo8(301)
 6361 2efe 8F2E      		mov r8,r31
 6362 2f00 F1E0      		ldi r31,hi8(301)
 6363 2f02 9F2E      		mov r9,r31
 6364 2f04 8C0E      		add r8,r28
 6365 2f06 9D1E      		adc r9,r29
 6366 2f08 60E0      		ldi r22,lo8(sysDescr)
 6367 2f0a 70E0      		ldi r23,hi8(sysDescr)
 6368 2f0c C401      		movw r24,r8
 6369 2f0e 0E94 0000 		call strcpy
 6370 2f12 0894      		sec
 6371 2f14 C11C      		adc r12,__zero_reg__
 6372 2f16 D11C      		adc r13,__zero_reg__
 6373 2f18 D601      		movw r26,r12
 6374 2f1a A00F      		add r26,r16
 6375 2f1c B11F      		adc r27,r17
 6376 2f1e 40E0      		ldi r20,lo8(sysDescrID)
 6377 2f20 50E0      		ldi r21,hi8(sysDescrID)
 6378 2f22 FA01      		movw r30,r20
 6379 2f24 0190      		ld __tmp_reg__,Z+
 6380 2f26 0020      		tst __tmp_reg__
 6381 2f28 E9F7      		brne _PC_-6
 6382 2f2a 3197      		sbiw r30,1
 6383 2f2c E41B      		sub r30,r20
 6384 2f2e F50B      		sbc r31,r21
 6385 2f30 8E2F      		mov r24,r30
 6386 2f32 8F5F      		subi r24,lo8(-(1))
 6387 2f34 8C93      		st X,r24
 6388 2f36 9701      		movw r18,r14
 6389 2f38 FA01      		movw r30,r20
 6390 2f3a 0190      		ld __tmp_reg__,Z+
 6391 2f3c 0020      		tst __tmp_reg__
 6392 2f3e E9F7      		brne _PC_-6
 6393 2f40 3197      		sbiw r30,1
 6394 2f42 E41B      		sub r30,r20
 6395 2f44 F50B      		sbc r31,r21
 6396 2f46 EE16      		cp r14,r30
 6397 2f48 FF06      		cpc r15,r31
GAS LISTING C:\WINDOWS\TEMP/ccra2jgb.s 			page 115


 6398 2f4a A8F4      		brsh .L706
 6399 2f4c BA01      		movw r22,r20
 6400               	.L661:
 6401 2f4e 0894      		sec
 6402 2f50 C11C      		adc r12,__zero_reg__
 6403 2f52 D11C      		adc r13,__zero_reg__
 6404 2f54 FB01      		movw r30,r22
 6405 2f56 8191      		ld r24,Z+
 6406 2f58 BF01      		movw r22,r30
 6407 2f5a 1196      		adiw r26,1
 6408 2f5c 8C93      		st X,r24
 6409 2f5e 2F5F      		subi r18,lo8(-(1))
 6410 2f60 3F4F      		sbci r19,hi8(-(1))
 6411 2f62 FA01      		movw r30,r20
 6412 2f64 0190      		ld __tmp_reg__,Z+
 6413 2f66 0020      		tst __tmp_reg__
 6414 2f68 E9F7      		brne _PC_-6
 6415 2f6a 3197      		sbiw r30,1
 6416 2f6c E41B      		sub r30,r20
 6417 2f6e F50B      		sbc r31,r21
 6418 2f70 2E17      		cp r18,r30
 6419 2f72 3F07      		cpc r19,r31
 6420 2f74 60F3      		brlo .L661
 6421               	.L706:
 6422 2f76 0894      		sec
 6423 2f78 C11C      		adc r12,__zero_reg__
 6424 2f7a D11C      		adc r13,__zero_reg__
 6425 2f7c CE01      		movw r24,r28
 6426 2f7e 0196      		adiw r24,1
 6427 2f80 F601      		movw r30,r12
 6428 2f82 E80F      		add r30,r24
 6429 2f84 F91F      		adc r31,r25
 6430 2f86 1082      		st Z,__zero_reg__
 6431 2f88 0894      		sec
 6432 2f8a C11C      		adc r12,__zero_reg__
 6433 2f8c D11C      		adc r13,__zero_reg__
 6434 2f8e F601      		movw r30,r12
 6435 2f90 E80F      		add r30,r24
 6436 2f92 F91F      		adc r31,r25
 6437 2f94 24E0      		ldi r18,lo8(4)
 6438 2f96 2083      		st Z,r18
 6439 2f98 0894      		sec
 6440 2f9a C11C      		adc r12,__zero_reg__
 6441 2f9c D11C      		adc r13,__zero_reg__
 6442 2f9e 8C0D      		add r24,r12
 6443 2fa0 9D1D      		adc r25,r13
 6444 2fa2 D401      		movw r26,r8
 6445 2fa4 F401      		movw r30,r8
 6446 2fa6 0190      		ld __tmp_reg__,Z+
 6447 2fa8 0020      		tst __tmp_reg__
 6448 2faa E9F7      		brne _PC_-6
 6449 2fac 9F01      		movw r18,r30
 6450 2fae 2150      		subi r18,lo8(-(-1))
 6451 2fb0 3040      		sbci r19,hi8(-(-1))
 6452 2fb2 2819      		sub r18,r8
 6453 2fb4 3909      		sbc r19,r9
 6454 2fb6 FC01      		movw r30,r24
GAS LISTING C:\WINDOWS\TEMP/ccra2jgb.s 			page 116


 6455 2fb8 2083      		st Z,r18
 6456 2fba F401      		movw r30,r8
 6457 2fbc 0190      		ld __tmp_reg__,Z+
 6458 2fbe 0020      		tst __tmp_reg__
 6459 2fc0 E9F7      		brne _PC_-6
 6460 2fc2 3197      		sbiw r30,1
 6461 2fc4 20E0      		ldi r18,lo8(0)
 6462 2fc6 30E0      		ldi r19,hi8(0)
 6463 2fc8 E815      		cp r30,r8
 6464 2fca F905      		cpc r31,r9
 6465 2fcc C1F0      		breq .L656
 6466 2fce B401      		movw r22,r8
 6467 2fd0 AC01      		movw r20,r24
 6468               	.L666:
 6469 2fd2 0894      		sec
 6470 2fd4 C11C      		adc r12,__zero_reg__
 6471 2fd6 D11C      		adc r13,__zero_reg__
 6472 2fd8 FB01      		movw r30,r22
 6473 2fda 8191      		ld r24,Z+
 6474 2fdc BF01      		movw r22,r30
 6475 2fde 4F5F      		subi r20,lo8(-(1))
 6476 2fe0 5F4F      		sbci r21,hi8(-(1))
 6477 2fe2 FA01      		movw r30,r20
 6478 2fe4 8083      		st Z,r24
 6479 2fe6 2F5F      		subi r18,lo8(-(1))
 6480 2fe8 3F4F      		sbci r19,hi8(-(1))
 6481 2fea FD01      		movw r30,r26
 6482 2fec 0190      		ld __tmp_reg__,Z+
 6483 2fee 0020      		tst __tmp_reg__
 6484 2ff0 E9F7      		brne _PC_-6
 6485 2ff2 3197      		sbiw r30,1
 6486 2ff4 EA1B      		sub r30,r26
 6487 2ff6 FB0B      		sbc r31,r27
 6488 2ff8 2E17      		cp r18,r30
 6489 2ffa 3F07      		cpc r19,r31
 6490 2ffc 50F3      		brlo .L666
 6491               	.L656:
 6492 2ffe 4601      		movw r8,r12
 6493 3000 8C2D      		mov r24,r12
 6494 3002 8150      		subi r24,lo8(-(-1))
 6495 3004 8A83      		std Y+2,r24
 6496 3006 D501      		movw r26,r10
 6497 3008 ED91      		ld r30,X+
 6498 300a FC91      		ld r31,X
 6499 300c 1197      		sbiw r26,1
 6500 300e 9E01      		movw r18,r28
 6501 3010 2F5F      		subi r18,lo8(-(1))
 6502 3012 3F4F      		sbci r19,hi8(-(1))
 6503 3014 E20F      		add r30,r18
 6504 3016 F31F      		adc r31,r19
 6505 3018 8C91      		ld r24,X
 6506 301a BC2D      		mov r27,r12
 6507 301c B81B      		sub r27,r24
 6508 301e B083      		st Z,r27
 6509 3020 F501      		movw r30,r10
 6510 3022 A281      		ldd r26,Z+2
 6511 3024 B381      		ldd r27,Z+3
GAS LISTING C:\WINDOWS\TEMP/ccra2jgb.s 			page 117


 6512 3026 A20F      		add r26,r18
 6513 3028 B31F      		adc r27,r19
 6514 302a 8281      		ldd r24,Z+2
 6515 302c FC2D      		mov r31,r12
 6516 302e F81B      		sub r31,r24
 6517 3030 FC93      		st X,r31
 6518 3032 F501      		movw r30,r10
 6519 3034 A481      		ldd r26,Z+4
 6520 3036 B581      		ldd r27,Z+5
 6521 3038 A20F      		add r26,r18
 6522 303a B31F      		adc r27,r19
 6523 303c 8481      		ldd r24,Z+4
 6524 303e FC2D      		mov r31,r12
 6525 3040 F81B      		sub r31,r24
 6526 3042 FC93      		st X,r31
 6527 3044 8091 0000 		lds r24,TRAPport
 6528 3048 9091 0000 		lds r25,(TRAPport)+1
 6529 304c 0E94 0000 		call NutUdpCreateSocket
 6530 3050 5C01      		movw r10,r24
 6531 3052 892B      		or r24,r25
 6532 3054 29F1      		breq .L718
 6533 3056 80E0      		ldi r24,lo8(.LC13)
 6534 3058 90E0      		ldi r25,hi8(.LC13)
 6535 305a 0E94 0000 		call NutKPrintString
 6536               	.L668:
 6537 305e C601      		movw r24,r12
 6538 3060 0196      		adiw r24,1
 6539 3062 7C01      		movw r14,r24
 6540 3064 8E01      		movw r16,r28
 6541 3066 0F5F      		subi r16,lo8(-(1))
 6542 3068 1F4F      		sbci r17,hi8(-(1))
 6543 306a 22EA      		ldi r18,lo8(162)
 6544 306c 30E0      		ldi r19,hi8(162)
 6545 306e B301      		movw r22,r6
 6546 3070 A201      		movw r20,r4
 6547 3072 C501      		movw r24,r10
 6548 3074 0E94 0000 		call NutUdpSendTo
 6549 3078 8F5F      		subi r24,lo8(-1)
 6550 307a 9F4F      		sbci r25,hi8(-1)
 6551 307c 71F0      		breq .L717
 6552 307e 80E0      		ldi r24,lo8(.LC15)
 6553 3080 90E0      		ldi r25,hi8(.LC15)
 6554               	.L716:
 6555 3082 0E94 0000 		call NutKPrintString
 6556               	.L671:
 6557 3086 60E4      		ldi r22,lo8(8000)
 6558 3088 7FE1      		ldi r23,hi8(8000)
 6559 308a 80E0      		ldi r24,hlo8(8000)
 6560 308c 90E0      		ldi r25,hhi8(8000)
 6561 308e 0E94 0000 		call NutSleep
 6562 3092 61E0      		ldi r22,lo8(1)
 6563 3094 E62E      		mov r14,r22
 6564 3096 F12C      		mov r15,__zero_reg__
 6565 3098 C1CD      		rjmp .L637
 6566               	.L717:
 6567 309a 80E0      		ldi r24,lo8(.LC14)
 6568 309c 90E0      		ldi r25,hi8(.LC14)
GAS LISTING C:\WINDOWS\TEMP/ccra2jgb.s 			page 118


 6569 309e F1CF      		rjmp .L716
 6570               	.L718:
 6571 30a0 80E0      		ldi r24,lo8(.LC12)
 6572 30a2 90E0      		ldi r25,hi8(.LC12)
 6573 30a4 0E94 0000 		call NutKPrintString
 6574 30a8 68E8      		ldi r22,lo8(5000)
 6575 30aa 73E1      		ldi r23,hi8(5000)
 6576 30ac 80E0      		ldi r24,hlo8(5000)
 6577 30ae 90E0      		ldi r25,hhi8(5000)
 6578 30b0 0E94 0000 		call NutSleep
 6579 30b4 D4CF      		rjmp .L668
 6580               	.L640:
 6581 30b6 81E0      		ldi r24,lo8(1)
 6582 30b8 E816      		cp r14,r24
 6583 30ba F104      		cpc r15,__zero_reg__
 6584 30bc 21F7      		brne .L671
 6585 30be 0E94 0000 		call gettemp
 6586 30c2 9927      		clr r25
 6587 30c4 87FD      		sbrc r24,7
 6588 30c6 9095      		com r25
 6589 30c8 9093 0000 		sts (temp1Value)+1,r25
 6590 30cc 8093 0000 		sts temp1Value,r24
 6591 30d0 97FD      		sbrc r25,7
 6592 30d2 0196      		adiw r24,1
 6593               	.L673:
 6594 30d4 9C01      		movw r18,r24
 6595 30d6 3595      		asr r19
 6596 30d8 2795      		ror r18
 6597 30da 3093 0000 		sts (temp1Value)+1,r19
 6598 30de 2093 0000 		sts temp1Value,r18
 6599 30e2 8091 0000 		lds r24,maxtemp
 6600 30e6 9091 0000 		lds r25,(maxtemp)+1
 6601 30ea 2817      		cp r18,r24
 6602 30ec 3907      		cpc r19,r25
 6603 30ee 5CF2      		brlt .L671
 6604 30f0 00E0      		ldi r16,lo8(berin+581)
 6605 30f2 10E0      		ldi r17,hi8(berin+581)
 6606 30f4 8AE0      		ldi r24,lo8(10)
 6607 30f6 D801      		movw r26,r16
 6608 30f8 E0E0      		ldi r30,lo8(.LC11)
 6609 30fa F0E0      		ldi r31,hi8(.LC11)
 6610 30fc 0190      		ld __tmp_reg__,Z+
 6611 30fe 0D92      		st X+,__tmp_reg__
 6612 3100 8A95      		dec r24
 6613 3102 E1F7      		brne _PC_-8
 6614 3104 60E0      		ldi r22,lo8(TrapEnterprise)
 6615 3106 70E0      		ldi r23,hi8(TrapEnterprise)
 6616 3108 C801      		movw r24,r16
 6617 310a 0A96      		adiw r24,10
 6618 310c 0E94 0000 		call strcpy
 6619 3110 60E0      		ldi r22,lo8(TrapIP)
 6620 3112 70E0      		ldi r23,hi8(TrapIP)
 6621 3114 C801      		movw r24,r16
 6622 3116 4496      		adiw r24,20
 6623 3118 0E94 0000 		call strcpy
 6624 311c 86E0      		ldi r24,lo8(6)
 6625 311e 90E0      		ldi r25,hi8(6)
GAS LISTING C:\WINDOWS\TEMP/ccra2jgb.s 			page 119


 6626 3120 9093 0000 		sts (berin+611)+1,r25
 6627 3124 8093 0000 		sts berin+611,r24
 6628 3128 87E0      		ldi r24,lo8(7)
 6629 312a 90E0      		ldi r25,hi8(7)
 6630 312c 9093 0000 		sts (berin+613)+1,r25
 6631 3130 8093 0000 		sts berin+613,r24
 6632 3134 80E3      		ldi r24,lo8(48)
 6633 3136 8983      		std Y+1,r24
 6634 3138 EC0E      		add r14,r28
 6635 313a FD1E      		adc r15,r29
 6636 313c F701      		movw r30,r14
 6637 313e 8182      		std Z+1,r8
 6638 3140 82E0      		ldi r24,lo8(2)
 6639 3142 8B83      		std Y+3,r24
 6640 3144 81E0      		ldi r24,lo8(1)
 6641 3146 8C83      		std Y+4,r24
 6642 3148 1D82      		std Y+5,__zero_reg__
 6643 314a 84E0      		ldi r24,lo8(4)
 6644 314c 8E83      		std Y+6,r24
 6645 314e F801      		movw r30,r16
 6646 3150 0190      		ld __tmp_reg__,Z+
 6647 3152 0020      		tst __tmp_reg__
 6648 3154 E9F7      		brne _PC_-6
 6649 3156 3197      		sbiw r30,1
 6650 3158 E01B      		sub r30,r16
 6651 315a F10B      		sbc r31,r17
 6652 315c EF83      		std Y+7,r30
 6653 315e F801      		movw r30,r16
 6654 3160 0190      		ld __tmp_reg__,Z+
 6655 3162 0020      		tst __tmp_reg__
 6656 3164 E9F7      		brne _PC_-6
 6657 3166 3197      		sbiw r30,1
 6658 3168 20E0      		ldi r18,lo8(0)
 6659 316a 30E0      		ldi r19,hi8(0)
 6660 316c E017      		cp r30,r16
 6661 316e F107      		cpc r31,r17
 6662 3170 C1F0      		breq .L709
 6663 3172 AE01      		movw r20,r28
 6664 3174 485F      		subi r20,lo8(-(8))
 6665 3176 5F4F      		sbci r21,hi8(-(8))
 6666               	.L679:
 6667 3178 F901      		movw r30,r18
 6668 317a E050      		subi r30,lo8(-(berin+581))
 6669 317c F040      		sbci r31,hi8(-(berin+581))
 6670 317e 8081      		ld r24,Z
 6671 3180 DA01      		movw r26,r20
 6672 3182 8D93      		st X+,r24
 6673 3184 AD01      		movw r20,r26
 6674 3186 2F5F      		subi r18,lo8(-(1))
 6675 3188 3F4F      		sbci r19,hi8(-(1))
 6676 318a A0E0      		ldi r26,lo8(berin+581)
 6677 318c B0E0      		ldi r27,hi8(berin+581)
 6678 318e FD01      		movw r30,r26
 6679 3190 0190      		ld __tmp_reg__,Z+
 6680 3192 0020      		tst __tmp_reg__
 6681 3194 E9F7      		brne _PC_-6
 6682 3196 3197      		sbiw r30,1
GAS LISTING C:\WINDOWS\TEMP/ccra2jgb.s 			page 120


 6683 3198 EA1B      		sub r30,r26
 6684 319a FB0B      		sbc r31,r27
 6685 319c 2E17      		cp r18,r30
 6686 319e 3F07      		cpc r19,r31
 6687 31a0 58F3      		brlo .L679
 6688               	.L709:
 6689 31a2 AE01      		movw r20,r28
 6690 31a4 4F5F      		subi r20,lo8(-(1))
 6691 31a6 5F4F      		sbci r21,hi8(-(1))
 6692 31a8 F901      		movw r30,r18
 6693 31aa E40F      		add r30,r20
 6694 31ac F51F      		adc r31,r21
 6695 31ae 84EA      		ldi r24,lo8(-92)
 6696 31b0 8783      		std Z+7,r24
 6697 31b2 285F      		subi r18,lo8(-(8))
 6698 31b4 3F4F      		sbci r19,hi8(-(8))
 6699 31b6 8E01      		movw r16,r28
 6700 31b8 0759      		subi r16,lo8(-(361))
 6701 31ba 1E4F      		sbci r17,hi8(-(361))
 6702 31bc F801      		movw r30,r16
 6703 31be 2083      		st Z,r18
 6704 31c0 3183      		std Z+1,r19
 6705 31c2 2850      		subi r18,lo8(-(-8))
 6706 31c4 3040      		sbci r19,hi8(-(-8))
 6707 31c6 F901      		movw r30,r18
 6708 31c8 E40F      		add r30,r20
 6709 31ca F51F      		adc r31,r21
 6710 31cc 86E0      		ldi r24,lo8(6)
 6711 31ce 8187      		std Z+9,r24
 6712 31d0 CF01      		movw r24,r30
 6713 31d2 A0E0      		ldi r26,lo8(berin+591)
 6714 31d4 B0E0      		ldi r27,hi8(berin+591)
 6715 31d6 FD01      		movw r30,r26
 6716 31d8 0190      		ld __tmp_reg__,Z+
 6717 31da 0020      		tst __tmp_reg__
 6718 31dc E9F7      		brne _PC_-6
 6719 31de BF01      		movw r22,r30
 6720 31e0 6150      		subi r22,lo8(-(-1))
 6721 31e2 7040      		sbci r23,hi8(-(-1))
 6722 31e4 6A1B      		sub r22,r26
 6723 31e6 7B0B      		sbc r23,r27
 6724 31e8 FC01      		movw r30,r24
 6725 31ea 6287      		std Z+10,r22
 6726 31ec 7BE0      		ldi r23,lo8(11)
 6727 31ee C72E      		mov r12,r23
 6728 31f0 D12C      		mov r13,__zero_reg__
 6729 31f2 C20E      		add r12,r18
 6730 31f4 D31E      		adc r13,r19
 6731 31f6 FD01      		movw r30,r26
 6732 31f8 0190      		ld __tmp_reg__,Z+
 6733 31fa 0020      		tst __tmp_reg__
 6734 31fc E9F7      		brne _PC_-6
 6735 31fe 3197      		sbiw r30,1
 6736 3200 20E0      		ldi r18,lo8(0)
 6737 3202 30E0      		ldi r19,hi8(0)
 6738 3204 EA17      		cp r30,r26
 6739 3206 FB07      		cpc r31,r27
GAS LISTING C:\WINDOWS\TEMP/ccra2jgb.s 			page 121


 6740 3208 B9F0      		breq .L711
 6741 320a 4C0D      		add r20,r12
 6742 320c 5D1D      		adc r21,r13
 6743               	.L684:
 6744 320e F901      		movw r30,r18
 6745 3210 E050      		subi r30,lo8(-(berin+591))
 6746 3212 F040      		sbci r31,hi8(-(berin+591))
 6747 3214 8081      		ld r24,Z
 6748 3216 DA01      		movw r26,r20
 6749 3218 8D93      		st X+,r24
 6750 321a AD01      		movw r20,r26
 6751 321c 2F5F      		subi r18,lo8(-(1))
 6752 321e 3F4F      		sbci r19,hi8(-(1))
 6753 3220 A0E0      		ldi r26,lo8(berin+591)
 6754 3222 B0E0      		ldi r27,hi8(berin+591)
 6755 3224 FD01      		movw r30,r26
 6756 3226 0190      		ld __tmp_reg__,Z+
 6757 3228 0020      		tst __tmp_reg__
 6758 322a E9F7      		brne _PC_-6
 6759 322c 3197      		sbiw r30,1
 6760 322e EA1B      		sub r30,r26
 6761 3230 FB0B      		sbc r31,r27
 6762 3232 2E17      		cp r18,r30
 6763 3234 3F07      		cpc r19,r31
 6764 3236 58F3      		brlo .L684
 6765               	.L711:
 6766 3238 C20E      		add r12,r18
 6767 323a D31E      		adc r13,r19
 6768 323c AE01      		movw r20,r28
 6769 323e 4F5F      		subi r20,lo8(-(1))
 6770 3240 5F4F      		sbci r21,hi8(-(1))
 6771 3242 F601      		movw r30,r12
 6772 3244 E40F      		add r30,r20
 6773 3246 F51F      		adc r31,r21
 6774 3248 80E4      		ldi r24,lo8(64)
 6775 324a 8083      		st Z,r24
 6776 324c 0894      		sec
 6777 324e C11C      		adc r12,__zero_reg__
 6778 3250 D11C      		adc r13,__zero_reg__
 6779 3252 F601      		movw r30,r12
 6780 3254 E40F      		add r30,r20
 6781 3256 F51F      		adc r31,r21
 6782 3258 84E0      		ldi r24,lo8(4)
 6783 325a 8083      		st Z,r24
 6784 325c 0894      		sec
 6785 325e C11C      		adc r12,__zero_reg__
 6786 3260 D11C      		adc r13,__zero_reg__
 6787 3262 DA01      		movw r26,r20
 6788 3264 AC0D      		add r26,r12
 6789 3266 BD1D      		adc r27,r13
 6790 3268 E0E0      		ldi r30,lo8(berin+601)
 6791 326a F0E0      		ldi r31,hi8(berin+601)
 6792 326c 9F01      		movw r18,r30
 6793 326e 2D5F      		subi r18,lo8(-(3))
 6794 3270 3F4F      		sbci r19,hi8(-(3))
 6795               	.L689:
 6796 3272 8191      		ld r24,Z+
GAS LISTING C:\WINDOWS\TEMP/ccra2jgb.s 			page 122


 6797 3274 8D93      		st X+,r24
 6798 3276 2E17      		cp r18,r30
 6799 3278 3F07      		cpc r19,r31
 6800 327a DCF7      		brge .L689
 6801 327c E4E0      		ldi r30,lo8(4)
 6802 327e F0E0      		ldi r31,hi8(4)
 6803 3280 CE0E      		add r12,r30
 6804 3282 DF1E      		adc r13,r31
 6805 3284 F601      		movw r30,r12
 6806 3286 E40F      		add r30,r20
 6807 3288 F51F      		adc r31,r21
 6808 328a 22E0      		ldi r18,lo8(2)
 6809 328c 2083      		st Z,r18
 6810 328e 0894      		sec
 6811 3290 C11C      		adc r12,__zero_reg__
 6812 3292 D11C      		adc r13,__zero_reg__
 6813 3294 F601      		movw r30,r12
 6814 3296 E40F      		add r30,r20
 6815 3298 F51F      		adc r31,r21
 6816 329a 91E0      		ldi r25,lo8(1)
 6817 329c 9083      		st Z,r25
 6818 329e 0894      		sec
 6819 32a0 C11C      		adc r12,__zero_reg__
 6820 32a2 D11C      		adc r13,__zero_reg__
 6821 32a4 F601      		movw r30,r12
 6822 32a6 E40F      		add r30,r20
 6823 32a8 F51F      		adc r31,r21
 6824 32aa 8091 0000 		lds r24,berin+611
 6825 32ae 8083      		st Z,r24
 6826 32b0 0894      		sec
 6827 32b2 C11C      		adc r12,__zero_reg__
 6828 32b4 D11C      		adc r13,__zero_reg__
 6829 32b6 F601      		movw r30,r12
 6830 32b8 E40F      		add r30,r20
 6831 32ba F51F      		adc r31,r21
 6832 32bc 2083      		st Z,r18
 6833 32be 0894      		sec
 6834 32c0 C11C      		adc r12,__zero_reg__
 6835 32c2 D11C      		adc r13,__zero_reg__
 6836 32c4 F601      		movw r30,r12
 6837 32c6 E40F      		add r30,r20
 6838 32c8 F51F      		adc r31,r21
 6839 32ca 9083      		st Z,r25
 6840 32cc 0894      		sec
 6841 32ce C11C      		adc r12,__zero_reg__
 6842 32d0 D11C      		adc r13,__zero_reg__
 6843 32d2 F601      		movw r30,r12
 6844 32d4 E40F      		add r30,r20
 6845 32d6 F51F      		adc r31,r21
 6846 32d8 8091 0000 		lds r24,berin+613
 6847 32dc 8083      		st Z,r24
 6848 32de 0894      		sec
 6849 32e0 C11C      		adc r12,__zero_reg__
 6850 32e2 D11C      		adc r13,__zero_reg__
 6851 32e4 F601      		movw r30,r12
 6852 32e6 E40F      		add r30,r20
 6853 32e8 F51F      		adc r31,r21
GAS LISTING C:\WINDOWS\TEMP/ccra2jgb.s 			page 123


 6854 32ea 83E4      		ldi r24,lo8(67)
 6855 32ec 8083      		st Z,r24
 6856 32ee 0894      		sec
 6857 32f0 C11C      		adc r12,__zero_reg__
 6858 32f2 D11C      		adc r13,__zero_reg__
 6859 32f4 F601      		movw r30,r12
 6860 32f6 E40F      		add r30,r20
 6861 32f8 F51F      		adc r31,r21
 6862 32fa 9083      		st Z,r25
 6863 32fc 0894      		sec
 6864 32fe C11C      		adc r12,__zero_reg__
 6865 3300 D11C      		adc r13,__zero_reg__
 6866 3302 F601      		movw r30,r12
 6867 3304 E40F      		add r30,r20
 6868 3306 F51F      		adc r31,r21
 6869 3308 8091 0000 		lds r24,sysUpTime
 6870 330c 8083      		st Z,r24
 6871 330e 0894      		sec
 6872 3310 C11C      		adc r12,__zero_reg__
 6873 3312 D11C      		adc r13,__zero_reg__
 6874 3314 F601      		movw r30,r12
 6875 3316 E40F      		add r30,r20
 6876 3318 F51F      		adc r31,r21
 6877 331a 80E3      		ldi r24,lo8(48)
 6878 331c 8083      		st Z,r24
 6879 331e 0894      		sec
 6880 3320 C11C      		adc r12,__zero_reg__
 6881 3322 D11C      		adc r13,__zero_reg__
 6882 3324 F801      		movw r30,r16
 6883 3326 C282      		std Z+2,r12
 6884 3328 D382      		std Z+3,r13
 6885 332a 0894      		sec
 6886 332c C11C      		adc r12,__zero_reg__
 6887 332e D11C      		adc r13,__zero_reg__
 6888 3330 F601      		movw r30,r12
 6889 3332 E40F      		add r30,r20
 6890 3334 F51F      		adc r31,r21
 6891 3336 8083      		st Z,r24
 6892 3338 0894      		sec
 6893 333a C11C      		adc r12,__zero_reg__
 6894 333c D11C      		adc r13,__zero_reg__
 6895 333e F801      		movw r30,r16
 6896 3340 C482      		std Z+4,r12
 6897 3342 D582      		std Z+5,r13
 6898 3344 0894      		sec
 6899 3346 C11C      		adc r12,__zero_reg__
 6900 3348 D11C      		adc r13,__zero_reg__
 6901 334a F601      		movw r30,r12
 6902 334c E40F      		add r30,r20
 6903 334e F51F      		adc r31,r21
 6904 3350 86E0      		ldi r24,lo8(6)
 6905 3352 8083      		st Z,r24
 6906 3354 0894      		sec
 6907 3356 C11C      		adc r12,__zero_reg__
 6908 3358 D11C      		adc r13,__zero_reg__
 6909 335a D601      		movw r26,r12
 6910 335c A40F      		add r26,r20
GAS LISTING C:\WINDOWS\TEMP/ccra2jgb.s 			page 124


 6911 335e B51F      		adc r27,r21
 6912 3360 40E0      		ldi r20,lo8(temp1ValueID)
 6913 3362 50E0      		ldi r21,hi8(temp1ValueID)
 6914 3364 FA01      		movw r30,r20
 6915 3366 0190      		ld __tmp_reg__,Z+
 6916 3368 0020      		tst __tmp_reg__
 6917 336a E9F7      		brne _PC_-6
 6918 336c 3197      		sbiw r30,1
 6919 336e E41B      		sub r30,r20
 6920 3370 F50B      		sbc r31,r21
 6921 3372 8E2F      		mov r24,r30
 6922 3374 890F      		add r24,r25
 6923 3376 8C93      		st X,r24
 6924 3378 FA01      		movw r30,r20
 6925 337a 0190      		ld __tmp_reg__,Z+
 6926 337c 0020      		tst __tmp_reg__
 6927 337e E9F7      		brne _PC_-6
 6928 3380 3197      		sbiw r30,1
 6929 3382 20E0      		ldi r18,lo8(0)
 6930 3384 30E0      		ldi r19,hi8(0)
 6931 3386 E417      		cp r30,r20
 6932 3388 F507      		cpc r31,r21
 6933 338a A9F0      		breq .L715
 6934 338c BA01      		movw r22,r20
 6935               	.L694:
 6936 338e 0894      		sec
 6937 3390 C11C      		adc r12,__zero_reg__
 6938 3392 D11C      		adc r13,__zero_reg__
 6939 3394 FB01      		movw r30,r22
 6940 3396 8191      		ld r24,Z+
 6941 3398 BF01      		movw r22,r30
 6942 339a 1196      		adiw r26,1
 6943 339c 8C93      		st X,r24
 6944 339e 2F5F      		subi r18,lo8(-(1))
 6945 33a0 3F4F      		sbci r19,hi8(-(1))
 6946 33a2 FA01      		movw r30,r20
 6947 33a4 0190      		ld __tmp_reg__,Z+
 6948 33a6 0020      		tst __tmp_reg__
 6949 33a8 E9F7      		brne _PC_-6
 6950 33aa 3197      		sbiw r30,1
 6951 33ac E41B      		sub r30,r20
 6952 33ae F50B      		sbc r31,r21
 6953 33b0 2E17      		cp r18,r30
 6954 33b2 3F07      		cpc r19,r31
 6955 33b4 60F3      		brlo .L694
 6956               	.L715:
 6957 33b6 0894      		sec
 6958 33b8 C11C      		adc r12,__zero_reg__
 6959 33ba D11C      		adc r13,__zero_reg__
 6960 33bc 9E01      		movw r18,r28
 6961 33be 2F5F      		subi r18,lo8(-(1))
 6962 33c0 3F4F      		sbci r19,hi8(-(1))
 6963 33c2 F601      		movw r30,r12
 6964 33c4 E20F      		add r30,r18
 6965 33c6 F31F      		adc r31,r19
 6966 33c8 1082      		st Z,__zero_reg__
 6967 33ca 0894      		sec
GAS LISTING C:\WINDOWS\TEMP/ccra2jgb.s 			page 125


 6968 33cc C11C      		adc r12,__zero_reg__
 6969 33ce D11C      		adc r13,__zero_reg__
 6970 33d0 F601      		movw r30,r12
 6971 33d2 E20F      		add r30,r18
 6972 33d4 F31F      		adc r31,r19
 6973 33d6 82E0      		ldi r24,lo8(2)
 6974 33d8 8083      		st Z,r24
 6975 33da 0894      		sec
 6976 33dc C11C      		adc r12,__zero_reg__
 6977 33de D11C      		adc r13,__zero_reg__
 6978 33e0 F601      		movw r30,r12
 6979 33e2 E20F      		add r30,r18
 6980 33e4 F31F      		adc r31,r19
 6981 33e6 81E0      		ldi r24,lo8(1)
 6982 33e8 8083      		st Z,r24
 6983 33ea 0894      		sec
 6984 33ec C11C      		adc r12,__zero_reg__
 6985 33ee D11C      		adc r13,__zero_reg__
 6986 33f0 F601      		movw r30,r12
 6987 33f2 E20F      		add r30,r18
 6988 33f4 F31F      		adc r31,r19
 6989 33f6 8091 0000 		lds r24,temp1Value
 6990 33fa 8083      		st Z,r24
 6991 33fc 4601      		movw r8,r12
 6992 33fe 8C2D      		mov r24,r12
 6993 3400 8150      		subi r24,lo8(-(-1))
 6994 3402 8A83      		std Y+2,r24
 6995 3404 D801      		movw r26,r16
 6996 3406 ED91      		ld r30,X+
 6997 3408 FC91      		ld r31,X
 6998 340a 1197      		sbiw r26,1
 6999 340c E20F      		add r30,r18
 7000 340e F31F      		adc r31,r19
 7001 3410 8C91      		ld r24,X
 7002 3412 BC2D      		mov r27,r12
 7003 3414 B81B      		sub r27,r24
 7004 3416 B083      		st Z,r27
 7005 3418 F801      		movw r30,r16
 7006 341a A281      		ldd r26,Z+2
 7007 341c B381      		ldd r27,Z+3
 7008 341e A20F      		add r26,r18
 7009 3420 B31F      		adc r27,r19
 7010 3422 8281      		ldd r24,Z+2
 7011 3424 FC2D      		mov r31,r12
 7012 3426 F81B      		sub r31,r24
 7013 3428 FC93      		st X,r31
 7014 342a F801      		movw r30,r16
 7015 342c A481      		ldd r26,Z+4
 7016 342e B581      		ldd r27,Z+5
 7017 3430 A20F      		add r26,r18
 7018 3432 B31F      		adc r27,r19
 7019 3434 8481      		ldd r24,Z+4
 7020 3436 FC2D      		mov r31,r12
 7021 3438 F81B      		sub r31,r24
 7022 343a FC93      		st X,r31
 7023 343c 8091 0000 		lds r24,TRAPport
 7024 3440 9091 0000 		lds r25,(TRAPport)+1
GAS LISTING C:\WINDOWS\TEMP/ccra2jgb.s 			page 126


 7025 3444 0E94 0000 		call NutUdpCreateSocket
 7026 3448 5C01      		movw r10,r24
 7027 344a 892B      		or r24,r25
 7028 344c C1F0      		breq .L719
 7029 344e 80E0      		ldi r24,lo8(.LC13)
 7030 3450 90E0      		ldi r25,hi8(.LC13)
 7031 3452 0E94 0000 		call NutKPrintString
 7032               	.L696:
 7033 3456 C601      		movw r24,r12
 7034 3458 0196      		adiw r24,1
 7035 345a 7C01      		movw r14,r24
 7036 345c 8E01      		movw r16,r28
 7037 345e 0F5F      		subi r16,lo8(-(1))
 7038 3460 1F4F      		sbci r17,hi8(-(1))
 7039 3462 22EA      		ldi r18,lo8(162)
 7040 3464 30E0      		ldi r19,hi8(162)
 7041 3466 B301      		movw r22,r6
 7042 3468 A201      		movw r20,r4
 7043 346a C501      		movw r24,r10
 7044 346c 0E94 0000 		call NutUdpSendTo
 7045 3470 8F5F      		subi r24,lo8(-1)
 7046 3472 9F4F      		sbci r25,hi8(-1)
 7047 3474 09F4      		brne _PC_+2
 7048 3476 11CE      		rjmp .L717
 7049 3478 80E0      		ldi r24,lo8(.LC16)
 7050 347a 90E0      		ldi r25,hi8(.LC16)
 7051 347c 02CE      		rjmp .L716
 7052               	.L719:
 7053 347e 80E0      		ldi r24,lo8(.LC12)
 7054 3480 90E0      		ldi r25,hi8(.LC12)
 7055 3482 0E94 0000 		call NutKPrintString
 7056 3486 68E8      		ldi r22,lo8(5000)
 7057 3488 73E1      		ldi r23,hi8(5000)
 7058 348a 80E0      		ldi r24,hlo8(5000)
 7059 348c 90E0      		ldi r25,hhi8(5000)
 7060 348e 0E94 0000 		call NutSleep
 7061 3492 E1CF      		rjmp .L696
 7062               	/* epilogue: frame size=364 */
 7063               	/* epilogue: noreturn */
 7064               	/* epilogue end (size=0) */
 7065               	/* function MyTrap size 1117 (1106) */
 7066               	.Lfe14:
 7067               		.size	MyTrap,.Lfe14-MyTrap
 7068               		.data
 7069               	.LC18:
 7070 02a8 0D0A 2043 		.string	"\r\n Create Socket O.K"
 7070      7265 6174 
 7070      6520 536F 
 7070      636B 6574 
 7070      204F 2E4B 
 7071               	.LC21:
 7072 02bd 0D0A 5365 		.string	"\r\nSend O.K \r\n"
 7072      6E64 204F 
 7072      2E4B 200D 
 7072      0A00 
 7073               	.LC20:
 7074 02cb 0D0A 4572 		.string	"\r\nError Send to\r\n\n"
GAS LISTING C:\WINDOWS\TEMP/ccra2jgb.s 			page 127


 7074      726F 7220 
 7074      5365 6E64 
 7074      2074 6F0D 
 7074      0A0A 00
 7075               	.LC19:
 7076 02de 0D0A 4572 		.string	"\r\nError Receive\r\n\n"
 7076      726F 7220 
 7076      5265 6365 
 7076      6976 650D 
 7076      0A0A 00
 7077               	.LC17:
 7078 02f1 0D0A 2043 		.string	"\r\n Create Socket Error "
 7078      7265 6174 
 7078      6520 536F 
 7078      636B 6574 
 7078      2045 7272 
 7079               		.text
 7080               	.global	Service
 7081               		.type	Service,@function
 7082               	Service:
 7083               	/* prologue: frame size=306 */
 7084 3494 CF93      		push r28
 7085 3496 DF93      		push r29
 7086 3498 CDB7      		in r28,__SP_L__
 7087 349a DEB7      		in r29,__SP_H__
 7088 349c C253      		subi r28,lo8(306)
 7089 349e D140      		sbci r29,hi8(306)
 7090 34a0 0FB6      		in __tmp_reg__,__SREG__
 7091 34a2 F894      		cli
 7092 34a4 DEBF      		out __SP_H__,r29
 7093 34a6 0FBE      		out __SREG__,__tmp_reg__
 7094 34a8 CDBF      		out __SP_L__,r28
 7095               	/* prologue end (size=11) */
 7096 34aa 8FE2      		ldi r24,lo8(303)
 7097 34ac 482E      		mov r4,r24
 7098 34ae 81E0      		ldi r24,hi8(303)
 7099 34b0 582E      		mov r5,r24
 7100 34b2 4C0E      		add r4,r28
 7101 34b4 5D1E      		adc r5,r29
 7102 34b6 F201      		movw r30,r4
 7103 34b8 1082      		st Z,__zero_reg__
 7104 34ba 1182      		std Z+1,__zero_reg__
 7105 34bc 1282      		std Z+2,__zero_reg__
 7106 34be 1382      		std Z+3,__zero_reg__
 7107 34c0 0DE2      		ldi r16,lo8(301)
 7108 34c2 602E      		mov r6,r16
 7109 34c4 01E0      		ldi r16,hi8(301)
 7110 34c6 702E      		mov r7,r16
 7111 34c8 6C0E      		add r6,r28
 7112 34ca 7D1E      		adc r7,r29
 7113 34cc F301      		movw r30,r6
 7114 34ce 1082      		st Z,__zero_reg__
 7115 34d0 1182      		std Z+1,__zero_reg__
 7116 34d2 8091 0000 		lds r24,SNMPport
 7117 34d6 9091 0000 		lds r25,(SNMPport)+1
 7118 34da 0E94 0000 		call NutUdpCreateSocket
 7119 34de 4C01      		movw r8,r24
GAS LISTING C:\WINDOWS\TEMP/ccra2jgb.s 			page 128


 7120 34e0 892B      		or r24,r25
 7121 34e2 09F4      		brne _PC_+2
 7122 34e4 7AC0      		rjmp .L737
 7123 34e6 80E0      		ldi r24,lo8(.LC18)
 7124 34e8 90E0      		ldi r25,hi8(.LC18)
 7125 34ea 0E94 0000 		call NutKPrintString
 7126               	.L723:
 7127 34ee AA24      		clr r10
 7128 34f0 BB24      		clr r11
 7129 34f2 1092 0000 		sts buff,__zero_reg__
 7130 34f6 1092 0000 		sts berin+6,__zero_reg__
 7131 34fa 80E2      		ldi r24,lo8(32)
 7132 34fc 90E0      		ldi r25,hi8(32)
 7133 34fe 9093 0000 		sts (berin+20)+1,r25
 7134 3502 8093 0000 		sts berin+20,r24
 7135 3506 B092 0000 		sts (berin+579)+1,r11
 7136 350a A092 0000 		sts berin+579,r10
 7137               	.L732:
 7138 350e 18EB      		ldi r17,lo8(3000)
 7139 3510 C12E      		mov r12,r17
 7140 3512 1BE0      		ldi r17,hi8(3000)
 7141 3514 D12E      		mov r13,r17
 7142 3516 E12C      		mov r14,__zero_reg__
 7143 3518 F12C      		mov r15,__zero_reg__
 7144 351a 03EF      		ldi r16,lo8(499)
 7145 351c 11E0      		ldi r17,hi8(499)
 7146 351e 20E0      		ldi r18,lo8(buff)
 7147 3520 30E0      		ldi r19,hi8(buff)
 7148 3522 AE01      		movw r20,r28
 7149 3524 435D      		subi r20,lo8(-(301))
 7150 3526 5E4F      		sbci r21,hi8(-(301))
 7151 3528 BE01      		movw r22,r28
 7152 352a 615D      		subi r22,lo8(-(303))
 7153 352c 7E4F      		sbci r23,hi8(-(303))
 7154 352e C401      		movw r24,r8
 7155 3530 0E94 0000 		call NutUdpReceiveFrom
 7156 3534 8F5F      		subi r24,lo8(-1)
 7157 3536 9F4F      		sbci r25,hi8(-1)
 7158 3538 09F4      		brne _PC_+2
 7159 353a 4AC0      		rjmp .L738
 7160 353c 8091 0000 		lds r24,buff
 7161 3540 8823      		tst r24
 7162 3542 19F0      		breq .L726
 7163 3544 B1E0      		ldi r27,lo8(1)
 7164 3546 AB2E      		mov r10,r27
 7165 3548 B12C      		mov r11,__zero_reg__
 7166               	.L726:
 7167 354a A114      		cp r10,__zero_reg__
 7168 354c B104      		cpc r11,__zero_reg__
 7169 354e F9F2      		breq .L732
 7170 3550 8E01      		movw r16,r28
 7171 3552 035D      		subi r16,lo8(-(301))
 7172 3554 1E4F      		sbci r17,hi8(-(301))
 7173 3556 F801      		movw r30,r16
 7174 3558 8081      		ld r24,Z
 7175 355a 9181      		ldd r25,Z+1
 7176 355c 0E94 0000 		call changePORT
GAS LISTING C:\WINDOWS\TEMP/ccra2jgb.s 			page 129


 7177 3560 F801      		movw r30,r16
 7178 3562 8083      		st Z,r24
 7179 3564 9183      		std Z+1,r25
 7180 3566 80E0      		ldi r24,lo8(buff)
 7181 3568 90E0      		ldi r25,hi8(buff)
 7182 356a 0E94 0000 		call SNMPdecode
 7183 356e CE01      		movw r24,r28
 7184 3570 0196      		adiw r24,1
 7185 3572 0E94 0000 		call SNMPgetMIB
 7186 3576 6091 0000 		lds r22,bufflen
 7187 357a 7091 0000 		lds r23,(bufflen)+1
 7188 357e CE01      		movw r24,r28
 7189 3580 0196      		adiw r24,1
 7190 3582 0E94 0000 		call SNMPsending
 7191 3586 E090 0000 		lds r14,bufflen
 7192 358a F090 0000 		lds r15,(bufflen)+1
 7193 358e 8E01      		movw r16,r28
 7194 3590 0F5F      		subi r16,lo8(-(1))
 7195 3592 1F4F      		sbci r17,hi8(-(1))
 7196 3594 F301      		movw r30,r6
 7197 3596 2081      		ld r18,Z
 7198 3598 3181      		ldd r19,Z+1
 7199 359a F201      		movw r30,r4
 7200 359c 4081      		ld r20,Z
 7201 359e 5181      		ldd r21,Z+1
 7202 35a0 6281      		ldd r22,Z+2
 7203 35a2 7381      		ldd r23,Z+3
 7204 35a4 C401      		movw r24,r8
 7205 35a6 0E94 0000 		call NutUdpSendTo
 7206 35aa 8F5F      		subi r24,lo8(-1)
 7207 35ac 9F4F      		sbci r25,hi8(-1)
 7208 35ae 59F0      		breq .L739
 7209               	.L733:
 7210 35b0 80E0      		ldi r24,lo8(.LC21)
 7211 35b2 90E0      		ldi r25,hi8(.LC21)
 7212 35b4 0E94 0000 		call NutKPrintString
 7213 35b8 64EF      		ldi r22,lo8(500)
 7214 35ba 71E0      		ldi r23,hi8(500)
 7215 35bc 80E0      		ldi r24,hlo8(500)
 7216 35be 90E0      		ldi r25,hhi8(500)
 7217               	.L736:
 7218 35c0 0E94 0000 		call NutSleep
 7219 35c4 94CF      		rjmp .L723
 7220               	.L739:
 7221 35c6 80E0      		ldi r24,lo8(.LC20)
 7222 35c8 90E0      		ldi r25,hi8(.LC20)
 7223 35ca 0E94 0000 		call NutKPrintString
 7224 35ce F0CF      		rjmp .L733
 7225               	.L738:
 7226 35d0 80E0      		ldi r24,lo8(.LC19)
 7227 35d2 90E0      		ldi r25,hi8(.LC19)
 7228 35d4 0E94 0000 		call NutKPrintString
 7229 35d8 B8CF      		rjmp .L726
 7230               	.L737:
 7231 35da 80E0      		ldi r24,lo8(.LC17)
 7232 35dc 90E0      		ldi r25,hi8(.LC17)
 7233 35de 0E94 0000 		call NutKPrintString
GAS LISTING C:\WINDOWS\TEMP/ccra2jgb.s 			page 130


 7234 35e2 68E8      		ldi r22,lo8(5000)
 7235 35e4 73E1      		ldi r23,hi8(5000)
 7236 35e6 80E0      		ldi r24,hlo8(5000)
 7237 35e8 90E0      		ldi r25,hhi8(5000)
 7238 35ea EACF      		rjmp .L736
 7239               	/* epilogue: frame size=306 */
 7240               	/* epilogue: noreturn */
 7241               	/* epilogue end (size=0) */
 7242               	/* function Service size 174 (163) */
 7243               	.Lfe15:
 7244               		.size	Service,.Lfe15-Service
 7245               		.section	.progmem.data,"a",@progbits
 7246               		.type	__c.0,@object
 7247               		.size	__c.0,2
 7248               	__c.0:
 7249 0000 0C00      		.string	"\f"
 7250               		.data
 7251               	.LC22:
 7252 0309 7561 7274 		.string	"uart0"
 7252      3000 
 7253               	.LC23:
 7254 030f 0D0A 2041 		.string	"\r\n ATA SNMP server ver  1.4 (-_-)\r\n"
 7254      5441 2053 
 7254      4E4D 5020 
 7254      7365 7276 
 7254      6572 2076 
 7255               	.LC24:
 7256 0333 436F 6E66 		.string	"Configuring Ethernet interface\r\n"
 7256      6967 7572 
 7256      696E 6720 
 7256      4574 6865 
 7256      726E 6574 
 7257               	.LC25:
 7258 0354 3235 352E 		.string	"255.255.255.0"
 7258      3235 352E 
 7258      3235 352E 
 7258      3000 
 7259               	.LC26:
 7260 0362 3136 312E 		.string	"161.246.5.135"
 7260      3234 362E 
 7260      352E 3133 
 7260      3500 
 7261               	.LC27:
 7262 0370 6574 6830 		.string	"eth0"
 7262      00
 7263               	.LC28:
 7264 0375 3136 312E 		.string	"161.246.5.254"
 7264      3234 362E 
 7264      352E 3235 
 7264      3400 
 7265               	.LC29:
 7266 0383 3136 312E 		.string	"161.246.4.3"
 7266      3234 362E 
 7266      342E 3300 
 7267               	.LC30:
 7268 038f 7365 7669 		.string	"sevice"
 7268      6365 00
GAS LISTING C:\WINDOWS\TEMP/ccra2jgb.s 			page 131


 7269               	.LC31:
 7270 0396 6D79 7469 		.string	"mytime"
 7270      6D65 00
 7271               	.LC32:
 7272 039d 6D79 7472 		.string	"mytrap"
 7272      6170 00
 7273               		.text
 7274               	.global	NutMain
 7275               		.type	NutMain,@function
 7276               	NutMain:
 7277               	/* prologue: frame size=0 */
 7278               	/* prologue end (size=0) */
 7279 35ec 40E0      		ldi r20,lo8(0)
 7280 35ee 60E0      		ldi r22,lo8(0)
 7281 35f0 70E0      		ldi r23,hi8(0)
 7282 35f2 80E0      		ldi r24,lo8(devUart0)
 7283 35f4 90E0      		ldi r25,hi8(devUart0)
 7284 35f6 0E94 0000 		call NutRegisterDevice
 7285 35fa 80E0      		ldi r24,lo8(.LC22)
 7286 35fc 90E0      		ldi r25,hi8(.LC22)
 7287 35fe 0E94 0000 		call NutDeviceOpen
 7288 3602 9093 0000 		sts (uart0)+1,r25
 7289 3606 8093 0000 		sts uart0,r24
 7290 360a 40E0      		ldi r20,lo8(baud)
 7291 360c 50E0      		ldi r21,hi8(baud)
 7292 360e 61E0      		ldi r22,lo8(257)
 7293 3610 71E0      		ldi r23,hi8(257)
 7294 3612 0E94 0000 		call NutDeviceIOCtl
 7295 3616 80E0      		ldi r24,lo8(__c.0)
 7296 3618 90E0      		ldi r25,hi8(__c.0)
 7297 361a 0E94 0000 		call NutKPrintString
 7298 361e 80E0      		ldi r24,lo8(.LC23)
 7299 3620 90E0      		ldi r25,hi8(.LC23)
 7300 3622 0E94 0000 		call NutKPrintString
 7301 3626 80E0      		ldi r24,lo8(.LC24)
 7302 3628 90E0      		ldi r25,hi8(.LC24)
 7303 362a 0E94 0000 		call NutKPrintString
 7304 362e 45E0      		ldi r20,lo8(5)
 7305 3630 60E0      		ldi r22,lo8(-32000)
 7306 3632 73E8      		ldi r23,hi8(-32000)
 7307 3634 80E0      		ldi r24,lo8(devEth0)
 7308 3636 90E0      		ldi r25,hi8(devEth0)
 7309 3638 0E94 0000 		call NutRegisterDevice
 7310 363c 80E0      		ldi r24,lo8(.LC25)
 7311 363e 90E0      		ldi r25,hi8(.LC25)
 7312 3640 0E94 0000 		call inet_addr
 7313 3644 7B01      		movw r14,r22
 7314 3646 8C01      		movw r16,r24
 7315 3648 80E0      		ldi r24,lo8(.LC26)
 7316 364a 90E0      		ldi r25,hi8(.LC26)
 7317 364c 0E94 0000 		call inet_addr
 7318 3650 DC01      		movw r26,r24
 7319 3652 CB01      		movw r24,r22
 7320 3654 9C01      		movw r18,r24
 7321 3656 AD01      		movw r20,r26
 7322 3658 60E0      		ldi r22,lo8(my_mac)
 7323 365a 70E0      		ldi r23,hi8(my_mac)
GAS LISTING C:\WINDOWS\TEMP/ccra2jgb.s 			page 132


 7324 365c 80E0      		ldi r24,lo8(.LC27)
 7325 365e 90E0      		ldi r25,hi8(.LC27)
 7326 3660 0E94 0000 		call NutNetIfConfig
 7327 3664 80E0      		ldi r24,lo8(.LC28)
 7328 3666 90E0      		ldi r25,hi8(.LC28)
 7329 3668 0E94 0000 		call inet_addr
 7330 366c DC01      		movw r26,r24
 7331 366e CB01      		movw r24,r22
 7332 3670 20E0      		ldi r18,lo8(devEth0)
 7333 3672 C22E      		mov r12,r18
 7334 3674 20E0      		ldi r18,hi8(devEth0)
 7335 3676 D22E      		mov r13,r18
 7336 3678 7C01      		movw r14,r24
 7337 367a 8D01      		movw r16,r26
 7338 367c 20E0      		ldi r18,lo8(0)
 7339 367e 30E0      		ldi r19,hi8(0)
 7340 3680 40E0      		ldi r20,hlo8(0)
 7341 3682 50E0      		ldi r21,hhi8(0)
 7342 3684 CA01      		movw r24,r20
 7343 3686 B901      		movw r22,r18
 7344 3688 0E94 0000 		call NutIpRouteAdd
 7345 368c 80E0      		ldi r24,lo8(.LC29)
 7346 368e 90E0      		ldi r25,hi8(.LC29)
 7347 3690 0E94 0000 		call inet_addr
 7348 3694 DC01      		movw r26,r24
 7349 3696 CB01      		movw r24,r22
 7350 3698 9C01      		movw r18,r24
 7351 369a AD01      		movw r20,r26
 7352 369c 60E0      		ldi r22,lo8(0)
 7353 369e 70E0      		ldi r23,hi8(0)
 7354 36a0 CB01      		movw r24,r22
 7355 36a2 0E94 0000 		call NutDnsConfig
 7356 36a6 81B3      		in r24,49-0x20
 7357 36a8 8FEF      		ldi r24,lo8(-1)
 7358 36aa 81BB      		out 49-0x20,r24
 7359 36ac 82B3      		in r24,50-0x20
 7360 36ae 12BA      		out 50-0x20,__zero_reg__
 7361 36b0 28EE      		ldi r18,lo8(1000)
 7362 36b2 33E0      		ldi r19,hi8(1000)
 7363 36b4 40E0      		ldi r20,lo8(0)
 7364 36b6 50E0      		ldi r21,hi8(0)
 7365 36b8 60E0      		ldi r22,lo8(pm(Service))
 7366 36ba 70E0      		ldi r23,hi8(pm(Service))
 7367 36bc 80E0      		ldi r24,lo8(.LC30)
 7368 36be 90E0      		ldi r25,hi8(.LC30)
 7369 36c0 0E94 0000 		call NutThreadCreate
 7370 36c4 28E5      		ldi r18,lo8(600)
 7371 36c6 32E0      		ldi r19,hi8(600)
 7372 36c8 41E0      		ldi r20,lo8(1)
 7373 36ca 50E0      		ldi r21,hi8(1)
 7374 36cc 60E0      		ldi r22,lo8(pm(MyTime))
 7375 36ce 70E0      		ldi r23,hi8(pm(MyTime))
 7376 36d0 80E0      		ldi r24,lo8(.LC31)
 7377 36d2 90E0      		ldi r25,hi8(.LC31)
 7378 36d4 0E94 0000 		call NutThreadCreate
 7379 36d8 28E5      		ldi r18,lo8(600)
 7380 36da 32E0      		ldi r19,hi8(600)
GAS LISTING C:\WINDOWS\TEMP/ccra2jgb.s 			page 133


 7381 36dc 42E0      		ldi r20,lo8(2)
 7382 36de 50E0      		ldi r21,hi8(2)
 7383 36e0 60E0      		ldi r22,lo8(pm(MyTrap))
 7384 36e2 70E0      		ldi r23,hi8(pm(MyTrap))
 7385 36e4 80E0      		ldi r24,lo8(.LC32)
 7386 36e6 90E0      		ldi r25,hi8(.LC32)
 7387 36e8 0E94 0000 		call NutThreadCreate
 7388               	.L741:
 7389 36ec 64EF      		ldi r22,lo8(500)
 7390 36ee 71E0      		ldi r23,hi8(500)
 7391 36f0 80E0      		ldi r24,hlo8(500)
 7392 36f2 90E0      		ldi r25,hhi8(500)
 7393 36f4 0E94 0000 		call NutSleep
 7394 36f8 F9CF      		rjmp .L741
 7395               	/* epilogue: frame size=0 */
 7396               	/* epilogue: noreturn */
 7397               	/* epilogue end (size=0) */
 7398               	/* function NutMain size 135 (135) */
 7399               	.Lfe16:
 7400               		.size	NutMain,.Lfe16-NutMain
 7401               		.lcomm buff,500
 7402               		.comm uart0,2,1
 7403               		.lcomm sysUpTime,2
 7404               		.comm berin,617,1
 7405               	/* File "ataSNMP.c": code 7088 = 0x1bb0 (6882), prologues 110, epilogues  96 */
GAS LISTING C:\WINDOWS\TEMP/ccra2jgb.s 			page 134


DEFINED SYMBOLS
                            *ABS*:00000000 ataSNMP.c
                            *ABS*:0000003f __SREG__
                            *ABS*:0000003e __SP_H__
                            *ABS*:0000003d __SP_L__
                            *ABS*:00000000 __tmp_reg__
                            *ABS*:00000001 __zero_reg__
                            *ABS*:00000002 _PC_
C:\WINDOWS\TEMP/ccra2jgb.s:14     .data:00000000 c
C:\WINDOWS\TEMP/ccra2jgb.s:19     .text:00000000 Delay_us
C:\WINDOWS\TEMP/ccra2jgb.s:39     .text:0000000c DS1WInit
C:\WINDOWS\TEMP/ccra2jgb.s:135    .text:000000c8 DS1WOutB
C:\WINDOWS\TEMP/ccra2jgb.s:242    .text:00000190 DS1WInB
C:\WINDOWS\TEMP/ccra2jgb.s:350    .text:0000024c DS1WReadByte
C:\WINDOWS\TEMP/ccra2jgb.s:389    .text:0000028e DS1WCommand
C:\WINDOWS\TEMP/ccra2jgb.s:426    .text:000002ca DS1WWriteByte
C:\WINDOWS\TEMP/ccra2jgb.s:460    .text:00000300 gettemp
C:\WINDOWS\TEMP/ccra2jgb.s:499    .data:00000002 my_mac
C:\WINDOWS\TEMP/ccra2jgb.s:508    .data:00000008 SNMPport
C:\WINDOWS\TEMP/ccra2jgb.s:512    .data:0000000a TRAPport
                             .bss:00000000 bufflen
C:\WINDOWS\TEMP/ccra2jgb.s:517    .data:0000000c maxtemp
C:\WINDOWS\TEMP/ccra2jgb.s:522    .data:0000000e baud
C:\WINDOWS\TEMP/ccra2jgb.s:526    .data:00000012 setpassword
C:\WINDOWS\TEMP/ccra2jgb.s:530    .data:0000001a getpassword
C:\WINDOWS\TEMP/ccra2jgb.s:534    .data:00000021 sysDescrID
C:\WINDOWS\TEMP/ccra2jgb.s:545    .data:00000029 sysDescr
C:\WINDOWS\TEMP/ccra2jgb.s:549    .data:0000004f sysObjIDID
C:\WINDOWS\TEMP/ccra2jgb.s:560    .data:00000057 sysUpTimeID
C:\WINDOWS\TEMP/ccra2jgb.s:571    .data:0000005f sysContactID
C:\WINDOWS\TEMP/ccra2jgb.s:582    .data:00000067 sysContact
C:\WINDOWS\TEMP/ccra2jgb.s:586    .data:0000007d sysNameID
C:\WINDOWS\TEMP/ccra2jgb.s:597    .data:00000085 sysName
C:\WINDOWS\TEMP/ccra2jgb.s:601    .data:00000098 sysLocateID
C:\WINDOWS\TEMP/ccra2jgb.s:612    .data:000000a0 sysLocate
C:\WINDOWS\TEMP/ccra2jgb.s:616    .data:000000ad sysServID
C:\WINDOWS\TEMP/ccra2jgb.s:627    .data:000000b5 sysServ
C:\WINDOWS\TEMP/ccra2jgb.s:631    .data:000000b7 led1Descr
C:\WINDOWS\TEMP/ccra2jgb.s:514    .bss:00000002 led1Value
C:\WINDOWS\TEMP/ccra2jgb.s:636    .data:000000cc led2Descr
C:\WINDOWS\TEMP/ccra2jgb.s:633    .bss:00000004 led2Value
C:\WINDOWS\TEMP/ccra2jgb.s:641    .data:000000e1 led3Descr
C:\WINDOWS\TEMP/ccra2jgb.s:638    .bss:00000006 led3Value
C:\WINDOWS\TEMP/ccra2jgb.s:646    .data:000000f6 led4Descr
C:\WINDOWS\TEMP/ccra2jgb.s:643    .bss:00000008 led4Value
C:\WINDOWS\TEMP/ccra2jgb.s:651    .data:0000010b temp1Descr
C:\WINDOWS\TEMP/ccra2jgb.s:655    .data:00000127 temp1ValueID
C:\WINDOWS\TEMP/ccra2jgb.s:648    .bss:0000000a temp1Value
C:\WINDOWS\TEMP/ccra2jgb.s:669    .data:00000131 TrapEnterprise
C:\WINDOWS\TEMP/ccra2jgb.s:682    .data:0000013b TrapIP
C:\WINDOWS\TEMP/ccra2jgb.s:702    .text:0000033a SNMPgetMIB
                            *COM*:00000269 berin
C:\WINDOWS\TEMP/ccra2jgb.s:7401   .bss:00000200 sysUpTime
C:\WINDOWS\TEMP/ccra2jgb.s:5130   .text:000025bc SNMPsending
C:\WINDOWS\TEMP/ccra2jgb.s:5401   .text:000027be SNMPdecode
C:\WINDOWS\TEMP/ccra2jgb.s:5903   .text:00002ba0 changePORT
C:\WINDOWS\TEMP/ccra2jgb.s:5921   .text:00002bb0 MyTime
GAS LISTING C:\WINDOWS\TEMP/ccra2jgb.s 			page 135


C:\WINDOWS\TEMP/ccra2jgb.s:5968   .text:00002be0 MyTrap
C:\WINDOWS\TEMP/ccra2jgb.s:7082   .text:00003494 Service
C:\WINDOWS\TEMP/ccra2jgb.s:666    .bss:0000000c buff
C:\WINDOWS\TEMP/ccra2jgb.s:7248   .progmem.data:00000000 __c.0
C:\WINDOWS\TEMP/ccra2jgb.s:7276   .text:000035ec NutMain
                            *COM*:00000002 uart0
                            *ABS*:00000000 *ABS*

UNDEFINED SYMBOLS
__do_copy_data
__do_clear_bss
strstr
NutKPrintFormat
strcpy
NutHeapAvailable
NutKPrintString
NutSleep
inet_addr
NutUdpCreateSocket
NutUdpSendTo
NutUdpReceiveFrom
devUart0
NutRegisterDevice
NutDeviceOpen
NutDeviceIOCtl
devEth0
NutNetIfConfig
NutIpRouteAdd
NutDnsConfig
NutThreadCreate
