:100000000C9447000C94C54F0C94EB4F0C9411507A
:100010000C9437500C945D500C9483500C94A95060
:100020000C94CF500C94F5500C941B510C944151EE
:100030000C9467510C948D510C94B3510C94D9517C
:100040000C94FF510C9425520C9497520C947152BD
:100050000C944B520C94BD520C94E3520C940953E3
:100060000C942F530C9455530C947B530C94A15324
:100070000C94C7530C94ED530C9413540C943954B2
:100080000C945F540C9485540C94AB540C001124C4
:100090001FBECFEFD0E1DEBFCDBF15E0A0E0B1E0E5
:1000A000E0E1FBEC00E00BBF02C007900D92AA3B21
:1000B000B107D9F71DE0AAEBB5E001C01D92AD3E36
:1000C000B107E1F70C94321C0C940000009719F072
:1000D00000000197E9F70895FF920F931F93CF93C4
:1000E000C0E0062F112721E030E0002E02C0220FD1
:1000F000331F0A94E2F7F22EF09482B38F2182BB71
:1001000081B3822B81BB20910001309101018EE5EA
:1001100091E0289FA001299F500D389F500D112478
:10012000CA010E94660081B38F2181BB209100012A
:100130003091010187E390E0289FA001299F500D95
:10014000389F500D1124CA010E94660080B3992780
:100150008095909502C0959587950A95E2F780FD68
:10016000C1E0209100013091010180E491E0289FDD
:10017000A001299F500D389F500D1124CA010E94E3
:1001800066008C2F992787FD9095CF911F910F9135
:10019000FF900895EF92FF920F931F93CF93E62E57
:1001A000C42FF89488E0F82EC0FF2AC001E010E0C8
:1001B0000E2C02C0000F111F0A94E2F781B3802BAE
:1001C00081BB80910001909101010E946600902FF7
:1001D000909581B3892381BB209100013091010169
:1001E00089E290E0289FA001299F500D389F500D73
:1001F0001124CA010E946600C695FA94A9F627C088
:1002000001E010E00E2C02C0000F111F0A94E2F76B
:1002100081B3802B81BB209100013091010187E2E5
:1002200090E0289FA001299F500D389F500D112468
:10023000CA010E946600902F909581B3892381BBEB
:100240008091000190910101880F991FD3CF78947C
:10025000CF911F910F91FF90EF900895EF92FF9231
:100260000F931F93CF93E62EC0E0F89498E0F92EF9
:10027000C5950E2D112721E030E0002E02C0220F7F
:10028000331F0A94E2F781B3822B81BB0000000088
:10029000000000000000000000000000000000005E
:1002A000000000000000000000000000922F909568
:1002B00081B3892381BB80910001909101010E944B
:1002C000660080B3992702C0959587950A95E2F755
:1002D00080FF15C0C06880910001909101012CE25F
:1002E00030E0829FA001839F500D929F500D1124FA
:1002F000CA010E946600FA9409F0BACF02C0CF7713
:10030000EACF78948C2F992787FD9095CF911F91F4
:100310000F91FF90EF900895CF92DF92EF92FF92AE
:100320000F931F937C018B016A010E946C004CECBF
:1003300064E082B30E94CA004C2D602F8E2D0E9473
:10034000CA00602F8E2D0E942E0199271F910F91B8
:10035000FF90EF90DF90CF900895CF92DF92EF92D1
:10036000FF920F931F938C017B016A010E946C0026
:100370004CEC64E082B30E94CA004C2D6E2D802F9D
:100380000E94CA0080E090E01F910F91FF90EF90D3
:10039000DF90CF900895EF92FF920F931F93082F55
:1003A000162FF42EE22E0E946C004F2D612F802F0D
:1003B0000E94CA004E2D612F802F0E94CA0080E04B
:1003C00090E01F910F91FF90EF90089564E082B349
:1003D0000E946C00882319F480E090E013C082B37F
:1003E000992744E450E064E070E00E94AD0182B3DC
:1003F00099274EEB50E064E070E00E948C01992751
:1004000087FD909508952F923F924F925F926F9241
:100410007F928F929F92AF92BF92CF92DF92EF9294
:10042000FF920F931F93CF93DF93CDB7DEB7CA56DA
:10043000D1400FB6F894DEBF0FBECDBFC759DE4F17
:1004400088839983C956D14000E010E0FFEF4F2E1A
:100450005F2E3801E0E3DE2ED98278010894E11C9A
:10046000F11C1A828091680B9091690B833A910577
:1004700011F40C94AC0B8091680B9091690B813A4C
:10048000910509F47DC58091680B9091690B803AC4
:10049000910539F1C70101969093BB058093BA0588
:1004A0000894E108F108EA8200E010E00817190753
:1004B00014F00C942A13C759DE4FA881B981C9568C
:1004C000D140FE01E00FF11F81818D930F5F1F4F1F
:1004D0008091BA059091BB050817190794F30C9405
:1004E0002A136AE171E08EE59BE00E942265892B68
:1004F00009F4BAC480919B0D90919C0D6816790601
:100500004CF6049734F082E090E090939C0D809339
:100510009B0D0894611C711C0894E11CF11C9E0148
:100520002F5F3F4FF701E20FF31F80E380830894B2
:10053000E11CF11C17010894E11CF11CF701E20F0A
:10054000F31F86E080830894E11CF11CA701420F91
:10055000531F0CE310E0609E9001619E300D709E71
:10056000300D1124D901AB58B44FFD01019000208A
:10057000E9F73197EA1BFB0B8E2F8F5FFA0180831F
:1005800060E070E00894411C511C240D351D285A70
:10059000344FF901858D882319F10894E11CF11C71
:1005A00028E53BE0609ED001619EB00D709EB00DCD
:1005B0001124FD01E40DF51DE20FF31F858D4F5F42
:1005C0005F4FFA0180836F5F7F4F0894411C511C7D
:1005D000A40DB51DA20FB31F5D968C918823E9F67B
:1005E0000894E11CF11C8E010F5F1F4FF701E00F13
:1005F000F11F10829201261B370B8CE390E0689E5E
:10060000F001699EF00D789EF00D1124E20FF31FAA
:10061000E85AF44F858D8B3281F182E090E090931F
:10062000720B8093710B1092740B1092730B80916C
:10063000710B9091720B029779F0FE01E20DF31DA0
:100640008E2D8219818380919B0D90919C0D68164F
:1006500079060CF456CF1ECF0894E11CF11CFE0164
:100660003196D701AE0FBF1F85E08C930894E11C33
:10067000F11CEE0DFF1D1082E0CF868D863069F0F3
:1006800082E090E09093720B8093710B81E090E098
:100690009093740B8093730BCACF878D813039F0A0
:1006A00082E090E09093720B8093710BF1CF80A168
:1006B000823009F44CC2843009F43CC282E090E0FC
:1006C0009093720B8093710B83E090E09093740B86
:1006D0008093730B8CE390E0689EF001699EF00DAF
:1006E000789EF00D1124E20FF31FE85AF44F84A115
:1006F000813009F492C0823049F082E090E090931A
:10070000720B8093710B83E090E0C2CF85A18130A2
:1007100009F441C08CE390E0689EF001699EF00D01
:10072000789EF00D1124E20FF31FE85AF44F85A1D3
:10073000823009F07CCF0894E11CF11CF701E00F36
:10074000F11F80830894E11CF11CF701E00FF11FF9
:1007500081E080830E94E601992787FD9095909320
:10076000C5058093C4050894E11CF11CF701E00F56
:10077000F11F97FD01969595879580839F938F93A1
:100780008FE392E09F938F930E940B590F900F90ED
:100790000F900F904CCF0894E11CF11CF701E00F73
:1007A000F11F84E08083BDE2CB2EB1E0DB2ECC0EC6
:1007B000DD1E6BE072E0C6010E9404650894E11C36
:1007C000F11CD701A00FB11FF60101900020E9F73D
:1007D0003197EC19FD09EC93F60101900020E9F73F
:1007E000319700E010E0EC15FD0509F420CF9601EB
:1007F0000894E11CF11CF90181919F0111968C93E1
:100800000F5F1F4FF60101900020E9F73197EC19B7
:10081000FD090E171F0760F30ACF85A199278430C1
:10082000910509F46FC1853091050CF0A9C08230A3
:10083000910509F48BC0833091050CF045C00197F8
:1008400009F0F5CE0894E11CF11CF701E00FF11F4F
:1008500084E08083FDE2CF2EF1E0DF2ECC0EDD1EA2
:1008600067EB71E0C6010E9404650894E11CF11C6D
:10087000D701A00FB11FF60101900020E9F73197D1
:10088000EC19FD09EC93F60101900020E9F731978E
:1008900000E010E0EC15FD0509F4C9CE96010894BE
:1008A000E11CF11CF90181919F0111968C930F5F5E
:1008B0001F4FF60101900020E9F73197EC19FD096F
:1008C0000E171F0760F3B3CE0894E11CF11CF7016B
:1008D000E00FF11F84E08083EDE2CE2EE1E0DE2E1A
:1008E000CC0EDD1E6CEC71E0C6010E94046508941C
:1008F000E11CF11CD701A00FB11FF60101900020EF
:10090000E9F73197EC19FD09EC93F601019000200D
:10091000E9F7319700E010E0EC15FD0509F487CE0A
:1009200096010894E11CF11CF90181919F01119637
:100930008C930F5F1F4FF60101900020E9F731976C
:10094000EC19FD090E171F0760F371CE0894E11C26
:10095000F11CF701E00FF11F82E080830894E11C95
:10096000F11CF701E00FF11F81E080830894E11C86
:10097000F11C0E0D1F1D8091BC05F801808357CE20
:100980008630910509F4A6C0863091050CF460C04C
:1009900087309105D9F0089709F049CE0894E11CF9
:1009A000F11CF701E00FF11F82E080830894E11C45
:1009B000F11CF701E00FF11F81E080830894E11C36
:1009C000F11C0E0D1F1D8091C205D7CF0894E11CAC
:1009D000F11CF701E00FF11F84E080836DE2C62E69
:1009E00061E0D62ECC0EDD1E66EF71E0C6010E94DE
:1009F00004650894E11CF11CD701A00FB11FF6019A
:100A000001900020E9F73197EC19FD09EC93F6010C
:100A100001900020E9F7319700E010E0EC15FD05AA
:100A200009F405CE96010894E11CF11CF9018191AD
:100A30009F0111968C930F5F1F4FF60101900020CC
:100A4000E9F73197EC19FD090E171F0760F3EFCD99
:100A50000894E11CF11CF701E00FF11F84E0808392
:100A60007DE2C72E71E0D72ECC0EDD1E61EE71E067
:100A7000C6010E9404650894E11CF11CD701A00F77
:100A8000B11FF60101900020E9F73197EC19FD093B
:100A9000EC93F60101900020E9F7319700E010E0B7
:100AA000EC15FD0509F4C3CD96010894E11CF11C79
:100AB000F90181919F0111968C930F5F1F4FF601F1
:100AC00001900020E9F73197EC19FD090E171F0777
:100AD00060F3ADCD0894E11CF11CF701E00FF11FAC
:100AE00082E080830894E11CF11CF701E00FF11F04
:100AF00081E080830894E11CF11C0E0D1F1D809184
:100B0000C0053BCF0894E11CF11CF701E00FF11F79
:100B100082E080830894E11CF11CF701E00FF11FD3
:100B200081E080830894E11CF11C0E0D1F1D809153
:100B3000BE0523CF81A1813009F0C0CD82A18730CD
:100B400009F0BCCD83A1813009F0B8CDC3CD81A11E
:100B5000813049F082E090E09093720B8093710BAA
:100B600084E090E095CD22A1213049F082E090E030
:100B70009093720B8093710B85E090E089CD84A1F6
:100B80008823A1F783A199278430910509F42AC10C
:100B9000853091050CF080C08230910509F46CC05D
:100BA000833091050CF04DC0019749F082E090E050
:100BB0009093720B8093710B86E090E069CD08945E
:100BC000E11CF11CF701E00FF11F84E080835DE27E
:100BD000C52E51E0D52ECC0EDD1E69E271E0C601B6
:100BE0000E9404650894E11CF11CD701A00FB11FFD
:100BF000F60101900020E9F73197EC19FD09EC931B
:100C0000F60101900020E9F7319700E010E0EC15C3
:100C1000FD0509F40CCD96010894E11CF11CF901C5
:100C200081919F0111968C930F5F1F4FF6010190E8
:100C30000020E9F73197EC19FD090E171F0760F343
:100C4000F6CC0894E11CF11CF701E00FF11F83E4DE
:100C500080830894E11CF11CF701E00FF11F208351
:100C60000894E11CF11C0E0D1F1D0E94BC649093A2
:100C7000BB078093BA0781CE0894E11CF11CF701F1
:100C8000E00FF11F85E080830894E11CF11C0E0D3C
:100C90001F1DF8011082CBCC8630910509F460C08D
:100CA00086309105DCF0079709F080CF0894E11CAD
:100CB000F11CF701E00FF11F83E480830894E11C2D
:100CC000F11CF701E00FF11F81E080830894E11C23
:100CD000F11C0E0D1F1D8091B5014FCE0894E11C33
:100CE000F11CF701E00FF11F84E080833DE2C32E89
:100CF00031E0D32ECC0EDD1E65E871E0C6010E9406
:100D000004650894E11CF11CD701A00FB11FF60186
:100D100001900020E9F73197EC19FD09EC93F601F9
:100D200001900020E9F7319700E010E0EC15FD0597
:100D300009F47DCC96010894E11CF11CF901819124
:100D40009F0111968C930F5F1F4FF60101900020B9
:100D5000E9F73197EC19FD090E171F0760F367CC0F
:100D60000894E11CF11CF701E00FF11F84E080837F
:100D70002DE2C22E21E0D22ECC0EDD1E60EA71E003
:100D8000C6010E9404650894E11CF11CD701A00F64
:100D9000B11FF60101900020E9F73197EC19FD0928
:100DA000EC93F60101900020E9F7319700E010E0A4
:100DB000EC15FD0509F43BCC96010894E11CF11CEF
:100DC000F90181919F0111968C930F5F1F4FF601DE
:100DD00001900020E9F73197EC19FD090E171F0764
:100DE00060F325CC0894E11CF11CF701E00FF11F22
:100DF00084E080834DE2C42E41E0D42ECC0EDD1E73
:100E000067E671E0C6010E9404650894E11CF11CCC
:100E1000D701A00FB11FF60101900020E9F731972B
:100E2000EC19FD09EC93F60101900020E9F73197E8
:100E300000E010E0EC15FD0509F4F9CB96010894EB
:100E4000E11CF11CF90181919F0111968C930F5FB8
:100E50001F4FF60101900020E9F73197EC19FD09C9
:100E60000E171F0760F3E3CB89E190E09093720BBC
:100E70008093710B81E090E09093740B8093730BDF
:100E8000E80EF91E9E01280F391FF701E20FF31F2C
:100E900080E380830894E11CF11C17010894611C15
:100EA000711C0894E11CF11CF701E20FF31F86E0AE
:100EB00080830894E11CF11C2E0D3F1D6CE370E053
:100EC000669ED001679EB00D769EB00D1124CD01B7
:100ED0008B58944FFC0101900020E9F73197E81BF3
:100EE000F90B8E2F8F5FF90180830894411C511CF0
:100EF000A40DB51DA85AB44F5D968C91882311F1AD
:100F0000A9010894E11CF11C28E53BE0669ED00194
:100F1000679EB00D769EB00D1124FD01E40DF51D08
:100F2000E20FF31F858D4F5F5F4FFA0180830894B6
:100F3000411C511CA40DB51DA20FB31F5D968C91D1
:100F40008823F9F60894E11CF11CDE011196F701E3
:100F5000EA0FFB1F10820894E11CF11CF701EA0F55
:100F6000FB1F85E080830894E11CF11CF701EA0F68
:100F7000FB1F1082A20DB31D8E2D82198C938ACA7D
:100F80000894E11CF11CDE011196F701EA0FFB1F2A
:100F900080E380830894E11CF11C17010894E11C94
:100FA000F11CAE0DBF1D86E08C9344245524320104
:100FB00080919B0D90919C0D481659060CF063CAC8
:100FC000049734F082E090E090939C0D80939B0D09
:100FD0000894611C711C20E030E08CE390E0689E76
:100FE000F001699EF00D789EF00D1124E85AF44F3F
:100FF000858D8B3209F4ADC340E050E0868D86309C
:1010000009F041E024233523232B09F4A2C00894DE
:10101000E11CF11CDE011196AE0DBF1D21E231E095
:10102000F90101900020E9F73197E21BF30B8E2FB5
:101030008F5F8C93F90101900020E9F7319700E070
:1010400010E0E217F307A9F0A9010894E11CF11CD4
:10105000FA018191AF0111968C930F5F1F4FF90137
:1010600001900020E9F73197E21BF30B0E171F07E1
:1010700060F30894E11CF11C8E010F5F1F4FF70114
:10108000E00FF11F10820894E11CF11CF701E00F42
:10109000F11F84E080833DE2C32E31E0D32ECC0EDD
:1010A000DD1E69E271E0C6010E9404650894E11C3E
:1010B000F11CD701A00FB11FF60101900020E9F744
:1010C0003197EC19FD09EC93F60101900020E9F746
:1010D000319700E010E0EC15FD05A9F096010894A9
:1010E000E11CF11CF90181919F0111968C930F5F16
:1010F0001F4FF60101900020E9F73197EC19FD0927
:101100000E171F0760F38091710B9091720B02977D
:1011100079F0FE01E20DF31D8E2D821981838091FD
:101120009B0D90919C0D681679060CF449CFABC9C4
:101130000894E11CF11CFE013196D701AE0FBF1FD0
:1011400085E08C930894E11CF11CEE0DFF1D1082CC
:10115000E0CF8CE390E0689EF001699EF00D789EF0
:10116000F00D1124E85AF44F858D8B3261F6868D8F
:10117000863049F6878D813031F680A1823019F6AC
:1011800081A1813009F0BFCF82A1813009F0BBCFAE
:1011900083A199278430910509F45DC285309105BA
:1011A0000CF048C18230910509F4E2C0833091050A
:1011B0000CF060C0019769F082E090E09093720BB0
:1011C0008093710B86E090E09093740B8093730B87
:1011D0009ACF6FE471E0CE01835D9E4F0E9404655B
:1011E0000894E11CF11CDE011196AE0DBF1D2FE429
:1011F00031E0F90101900020E9F73197E21BF30B90
:101200008E2F8F5F8C93F90101900020E9F73197C1
:1012100000E010E0E217F307A9F0A9010894E11C2F
:10122000F11CFA018191AF0111968C930F5F1F4F52
:10123000F90101900020E9F73197E21BF30B0E173B
:101240001F0760F30894E11CF11CDE011196F70101
:10125000EA0FFB1F10820894E11CF11CF701EA0F52
:10126000FB1F85E080830894E11CF11CAE0DBF1DBF
:101270001C9249CF0894E11CF11CDE011196AE0DC1
:10128000BF1D2FE531E0F90101900020E9F731970A
:10129000E21BF30B8E2F8F5F8C93F90101900020DE
:1012A000E9F7319700E010E0E217F307A9F0A90190
:1012B0000894E11CF11CFA018191AF0111968C9305
:1012C0000F5F1F4FF90101900020E9F73197E21BF2
:1012D000F30B0E171F0760F30894E11CF11C8E013D
:1012E0000F5F1F4FF701E00FF11F10820894E11C00
:1012F000F11CF701E00FF11F84E080832DE2C22E84
:1013000021E0D22ECC0EDD1E67E671E0C6010E9400
:1013100004650894E11CF11CD701A00FB11FF60170
:1013200001900020E9F73197EC19FD09EC93F601E3
:1013300001900020E9F7319700E010E0EC15FD0581
:1013400009F4E1CE96010894E11CF11CF9018191A8
:101350009F0111968C930F5F1F4FF60101900020A3
:10136000E9F73197EC19FD090E171F0760F3CBCE93
:1013700067E571E0CE01835D9E4F0E94046508948D
:10138000E11CF11CDE011196AE0DBF1D27E531E019
:10139000F90101900020E9F73197E21BF30B8E2F42
:1013A0008F5F8C93F90101900020E9F7319700E0FD
:1013B00010E0E217F307A9F0A9010894E11CF11C61
:1013C000FA018191AF0111968C930F5F1F4FF901C4
:1013D00001900020E9F73197E21BF30B0E171F076E
:1013E00060F30894E11CF11C9E012F5F3F4FF70151
:1013F000E20FF31F10820894E11CF11CF701E20FC9
:10140000F31F83E480830894E11CF11CF701E20FD1
:10141000F31F81E080830894E11CF11C8701020F17
:10142000131F0E94BC649093BB078093BA07F80116
:10143000808369CE8630910509F4D9C08630910544
:101440000CF457C0079709F0B7CE0894E11CF11CC3
:10145000DE011196AE0DBF1D2DEA31E0F9010190BC
:101460000020E9F73197E21BF30B8E2F8F5F8C93EF
:10147000F90101900020E9F7319700E010E0E21750
:10148000F307A9F0A9010894E11CF11CFA0181916C
:10149000AF0111968C930F5F1F4FF901019000204F
:1014A000E9F73197E21BF30B0E171F0760F308945F
:1014B000E11CF11CDE011196F701EA0FFB1F1082FF
:1014C0000894E11CF11CF701EA0FFB1F83E4808301
:1014D0000894E11CF11CF701EA0FFB1F81E08083F7
:1014E0000894E11CF11CAE0DBF1D8091B5018C93D9
:1014F0000ACE0894E11CF11CDE011196AE0DBF1D51
:1015000028E931E0F90101900020E9F73197E21B69
:10151000F30B8E2F8F5F8C93F90101900020E9F778
:10152000319700E010E0E217F307A9F0A901089451
:10153000E11CF11CFA018191AF0111968C930F5FB0
:101540001F4FF90101900020E9F73197E21BF30BDF
:101550000E171F0760F30894E11CF11C8E010F5F4A
:101560001F4FF701E00FF11F10820894E11CF11CDE
:10157000F701E00FF11F84E080838DE2C82E81E047
:10158000D82ECC0EDD1E60EA71E0C6010E94046513
:101590000894E11CF11CD701A00FB11FF6010190C6
:1015A0000020E9F73197EC19FD09EC93F601019061
:1015B0000020E9F7319700E010E0EC15FD0509F493
:1015C000A2CD96010894E11CF11CF90181919F01C3
:1015D00011968C930F5F1F4FF60101900020E9F7E1
:1015E0003197EC19FD090E171F0760F38CCD089495
:1015F000E11CF11CDE011196AE0DBF1D2DEA31E09C
:10160000F90101900020E9F73197E21BF30B8E2FCF
:101610008F5F8C93F90101900020E9F7319700E08A
:1016200010E0E217F30709F442CFA9010894E11C86
:10163000F11CFA018191AF0111968C930F5F1F4F3E
:10164000F90101900020E9F73197E21BF30B0E1727
:101650001F0760F32CCF0894E11CF11CDE011196EA
:10166000AE0DBF1D2DE731E0F90101900020E9F733
:101670003197E21BF30B8E2F8F5F8C93F901019052
:101680000020E9F7319700E010E0E217F307A9F036
:10169000A9010894E11CF11CFA018191AF01119696
:1016A0008C930F5F1F4FF90101900020E9F73197EC
:1016B000E21BF30B0E171F0760F30894E11CF11CEB
:1016C0008E010F5F1F4FF701E00FF11F108208948A
:1016D000E11CF11CF701E00FF11F84E080839DE223
:1016E000C92E91E0D92ECC0EDD1E65E871E0C60151
:1016F0000E9404650894E11CF11CD701A00FB11FE2
:10170000F60101900020E9F73197EC19FD09EC93FF
:10171000F60101900020E9F7319700E010E0EC15A8
:10172000FD0509F4F0CC96010894E11CF11CF901C7
:1017300081919F0111968C930F5F1F4FF6010190CD
:101740000020E9F73197EC19FD090E171F0760F328
:10175000DACC21E030E050CC62E171E08EE59BE034
:101760000E942265892B09F418C780919B0D9091E6
:101770009C0D0817190714F00C943B02049734F0E1
:1017800082E090E090939C0D80939B0D0894E11C67
:10179000F11C9E012F5F3F4FF701E20FF31F80E323
:1017A00080830894E11CF11C17010894611C711CD2
:1017B0000894E11CF11CF701E20FF31F86E080831F
:1017C0000894E11CF11CA701420F531F0CE310E029
:1017D000609E9001619E300D709E300D1124D901E4
:1017E000AB58B44FFD0101900020E9F73197EA1B97
:1017F000FB0B8E2F8F5FFA01808360E070E008940E
:10180000411C511C240D351D285A344FF901858D7A
:10181000882319F10894E11CF11C28E53BE0609E47
:10182000D001619EB00D709EB00D1124FD01E40D3C
:10183000F51DE20FF31F858D4F5F5F4FFA01808327
:101840006F5F7F4F0894411C511CA40DB51DA20F62
:10185000B31F5D968C918823E9F60894E11CF11C76
:101860005E010894A11CB11CF701EA0DFB1D10825A
:101870009201261B370B8CE390E0689ED001699E95
:10188000B00D789EB00D1124FD01E20FF31FE85A50
:10189000F44F858D8B3209F44CC082E090E0909338
:1018A000720B8093710B1092740B1092730B40E0CB
:1018B00050E02091710B3091720B22303105B1F163
:1018C00080E090E02430310571F1842B952B40E0CD
:1018D00050E02330310521F1842B952B892B81F0A9
:1018E0000894E11CF11CFE013196D701AE0FBF1F19
:1018F00085E08C930894E11CF11CEE0DFF1D108215
:10190000FE01E20DF31D8E2D8219818380919B0DC6
:1019100090919C0D681679060CF430CF0C943B0224
:1019200041E050E0D9CF81E090E0CFCF41E050E0FE
:10193000C7CF868D863069F082E090E09093720B7D
:101940008093710B81E090E09093740B8093730B04
:10195000AECF878D813039F082E090E09093720BAA
:101960008093710BF1CF80A1823009F43CC48430A4
:1019700049F082E090E09093720B8093710B83E0CA
:1019800090E0E2CF81A18130A1F782A1873089F771
:1019900083A1813071F744A1413009F4A8C04230DD
:1019A00041F785A1813089F0A20FB31FA85AB44F27
:1019B00095968C918230E9F684E090E09093720BDA
:1019C0008093710B86E090E0BFCF82E390E0689E49
:1019D000F001699EF00D789EF00D1124E85AF44F45
:1019E000E75BFE4F8081E954F140843049F083E0A9
:1019F00090E09093720B8093710B87E090E0A4CFFE
:101A0000E65BFE4F8081C82EDD2402E010E083E01B
:101A100090E0C80ED91E0C151D053CF56BE0862E16
:101A200062E0962E82E390E0689EF001699EF00DE0
:101A3000789EF00D1124E00FF11FEF55F34F8081D8
:101A4000F40181934F0199279F938F9382E592E050
:101A50009F938F930E940B590F900F900F900F90B0
:101A60000F5F1F4F0C151D05ECF20894E11CF11CD3
:101A7000F701EA0DFB1D84E080835DE2C52E51E095
:101A8000D52ECC0EDD1E6BE072E0C6010E9404650F
:101A90000894E11CF11CD701AA0DBB1DF6010190B1
:101AA0000020E9F73197EC19FD09EC93F60101905C
:101AB0000020E9F7319700E010E0EC15FD0509F48E
:101AC000F6CE96010894E11CF11CF90181919F0169
:101AD00011968C930F5F1F4FF60101900020E9F7DC
:101AE0003197EC19FD090E171F0760F3E0CE85A1B1
:101AF00099278430910509F42AC3853091050CF0AB
:101B00006BC18230910509F41BC1833091050CF043
:101B10008DC0019709F0CBCE82E390E0689EF00182
:101B2000699EF00D789EF00D1124E85AF44FE75BA2
:101B3000FE4F8081E954F140843009F058CFE65BD4
:101B4000FE4F8081C82EDD2402E010E083E090E0AB
:101B5000C80ED91E0C151D053CF547EB842E41E03F
:101B6000942E82E390E0689EF001699EF00D789ECD
:101B7000F00D1124E00FF11FEF55F34F8081F401B8
:101B800081934F0199279F938F9382E592E09F93D2
:101B90008F930E940B590F900F900F900F900F5F33
:101BA0001F4F0C151D05ECF20894E11CF11CF70108
:101BB000EA0DFB1D84E080833DE2C32E31E0D32E8D
:101BC000CC0EDD1E67EB71E0C6010E94046508942F
:101BD000E11CF11CD701AA0DBB1DF60101900020EC
:101BE000E9F73197EC19FD09EC93F601019000201B
:101BF000E9F7319700E010E0EC15FD0509F457CE48
:101C000096010894E11CF11CF90181919F01119644
:101C10008C930F5F1F4FF60101900020E9F7319779
:101C2000EC19FD090E171F0760F341CE82E390E027
:101C3000689EF001699EF00D789EF00D1124E85A1F
:101C4000F44FE75BFE4F8081E954F140843009F0A6
:101C5000CECEE65BFE4F8081C82EDD2402E010E090
:101C600083E090E0C80ED91E0C151D053CF52CEC48
:101C7000822E21E0922E82E390E0689EF001699E20
:101C8000F00D789EF00D1124E00FF11FEF55F34F8A
:101C90008081F40181934F0199279F938F9382E56F
:101CA00092E09F938F930E940B590F900F900F908B
:101CB0000F900F5F1F4F0C151D05ECF20894E11CEF
:101CC000F11CF701EA0DFB1D84E080839DE2C92E23
:101CD00091E0D92ECC0EDD1E6CEC71E0C6010E94A5
:101CE00004650894E11CF11CD701AA0DBB1DF60187
:101CF00001900020E9F73197EC19FD09EC93F6010A
:101D000001900020E9F7319700E010E0EC15FD05A7
:101D100009F4CDCD96010894E11CF11CF9018191E3
:101D20009F0111968C930F5F1F4FF60101900020C9
:101D3000E9F73197EC19FD090E171F0760F3B7CDCE
:101D400082E390E0689EF001699EF00D789EF00DB0
:101D50001124E85AF44FE75BFE4F9081E954F140BB
:101D6000923009F044CEE55BFE4F8081282F332767
:101D70003093BD052093BC050894E11CF11CF701CC
:101D8000EA0DFB1D90830894E11CF11CF701EA0D9C
:101D9000FB1D40830894E11CF11CAE0CBF1C80911C
:101DA000BC05F50180833F932F938FE592E09F93CD
:101DB0008F930E940B598091BC059091BD050F90A7
:101DC0000F900F900F90181619061CF4889A909A8D
:101DD0006ECD889A90986BCD8630910509F46BC1D1
:101DE000863091050CF4DDC08730910509F44FC0B1
:101DF000089709F05CCD82E390E0689EF001699E4F
:101E0000F00D789EF00D1124E85AF44FE75BFE4F79
:101E10009081E954F140923009F0E9CDE55BFE4F45
:101E20008081282F33273093C3052093C20508945F
:101E3000E11CF11CF701EA0DFB1D90830894E11CE5
:101E4000F11CF701EA0DFB1D40830894E11CF11C15
:101E5000AE0CBF1C8091C205F50180833F932F9388
:101E600082E792E09F938F930E940B598091C20565
:101E70009091C3050F900F900F900F9018161906B0
:101E80001CF48B9A939A13CD8B9A939810CD82E37E
:101E900090E0689EF001699EF00D789EF00D11248F
:101EA000E85AF44FE75BFE4F8081E954F1408430FB
:101EB00009F09DCDE65BFE4F8081C82EDD2402E057
:101EC00010E083E090E0C80ED91E0C151D053CF50E
:101ED000B6EF8B2EB1E09B2E82E390E0689EF0017E
:101EE000699EF00D789EF00D1124E00FF11FEF5563
:101EF000F34F8081F40181934F0199279F938F9332
:101F000082E592E09F938F930E940B590F900F9060
:101F10000F900F900F5F1F4F0C151D05ECF20894EA
:101F2000E11CF11CF701EA0DFB1D84E08083ADE2AA
:101F3000CA2EA1E0DA2ECC0EDD1E66EF71E0C601DE
:101F40000E9404650894E11CF11CD701AA0DBB1D79
:101F5000F60101900020E9F73197EC19FD09EC93A7
:101F6000F60101900020E9F7319700E010E0EC1550
:101F7000FD0509F49CCC96010894E11CF11CF901C3
:101F800081919F0111968C930F5F1F4FF601019075
:101F90000020E9F73197EC19FD090E171F0760F3D0
:101FA00086CC82E390E0689EF001699EF00D789EF9
:101FB000F00D1124E85AF44FE75BFE4F8081E9549D
:101FC000F140843009F013CDE65BFE4F8081C82ECE
:101FD000DD2402E010E083E090E0C80ED91E0C156D
:101FE0001D053CF581EE882E81E0982E82E390E07D
:101FF000689EF001699EF00D789EF00D1124E00FAF
:10200000F11FEF55F34F8081F40181934F01992720
:102010009F938F9382E592E09F938F930E940B5939
:102020000F900F900F900F900F5F1F4F0C151D0515
:10203000ECF20894E11CF11CF701EA0DFB1D84E0B1
:1020400080831DE2C12E11E0D12ECC0EDD1E61EE8B
:1020500071E0C6010E9404650894E11CF11CD701DF
:10206000AA0DBB1DF60101900020E9F73197EC198C
:10207000FD09EC93F60101900020E9F7319700E0AB
:1020800010E0EC15FD0509F412CC96010894E11C52
:10209000F11CF90181919F0111968C930F5F1F4FE5
:1020A000F60101900020E9F73197EC19FD090E17B0
:1020B0001F0760F3FCCB82E390E0689EF001699E0D
:1020C000F00D789EF00D1124E85AF44FE75BFE4FB7
:1020D0009081E954F140923009F089CCE55BFE4FE4
:1020E0008081282F33273093C1052093C0050894A1
:1020F000E11CF11CF701EA0DFB1D90830894E11C23
:10210000F11CF701EA0DFB1D40830894E11CF11C52
:10211000AE0CBF1C8091C005F50180833F932F93C7
:1021200085E892E09F938F930E940B598091C005A0
:102130009091C1050F900F900F900F9018161906EF
:102140001CF48A9A929AB3CB8A9A9298B0CB82E383
:1021500090E0689EF001699EF00D789EF00D1124CC
:10216000E85AF44FE75BFE4F9081E954F14092301A
:1021700009F03DCCE55BFE4F8081282F332730935B
:10218000BF052093BE050894E11CF11CF701EA0D80
:10219000FB1D90830894E11CF11CF701EA0DFB1D67
:1021A00040830894E11CF11CAE0CBF1C8091BE055D
:1021B000F50180833F932F9388E992E09F938F935B
:1021C0000E940B598091BE059091BF050F900F9012
:1021D0000F900F90181619061CF4899A919A67CBE4
:1021E000899A919864CB81A1813049F082E090E096
:1021F0009093720B8093710B84E090E0A5CB82A149
:10220000813049F082E090E09093720B8093710BE3
:1022100085E090E099CB84A18823A1F783A1992739
:102220008430910509F42FC18530910574F4823012
:10223000910509F4C1CB833091050CF0BDCB01971A
:1022400009F4BACB82E090E0B9CB8630910509F46D
:1022500090C0863091051CF00797A1F7ADCB82E3C3
:1022600090E0689EF001699EF00D789EF00D1124BB
:10227000E85AF44FE75BFE4F8081E954F140843027
:1022800009F0B5CBE65BFE4F8081C82EDD2402E06D
:1022900010E083E090E0C80ED91E0C151D053CF53A
:1022A00075E8872E71E0972E82E390E0689EF0013A
:1022B000699EF00D789EF00D1124E00FF11FEF558F
:1022C000F34F8081F40181934F0199279F938F935E
:1022D00082E592E09F938F930E940B590F900F908D
:1022E0000F900F900F5F1F4F0C151D05ECF2089417
:1022F000E11CF11CF701EA0DFB1D84E080836DE217
:10230000C62E61E0D62ECC0EDD1E65E871E0C6015A
:102310000E9404650894E11CF11CD701AA0DBB1DA5
:10232000F60101900020E9F73197EC19FD09EC93D3
:10233000F60101900020E9F7319700E010E0EC157C
:10234000FD0509F4B4CA96010894E11CF11CF901D9
:1023500081919F0111968C930F5F1F4FF6010190A1
:102360000020E9F73197EC19FD090E171F0760F3FC
:102370009ECA82E390E0689EF001699EF00D789E0F
:10238000F00D1124E85AF44FE75BFE4F8081E954C9
:10239000F140843009F02BCBE65BFE4F8081C82EE4
:1023A000DD2402E010E083E090E0C80ED91E0C1599
:1023B0001D053CF550EA852E51E0952E82E390E014
:1023C000689EF001699EF00D789EF00D1124E00FDB
:1023D000F11FEF55F34F8081F40181934F0199274D
:1023E0009F938F9382E592E09F938F930E940B5966
:1023F0000F900F900F900F900F5F1F4F0C151D0542
:10240000ECF20894E11CF11CF701EA0DFB1D84E0DD
:1024100080834DE2C42E41E0D42ECC0EDD1E60EA56
:1024200071E0C6010E9404650894E11CF11CD7010B
:10243000AA0DBB1DF60101900020E9F73197EC19B8
:10244000FD09EC93F60101900020E9F7319700E0D7
:1024500010E0EC15FD0509F42ACA96010894E11C68
:10246000F11CF90181919F0111968C930F5F1F4F11
:10247000F60101900020E9F73197EC19FD090E17DC
:102480001F0760F314CA82E390E0689EF001699E22
:10249000F00D789EF00D1124E85AF44FE75BFE4FE3
:1024A0008081E954F140843009F0A1CAE65BFE4F17
:1024B0008081C82EDD2402E010E083E090E0C80EA9
:1024C000D91E0C151D053CF5F7E68F2EF1E09F2E69
:1024D00082E390E0689EF001699EF00D789EF00D19
:1024E0001124E00FF11FEF55F34F8081F401819328
:1024F0004F0199279F938F9382E592E09F938F934B
:102500000E940B590F900F900F900F900F5F1F4F6D
:102510000C151D05ECF20894E11CF11CF701EA0D05
:10252000FB1D84E08083EDE2CE2EE1E0DE2ECC0EBA
:10253000DD1E67E671E0C6010E9404650894E11C97
:10254000F11CD701AA0DBB1DF60101900020E9F78F
:102550003197EC19FD09EC93F60101900020E9F7A1
:10256000319700E010E0EC15FD0509F4A0C99601D3
:102570000894E11CF11CF90181919F0111968C9343
:102580000F5F1F4FF60101900020E9F73197EC191A
:10259000FD090E171F0760F38AC989E190E0909347
:1025A000720B8093710BF092740BE092730BDB82D1
:1025B000370186E08D8375E0E72EF12C6CE370E047
:1025C000DB01AB58B44FFD0101900020E9F7E40DA9
:1025D000F51DEA1BFB0B8E2F8F5F8E8328018091E8
:1025E000B10B8823D9F0AB01DE0116960894E11CEB
:1025F000F11C28E53BE0FA01E20FF31F858D1196EF
:102600008C934F5F5F4F0894411C511CF201E60F01
:10261000F71FE20FF31F858D882341F70894E11C13
:10262000F11CDE011196F701EA0FFB1F10820894DE
:10263000E11CF11CF701EA0FFB1F85E08083089481
:10264000E11CF11CAE0DBF1D1C928E2D83508C839E
:102650000C943B02C659DE4F0FB6F894DEBF0FBE96
:10266000CDBFDF91CF911F910F91FF90EF90DF9041
:10267000CF90BF90AF909F908F907F906F905F9022
:102680004F903F902F900895CF92DF92EF92FF925C
:102690000F931F93CF93DF93CDB7DEB7CC52D140CA
:1026A0000FB6F894DEBF0FBECDBF6C017B0120E0FA
:1026B00030E080E389831A8282E08B8381E08C831F
:1026C0002D8384E08E8380915C0B8F8340915C0B23
:1026D00050915D0B2417350764F4DE011896F9015B
:1026E000E85AF44F86818D932F5F3F4F24173507AB
:1026F000B4F3D90117968091680B9091690B823AD7
:10270000910509F495C0833A910508F097C0803A85
:10271000910509F48DC0813A910509F489C0BD0184
:102720006F5F7F4FDB0111969E012F5F3F4FFD01D1
:10273000E20FF31F82E080831196FD01E20FF31F89
:1027400080916A0B808320E030E000916A0B109149
:102750006B0B201731077CF4AF011196F901E85A91
:10276000F44F84894F5F5F4FFA0180832F5F3F4FA3
:102770002017310794F311969E012F5F3F4FFD0103
:10278000E20FF31F42E040831196FD01E20FF31FB9
:1027900091E090831196FD01E20FF31F8091710B80
:1027A0008083B093720BA093710B1196FD01E20F21
:1027B000F31F40831196FD01E20FF31F90831196E2
:1027C000FD01E20FF31F8091730B8083B093740BB4
:1027D000A093730B1E141F0474F4A6018F019701BC
:1027E0001196FA018191AF010F5F1F4FF8018083AD
:1027F00021503040A9F78D010150104000381105DB
:1028000094F40A83FE01E60FF71F802F861B8F5F6B
:1028100081830E5F1F4F1093BB050093BA0520E024
:1028200030E0D60117C08BEA92E00E940F58F1CF3A
:10283000FE01EA0FFB1F82EA818371CF833A910583
:10284000B9F3843A910509F06ACFFE01EA0FFB1F44
:1028500084EAF2CFFE01E20FF31F81818D932F5F97
:102860003F4FF1E02C323F07A8F3C45DDE4F0FB6B7
:10287000F894DEBF0FBECDBFDF91CF911F910F91B6
:10288000FF90EF90DF90CF9008956F927F928F929C
:102890009F92AF92BF92CF92DF92EF92FF920F93EF
:1028A0001F93CF93DF936C01C0E0D0E05E013E0147
:1028B000DC018C91803309F0C8C111968C9111977D
:1028C00099279093590B8093580B12968C911297DD
:1028D000823009F4ABC1C4E0D0E0F60185818430D8
:1028E00009F47CC1F601EC0FFD1F808199279093BC
:1028F000690B8093680B2196F601EC0FFD1F808118
:10290000E82EFF24F1E8EF16F1043CF02196F601E1
:10291000EC0FFD1F8081E80EF11C2196F601EC0FF3
:10292000FD1F8081823009F451C1F601EC0FFD1FBB
:102930008081992790936B0B80936A0BAA24BB2408
:102940002196AE14BF047CF4DE01AC0DBD1DF50173
:10295000E85AF44F8D91848B21960894A11CB11CE8
:10296000AE14BF04A4F3F601EC0FFD1F808182308A
:1029700009F419C12196F601EC0FFD1F8081823008
:1029800009F4FEC02196F601EC0FFD1F8081803313
:1029900009F4F4C08091580B9091590BC817D907CE
:1029A0008CF48E010C0D1D1D0F5F1F4F2196D80159
:1029B0008C91803351F08091580B9091590BC8172E
:1029C000D90794F380E090E042C10E5F1F4F22963A
:1029D000F8018081863079F780919B0D90919C0D54
:1029E000019690939C0D80939B0D0F5F1F4FD80114
:1029F0008D918D01E82EFF242296E114F104D1F18E
:102A000057017E01EC0CFD1C20919B0D30919C0D1B
:102A10008CE390E0289FF001299FF00D389FF00D86
:102A20001124E60DF71DE85AF44FD7018D917D0171
:102A3000858F99279F938F93DF93CF937F926F9288
:102A40008FEC92E09F938F930E940B590F5F1F4F63
:102A500021960894611C711CEDB7FEB738960FB62D
:102A6000F894FEBF0FBEEDBF0894A108B108A114F1
:102A7000B10451F6D8014C91453009F477C020914A
:102A80009B0D30919C0D82E390E0289FD001299FFF
:102A9000B00D389FB00D1124FD01EF55F34F408369
:102AA0000F5F1F4FF80181918F01E82EFF24AE5573
:102AB000B34FEC922296A2E0AA2EB12CC7018A0D48
:102AC0009B1DA816B906C4F54E018C0C9D1C2091C7
:102AD0009B0D30919C0D82E390E0289FF001299F8F
:102AE000F00D389FF00D1124EA0DFB1DEF55F34F4B
:102AF000D4018D914D01808399279F938F93BF922D
:102B0000AF923F932F9389EE92E09F938F930E9411
:102B10000B590F5F1F4F2196EDB7FEB738960FB6D2
:102B2000F894FEBF0FBEEDBF0894A11CB11CC701F5
:102B30000296A816B9065CF220919B0D30919C0D6F
:102B400082E390E0289FD001299FB00D389FB00DFF
:102B50001124FD01EF55F34F8081843009F02BCF14
:102B6000AA0DBB1DAF55B34F1C9225CF0F5F1F4F52
:102B7000219680E093E00E940F581DCF21960ACF46
:102B80002196F601EC0FFD1F8081813009F0FACE0D
:102B90002196F601EC0FFD1F808199279093740B0D
:102BA0008093730BEFCE2196F601EC0FFD1F808111
:102BB000813009F0DFCE2196F601EC0FFD1F8081F8
:102BC00099279093720B8093710BD4CE2196F601C6
:102BD000EC0FFD1F8081E82EFF24A7CE8681992768
:102BE00090935D0B80935C0B86819927B7E0EB2E69
:102BF000F12CE80EF91EC7E0D0E0CE15DF057CF41D
:102C0000D601AC0FBD1FEC01F501E85AF44F8D91D0
:102C100086830894A11CB11C2197B1F7E70188E5D0
:102C20009BE0A80EB91EF50116825CCE13968C911E
:102C30001397813009F04FCE14968C919927019605
:102C400090935B0B80935A0B46CE8FEF9FEFDF91F3
:102C5000CF911F910F91FF90EF90DF90CF90BF9099
:102C6000AF909F908F907F906F900895382F22277C
:102C7000892F9927282B392BC90108958091BA07EC
:102C80009091BB078F3F910564F401969093BB0729
:102C90008093BA0768EE73E080E090E00E94835F63
:102CA000EDCF1092BB071092BA07F4CFCF93DF930A
:102CB000CDB7DEB7CC56D1400FB6F894DEBF0FBE0D
:102CC000CDBF86E193E00E94DE202B013C01CC24A5
:102CD000DD24760146010E94E601992787FD909543
:102CE0009093C5058093C405E114F10409F049C22D
:102CF0000DE91DE08AE0D801E4E2F3E001900D92D5
:102D00008A95E1F761E372E0C8010A960E940465C2
:102D10006BE372E0C80144960E940465F092BC0D1A
:102D2000E092BB0D87E090E09093BE0D8093BD0DC7
:102D3000AE014F5F5F4FF601E40FF51F80E3808324
:102D40000894C11CD11CF601E40FF51F8082089481
:102D5000C11CD11CF601E40FF51F82E080830894AA
:102D6000C11CD11CF601E40FF51F81E0808308949B
:102D7000C11CD11CF601E40FF51F10820894C11C80
:102D8000D11CF601E40FF51F84E080830894C11C78
:102D9000D11CD601A40FB51FF80101900020E9F75E
:102DA0003197E01BF10BEC930894C11CD11C9701E7
:102DB000F80101900020E9F73197E01BF10BEE16C6
:102DC000FF06B8F44C0D5D1DF901E356F24F80810A
:102DD000DA018D93AD012F5F3F4FADE9BDE0FD01FD
:102DE00001900020E9F73197EA1BFB0B2E173F07F4
:102DF00058F3C20ED31EAE014F5F5F4FF601E40FD2
:102E0000F51F84EA80830894C11CD11CA9E6AA2E70
:102E1000A1E0BA2EAC0EBD1EF501C082D18208948D
:102E2000C11CD11CF601E40FF51F86E080830894D5
:102E3000C11CD11CC601840F951FA7EABDE0FD018E
:102E400001900020E9F79F01215030402A1B3B0BE5
:102E5000FC0120830894C11CD11CFD0101900020BD
:102E6000E9F7319720E030E0EA17FB07B9F04C0DA5
:102E70005D1DF901E955F24F8081DA018D93AD01B5
:102E80002F5F3F4FA7EABDE0FD0101900020E9F769
:102E90003197EA1BFB0B2E173F0758F3C20ED31EC8
:102EA0008E010F5F1F4FF601E00FF11F80E480835A
:102EB0000894C11CD11CF601E00FF11F84E080834F
:102EC0000894C11CD11CD801AC0DBD1DE1EBFDE087
:102ED0009F012D5F3F4F81918D932E173F07DCF7A8
:102EE000E4E0F0E0CE0EDF1EF601E00FF11F22E07D
:102EF00020830894C11CD11CF601E00FF11F91E062
:102F000090830894C11CD11CF601E00FF11F809141
:102F1000BB0D80830894C11CD11CF601E00FF11F8A
:102F200020830894C11CD11CF601E00FF11F90838F
:102F30000894C11CD11CF601E00FF11F8091BD0D5A
:102F400080830894C11CD11CF601E00FF11F83E4BB
:102F500080830894C11CD11CF601E00FF11F9083FF
:102F60000894C11CD11CF601E00FF11F8091BA0733
:102F700080830894C11CD11CF601E00FF11F80E38F
:102F800080830894C11CD11CF501C282D382E090D9
:102F9000BB0DF090BC0DE114F10409F096C008944B
:102FA000C11CD11CF601E00FF11F80830894C11CE5
:102FB000D11CF501C482D5820894C11CD11CF60134
:102FC000E00FF11F86E08083FDE28F2EF1E09F2E5F
:102FD0008C0E9D1E69E271E0C4010E940465089494
:102FE000C11CD11CD601A00FB11F41E251E0FA0172
:102FF00001900020E9F73197E41BF50B8E2F8F5FCE
:103000008C939701FA0101900020E9F73197E41BB6
:10301000F50BEE16FF06A8F4BA010894C11CD11CEA
:10302000FB018191BF0111968C932F5F3F4FFA01F5
:1030300001900020E9F73197E41BF50B2E173F07AD
:1030400060F30894C11CD11CCE010196F601E80F73
:10305000F91F10820894C11CD11CF601E80FF91F5A
:1030600024E020830894C11CD11C8C0D9D1DD4012B
:10307000F40101900020E9F79F0121503040281908
:103080003909FC012083F40101900020E9F7319710
:1030900020E030E0E815F905C1F0B401AC01089476
:1030A000C11CD11CFB018191BF014F5F5F4FFA0131
:1030B00080832F5F3F4FFD0101900020E9F731979A
:1030C000EA1BFB0B2E173F0750F346018C2D815056
:1030D0008A83D501ED91FC9111979E012F5F3F4F9F
:1030E000E20FF31F8C91BC2DB81BB083F501A281B8
:1030F000B381A20FB31F8281FC2DF81BFC93F50155
:10310000A481B581A20FB31F8481FC2DF81BFC9311
:1031100080910A0190910B010E94731C5C01892B24
:1031200029F18EE293E00E940F58C60101967C01BE
:103130008E010F5F1F4F22EA30E0B301A201C501EB
:103140000E94BD1C8F5F9F4F71F088E493E00E9446
:103150000F5860E47FE180E090E00E94835F61E0CF
:10316000E62EF12CC1CD8BE593E0F1CF83E793E020
:103170000E940F5868E873E180E090E00E94835F4E
:10318000D4CF81E0E816F10421F70E94E6019927E7
:1031900087FD90959093C5058093C40597FD019692
:1031A0009C01359527953093C5052093C4058091E2
:1031B0000C0190910D01281739075CF20DE91DE013
:1031C0008AE0D801E4E2F3E001900D928A95E1F7FC
:1031D00061E372E0C8010A960E9404656BE372E045
:1031E000C80144960E94046586E090E09093BC0D6F
:1031F0008093BB0D87E090E09093BE0D8093BD0D52
:1032000080E38983EC0EFD1EF701818282E08B83CF
:1032100081E08C831D8284E08E83F8010190002080
:10322000E9F73197E01BF10BEF83F80101900020E3
:10323000E9F7319720E030E0E017F107C1F0AE0187
:10324000485F5F4FF901E356F24F8081DA018D93B9
:10325000AD012F5F3F4FADE9BDE0FD0101900020C2
:10326000E9F73197EA1BFB0B2E173F0758F3AE0126
:103270004F5F5F4FF901E40FF51F84EA8783285FF2
:103280003F4F8E0107591E4FF8012083318328508C
:103290003040F901E40FF51F86E08187CF01A7EAEE
:1032A000BDE0FD0101900020E9F7BF0161507040D1
:1032B0006A1B7B0BFC0162877BE0C72ED12CC20E00
:1032C000D31EFD0101900020E9F7319720E030E0A6
:1032D000EA17FB07B9F04C0D5D1DF901E955F24FF6
:1032E0008081DA018D93AD012F5F3F4FA7EABDE0EA
:1032F000FD0101900020E9F73197EA1BFB0B2E1727
:103300003F0758F3C20ED31EAE014F5F5F4FF60169
:10331000E40FF51F80E480830894C11CD11CF601E2
:10332000E40FF51F84E080830894C11CD11CDA01EE
:10333000AC0DBD1DE1EBFDE09F012D5F3F4F819185
:103340008D932E173F07DCF7E4E0F0E0CE0EDF1E92
:10335000F601E40FF51F22E020830894C11CD11C64
:10336000F601E40FF51F91E090830894C11CD11C75
:10337000F601E40FF51F8091BB0D80830894C11CFA
:10338000D11CF601E40FF51F20830894C11CD11C49
:10339000F601E40FF51F90830894C11CD11CF601BF
:1033A000E40FF51F8091BD0D80830894C11CD11CD2
:1033B000F601E40FF51F83E480830894C11CD11C3F
:1033C000F601E40FF51F90830894C11CD11CF6018F
:1033D000E40FF51F8091BA0780830894C11CD11CAB
:1033E000F601E40FF51F80E380830894C11CD11C13
:1033F000F801C282D3820894C11CD11CF601E40FEB
:10340000F51F80830894C11CD11CF801C482D582A9
:103410000894C11CD11CF601E40FF51F86E08083DF
:103420000894C11CD11CD601A40FB51F47E252E07D
:10343000FA0101900020E9F73197E41BF50B8E2F7C
:10344000890F8C93FA0101900020E9F7319720E071
:1034500030E0E417F507A9F0BA010894C11CD11CAB
:10346000FB018191BF0111968C932F5F3F4FFA01B1
:1034700001900020E9F73197E41BF50B2E173F0769
:1034800060F30894C11CD11C9E012F5F3F4FF601D1
:10349000E20FF31F10820894C11CD11CF601E20F49
:1034A000F31F82E080830894C11CD11CF601E20F57
:1034B000F31F81E080830894C11CD11CF601E20F48
:1034C000F31F8091C405808346018C2D81508A832F
:1034D000D801ED91FC911197E20FF31F8C91BC2D57
:1034E000B81BB083F801A281B381A20FB31F828100
:1034F000FC2DF81BFC93F801A481B581A20FB31F2A
:103500008481FC2DF81BFC9380910A0190910B01A2
:103510000E94731C5C01892BC1F08EE293E00E9433
:103520000F58C60101967C018E010F5F1F4F22EAE2
:1035300030E0B301A201C5010E94BD1C8F5F9F4F07
:1035400009F411CE80E993E002CE83E793E00E9474
:103550000F5868E873E180E090E00E94835FE1CF5C
:10356000CF93DF93CDB7DEB7C253D1400FB6F894F7
:10357000DEBF0FBECDBF8FE2482E81E0582E4C0E2D
:103580005D1EF20110821182128213820DE2602E02
:1035900001E0702E6C0E7D1EF3011082118280916D
:1035A0000801909109010E94731C4C01892B09F4B8
:1035B0007AC088EA93E00E940F58AA24BB24109294
:1035C000C60510925E0B80E290E090936D0B8093A5
:1035D0006C0BB0929C0DA0929B0D18EBC12E1BE0C2
:1035E000D12EE12CF12C03EF11E026EC35E0AE01F9
:1035F000435D5E4FBE01615D7E4FC4010E94FC1CB5
:103600008F5F9F4F09F44AC08091C605882319F047
:10361000B1E0AB2EB12CA114B104F9F28E01035D1F
:103620001E4FF801808191810E943616F801808337
:10363000918386EC95E00E944514CE0101960E948C
:1036400003026091BA057091BB05CE0101960E94FC
:103650004413E090BA05F090BB058E010F5F1F4F39
:10366000F30120813181F2014081518162817381B6
:10367000C4010E94BD1C8F5F9F4F59F08DEB93E0FA
:103680000E940F5864EF71E080E090E00E94835F39
:1036900094CF8BEC93E00E940F58F0CF8EED93E027
:1036A0000E940F58B8CF81EF93E00E940F5868E84E
:1036B00073E180E090E0EACF40E060E070E086EE09
:1036C00094E00E94B85A89E094E00E94E25A9093F4
:1036D000570B8093560B4EE051E061E071E00E9481
:1036E000715B8CE890E00E940F588FE094E00E949C
:1036F0000F5883E394E00E940F5845E060E073E8C0
:1037000084E295E00E94B85A84E594E00E94DE20AD
:103710007B018C0182E694E00E94DE20DC01CB017B
:103720009C01AD0162E071E080E794E00E94DA2440
:1037300085E794E00E94DE20DC01CB0124E2C22E6A
:1037400025E0D22E7C018D0120E030E040E050E009
:10375000CA01B9010E94BB1F83E894E00E94DE20E9
:10376000DC01CB019C01AD0160E070E0CB010E9467
:10377000913D81B38FEF81BB82B312BA28EE33E063
:1037800040E050E060EB7AE18FE894E00E94F46260
:1037900028E532E041E050E06EE376E186E994E02E
:1037A0000E94F46228E532E042E050E066E576E10E
:1037B0008DE994E00E94F46264EF71E080E090E0B3
:1037C0000E94835FF9CF0E94946020E033E040E0E4
:1037D00050E06CE57BE184EA94E00E94F4628FEFB4
:1037E0000E94B3620E946D62FDCF43E050E060E052
:1037F00070E081EC9DE00E94C1648091C10D833036
:1038000021F48091C20D8F3419F08FEF9FEF06C025
:103810008091C30D8335C9F780E090E008950F9340
:103820001F93CF93DF9383E08093C10D8FE4809348
:10383000C20D83E58093C30D01EC1DE0C0E0D0E034
:10384000F80181918F01682FCE010E94D2642196E8
:10385000C330D105A8F380E090E0DF91CF911F91B4
:103860000F910895CFEFD0E1DEBFCDBF0E94F51BD1
:10387000892B41F580EC85BF8FEF90E18D5E9D40F7
:1038800081589140ACF485E58093FE7F8AEA80936D
:10389000FF7F8091FE7F8535C1F48091FF7F8A3A5A
:1038A000A1F460E07FE680E091E10E94B5640DC084
:1038B0008FEF9FE08D5E9D40BC018DEE9DE00E94EC
:1038C000B564E1CF0E940F1CD5CF20E831E040E085
:1038D00050E063EE7BE189EA94E00E94F46280E0CC
:1038E00090E00C948765CF93DF93EC01892B59F519
:1038F0008091AE049091AF0401969093AF048093B1
:10390000AE04892B31F480E090E19093AF04809372
:10391000AE04E091BC07F091BD07309771F02091A3
:10392000AE043091AF04828193818217930729F00E
:103930000190F081E02D3097B1F7EF2BC9F6C091DF
:10394000AE04D091AF0488E090E00E942764FC01AF
:10395000892B79F00C2ECD2FD02DC283D38380916B
:10396000BC079091BD0780839183F093BD07E093DE
:10397000BC07CF01DF91CF9108956F927F928F9214
:103980009F92AF92BF92CF92DF92EF92FF920F93EE
:103990001F93CF93DF933C015A016B014901A701AB
:1039A00060E880E090E00E94213FEC01892B91F0DB
:1039B0008F859889A701B8010E94DD648E0194016A
:1039C000B601A501C3010E94911D8C01CE010E9488
:1039D000924002C00FEF1FEFC801DF91CF911F91FE
:1039E0000F91FF90EF90DF90CF90BF90AF909F909E
:1039F0008F907F906F9008954F925F926F927F9219
:103A00008F929F92AF92BF92CF92DF92EF92FF92EE
:103A10000F931F93CF93DF935C014B013A01290170
:103A2000FC0184819581892B69F1F501C481D581DF
:103A3000209731F1F50114821582EF81F885848594
:103A40009585A685B785F40180839183A283B3838E
:103A5000EB85FC8580819181F30180839183898945
:103A60009A898017910708F48C018F859889A8019D
:103A7000BC01C2010E94DD64CE010E94924009C0D7
:103A80008E0107C0C5010696B701A6010E94BE605F
:103A9000CCCFC801DF91CF911F910F91FF90EF9094
:103AA000DF90CF90BF90AF909F908F907F906F905E
:103AB0005F904F9008952FEF3FEFACEBB7E0E091B0
:103AC000BC07F091BD07309799F0E817F90739F076
:103AD000DF010190F081E02D3097B9F709C08081B6
:103AE00091818D939C93CF010E943C6420E030E053
:103AF000C90108959C0140E050E0E091BC07F091BD
:103B0000BD07309761F0828193818217930731F06E
:103B10000190F081E02D3097B1F701C0AF01CA01EB
:103B200008954F925F926F927F928F929F92AF9281
:103B3000BF92CF92DF92EF92FF920F931F93CF939A
:103B4000DF93CDB7DEB724970FB6F894DEBF0FBE74
:103B5000CDBF2C013A014B01790148E050E060E40F
:103B6000C8010E94213F6C01009709F459C0FC0173
:103B7000A384B484F20182819381F50180839183CF
:103B80000E2CEF2CF02CE282F382F60185859685CF
:103B900021893289820F931F082E892F902DF501DC
:103BA00084839583AE014F5F5F4FC401B3010E94D0
:103BB000AD20FC01892B79F10784F089E02D818506
:103BC0009285A385B48589839A83AB83BC83F501F1
:103BD00016821782E480F58001E1A40193016981D6
:103BE0007A818B819C810E94781F48E050E0B5016A
:103BF0000E94381FF60141895289678570890E94A9
:103C0000731FF501868397839601B401A301802F6A
:103C10000E94291E07C019821A821B821C82D7CFDC
:103C20008FEF9FEF24960FB6F894DEBF0FBECDBF87
:103C3000DF91CF911F910F91FF90EF90DF90CF9088
:103C4000BF90AF909F908F907F906F905F904F90BC
:103C500008956F927F928F929F92AF92BF92CF9270
:103C6000DF92EF92FF920F931F93CF93DF93CDB725
:103C7000DEB72A970FB6F894DEBF0FBECDBF182F60
:103C80003A014B0144E150E060E2C9010E94213F4A
:103C90005C01009709F46AC0FC01E780F08485E4C8
:103CA000F70180831182F50181859285258536850E
:103CB000820F931F21893289820F931F082E892F2B
:103CC000902DF701828393831682178280E4808788
:103CD0001187608A718A828A938AFFEF6F16FFEFDD
:103CE0007F06FFEF8F06FFEF9F0609F45FC0AE016E
:103CF000495F5F4FC401B3010E94AD206C01009782
:103D0000A9F1FC0107851089F801878D90A19C011C
:103D10000196878F90A3022E232F302DF701248345
:103D20003583F80181859285A385B485F701848761
:103D30009587A687B78712861386F5014185528538
:103D40006781708580E090E00E94731FF701828791
:103D50009387F8018081863061F0873139F4A501BD
:103D600061E270E0C6010E94EB426DC08FEF9FEFF1
:103D70006AC04F81588569857A854115510561056D
:103D8000710511F4B401A3019E012F5F3F4FC601DD
:103D90000E94AD22892B51F79501AE014F5F5F4F15
:103DA00060E078E0C6010E942B234DC046E050E061
:103DB0006FEF70E0CE0101960E94E664C0903B0B6D
:103DC000D0903C0BC114D10451F0F60183858330AF
:103DD00049F0F601C080D180C114D104B1F780E070
:103DE00090E031C007851089F801878D90A19C0172
:103DF0000196878F90A3022E232F302DF701248365
:103E00003583F80181859285A385B485F701848780
:103E10009587A687B78712861386F5014185528557
:103E20006781708580E090E00E94731FF7018287B0
:103E300093879501AE014F5F5F4F60E078E0C60168
:103E40000E942B23C6CF2A960FB6F894DEBF0FBE72
:103E5000CDBFDF91CF911F910F91FF90EF90DF9039
:103E6000CF90BF90AF909F908F907F906F9008956C
:103E7000CF93DF939B01FA01AC0166277727E90115
:103E8000E230F10560F089919991AA27BB27480F8C
:103E9000591F6A1F7B1F3297E230F105A0F7EF2B05
:103EA00029F08881480F511D611D711DCB01AA2782
:103EB000BB270097A105B10591F0DB01CA01A070F5
:103EC000B070AB0166277727480F591F6A1F7B1F09
:103ED000CB01AA27BB270097A105B10571F7CA013D
:103EE000DF91CF9108950E94381F80959095089595
:103EF000EF92FF920F93CF93DF93CDB7DEB72C975E
:103F00000FB6F894DEBF0FBECDBFDC01CB018983B5
:103F10009A83AB83BC832D833E834F835887198656
:103F20000A87EB86FC864CE050E0BE016F5F7F4F56
:103F300080E090E00E94381F2C960FB6F894DEBF08
:103F40000FBECDBFDF91CF910F91FF90EF900895FD
:103F5000AF92BF92CF92DF92EF92FF920F930E94A7
:103F6000781F809590950F91FF90EF90DF90CF9004
:103F7000BF90AF9008952F923F924F925F926F92B1
:103F80007F928F929F92AF92BF92CF92DF92EF92E9
:103F9000FF920F931F93CF93DF93CDB7DEB7249794
:103FA0000FB6F894DEBF0FBECDBF2B013C01490117
:103FB0005A01E982FA820B831C838FEFE82EF82ED8
:103FC000E0ECF7E00FB6F89480818F5F80830FBE3E
:103FD0000FB60F92F8948091C007813009F049C064
:103FE0002090BE073090BF070EEB17E0211431047C
:103FF000D9F0F10186819781A085B185281739070D
:104000004A075B0788F48101D1012D903C9021146F
:10401000310451F0F10186819781A085B185881620
:104020009906AA06BB0678F380E190E00E94B3638C
:104030009C010097F1F0482059206A207B20FC0168
:10404000428253826482758286829782A086B1867C
:1040500089819A81AB81BC8182879387A487B58748
:10406000C686D78620823182D8012D933C93EE24D8
:10407000FF240F900FBEE0ECF7E00FB6F8948081BC
:10408000815080830FBEC70124960FB6F894DEBF1F
:104090000FBECDBFDF91CF911F910F91FF90EF9099
:1040A000DF90CF90BF90AF909F908F907F906F9058
:1040B0005F904F903F902F900895EF92FF920F9353
:1040C0001F93CF93DF937B018C01EA01622FE0E025
:1040D000F0E02430D0F5E091BE07F091BF073097B3
:1040E000B1F086819781A085B1858E219F21A02383
:1040F000B123228133814481558182179307A4071C
:10410000B50729F00190F081E02D309751F73097F5
:10411000E1F0209761F082859385A485B5850097AD
:10412000A105B10521F088839983AA83BB83868585
:104130009785892B51F46F5F262FAE0162857385B9
:10414000848595850E945D20FC01CF01DF91CF9190
:104150001F910F91FF90EF9008950F931F93CF93AE
:10416000DF93EC01DB014115510529F0FA011082C2
:1041700011821282138200EC17E0F8010FB6F89456
:1041800080818F5F80830FBE20E0BD01CE010E9441
:104190005D20DC01F8010FB6F894808181508083A6
:1041A0000FBE109729F01E968D919C911F9701C00C
:1041B000CD01DF91CF911F910F910895CF93DF93A0
:1041C000CDB7DEB724970FB6F894DEBF0FBECDBFD4
:1041D000FC0119821A821B821C8240E0DE011196CA
:1041E000808180538A3028F520E030E0C90153E017
:1041F000880F991F5A95E1F7820F931F280F391FD7
:104200008191280F311D205330408081803330F060
:104210008A3320F42F3F310549F340F32F3F310516
:1042200009F038F44F5F2D938E3241F431964430CB
:10423000B8F26FEF7FEF8FEF9FEF06C04430C9F702
:1042400069817A818B819C8124960FB6F894DEBFB8
:104250000FBECDBFDF91CF910895CF92DF92FF9235
:104260000F931F93CF93DF93CDB7DEB727970FB68A
:10427000F894DEBF0FBECDBF6C837D838E839F839A
:1042800061ECC62E67E0D62ED6018E010C5F1F4F63
:10429000FF2450E0F80130814AE0832F642F0E9410
:1042A0005965292F832F0E9459658083BE016F5F56
:1042B0007F4FFB01E50FF11D205D20835F5FF8015B
:1042C0008081882339F751505F3F39F0FB01E50FBA
:1042D000F11D80818D935150C8F78EE28D930F5F51
:1042E0001F4FF394F3E0FF15A0F611971C92C6013F
:1042F00027960FB6F894DEBF0FBECDBFDF91CF91EA
:104300001F910F91FF90DF90CF900895CF93DF938F
:10431000CDB7DEB726970FB6F894DEBF0FBECDBF80
:104320001B821C8260E67AEE80E090E00E94835F50
:1043300000913B0B10913C0B0115110599F3F8010D
:104340008385833039F0F801008111810115110551
:10435000B1F7E8CFA785B08991968D919C919297FE
:1043600089839A839196AD83BE8389819A81892BB3
:1043700051F3E981FA818585982F8F5F8587993080
:1043800060F0AD81BE81E981FA81808191818D9358
:104390009C9389819A818B839C838B819C81892BBF
:1043A00021F489819A818D839E83E981FA818081BC
:1043B000918189839A838B819C81892B31F08B81B8
:1043C0009C810E943C641B821C8289819A81892B7A
:1043D00081F6B9CFCF93DF93CDB7DEB722970FB673
:1043E000F894DEBF0FBECDBFFC0181A192A18983ED
:1043F0009A8389819A81892BA9F0E981FA81828146
:104400009381A481B58184179507A607B70751F05A
:10441000E981FA818081918189839A8389819A8156
:10442000892B59F789819A8122960FB6F894DEBFBD
:104430000FBECDBFDF91CF9108958F929F92AF9223
:10444000BF92CF92DF92EF92FF920F93CF93DF93C1
:104450004C016A017B01590180E190E00E942764D0
:10446000FC01892BE1F0C282D382E482F582A1149F
:10447000B10441F086E0EF012696D5010D90099236
:104480008A95E1F704870FB60F92F894E40189A1A9
:104490009AA180839183E9A3FAA30F900FBECF0165
:1044A000DF91CF910F91FF90EF90DF90CF90BF9071
:1044B000AF909F908F900895AF92BF92CF92DF926E
:1044C000EF92FF920F93CF93DF93EC016A017B0190
:1044D00059014091D1075091D2074115510531F151
:1044E000B701A6018F8598890E94EA21FC01892BDA
:1044F000A1F0848582FD0CC0158686E0EF0126962A
:10450000D5010D9009928A95E1F7848582608487B0
:104510003E96CF010E949E6116C002E09501B70150
:10452000A6018F8598890E941D220DC020E831E0E8
:1045300066E871E280EB94E00E94F4629093D20707
:104540008093D107CDCFDF91CF910F91FF90EF9066
:10455000DF90CF90BF90AF9008954F925F926F928F
:104560007F928F929F92AF92BF92CF92DF92EF9203
:10457000FF920F93CF93DF935C016A017B012901C6
:10458000882499248FEF682E782EF50187859089ED
:104590000E94EA21EC01892B09F43FC08C8581FF40
:1045A0000AC086E0D201FE01369601900D928A95EE
:1045B000E1F794013FC020E030E0B701A60181E0BF
:1045C00090E00E9495254C01892B21F103E0B40174
:1045D000C5010E94F1259C01892B69F48C8581FD20
:1045E0000FC044EF51E060E070E0CE010E960E94F3
:1045F000BE60015060F7C4010E94924093011AC04E
:1046000086E0D201FE01369601900D928A95E1F77F
:104610003901F1CF2FEF3FEF0DC000E09401B7015A
:10462000A601F501878590890E941D22EC01892B46
:1046300011F6E4CFC901DF91CF910F91FF90EF9078
:10464000DF90CF90BF90AF909F908F907F906F90B2
:104650005F904F9008958F929F92AF92BF92CF92AA
:10466000DF92EF92FF920F931F93CF93DF934C0152
:104670007B015A0189014EE050E060E1C9010E94CE
:10468000213F892B69F1F801C381D481F401C784EA
:10469000D08886E0DE011696F601319601900D92E3
:1046A0008A95E1F7A114B10499F086E0DE01F501E5
:1046B00001900D928A95E1F70E2CEF2CF02CEC86F0
:1046C000FD86E601EDA1FEA1B801C40109950AC06D
:1046D00046E050E06FEF70E0CE010E94E664ECCF60
:1046E0008FEF9FEFDF91CF911F910F91FF90EF9090
:1046F000DF90CF90BF90AF909F908F900895CF9311
:10470000DF93EC0140E250E060E470E084EC9DE077
:104710000E94C1648091C40D803239F4BE0185ECE1
:104720009DE00E94FA64009789F186E0AEECBDE05E
:10473000E6EBF4E001900D928A95E1F71092D40D2A
:104740001092D50D1092D60D1092D70D8CEB94E0EF
:104750000E94DE20DC01CB018093D80D9093D90D0F
:10476000A093DA0DB093DB0D1092E00D1092E10DE5
:104770001092E20D1092E30D1092DC0D1092DD0DFF
:104780001092DE0D1092DF0D8FEF9FEFDF91CF9132
:104790000895EF92FF920F931F93CF93DF9380E2E0
:1047A0008093C40D84ECE82E8DE0F82E00E010E03C
:1047B000C0E4D0E0F70181917F01682FCE010E9413
:1047C000D26421960F5F1F4F0032110598F380E0ED
:1047D00090E0DF91CF911F910F91FF90EF9008959E
:1047E0002F923F924F925F926F927F928F929F9201
:1047F000AF92BF92CF92DF92EF92FF920F931F93EF
:10480000CF93DF93CDB7DEB72A970FB6F894DEBF0C
:104810000FBECDBF89879A872A013B014801590104
:10482000C982DA82EB82FC82FC0127843088411540
:1048300051056105710571F44090D40D5090D50D6E
:104840006090D60D7090D70D41145104610471042D
:1048500009F495C0F10141865286638674868114FD
:104860009104A104B10409F483C0F101818A928A00
:10487000A38AB48AA3019201282139214A215B210C
:104880002D833E834F835887C984DA84EE24FF2426
:104890008701A50194016D817E818F8198850E9499
:1048A000BB1F89819A81AB81BC810097A105B105AD
:1048B00009F051C085EC9DE029E0DC01E985FA852D
:1048C000329601900D922A95E1F726E0FC01399687
:1048D000D10111960D9001922A95E1F74092D40DE5
:1048E0005092D50D6092D60D7092D70D8092D80D52
:1048F0009092D90DA092DA0DB092DB0D29813A8108
:104900004B815C812115310541055105A9F4809148
:10491000DC0D9091DD0DA091DE0DB091DF0D8821B1
:104920009921AA21BB212D813E814F815885821773
:104930009307A407B50761F089819A81AB81BC8197
:104940008093DC0D9093DD0DA093DE0DB093DF0D11
:104950000E94C92316C0C984DA847C018D0120E03D
:1049600030E040E050E0CA01B9010E94BB1FA2CF75
:104970008CEB94E00E94DE204B015C0176CF8FEF40
:104980009FEF2A960FB6F894DEBF0FBECDBFDF9122
:10499000CF911F910F91FF90EF90DF90CF90BF903C
:1049A000AF909F908F907F906F905F904F903F90CF
:1049B0002F9008952F923F924F925F926F927F9225
:1049C0008F929F92AF92BF92CF92DF92EF92FF921F
:1049D0000F931F93CF93DF936B0119012A013701C6
:1049E00048010E94E25A5C010097E1F1EC018B85DD
:1049F0008330C1F50F84D889C02D28812630A9F1D4
:104A0000273181F5F5010189128989E796E48BA3A5
:104A10009CA3CF82D88623893489C501F9010995E1
:104A2000892B01F540E050E060E070E0C8010E9491
:104A3000BE60F80181A18F30A1F48AEC94E00E945D
:104A4000DE20DC01CB01C984DA84EB84FC848C0198
:104A50009D01B701A601C5010E94F02380E090E00E
:104A60002CC011A28FEF9FEF28C08CE196E28BA3A0
:104A70009CA3822FDE011196F60101900D928A957A
:104A8000E1F7E501EB89FC89C5010995892B51F70F
:104A9000D201C1018E219F21A023B1230097A1053E
:104AA000B10541F0CC24DD24760194018301B201EB
:104AB000A101D1CFC5010E94BC3ADF91CF911F91D6
:104AC0000F91FF90EF90DF90CF90BF90AF909F90AD
:104AD0008F907F906F905F904F903F902F900895B0
:104AE000CF92DF92EF92FF920F931F936C010E947F
:104AF0007F23E090D80DF090D90D0091DA0D109140
:104B0000DB0D2091E00D3091E10D4091E20D5091CF
:104B1000E30D6EEC7DE0C6010E94DA241F910F9137
:104B2000FF90EF90DF90CF9008958F929F92AF9279
:104B3000BF92CF92DF92EF92FF920F931F93CF938A
:104B4000DF938C014A015B0169014CE150E060E2B6
:104B500080E090E00E94213F7C01009709F434C07E
:104B6000FC01C781D08581E090E0082E892F902D2F
:104B70008883998380E098E0082E892F902D8A837E
:104B80009B8396E09C8384E08D83002E012F102D63
:104B90000E831F83C114D10471F0892FDE01529658
:104BA000F60101900D928A95E1F7888E998EAA8E72
:104BB000BB8EC70109C0CE01429646E050E06FEFC0
:104BC00070E00E94E664F1CFDF91CF911F910F91C9
:104BD000FF90EF90DF90CF90BF90AF909F908F901D
:104BE00008950F931F93CF93DF938C019B01EB01EB
:104BF000EF81F885EC016F85788946E0CF01089652
:104C0000EB012196DC0109900D924A95E1F7EB0149
:104C100089859A85AB85BC8586879787A08BB18B64
:104C20007296AF0166E078E0C8010E942B23DF9105
:104C3000CF911F910F910895CF93DF939C01DB01DA
:104C40001396ED91FC9114973E961796ED93FC9375
:104C500018973E9715968D919C9116970E971996D9
:104C60008D939C931A978EE090E015968D939C936C
:104C7000169784859585082E892F902D48E08030E1
:104C8000940759F08650984021F0CB010E94924041
:104C900007C0C9010E94462703C0C9010E945326CC
:104CA000DF91CF9108952F923F924F925F926F9232
:104CB0007F928F929F92AF92BF92CF92DF92EF92AC
:104CC000FF920F931F93CF93DF93CDB7DEB7259756
:104CD0000FB6F894DEBF0FBECDBF89839A836C8375
:104CE0007D83FB0167807084F3012081822F807FA8
:104CF000803429F08C819D810E949240AEC08681D3
:104D00009781082E892F902D9F73892B99F72F70EB
:104D1000222E3324220C331C220C331CF3018088F6
:104D20009188A288B388E981FA8147845088FFEF8F
:104D30008F16FFEF9F06FFEFAF06FFEFBF0609F4E8
:104D400089C0F2010185128523853485011511057D
:104D50002105310571F081899289A389B489882957
:104D60009929AA29BB298F5F9F4FAF4FBF4F09F4E5
:104D700071C01B82011511052105310529F4F301CC
:104D80008185813009F44AC081149104A104B104E1
:104D900009F4B0CFF20181859285A385B485881688
:104DA0009906AA06BB0609F0A5CFEC81FD812186F4
:104DB0003286C301820D931D83879487F30182811C
:104DC0009381082E892F902D82199309EC81FD8102
:104DD00085879687F3018185992786309105A9F00B
:104DE0008730910554F4019709F084CF6C817D815F
:104DF00089819A810E94402830C0419709F07ACF7A
:104E00008C819D810E94E52728C0FB81FF2309F04A
:104E100071CF8C819D810E94AE271FC0D501C40136
:104E200080709070A0708030F0E09F07F0E0AF07D6
:104E3000FFEFBF0709F4A8CF0097A105B10509F45A
:104E4000A3CF68017901B501A40189819A810E94EB
:104E5000F0239ACF41E04B83A8CF25960FB6F89464
:104E6000DEBF0FBECDBFDF91CF911F910F91FF909D
:104E7000EF90DF90CF90BF90AF909F908F907F90FA
:104E80006F905F904F903F902F900895CF92DF9258
:104E9000EF92FF920F931F93CF93DF936C017B01EF
:104EA000FB01C781D08588819981082E892F902D9B
:104EB000019709F047C08A819B81082E892F902D88
:104EC0008050984009F03EC08C81863009F03AC08D
:104ED0008D818430B9F5F601A785B089288D398D8B
:104EE0004A8D5B8D19968D919D910D90BC91A02D51
:104EF000281739074A075B0729F58E01085F1F4FFE
:104F000098014E855F8568897989C6010E945C2277
:104F10008E819F81082E892F902D019799F49801F9
:104F20004E855F856889798982E090E00E949525A9
:104F3000EC01009739F0BC01C6010E94F125CE01B9
:104F40000E949240C7010E949240DF91CF911F9131
:104F50000F91FF90EF90DF90CF900895CF93DF9364
:104F6000FC01A385B4851C968C911C9782958F704B
:104F7000282F3327220F331F220F331F8585968555
:104F8000821B930B818B928B892B71F01C968C91D9
:104F90001C9782958F709927880F991F880F991FEA
:104FA0008A0F9B1F8787908B1C968C9182958F70A0
:104FB0009927880F991F880F991F85879687CF019A
:104FC0000E941831DF91CF9108950F931F93CF93D3
:104FD000DF93EC01EB85FC853896EF87F88B3897EB
:104FE0008D859E850897898B9A8B88E090E08D87C8
:104FF0009E87828193810E947A1D8C01009789F09F
:10500000FC0184819581009749F4F801C483D5831C
:105010000A5F1F4FC8010E946E6106C00E94924045
:10502000F4CFCE010E949240DF91CF911F910F915A
:105030000895FF920F931F93CF93DF93FC01F62EF9
:105040008A01EA012F813885E9014C855D856E85ED
:105050007F850784F089E02D81859285A385B485BD
:105060008C879D87AE87BF878FEF888798018F2DAC
:105070000E945828DF91CF911F910F91FF900895C2
:10508000CF93DF939C01EB018D859E85099750F0AE
:10509000EB85FC858081883029F4AB0160E0C90193
:1050A0000E941928CE010E949240DF91CF9108956D
:1050B000AF92BF92CF92DF92EF92FF920F931F9326
:1050C0005A016B018901F901E384F484F7018083BB
:1050D00012821382F901458556856385748580E0C7
:1050E00090E00E94731FF701828393839801B601B9
:1050F000A50181E00E94291E1F910F91FF90EF9062
:10510000DF90CF90BF90AF9008952F923F924F9233
:105110005F926F927F928F929F92AF92BF92CF9247
:10512000DF92EF92FF920F931F93CF93DF93382E6E
:10513000262E49015A012701380148E050E060E479
:10514000C6010E94213FEC010B851C85F8013082CD
:10515000218284829582A682B782128213824D8533
:105160005E856B857C8580E090E00E94381F4989D0
:105170005A896F8578890E94731FF801828393830F
:105180009E01B301A20181E00E94291EDF91CF910F
:105190001F910F91FF90EF90DF90CF90BF90AF9055
:1051A0009F908F907F906F905F904F903F902F9047
:1051B00008950895EF92FF920F931F93CF93DF937B
:1051C000EC018B01FB01E188F2888DA99EA9E80E14
:1051D000F91E8FA998ADE816F90608F066C089ADEA
:1051E0009AAD892B09F44FC0A9ADBAAD109709F457
:1051F0005CC08DA99EA9A80FB91FF8012785308929
:1052000081899289AC01B901CD010E94DD64EDAACA
:10521000FEAAF801618972899B01442755278FA551
:1052200098A9A9A9BAA9820F931FA41FB51F8FA778
:1052300098ABA9ABBAAB8BA99CA968177907F0F01A
:105240001BAA1CAAF80180819181892BA1F480916D
:10525000E60D9091E70D892B71F48F8588618F871A
:10526000CE01CB960E946E6140E050E0BA01CE01C3
:105270000E948D311AC08F858061F1CF861B970BFC
:105280008BAB9CABDFCF0E94BC649C014FA958AD97
:10529000CA018050984F8217930708F0A5CFCA0122
:1052A0000E94B36389AF9AAF9FCFDF91CF911F91D7
:1052B0000F91FF90EF900895CF93DF93EC01FB01E6
:1052C00080899189A289B3898B839C83AD83BE83B6
:1052D000FA01808191818D879E87FB018485958568
:1052E000A685B78589879A87AB87BC87FA018481B1
:1052F0009581A681B781082E8B2FB02D092E9A2F6C
:10530000A02D8BA79CA7ADA7BEA78C8F9D8FAE8F1E
:10531000BF8F0196A11DB11D8FA798ABA9ABBAABEA
:1053200086859785082E892F902D8CA39DA340E01C
:1053300050E0FB0164857585868597850E94AD20C8
:10534000FC01892B91F00784F089E02D858D968DE5
:105350008897FE01FF96208131812115310519F0D2
:105360008217930710F480839183DF91CF91089582
:10537000AF92BF92CF92DF92EF92FF920F931F9363
:10538000CF93DF93EC01FB01BA01E084F184028545
:1053900013850E2CE12E102D0F2CF02E002D888D54
:1053A000998DAA8DBB8D8E159F05A007B10720F49E
:1053B0008F8588618F87AAC0248135814681578176
:1053C000022E252F502D032E342F402DAC88BD8862
:1053D000CE88DF88EA14FB040C051D0509F46DC0B6
:1053E000EA14FB040C051D0508F456C0EA14FB047E
:1053F0000C051D0509F43CC01EA2EC8AFD8A0E8B2B
:105400001F8B6FA178A56115710549F1FB01A3857B
:10541000B48514968D919D910D90BC91A02D082E70
:105420008B2FB02D092E9A2FA02DFB0121893289B7
:1054300044275527820F931FA41FB51FE816F906AE
:105440000A071B0760F0808191818FA398A7CB0189
:105450000E9492406FA178A561157105B9F6CF5AE7
:10546000DF4F18821982A897CE010E946E614EC04C
:105470002FA138A52115310579F0672B69F48585B1
:10548000682F7727637070706115710529F48EA1FC
:105490008F5F8EA3833010F4A996E6CFCF5ADF4FEB
:1054A00068837983C155D0401EA249855A856B8592
:1054B0007C8586E00E94291EEFCF8C8D9D8DAE8D60
:1054C000BF8D82179307A407B50780F02817390707
:1054D0004A075B0709F084CF88A199A1AAA1BBA1C3
:1054E000E816F9060A071B0708F47ACF8685978520
:1054F000082E892F902D8CA39DA32C8F3D8F4E8F2E
:105500005F8FE8A2F9A20AA31BA36ACFDF91CF9114
:105510001F910F91FF90EF90DF90CF90BF90AF90D1
:105520000895FF920F931F93CF93DF93EC01F62E14
:1055300000E010E08A8199278530910509F4C7C001
:10554000863091050CF095C08230910509F482C037
:1055500083309105E4F50097C9F0019731F001150A
:10556000110509F0B9C0FA82B7C083E0681719F0D5
:105570000FEF1FEFF4CF8F8582618F8740E050E0FF
:1055800060E070E0CE010E948D31E9CF862F99272F
:105590008130910521F3029759F78F8582608F87BB
:1055A000A801B801CE010E948D31892BC1F20FEF05
:1055B0001FEFCD5ADF4F80E597E288839983C3556B
:1055C000D040CE01895A9F4F0E946E61C8CF833070
:1055D000910539F1049719F6862F992785309105A1
:1055E00029F0069729F68F858161C7CF8F8588615D
:1055F0008F87A801B801CE010E948D31CE01CB96D4
:105600000E949E61CE0189960E949E61CE018B5AB6
:105610009F4F0E949E61CE01895A9F4F0E949E61BA
:105620009ECF862F99278430910581F08530910592
:1056300024F4019709F09CCF92CF8530910599F21F
:10564000069709F095CF8F85816097CFCE018B5A51
:105650009F4FBACF862F99278330910509F48BCFBE
:105660008430910534F3049709F082CF8F858861E7
:1056700084CF8830910509F47BCF89309105D4F42B
:105680008630910541F0079709F069CF8AE06817E5
:1056900009F06ECF64CF862F99278730910509F4E2
:1056A0005ECF873091050CF463CF0997029708F419
:1056B00056CF5ECF8930910521F00A9709F04FCF80
:1056C00057CF8AE0681791F20FEF1FEFCFCF88E036
:1056D000681709F04DCF87CFC801DF91CF911F9197
:1056E0000F91FF900895CF93DF93EC018A81882377
:1056F00081F461E0CE010E94912ACB5ADF4F40E055
:1057000050E060E070E0CE010E94BE6080E090E07A
:1057100006C0CD5ADF4F88E497E288839983DF91F2
:10572000CF9108950F931F938C0162E00E94912AFC
:10573000C801895A9F4F40E050E060E070E00E944D
:10574000BE60F8018281843019F480E090E002C0EC
:105750008FEF9FEF1F910F910895FC01892BB1F0FE
:105760008281992785309105CCF4833091058CF4A2
:10577000019734F0CF010E949F3380E090E01AC07F
:10578000ED5AFF4F89E497E2808391838FEF9FEF7B
:1057900011C066E0CF010E94912AEFCF85309105BC
:1057A00039F00B976CF7ED5AFF4F85E397E2ECCF9A
:1057B00068E0F0CF0895FC01892B61F0878588614E
:1057C000878740E050E0BA01CF010E948D3180E030
:1057D00090E002C08FEF9FEF0895CF93DF93EC012D
:1057E000CF5ADF4F88819981C155D0408D52914069
:1057F00088F42FA138A549855A856B857C8586E07C
:105800000E94291E892BF9F0EFA1F8A580819181D2
:105810008FA398A7C15BDF4F18821982CF54D04065
:1058200085E08A83C95ADF4FCE010E949E616C9742
:10583000CE010E949E616297CE010E949E61AC964D
:10584000CE010E949E61DF91CF9108950F931F9327
:10585000CF93DF938C01862FE90199278671907091
:10586000029721F0C9010E94DE320CC06F81788559
:10587000C8010E945C2963E0C8010E94912ACE0100
:105880000E949240DF91CF911F910F9108958F92C6
:105890009F92AF92BF92CF92DF92EF92FF920F93BF
:1058A0001F93CF93DF93EC015A014901C62EDD24EB
:1058B000C4FC3DC0C2FE1DC0C4FE12C0CB5ADF4FA7
:1058C00088819981C555D040892B71F4CD5ADF4F1D
:1058D0008DE497E288839983C355D04085E08A831D
:1058E000C4010E94924044C061E0CE010E94912A0E
:1058F000F7CFC1FEF5CFA501F40167817085CE0118
:105900000E945C29C4FE11C0F40141895289B5018D
:10591000CE010E94B82964E0CE010E94912AC95AA2
:10592000DF4FCE010E946E61DBCF63E0DECFFA0174
:1059300080859185A285B385082E8B2FB02D092EE9
:105940009A2FA02D288939894A895B892F5F3F4F7B
:105950004F4F5F4FE88CF98C0A8D1B8DBC01CD0138
:105960000E947633892B09F0A5CFC4010E94DE3254
:10597000DF91CF911F910F91FF90EF90DF90CF902B
:10598000BF90AF909F908F9008958F929F92AF920B
:10599000BF92CF92DF92EF92FF920F931F93CF931C
:1059A000DF936C014A01E901A62EBB24A2FC51C081
:1059B000A4FC04C0CE010E94924050C0FA01808530
:1059C0009185A285B385082E8B2FB02D092E9A2F95
:1059D000A02DF60124893589468957892F5F3F4FCD
:1059E0004F4F5F4FE08CF18C028D138DBC01CD01C8
:1059F0000E947633892B11F0A1FE04C0CE010E94D3
:105A0000DE322CC049895A89B401C6010E94B829E6
:105A100089899A89892BC1F4CE010E949240A0FE07
:105A200011C0F60187A590A9A1A9B2A90196A11D4F
:105A3000B11D87A790ABA1ABB2AB65E0C6010E94D8
:105A4000912A0CC064E0FACFBE01C6010E94DA2898
:105A5000E3CF61E0C6010E94912AACCFDF91CF91E4
:105A60001F910F91FF90EF90DF90CF90BF90AF907C
:105A70009F908F9008954F925F926F927F928F9236
:105A80009F92AF92BF92CF92DF92EF92FF920F93CD
:105A90001F93CF93DF936C01F62E4A015901862F95
:105AA000992782FD3DC184FF37C18C0102701070BF
:105AB00081FF1AC0EA018C819D81AE81BF81082ED1
:105AC0008B2FB02D092E9A2FA02DF60123A534A5DA
:105AD00045A556A582179307A407B50709F442C147
:105AE000C5010E94DE323EC1E90149895A89B401EB
:105AF000C6010E94B829F40124813581468157816D
:105B0000DA01C901082E8B2FB02D092E9A2FA02D56
:105B1000E6014FA458A869A87AA8481659066A064B
:105B20007B0608F06DC0F50181899289892B09F403
:105B30005CC06DAD7EAD8DE3682E712C6C0C7D1C50
:105B40006115710509F43CC0EB01EB85FC85E401AE
:105B5000EC80FD800E811F81A8019701022E252F68
:105B6000502D032E342F402DC481D5810680F7811E
:105B7000E02DCE01DF01082E8B2FB02D092E9A2F9C
:105B8000A02D281739074A075B0708F432C00E2CEE
:105B9000E12E102D0F2CF02E002D0C2ECF2FF02DDE
:105BA0000D2EDE2FE02DEC16FD060E071F07E9F087
:105BB0003B01FB01608171816115710509F0C4CF62
:105BC0006115710559F0E6018F8588618F8740E086
:105BD00050E0BA01C6010E948D31C4C0E301A88221
:105BE000B982F50160837183EECFC5010E949240B6
:105BF000EACFE301A882B982F50160837183E0CF27
:105C0000022E252F502D032E342F402D241535051F
:105C10004605570561F1F6018F8588618F87EF5939
:105C2000FF4F80819181A281B3810196A11DB11D99
:105C300080839183A283B383C5010E949240A8010F
:105C4000B801C6010E948D31F0FE8CC0F60187A517
:105C500090A9A1A9B2A90196A11DB11D87A790ABDA
:105C6000A1ABB2AB65E0C6010E94912A7BC0F501F1
:105C700081899289892B09F44BC0B501C6010E9424
:105C8000DA28C5010E949240E601ADACBEACA11479
:105C9000B104D1F2F50183849484E4018C819D8167
:105CA000AE81BF819C01AD01082E8B2FB02D092E36
:105CB0009A2FA02DF60147A450A861A872A84816F3
:105CC00059066A067B0608F4BFCFE50188819981F1
:105CD00085AF96AF022E252F502D032E342F402D49
:105CE000241535054605570558F4C5010E94924014
:105CF000E601ADACBEACA114B10409F0CBCFA4CF8A
:105D0000B501C6010E94DA28F4018585F82AEDCF95
:105D1000C5010E94924098CFC9010E94924022C0C2
:105D200085E0E6018A83C9010E949240EBE3F0E03E
:105D3000CE0EDF1EC6010E949E618EEE9FEFC80E42
:105D4000D91EC6010E949E61CCE2D0E0CC0EDD1EC1
:105D5000C6010E949E61E2E0F0E0CE0EDF1EC601A9
:105D60000E949E61DF91CF911F910F91FF90EF9064
:105D7000DF90CF90BF90AF909F908F907F906F906B
:105D80005F904F900895CF92DF92EF92FF920F9322
:105D90001F93CF93DF938C01862FBA01E901E82E80
:105DA000FF24E2FC40C0E4FE3AC092E0C92ED12CB0
:105DB000CE20DF20E1FE04C0C9010E94DE3239C0DE
:105DC00049895A89C8010E94B82969E0C8010E941E
:105DD000912A89899A89892BE9F4CE010E949240FF
:105DE000E0FE27C0F80187A590A9A1A9B2A9019654
:105DF000A11DB11D87A790ABA1ABB2AB015B1F4F3B
:105E0000F801C082D1820F5410406AE0C8010E949C
:105E1000912A0FC0BE01C8010E94DA28DECFC90155
:105E20000E94924006C0C9010E949240C8010E948F
:105E30009F33DF91CF911F910F91FF90EF90DF90F3
:105E4000CF900895CF92DF92EF92FF920F931F931E
:105E5000CF93DF938C01862FBA01E901E82EFF244E
:105E6000E2FC3CC0E4FE36C022E0C22ED12CCE20A3
:105E7000DF20E1FE04C0CE010E94DE3235C0498938
:105E80005A89C8010E94B82989899A89892BE9F41D
:105E9000CE010E949240E0FE27C0F80187A590A99C
:105EA000A1A9B2A90196A11DB11D87A790ABA1AB75
:105EB000B2AB015B1F4FF801C082D1820F5410407A
:105EC0006AE0C8010E94912A0FC0BE01C8010E9469
:105ED000DA28DECFC9010E94924006C0C9010E94A3
:105EE0009240C8010E949F33DF91CF911F910F9183
:105EF000FF90EF90DF90CF900895CF93DF93FC0158
:105F0000862FBA01E901282F332722FD0DC024FF77
:105F10000BC021FF04C0CE010E94DE3208C04989B7
:105F20005A89CF010E94B829CE010E949240DF9188
:105F3000CF910895EF92FF920F931F93CF93DF932A
:105F4000EC01862FBA018901992782FD21C084FFC7
:105F50001BC032E0E32EF12CE822F92281FF04C0BD
:105F6000C8010E94DE321AC0F80141895289CE016F
:105F70000E94B829C15BDF4FE882F982CF54D0403C
:105F80006AE0CE010E94912AC8010E94924006C098
:105F9000C9010E949240CE010E949F33DF91CF91B0
:105FA0001F910F91FF90EF9008950F931F93CF9340
:105FB000DF938C01862FBA01E901992782FD0DC07C
:105FC00084FF12C081FF04C0C9010E94DE320FC0ED
:105FD00049895A89C8010E94B829CE010E9492407D
:105FE000C8010E949F3303C0C9010E949240DF9103
:105FF000CF911F910F9108950F931F93CF93DF932C
:106000008C01FB01A385B4851D966C911D97EC0155
:106010008A8199278530910509F458C08630910509
:106020007CF58230910531F18330910594F400972D
:1060300061F0019721F0CF010E9492404CC09F0176
:10604000AD01C8010E94262C46C0CF010E94DE325D
:1060500042C08330910541F0049769F79F01AD017B
:10606000C8010E943B2D37C09F01AD01C8010E94AD
:10607000C52C31C09F01AD01C8010E94472C2BC027
:1060800088309105E9F0893091058CF486309105CE
:1060900041F0079781F69F01AD01C8010E949A2F38
:1060A0001AC09F01AD01C8010E94C32E14C00997F8
:1060B00009F0C1CF9F01AD01C8010E94222F0BC082
:1060C0009F01AD01C8010E94D52F05C09F01AD0100
:1060D000C8010E947D2FDF91CF911F910F910895EC
:1060E00048EC50E060E070E088EE9DE00E94BE6009
:1060F000892B09F466C0C091D507D091D6072097A7
:1061000079F38F8584FF08C088608F8740E050E076
:10611000BA01CE010E948D318FA198A5892B99F0EB
:106120008A81843009F442C0FE01EF5AFF4F80811A
:1061300091810196808391838F709070892B19F4DF
:10614000CE010E94ED2B8A818A3001F18A8186304E
:10615000E9F08A818930D1F08A81833031F0099069
:10616000D881C02D209769F6BBCFFE01E15BFF4FC0
:10617000808191819C010196808391832D3231052C
:1061800070F381E08A8310821182E9CFFE01E15B26
:10619000FF4F808191819C010196808391832930FA
:1061A0003105E8F2CE010E949F339ACFFE01EF5AEB
:1061B000FF4F8081918101968083918383709070DD
:1061C000BDCF0091E60D1091E70D1092E70D1092F2
:1061D000E60D1092E50D1092E40D0115110509F47C
:1061E0007FCFE801EF81F885AB85BC8524853585B7
:1061F000468557856D917C91119712968D919C9152
:1062000013970E94EF33EC01F801E080F1800097D2
:1062100059F0B8010E94D928B801CE010E94FC2F84
:106220008701EF28F1F65CCFC8010E94DE32F8CF7B
:10623000CF92DF92EF92FF920F931F93CF93DF9352
:10624000EC0118821982C090E60DD090E70DC114C0
:10625000D104D1F1E984FA848D859E85E80EF91E7A
:1062600089899A89E80EF91E0091E40D1091E50DD7
:106270000E0D1F1D0050184F0E94BC64081719070F
:10628000F8F48091E40D9091E50D8E0D9F1D909393
:10629000E50D8093E40DF60180819181892B41F019
:1062A000F601C080D180F60180819181892BC1F7F0
:1062B000F601C083D18388EE9DE00E946E6109C023
:1062C000CE010E94924005C09093E70D8093E60DA9
:1062D000F2CFDF91CF911F910F91FF90EF90DF9060
:1062E000CF9008954091D3075091D407411551059F
:1062F00019F080E090E010C020E034E060E770E347
:1063000084ED94E00E94F4629093D4078093D307C5
:10631000892B79F78FEF9FEF08958F929F92AF921D
:10632000BF92CF92DF92EF92FF920F93CF93DF93C2
:10633000EC017B014A014115510539F48F859927FC
:106340008B709070892B09F42CC104E18F8581FD3D
:1063500008E1802F9927AC0160E480E090E00E9482
:10636000213F5C01009709F40EC1FC01C384D48471
:106370008F819885F601808391838D859E858283A8
:106380009383000F000F84858F70802B84878F8507
:10639000877F8F87888D998DAA8DBB8D082E8B2F37
:1063A000B02D092E9A2FA02D84839583A683B783C1
:1063B0008F8584FFEFC080E185878F858F7E8F87F3
:1063C0008FA598A9A9A9BAA9082E8B2FB02D092E9F
:1063D0009A2FA02D80879187A287B3878F859927D1
:1063E00081FF96C0F6018585826085878F858D7FC8
:1063F0008F87888D998DAA8DBB8D0196A11DB11DAA
:10640000888F998FAA8FBB8F82E0848B84E0858BE5
:10641000EF9688819981EF97082E892F902D868B92
:10642000978B2BA93CA9EF9688819981EF97281724
:10643000390708F066C0F60116861786F601108A3D
:10644000118A128A138AF5018585968521893289F8
:10645000820F931F082E892F902D7C0106E029853D
:106460003A854B855C856B817C818D819E810E9404
:10647000781FF50145855685B6010E94381FF50144
:1064800041895289678570890E94731FF601808B4C
:10649000918B950149855A856B857C85802F0E945B
:1064A000291E9C01892B39F5892839F4F601858547
:1064B000992783709070892BD1F0F5012083318367
:1064C000EFA1F8A5309781F080819181892B39F077
:1064D0000190F081E02D80819181892BC9F7A08204
:1064E000B18240E050E05DC0AFA2B8A6FACFC501CE
:1064F0000E949240F6CFC5010E9492404FEF5FEF9D
:1065000050C0022E232F302DF6012687378796CFD5
:1065100081149104A9F480FF84CFF6018585816000
:1065200085878F858E7F8F87888D998DAA8DBB8D6E
:106530000196A11DB11D888F998FAA8FBB8F71CF36
:10654000A40160E8C5010E94213F5C010097D9F0D9
:10655000FC0187859089A401B7010E94DD64940144
:1065600044275527888D998DAA8DBB8D820F931F47
:10657000A41FB51F888F998FAA8FBB8FF6018585C1
:10658000886085874ECFCD5ADF4F87E497E28883B6
:106590009983B4CFF601158610861186128613866C
:1065A0001DCFCA01DF91CF910F91FF90EF90DF9047
:1065B000CF90BF90AF909F908F900895AF92BF9271
:1065C000CF92DF92EF92FF920F93CF93DF936C0104
:1065D000FC01A780B084C385D4858D8599279C0153
:1065E0002470307082FD73C0F601218B328B84E100
:1065F00090E085879687288139818A819B8188836D
:1066000099832A833B838D85992784FF3BC084E04F
:106610008D8788859985AA85BB858C839D83AE836C
:10662000BF83188619861A861B8680E58C871E868E
:106630001F861A8A1B8A188A198AF601858596850B
:10664000082E892F902D7C0106E0F50124853585E3
:106650004685578560897189828993890E94781F50
:10666000F60145855685BE010E94731F888B998B64
:106670009601F5014485558566857785802F0E94B2
:10668000291E25C081FF1EC08C819D81AE81BF81E6
:10669000082E8B2FB02D092E9A2FA02D0196A11D0B
:1066A000B11D082E8B2FB02D092E9A2FA02D888773
:1066B0009987AA87BB871C821D821E821F8284E164
:1066C0008D87B3CF8C819D81AE81BF81F0CFC60114
:1066D0000E94924080E090E0DF91CF910F91FF9077
:1066E000EF90DF90CF90BF90AF900895EF92FF9220
:1066F0000F931F93E216F3060407150780F0621745
:1067000073078407950740F0E616F7060807190790
:1067100018F081E090E00EC080E090E00BC02617FA
:10672000370748075907C0F36E157F0580079107A3
:1067300098F3EFCF1F910F91FF90EF900895CF93B3
:10674000DF93EC01E091D507F091D607A5EDB7E016
:10675000309749F0EC17FD07D1F1DF010190F0818E
:10676000E02D3097B9F7EF2BB9F189AD9AAD0097CD
:1067700039F5EFA1F8A5309759F0808191818FA369
:1067800098A7CF010E949240EFA1F8A53097A9F7F2
:10679000EDADFEAD309759F0808191818DAF9EAF08
:1067A000CF010E949240EDADFEAD3097A9F785E68E
:1067B000FE0111928A95E9F7CE010E943C640CC05B
:1067C0000E943C641DAA1EAA19AE1AAED2CF8881BF
:1067D00099818D939C93C7CFDF91CF9108950F93AB
:1067E0001F93CF93DF938C01EB0160E070E0E091A9
:1067F000D507F091D607309751F0878190858017A3
:106800009107F1F00190F081E02D3097B1F761151B
:10681000710549F5E091D507F091D607309719F148
:106820008281813031F00190F081E02D3097C1F705
:106830001AC08781908580179107A9F7BF01F3CF10
:1068400081859285A385B48582179307A407B50730
:10685000C9F6858596858C179D07A1F682818823C8
:1068600089F2BF01D4CFCB01DF91CF911F910F915E
:1068700008951F93CF93DF93C0E0D0E08091D707B6
:10688000882351F4182F0E947231892B09F411E0EA
:106890001093D7071123E1F185E690E00E94276469
:1068A000EC01892BA9F11A8280E492E4AFE0B0E018
:1068B000888B998BAA8BBB8B8C8B9D8BAE8BBF8B64
:1068C000888F998FAA8FBB8F80E99CE08BAB9CABA4
:1068D0008FAB98AFEF9688E192E08993999383E02C
:1068E00090E0A0E0B0E088839983AA83BB832896D8
:1068F00088839983AA83BB83C954D0408091D507EC
:106900009091D60788839983D093D607C093D507F3
:10691000CE01DF91CF911F910895FC01DA014FEF75
:106920005FEF892B09F451C080E16230780709F4E8
:1069300040C080E163307807E4F46230710539F0DB
:10694000ED5AFF4F8AE397E2808391833EC0109710
:1069500019F02230310529F0ED5AFF4F86E190E021
:10696000F3CFFF968D919C918083918340E050E01E
:106970002CC080E165307807A1F06650704101F7C6
:10698000109751F32430310539F7E75AFF4F8D91B5
:106990009D910D90BC91A02D80839183A283B383A0
:1069A000E5CF1097C9F224303105B1F6E35AFF4F15
:1069B000EECF109789F22230310571F68D919C91BE
:1069C00087AB90AF83AB94ABD1CFCA010895CF937F
:1069D000DF93FC01EA014FEF5FEF892B09F44CC014
:1069E00080E16230780709F43FC080E163307807C6
:1069F000E4F46230710539F0ED5AFF4F8AE397E213
:106A00008083918339C0209719F02230310529F015
:106A1000ED5AFF4F86E190E0F3CFFF9680819181A0
:106A20008883998340E050E027C080E16530780793
:106A300099F06650704101F7209751F324303105E9
:106A400039F7E75AFF4F80819181A281B381888312
:106A50009983AA83BB83E6CF2097D1F224303105F6
:106A6000B9F6E35AFF4FEFCF209791F2223031056C
:106A700079F687A990ADD4CFCA01DF91CF9108955F
:106A8000EF92FF920F931F93CF93DF93EC017A0164
:106A90008B01A901892B09F462C08A81813009F434
:106AA00066C08A81882309F05DC08091DA049091E4
:106AB000DB0401969093DB048093DA048091DA047E
:106AC0009091DB04892B31F480E090E19093DB041A
:106AD0008093DA04E091D507F091D607309771F0F2
:106AE000278130858091DA049091DB0428173907DB
:106AF00029F00190F081E02D309791F73097A9F6B9
:106B00008091DA049091DB04082E892F902D8F83D9
:106B10009887042E452F502D4D875E87E986FA868B
:106B20000B871C87AF01C801B7010E94AD20FC0193
:106B3000892B79F00784F089E02D81859285A385E2
:106B4000B4858B839C83AD83BE83CE010E94922B40
:106B500013C0CD5ADF4F81E597E2888399838FEF89
:106B60009FEF0AC0CD5ADF4F88E497E2F6CFCD5AA7
:106B7000DF4F8DE397E2F1CFDF91CF911F910F911E
:106B8000FF90EF900895FC01CB01082E892F902DE6
:106B900087839087CF010E94732B0895CF92DF9255
:106BA000EF92FF920F931F93CF93DF93EC016B0152
:106BB0008A01892B09F443C08A818430D1F5672B7F
:106BC00009F440C041155105E9F19FE3E92EF12C8C
:106BD000EC0EFD1EF701808191818417950708F462
:106BE0008C01488D598D8C899D89481B590B9A01C0
:106BF0003695279536952795F701808191818217E3
:106C0000930738F08CA19DA1841B950B80179107E9
:106C1000E0F4FE01E35AFF4F4081518162817381AC
:106C2000CE0189960E94BE60892B61F48A818430EE
:106C3000C1F2CD5ADF4F89E497E2888399834FEF01
:106C40005FEF0EC040E050E00BC08F8580618F8702
:106C5000A801B601CE010E948D31892B81F7A801D0
:106C6000CA01DF91CF911F910F91FF90EF90DF90BC
:106C7000CF900895EF92FF920F931F93CF93DF93DE
:106C8000EC018B017A01892B09F48AC08A81843056
:106C900021F08A81853009F07DC00115110509F4C4
:106CA00076C0E114F10409F472C08DA99EA9892B64
:106CB000B1F48A81843009F06DC0FE01E75AFF4FBC
:106CC0004081518162817381CE01CB960E94BE606A
:106CD000892B09F05CC08DA99EA9892B51F38DA940
:106CE0009EA98E159F0508F47C01E114F10411F4AE
:106CF000A70158C089AD9AADA701BC01C8010E9487
:106D0000DD640DA91EA90E191F090DAB1EAB0115DF
:106D10001105B1F120E030E02017310798F4A70108
:106D2000E9ADFAADDF01A20FB31FE40FF51F8081BB
:106D30008C934F5F5F4F2F5F3F4F8DA99EA9281700
:106D4000390770F38A81843099F62BA93CA9A901EF
:106D50002E0D3F1D8FA998AD8217930708F49C0153
:106D6000EF9688819981EF974817590718F02BAB58
:106D70003CABBECF2BAB3CABCE010E94DB2BB8CFE4
:106D800089AD9AAD0E943C6409AF1AAFDBCF40E0F9
:106D900050E008C0CD5ADF4F89E497E28883998399
:106DA0004FEF5FEFCA01DF91CF911F910F91FF90DD
:106DB000EF9008950E94AD2B0895FC01892B29F0D6
:106DC000ED5AFF4F8081918102C086E397E20895DA
:106DD000EF92FF920F931F93CF93DF938C017B0170
:106DE000EA01DC018D919C91009771F4CE0101962E
:106DF0000E94B363F80180839183209741F0AE0134
:106E0000B7010E94DD6403C00E943C64EFCFD8014B
:106E1000ED91FC91EC0FFD1F1082DF91CF911F913E
:106E20000F91FF90EF900895AF92BF92CF92DF92B3
:106E3000EF92FF920F931F93CF93DF938C01FB018F
:106E40006A0181E3D8011D928A95E9F7AA24BB243F
:106E500080899189A289B389E80189839A83AB8368
:106E6000BC8384819581A681B781898F9A8FAB8FEE
:106E7000BC8F20EFE22EF12CE60EF71EE0E1FFEFD3
:106E8000CE0EDF1E1C141D040CF0DDC0E7012881AE
:106E90002F3F09F4D8C0222371F40894E11CF11C9F
:106EA0000894C108D108A114B10409F0CCC01C1485
:106EB0001D0464F3C8C08981C82FDD27CC16DD0608
:106EC0000CF4BEC0F70182819381A481B581332780
:106ED0002C31310509F4AAC02D3131050CF04FC019
:106EE0002630310509F442C0273031054CF52130F8
:106EF0003105E9F02330310569F0EC0EFD1E82E02A
:106F000090E0E80EF91ECC1ADD0ACEEFDFEFCC0ED2
:106F1000DD1EC9CFC430D10534F0F80185879687CE
:106F2000A787B08BEACF8FEFA82EB82EE6CFC4305C
:106F3000D105CCF3F80185839683A783B087DDCF95
:106F40002C30310561F02F303105B9F6C7010296BA
:106F5000AE01BC01C8018F960E94E836CECFC701B2
:106F60000296AE01BC01C8018D96F6CFC430D105A2
:106F7000D4F2F801818B928BA38BB48BBECF2633D6
:106F8000310509F449C027333105FCF423333105B9
:106F900061F02533310509F0B0CFC130D10519F6C4
:106FA000F7018281F8018083A8CFC430D1050CF4A9
:106FB000BACF082E8B2FB02D092E9A2FA02DF801B5
:106FC000858F968FA78FB0A398CF2A333105A1F074
:106FD0002B33310509F091CFC430D1050CF4A3CF88
:106FE000082E8B2FB02D092E9A2FA02DF80181A3EA
:106FF00092A3A3A3B4A381CFC430D1050CF493CF43
:10700000082E8B2FB02D092E9A2FA02DF80185A3C5
:1070100096A3A7A3B0A771CFC430D1050CF483CF3A
:10702000F801858B968BA78BB08F67CFC430D105C5
:107030000CF479CFF80181879287A387B4875DCF5D
:107040009FEFA92EB92EC501DF91CF911F910F910E
:10705000FF90EF90DF90CF90BF90AF9008958F9208
:107060009F92AF92BF92CF92DF92EF92FF920F93D7
:107070001F93CF93DF93CDB7DEB726970FB6F89463
:10708000DEBF0FBECDBF4C015B01CA01B90128EEC6
:1070900033E040E050E00E943A65DC01CB016C0136
:1070A0007D0104E212E09501AE014F5F5F4FBE012A
:1070B0006D5F7F4FC4010E94FC1C26960FB6F894AA
:1070C000DEBF0FBECDBFDF91CF911F910F91FF901B
:1070D000EF90DF90CF90BF90AF909F908F900895EA
:1070E000EF92FF920F931F938C01E62EDA01C901F4
:1070F00024E232E0F801119221503040E1F731E012
:10710000F32EF801F08284839583A683B783F182FE
:1071100086E08283045E1F4F46E050E068ED77E032
:10712000C8010E94DD64F801E053FF4F8091DC0448
:107130009091DD04A091DE04B091DF0481939193DE
:10714000A193B19385E38193F192E192CF011F91D5
:107150000F91FF90EF9008954F925F926F927F9200
:107160008F929F92AF92BF92CF92DF92EF92FF9257
:107170000F931F93CF93DF932C014A015B013901D9
:10718000680181E0E7018883298D3A8D4B8D5C8D04
:10719000682FC6010E947038FC0189A59AA5082EA7
:1071A000892F902DE601888799878FEF8193EC19BD
:1071B000FD097F0186019301B501A401C2010E946E
:1071C000BD1CDF91CF911F910F91FF90EF90DF9049
:1071D000CF90BF90AF909F908F907F906F905F9077
:1071E0004F9008954F925F926F927F928F929F92ED
:1071F000AF92BF92CF92DF92EF92FF920F931F93C5
:10720000CF93DF932C014A015B013901680183E0D0
:10721000E7018883298D3A8D4B8D5C8D682FC601DF
:107220000E947038FC0182E3819324E021938981DC
:107230009A81AB81BC8181939193A193B19386E3B1
:10724000819321938D899E89AF89B88D8193919384
:10725000A193B1938FEF8193EC19FD097F01860112
:107260009301B501A401C2010E94BD1CDF91CF9121
:107270001F910F91FF90EF90DF90CF90BF90AF9054
:107280009F908F907F906F905F904F9008954F9256
:107290005F926F927F928F929F92AF92BF92CF92A6
:1072A000DF92EF92FF920F931F93CF93DF932C0106
:1072B0004A015B013901680187E0E7018883298D74
:1072C0003A8D4B8D5C8D682FC6010E947038FC0191
:1072D00089819A81AB81BC81E601888B998BAA8BCD
:1072E000BB8B86E3819384E08193E7018D899E893E
:1072F000AF89B88D81939193A193B1938FEF8193CF
:10730000EC19FD097F0186019301B501A401C201B9
:107310000E94BD1CDF91CF911F910F91FF90EF90C4
:10732000DF90CF90BF90AF909F908F907F906F90A5
:107330005F904F900895CF93DF93CDB7DEB72C9732
:107340000FB6F894DEBF0FBECDBF8F839887FC01C8
:107350000784F089E02DE987FA875F01CC24DD24DA
:107360001B821C8220E030E029833A8384E490E091
:107370000E94731C4C0181E390E00E94B3632C01D6
:1073800081E390E00E94B3638B879C8784E292E064
:107390000E94B3633C0184E292E00E94B3638D8358
:1073A0009E838114910409F486C01B821C822224CE
:1073B000332481E3EB85FC8511928A95E9F7EB850F
:1073C000FC85A18EB28EC38ED48E29813A81C901EB
:1073D000AA27BB2781A792A7A3A7B4A77F010D81E6
:1073E0001E8123E430E04FEF5FEF6FEF7FEFC401CA
:1073F0000E94AC38992364F123E030E040E050E093
:10740000B301C4010E942F38AC01892B09F4ADC02F
:10741000F30184819581A681B7818A159B05AC050E
:10742000BD0551F7B301C2010E941437892B21F722
:1074300021E030E02B833C838B819C81892B41F4BC
:107440000894211C311C9AE0291631040CF4B1CFA8
:10745000EB81FC81EF2B79F11B821C8281E3AB85F0
:10746000BC85F20101900D928A95E1F7EB84FC84D2
:107470000D811E8123E430E04FEF5FEF6FEF7FEF70
:10748000C4010E94F23897FD6BC025E030E040E077
:1074900050E0B301C4010E942F38AC0197FD0BC02E
:1074A000F30184819581A681B7818A159B05AC057E
:1074B000BD0509F449C08B819C81892BE9F1F2015A
:1074C000C584D684E784F0880581168127813085BC
:1074D00041815281638174818F8198850E94F0235C
:1074E0002B813C81232B21F08EED97E00E946E6171
:1074F000E985FA8581859285A385B4850097A105E4
:10750000B10561F40E946D62E985FA8581859285F5
:10751000A385B4850097A105B105A1F38EED97E091
:107520000E946E618EEF0E94B36260E67AEE80E0A8
:1075300090E00E94835FF9CFCC24DD24760197018F
:107540008601B701A601C8CFB301C2010E9414375A
:10755000892B09F0B0CF21E030E02B833C83ABCF07
:107560008114910409F021CFA6CF29813A812D5FA2
:107570003F4F29833A8360CFCF93DF93FC01A785E8
:10758000B08986E0C8EDD7E011960D9009928A95F2
:10759000E1F720E032E0AF016BE979E380EE94E0BF
:1075A0000E94F46240E050E060E070E08EED97E011
:1075B0000E94BE60DF91CF910895FC01872F99272B
:1075C0008193608382E090E00895CF93DF93DC01A4
:1075D000EB01FB0101900020E9F79F0121503040B1
:1075E000261B370B2E5F3F4FFC01AC01119610821A
:1075F0008881882399F088818E3251F08D9321966D
:10760000FA0180818F5F808388818823A1F706C07B
:10761000FD01AD01119610822196F6CF1C92C90191
:10762000DF91CF910895FC01DB0181919927382FDB
:1076300022272D933C93119780819927282B392B52
:107640002D933C9382E090E00895FC01819199276D
:10765000AA27BB272227382F492F5A2FDB012D932A
:107660003D934D935C93139781919927AA27BB274C
:10767000282B392B4A2B5B2B542F432F322F2227B9
:10768000DB012D933D934D935C9313978191992743
:10769000AA27BB27282B392B4A2B5B2B542F432F90
:1076A000322F2227DB012D933D934D935C9313974B
:1076B00080819927AA27BB27282B392B4A2B5B2BA4
:1076C000FB01208331834283538384E090E008955B
:1076D000EF92FF920F931F93CF93DF93EC018B01F7
:1076E000FB0180819181009761F588819927807CD9
:1076F0009070803C910511F1FE0101900020E9F7A6
:107700007F01EC1AFD0AC7010E94B363F801808370
:107710009183FC019991992371F091509F3F21F041
:10772000899181939150E0F79991992311F08EE21C
:107730008193992391F71082C70109C082E090E0FC
:1077400006C00E943C64F80110821182CECFDF9106
:10775000CF911F910F91FF90EF900895EF92FF92BC
:107760000F931F93CF93DF937C018B01EA01FB0101
:1077700080819181009711F00E943C64CE010E94AB
:10778000B363F80180839183AE01B7010E94DD6489
:10779000CE01DF91CF911F910F91FF90EF9008954F
:1077A000CF93DF93FC01EB01892B69F0309789F0CF
:1077B000C083D18380E091E08283938381E090E075
:1077C0008483958306C08CE090E00E942764FC01CE
:1077D000EDCFCF01DF91CF910895009711F00E9476
:1077E0003C640895CF92DF92EF92FF920F931F9324
:1077F0007C016B01FB01608171810E94DD3A8C018B
:10780000C701800F911FF601628173810E94DD3AEA
:10781000080F191FC701800F911FF6016481758140
:107820000E94DD3A080F191FC701800F911FF60152
:10783000668177810E94DD3A080F191FC701800F0A
:10784000911FF601608571850E94DD3A080F191FAE
:10785000E00EF11EF60162857385C7010E94DD3AD4
:10786000080F191FC8011F910F91FF90EF90DF9033
:10787000CF900895CF92DF92EF92FF920F931F93D4
:107880007C016B01BC01C6010E94133B8C0182E0AC
:1078900090E0E80EF91EC601800F911FB7010E940B
:1078A000133B080F191F82E090E0E80EF91EC60195
:1078B000800F911FB7010E94133B080F191F82E030
:1078C00090E0E80EF91EC601800F911FB7010E94DB
:1078D000133B080F191F82E090E0E80EF91EC60165
:1078E000800F911FB7010E94133B080F191F82E000
:1078F00090E0E80EF91EC00ED11EB701C6010E942D
:10790000133B080F191FC8011F910F91FF90EF90B3
:10791000DF90CF9008950F931F93CF93DF93EC01E7
:107920008B01892BB9F02097D9F0F8010190002044
:10793000E9F7E01BF10BCF010E94B36388839983C1
:10794000B8010E94046581E090E08A839B838C8368
:107950009D8306C086E090E00E942764EC01E3CF9F
:10796000CE01DF91CF911F910F910895CF93DF93B7
:10797000EC01892B59F088819981009721F4CE017F
:107980000E943C6403C00E943C64F9CFDF91CF9118
:107990000895CF92DF92EF92FF920F931F937C0195
:1079A0006B01FB01608171810E94E53A8C01C70186
:1079B000800F911FF601628173810E94DD3A080FEA
:1079C000191FE00EF11EF60164817581C7010E9446
:1079D000DD3A080F191FC8011F910F91FF90EF901A
:1079E000DF90CF900895CF92DF92EF92FF920F93A6
:1079F0001F937C016B01BC01C6010E94683B8C0196
:107A000082E090E0E80EF91EC601800F911FB701D9
:107A10000E94133B080F191F82E090E0E80EF91E48
:107A2000C00ED11EB701C6010E94133B080F191FDB
:107A3000C8011F910F91FF90EF90DF90CF900895B4
:107A4000009721F48EE090E00E9427640895CF9380
:107A5000DF93EC01892B91F088819981009759F48B
:107A60008C859D85009721F4CE010E943C6406C060
:107A70000E943C64F9CF0E943C64F2CFDF91CF9129
:107A80000895CF92DF92EF92FF920F931F937C01A4
:107A90006B01BC01C6010E94683B8C01C7010296C4
:107AA0009601200F311FBC01C9010E94133B080F32
:107AB000191FC70104969601200F311FBC01C9018F
:107AC0000E94133B080F191FC70106969601200F4D
:107AD000311FBC01C9010E94253B080F191FC701B6
:107AE0000A969601200F311FBC01C9010E94133B69
:107AF000080F191FC00ED11EF701428553858CE077
:107B000090E0E80EF91EB701C6010E94AE3B080FD7
:107B1000191FC8011F910F91FF90EF90DF90CF9038
:107B20000895CF92DF92EF92FF920F931F93CF931E
:107B3000DF93EC018B0169017A018091E00790915C
:107B4000E107009799F58091E2079091E30700978C
:107B500031F5209781F0FE0101900020E9F7EC1B40
:107B6000FD0BCF010E94B3639093E1078093E00780
:107B7000BE010E94046501151105F9F0F80101909C
:107B80000020E9F7E01BF10BCF010E94B363909353
:107B9000E3078093E207B8010E9404650EC00E94CB
:107BA0003C641092E3071092E207D3CF0E943C643A
:107BB0001092E1071092E007C6CFC092E407D0927E
:107BC000E507E092E607F092E707DF91CF911F917A
:107BD0000F91FF90EF90DF90CF9008952F923F92FA
:107BE0004F925F926F927F928F929F92AF92BF92CD
:107BF000CF92DF92EF92FF920F931F93CF93DF9379
:107C0000CDB7DEB762970FB6F894DEBF0FBECDBF1B
:107C10008F83988719861A861B861C86662477248C
:107C20006D867E8623016F86788A8091E407909125
:107C3000E507A091E607B091E7070097A105B10518
:107C400029F460E070E080E090E0B7C0C3010E94DA
:107C5000731C1C01892B09F480C080E092E00E9413
:107C6000B3634C01698A7A8AED85FE853196ED878A
:107C7000FE87BF01C3010E94D03B3C016F81788524
:107C80008F8598890E948B3C8F87988BB301C401A4
:107C90000E94F23B5C01C4018A0D9B1D6F857889AF
:107CA0000E94C93CA80EB91E7501840125E330E08D
:107CB0004091E4075091E5076091E6077091E7076E
:107CC000C1010E94BD1C9923C4F1AA24BB2438EE33
:107CD000C32E33E0D32EE12CF12C00E012E094010E
:107CE000AE014F5F5F4FBE016D5F7F4FC1010E94CC
:107CF000FC1C181619067CF40D973CF3B401C30163
:107D00000E943A3C5C01D3018D919C91ED85FE85EA
:107D10008E179F07D1F6A114B10429F0F3018481D5
:107D200095810197F9F029893A892F5F3F4F298B77
:107D30003A8B253031050CF497CFC3010E94ED3BFF
:107D40008F8598890E94B63CC2010E94273DC401DC
:107D50000E943C64C1010E945B1D69857A858B8508
:107D60009C852BC0C4018A0D9B1DBC018F85988901
:107D70000E94F33CA80EB91EF30186819781892BDE
:107D8000E1F2C2010E94203D2C01A80CB91CB501F2
:107D90000E94413DF20182859385049721F6F2010C
:107DA00024853585D9018D919D910D90BC91A02D93
:107DB00089879A87AB87BC87C0CF62960FB6F89445
:107DC000DEBF0FBECDBFDF91CF911F910F91FF900E
:107DD000EF90DF90CF90BF90AF909F908F907F906B
:107DE0006F905F904F903F902F9008950F931F9347
:107DF000CF93DF93EC018B01CB010E94B3638883A7
:107E00009983009729F00A831B8380E090E004C0E7
:107E10008A839B838FEF9FEFDF91CF911F910F910B
:107E200008950F931F938C01FC01808191810E9422
:107E30003C64F80110821182128213821F910F910B
:107E40000895BF92CF92DF92EF92FF920F931F930C
:107E5000CF93DF93EC01B62E7A01892B09F4C7C0CA
:107E6000209709F442C0BB2009F43FC0E114F1049B
:107E700009F49AC0CB2CDD24C4FE0DC08A81992759
:107E80008C010071107084FF86C08D819E818E15DB
:107E90009F0508F472C0C5FE0DC08A8199278C0128
:107EA0000072107085FF60C089859A858E159F05C8
:107EB00008F44CC0C6FE0CC08A8199278C0100745E
:107EC000107086FF37C08D859E858E159F0528F121
:107ED000B7FE08C08A8187FF1CC089899A898E15E0
:107EE0009F0528F08A818B298A83CE0186C08E0166
:107EF000015F1F4FC8010E94113FB701C8010E94D6
:107F0000F63E892B79F3CE010E94924080E090E00A
:107F100074C0CE010F96B701F2CF8E01055F1F4FDF
:107F2000C8010E94113FB701C8010E94F63E892B8B
:107F300079F2E9CFCE010B96B7010E94F63E892B6C
:107F400039F2CE010E949240C80157C08E01095FEC
:107F50001F4FC8010E94113FB701C8010E94F63EA1
:107F6000892B09F4A7CFCFCFCE010796B7010E9486
:107F7000F63E892B09F49ECFE4CF8E010D5F1F4F93
:107F8000C8010E94113FB701C8010E94F63E892B2B
:107F900009F481CFB8CFCE010396B7010E94F63E17
:107FA000892B09F478CFCDCF8A81B8220B2D1127E8
:107FB00004FD18C005FD11C006FD0AC0B7FE04C0CF
:107FC000CE010F960E94113FB0948A818B218CCFF5
:107FD000CE010B960E94113FF1CFCE0107960E9471
:107FE000113FEACFCE0103960E94113FE3CF83E118
:107FF00090E00E942764EC0133CFDF91CF911F9175
:108000000F91FF90EF90DF90CF90BF9008950F9366
:108010001F93CF93DF938C0183E190E00E9427644C
:10802000EC01009709F479C0F8016581768161154A
:10803000710509F05DC0F8016185728561157105F2
:1080400009F040C0F801658576856115710521F557
:10805000F801618972896115710511F4CE015DC065
:10806000CE010F960E94F63E892B81F4AF85B88928
:10807000F8012785308981899289AC01B901CD0148
:108080000E94DD648A8180688A83E8CFCE010E94E5
:10809000924080E090E041C0CE010B960E94F63EF7
:1080A000892BA1F7AB85BC85F801238534858585AF
:1080B0009685AC01B901CD010E94DD648A8180649E
:1080C0008A83C6CFCE0107960E94F63E892BF1F631
:1080D000AF81B885F8012781308581859285AC0113
:1080E000B901CD010E94DD648A8180628A83AACFB2
:1080F00003960E94F63E892B49F6AB81BC81F801BC
:108100002381348185819681AC01B901CD010E9422
:10811000DD648A8180618A838ECFDF91CF911F9148
:108120000F9108950F931F938C0140E050E0FC01E4
:1081300062810E94213FC8010E943C64009711F0B7
:108140008FEF9FEF1F910F910895FC010188F28935
:10815000E02D11A20895FC010188F289E02D81A192
:10816000992708950F93CF93DF93EB01E989FA895B
:1081700001A1013039F00F30B9F011A2CF010E94F6
:108180004C6112C082A1982F8F5F82A3933098F721
:108190009B0142EB50E468E97AE380E090E00E94C2
:1081A000E35ECE010E945043DF91CF910F9108957D
:1081B0009C01307047E020FF0AC03695279588E083
:1081C00094E828273927415047FFF5CF03C036955B
:1081D0002795F9CFC90108957F928F929F92AF9210
:1081E000BF92CF92DF92EF92FF920F931F93CF93A4
:1081F000DF93CDB7DEB7C258D0400FB6F894DEBFDC
:108200000FBECDBFFC017B016A0181889288A784E3
:10821000B0887724452B09F488C090E0F401828D62
:10822000882319F081A182FD52C0F70120812032FC
:1082300068F5FE013196DF01A90FB11D8DE78C9322
:108240009F5FE90FF11D80E2282720830894E11C3D
:10825000F11C73949F5F072D11270C151D0511F05C
:1082600097FFDCCF892F9927AC01BE016F5F7F4F4D
:10827000F501878190850E94BC5CF501878190851E
:108280000E94DF5D0C151D0540F24FC02E3799F09E
:108290002D3729F0FE01E90FF11D2183D7CFFE0113
:1082A0003196DF01A90FB11D2C939F5FE90FF11DDE
:1082B0008DE58083CBCFFE013196DF01A90FB11D83
:1082C0008DE78C939F5FE90FF11D8EE5F2CFF701EB
:1082D00080818D30F1F08A3081F08D3739F08E3722
:1082E00051F3FE01E90FF11D8183B0CFFE013196FC
:1082F000DF01A90FB11D8C93D8CFFE013196DF01AC
:10830000A90FB11D8DE78C939F5FE90FF11D8AE2E4
:10831000D0CFFE013196DF01A90FB11D8DE78C93FF
:108320009F5FE90FF11D8DE2C4CFCE57DF4F0FB62F
:10833000F894DEBF0FBECDBFDF91CF911F910F919B
:10834000FF90EF90DF90CF90BF90AF909F908F9075
:108350007F9008958F929F92AF92BF92CF92DF92BB
:10836000EF92FF920F931F93CF93DF93CDB7DEB7BA
:1083700023970FB6F894DEBF0FBECDBF5C018B0113
:108380008EE78983F501A189B2898784908881E08D
:108390008093EA0DFB014581568181859285840F8A
:1083A000951F25853685820F931F21893289820F7B
:1083B000931F53962D913C9154978217930708F081
:1083C000F2C08FEF9FEF8A839B83FB01E380F480F1
:1083D000CC24DD24C416D50608F4C8C0F801E78013
:1083E000F084CC24DD2481859285C816D90608F452
:1083F000A0C0F801E384F484CC24DD24858596852F
:10840000C816D90608F478C0F801E784F088CC24AF
:10841000DD2481899289C816D90608F450C041E04C
:1084200050E0BE01640F751FF401878190850E94A2
:10843000BC5CF8014581568163817481C5010E944D
:10844000EC40F8014185528567817085C5010E9425
:10845000EC40F8014585568563857485C5010E9409
:10846000EC40F8014189528967857089C5010E94F5
:10847000EC408A819B81809590958A839B8342E022
:1084800050E0BE01640F751FC5010E94EC4041E041
:1084900050E0BE01640F751FF401878190850E9432
:1084A000BC5CF401878190850E94DF5D1092EA0D2B
:1084B0008BEE9DE00E94896180E090E079C0F70139
:1084C00081917F0199272A813B81822793270E94EE
:1084D000D8409C018A819B81892F992782279327E5
:1084E0008A839B830894C11CD11CF80181899289DD
:1084F000C816D90620F393CFF70181917F01992700
:108500002A813B81822793270E94D8409C018A813F
:108510009B81892F9927822793278A839B8308949D
:10852000C11CD11CF80185859685C816D90620F393
:108530006BCFF70181917F0199272A813B818227A7
:1085400093270E94D8409C018A819B81892F99277B
:10855000822793278A839B830894C11CD11CF8012E
:1085600081859285C816D90620F343CFF701819102
:108570007F0199272A813B81822793270E94D84037
:108580009C018A819B81892F9927822793278A833F
:108590009B830894C11CD11CF80185819681C81663
:1085A000D90620F31BCFCB010E9492408FEF9FEFA3
:1085B00023960FB6F894DEBF0FBECDBFDF91CF91EB
:1085C0001F910F91FF90EF90DF90CF90BF90AF90F1
:1085D0009F908F900895EF92FF920F931F93CF93E8
:1085E000DF937C01EB018A0144E050E060E1C801C7
:1085F0000E94213F892BD1F0F801A381B4818FEF34
:108600008C9383E011968C9311970C2ECD2FD02D47
:108610001296CD93DC931397E701EF85F88905A0B7
:10862000F6A1E02DB801C701099502C08FEF9FEFB9
:10863000DF91CF911F910F91FF90EF900895FC0172
:108640000188F289E02D118E128E138E148E158EF4
:10865000168E178E10A28FEF9FEFAFEFBFEF858BB7
:10866000968BA78BB08F8CED95E0838B948B11A2AA
:108670000895EF92FF920F931F937C018B01FB01F2
:1086800081819927AC01C7010E94DD64F8018181D5
:10869000E80EF11CC7011F910F91FF90EF90089514
:1086A000CF92DF92EF92FF920F931F93CF93DF93BE
:1086B0007C01EC0109891A894AE050E060E280E01F
:1086C00090E00E94213F6C01EC01EF81F88581E090
:1086D0008083E8018A8981838F5F8A8B82E084832B
:1086E00086E0858316821782108611863A96E60107
:1086F0008F8198859F01281B390BC9013A972987DB
:108700003A87082E892F902D82839383A60161E2F8
:1087100070ECC7010E94EB42892B19F4C6010E943C
:108720009240DF91CF911F910F91FF90EF90DF90DA
:10873000CF9008953F924F925F926F927F928F9267
:108740009F92AF92BF92CF92DF92EF92FF920F93E0
:108750001F93CF93DF933C012B01FC01C189D28988
:10876000FB01A780B084F50182819381082E892FB7
:10877000902D82839383808199278130910509F41C
:108780003AC0029709F0FEC089A1826089A346E041
:1087900050E060E280E090E00E94213F6C01FC012B
:1087A0000781108581E0F80180838A8981838F5F4A
:1087B0008A8B148215820A5F1F4FE6018F8198858C
:1087C000F801E81BF90BCF0106501040E987FA8742
:1087D000082E892F902DE8018A839B83A60163E2EE
:1087E00070ECC3010E94EB42892B09F0CBC0C6019B
:1087F0000E949240C7C01D8A1E8A1F8A188E198E39
:108800001A8E398CF5014281538160E280E090E05C
:108810000E94213F6C01FC0107811085F5018181D7
:10882000F801818382E090E0082E892F902D8283C9
:108830009383F4E08F2E912C800E911EF50182819E
:108840009381059748F1E4E0EE2EF12CEA0CFB1C35
:10885000F701808199278330910509F47EC0843027
:1088600091050CF06EC08130910509F455C0029756
:1088700009F444C0B701C4010E9439434C01339448
:10888000F7018181E80EF11CF501828193818A0D47
:108890009B1DE816F906E0F23320E1F4E601EF81D2
:1088A000F885E2012F81388589859A85AC01B90167
:1088B000CF010E94DD6482E0F8018083E6018985B2
:1088C0009A85082E892F902D82839383A60161E2D9
:1088D00070EC87CFC3010E941F4384E0E8018883C6
:1088E000F60187819085881A990AC401818692864B
:1088F000082E892F902D8A839B83E8CFF7018181F1
:108900009927029797012E5F3F4FAC01B901CE0125
:1089100045960E94DD64B4CFF701818199270297C3
:1089200097012E5F3F4FAC01B901CE0143960E94E3
:10893000DD648B899C89082E892F902D8B8B9C8BD5
:108940009FCF8730910531F0089709F093CF81E0F0
:108950008A8F96CF81E0898F93CFF7018181992704
:10896000029797012E5F3F4FAC01B901CE014B96A4
:108970000E94DD648B8D9C8D082E892F902D8B8F0E
:108980009C8F7ECFC2010E949240DF91CF911F91B8
:108990000F91FF90EF90DF90CF90BF90AF909F909E
:1089A0008F907F906F905F904F903F9008952F929F
:1089B0003F924F925F926F927F928F929F92AF926F
:1089C000BF92CF92DF92EF92FF920F931F93CF93BC
:1089D000DF934C011B01EC016F847888A988BA8869
:1089E000FB0107811085E8018A819B81082E892F70
:1089F000902D8A839B83AC0160E280E090E00E942E
:108A0000213F6C01EC01EF80F884F8018181E701DE
:108A1000898382E090E0082E892F902D8A839B83A2
:108A2000A4E04A2E512C4E0C5F1CE8018881992746
:108A30008230910509F48CC0833091050CF053C04D
:108A4000019709F0CAC0BB24E8018A819B81059780
:108A5000A8F0249688818330C9F1BE01C2010E942A
:108A600039432C01B3948981C80FD11DF80182814B
:108A70009381800F911FC817D90760F3BB2009F0BD
:108A8000ACC0E601EF81F885E1012F813885898549
:108A90009A85AC01B901CF010E94DD6482E0F70143
:108AA0008083E60189859A85082E892F902D8283FF
:108AB0009383A60161E270E8C4010E94EB42892B16
:108AC00009F08BC0C6010E94924087C08981992716
:108AD00002979E012E5F3F4FAC01B901C3010D9675
:108AE0000E94DD64C0CF83309105C9F0049709F07E
:108AF00074C0E8012A813B812530310550F024966D
:108B00008981C80FD11DC801820F931FC817D907CB
:108B1000B8F3F50111A2C5010E944C615EC08A81C3
:108B20009B81059708F459C0E601EF81F885E101C2
:108B30002F81388589859A85AC01B901CF010E94C2
:108B4000DD6481E0F701808381818F5F8183A9CF1C
:108B50008A819B810597B8F0E8012496888199273E
:108B60008138910579F182389105F4F4039779F011
:108B70008981C80FD11DF80182819381800F911FD7
:108B8000C817D90758F38FE0E50189A3C4CF8981BD
:108B9000992702979E012E5F3F4FAC01B901C30197
:108BA00009960E94DD64E4CF8338910509F7898135
:108BB000992702979E012E5F3F4FAC01B901C30177
:108BC0004996EFCF8981992702979E012E5F3F4FEB
:108BD000AC01B901C3014596E4CFC1010E949240A6
:108BE000DF91CF911F910F91FF90EF90DF90CF9089
:108BF000BF90AF909F908F907F906F905F904F90BD
:108C00003F902F900895AF92BF92CF92DF92EF9254
:108C1000FF920F931F93CF93DF937C016B01EC01C5
:108C2000A988BA88FB01A781B08512968D919C9185
:108C30001397082E892F902D12968D939C9313973E
:108C40008C91823009F047C0E50189A1846089A335
:108C500048E150E060E280E090E00E94213F8C011A
:108C6000EC01EF81F88581E08083E5018A898183C9
:108C70008F5F8A8B83E0848396E0958316821782C8
:108C80001086118681E8828793871486158616865A
:108C9000178683E8808B918B128A138A148A158A2F
:108CA0007696E8018F8198859F01281B390BC901B1
:108CB000769729873A87082E892F902D8283938370
:108CC000A80161E270E8C7010E94EB42892B19F408
:108CD000C8010E949240C6010E949240DF91CF914C
:108CE0001F910F91FF90EF90DF90CF90BF90AF90CA
:108CF0000895CF93DF93AC01DB011396ED91FC91C6
:108D000014972281338134961796ED93FC9318972C
:108D100015968D919C911697049719968D939C9317
:108D20001A9784E090E015968D939C931697022EE7
:108D3000232F302DE0E821323E07F1F0F0E8223217
:108D40003F0758F42132310521F0CD010E949240B5
:108D500016C0CA010E94532612C080EC2132380787
:108D600039F02352304C89F7CA010E94034607C0EC
:108D7000CA010E949A4303C0CA010E94D744DF91EE
:108D8000CF910895CF93DF93CDB7DEB721970FB67C
:108D9000F894DEBF0FBECDBF3C01FC01A784B088B4
:108DA000C188D2888CED95E00E94B3634C01892B79
:108DB00009F49CC082E10E94B362F60181A188237C
:108DC00039F464E670E080E090E00E94835FF5CFC4
:108DD00041E050E0BE01640F751FF5018781908569
:108DE0000E940A5B892B49F389818E3731F741E074
:108DF00050E0BE01640F751FF501878190850E94C8
:108E00000A5B89818E3799F355240FEF1FEFEE240B
:108E1000FF2499819E3789F19D3749F1F401EE0DC8
:108E2000FF1D9083552021F080E2982790835524E0
:108E300080819927802791270E94D840012F1127F0
:108E40000827192741E050E0BE01640F751FF501A6
:108E5000878190850E940A5B892BA1F30894E11C0D
:108E6000F11CFCEDEF16F5E0FF069CF2A6CF81E0C9
:108E7000582E0894E108F108E5CF085B104F69F01F
:108E8000F60186859785A089B1890196A11DB11D3E
:108E900086879787A08BB18B90CF8EEF9FEFE80EE0
:108EA000F91EA70160E180E090E00E94213F8C0163
:108EB000009709F482CFFC0183819481A701B4015A
:108EC0000E94DD64F60186819781A085B1850196B7
:108ED000A11DB11D86839783A087B187F50123A1CA
:108EE00034A1B801C301F901099567CF68EE73E0B9
:108EF00080E090E00E94835FF9CFEF92FF920F93A2
:108F00001F93CF93DF93EC018B01E988FA8880915E
:108F1000EA0D8130A1F0B801CE010E94AA419C0166
:108F2000892BB1F4F70182859385A485B5850196D7
:108F3000A11DB11D82879387A487B58709C040E032
:108F400050E060E070E08BEE9DE00E94BE60E3CFF9
:108F5000C901DF91CF911F910F91FF90EF9008957C
:108F6000EF92FF920F931F93CF93DF93EC01109238
:108F7000EA0DE988FA8887E2F70111928A95E9F704
:108F8000CE010E941F4311E0F70111A368EC70E0CD
:108F900080E090E00E94835F012F9E0142EB50E44D
:108FA00068E97AE380E090E00E94E35ECE010E94EF
:108FB00050438BE395E00E949363892B61F420E09A
:108FC00032E0AE0162EC76E48BE395E00E94F4625D
:108FD000F70185A396A380E090E0DF91CF911F91E8
:108FE0000F91FF90EF9008952F923F924F925F92D2
:108FF0006F927F928F929F92AF92BF92CF92DF92A9
:10900000EF92FF920F931F93CF93DF93CDB7DEB70D
:10901000C450D1400FB6F894DEBF0FBECDBF4C0197
:10902000FB0101900020E9F73197E61BF70BE038D0
:10903000F10508F082C0CE0101960E940465FE0190
:10904000EF5FFE4F80EA96E8A1E0B0E08083918375
:10905000A283B383AF016BE071E0C4010E94715B36
:1090600040E050E0BA01C4010E94865B44245524CC
:109070008E010F5F1F4F18016AE370E0C8010E9464
:10908000ED646C01009709F45AC0D6011C921F933D
:109090000F9381E495E09F938F939F928F920E940C
:1090A0004E56C4010E94DF5D86010F5F1F4F6AE3C9
:1090B00070E0C8010E94ED647C013C01FC0110825B
:1090C0008DB79EB706960FB6F8949EBF0FBE8DBFA4
:1090D00091E8A92EB12CAC0EBD1E4FE750E0B501B2
:1090E000C4010E942D5BFC019FEFEF3FF90799F04F
:1090F000EA0DFB1D1082F80101900020E9F731977D
:10910000E01BF10BAF01B801C5010E941465892B6A
:10911000F9F68701AECF8AE3D6018C93D3018C9305
:1091200071010894E108F1080894411C511CB5E054
:109130004B16510471F7CF0102C08FEF9FEFCC5F48
:10914000DE4F0FB6F894DEBF0FBECDBFDF91CF91DB
:109150001F910F91FF90EF90DF90CF90BF90AF9055
:109160009F908F907F906F905F904F903F902F9047
:109170000895FC015F9903C080E090E004C08CB1C9
:10918000808381E090E00895482F8BB199279C015E
:109190002072307085FD02C0C90103C04CB981E066
:1091A00090E00895CF93DF93FC01A785B0891896CE
:1091B0009C91189719968C911997981709F18485A5
:1091C0009585892B91F018968C911897FD01E80FE1
:1091D000F11DE45FFE4F808180939C0018968C9176
:1091E00018978F5F18968C9312C0FD0118968C917A
:1091F0001897E80FF11DE45FFE4F80818CB9EECF28
:109200001A961C928189928909960E944C61DF917D
:10921000CF910895CF93DF93EC01AF85B8898C850A
:109220009D85892BD9F0FD0116968C911697E80F34
:10923000F11D80919C00848716968C911697982F2B
:109240008F5F16968C93169717968C91981771F4DA
:1092500089899A890B960E944C6108C0FD01169677
:109260008C911697E80FF11D8CB1E5CFDF91CF916E
:1092700008950F931F93CF93DF93FC0120E030E01C
:10928000C785D0890FB60F92F8949F818E81981769
:1092900091F401891289F8014181528163817481BD
:1092A000C8010B960E94BE609C01892B21F49F810E
:1092B0008E81981781F30F900FBEC901DF91CF9176
:1092C0001F910F910895CF93DF93FC01A785B0897B
:1092D0001A968C911A97882369F518969C9118977D
:1092E00019968C911997981729F181E01A968C9309
:1092F0001A9784859585892B91F018968C911897EB
:10930000FD01E80FF11DE45FFE4F808180939C001A
:1093100018968C9118978F5F18968C930BC0FD014F
:1093200018968C911897E80FF11DE45FFE4F80812D
:109330008CB9EECF80E090E0DF91CF910895EF926D
:10934000FF920F931F93CF93DF93FC010785108942
:10935000C189D2890E9463497C01892BA1F40FB68F
:109360000F92F894F80190858185981741F029961D
:1093700040E050E060E070E0CE010E94BE600F90DF
:109380000FBEC70102C08FEF9FEFDF91CF911F91FA
:109390000F91FF90EF900895BF92CF92DF92EF92DE
:1093A000FF920F931F936C017A018B01B22E0E94E2
:1093B0002860DC01CB01880F991FAA1FBB1F34E076
:1093C000EE0CFF1C001F111F3A95D1F7BC01CD0117
:1093D000A80197010E946565DA01C9010196A11DE6
:1093E000B11DB695A795979587958150F601808315
:1093F000BB2019F08093990001C089B980E090E00A
:109400001F910F91FF90EF90DF90CF90BF90089544
:10941000AF92BF92CF92DF92EF92FF920F931F9382
:109420006C015B010E9428607B018C01F601808148
:10943000992744E0880F991F4A95E1F740969C01CF
:10944000442737FD4095542FC801B7010E94656538
:10945000F501208331834283538380E090E01F91A4
:109460000F91FF90EF90DF90CF90BF90AF90089555
:10947000CF93DF93FC01EB01478550891882198255
:109480001A821B8284859585892BD1F180919B005E
:10949000282F332722FF09C088819981AA81BB81A7
:1094A000816088839983AA83BB8323703070232BC8
:1094B00049F088819981AA81BB81826088839983E0
:1094C000AA83BB83FA0190858185981779F0FA0108
:1094D000978186819817B1F488819981AA81BB818F
:1094E000846088839983AA83BB830CC08881998117
:1094F000AA81BB81886088839983AA83BB83E7CFD5
:109500008BB1C6CF80E090E0DF91CF910895EF92CC
:10951000FF920F931F93CF93DF93DC01FA010FEFBC
:109520001FEF892B09F4A8C05196ED90FC9052973B
:1095300081E06730780709F496C0C1E068307C07A5
:109540000CF04CC081E06330780709F43DC0C1E005
:1095500064307C07C4F481E06130780751F06250D8
:10956000714009F08CC0BF01C7010E94084A8C01FC
:1095700086C01C962C914081518162817381C70104
:109580000E94CC49F4CF81E06530780799F06650AD
:1095900071405CF488E090E0A0E0B0E080839183CB
:1095A000A283B38300E010E06AC0108211821282AD
:1095B0001382F8CF80819181A281B3810097A105A8
:1095C000B10509F05CC0EECF80819181A281B381A9
:1095D0000897A105B10509F052C0E4CF81E06B30D6
:1095E0007807B9F1C1E06C307C0794F481E0693010
:1095F000780709F444C06A5071402CF481E090E08F
:10960000A0E0B0E0CBCFBF01CD010E94384A37C007
:1096100081E06D30780799F0C1E06D307C074CF047
:109620006E50714061F5E7018D819E81AF81B885F3
:10963000B5CFE70189819A81AB81BC81AFCF8081B1
:109640009181A281B381F70185839683A783B08737
:10965000A9CF80819181A281B381F7018183928317
:10966000A383B4839FCF80819181A281B38101972D
:10967000A105B10521F496CFA6EEB4E055CFC801FF
:10968000DF91CF911F910F91FF90EF9008950F936D
:109690001F93CF93DF93EC018B85823009F052C08A
:1096A0008E85882309F04EC08C859D85029708F031
:1096B00049C0EF85F8898CE092E0DF011D920197A7
:1096C000E9F789E399E48083918383E699E48283CF
:1096D00093838FE999E48483958309891A898DE0BE
:1096E000F80111928A95E9F781E0F80180838C8571
:1096F0009D85892B51F1AE016AE079E48DE190E01E
:109700000E94D154892BF1F4AE0162ED78E48FE12F
:1097100090E00E94D154892BA9F42C8540E855E2B1
:1097200060E070E0C8010E94CC498C859D85892B42
:1097300031F088ED80939A0080E090E015C088EDCC
:109740008AB9FACF8FEF9FEF0FC0AE016AE079E4DC
:1097500081E190E00E94D154892BA1F7AE0162ED26
:1097600078E483E190E0D5CFDF91CF911F910F9105
:1097700008950F931F93CF93DF93EC0100E01F8DAB
:1097800085E00E941D601F8F10E082E30E941D6033
:109790008F8187FF03C08A858035C1F01F5F143138
:1097A000A0F30A3031F00F5F043148F38FEF9FEFE1
:1097B00012C0149A1C9A84E60E941D601C988AEFBD
:1097C0000E941D608AEF0E941D60EDCF8B8580375F
:1097D00029F780E090E0DF91CF911F910F910895DC
:1097E000EF92FF920F931F93CF93DF93EC017B01D6
:1097F00089B78F7D89BFCE010E94B94B892B09F0B3
:109800004BC01F860FEF0F8381EE888380EC898326
:109810001E8210E21D83198264EF71E080E090E007
:109820000E94835F81E2888388E48E871A861B8684
:109830001C8782E08D8780E48C838FE58B838CE4AA
:10984000898380E68A830F8381E6888390E0D7014D
:10985000FE018D91818331969F5F9630D0F390E029
:10986000FE01108631969F5F9830D8F38CE48F8389
:1098700081E2888384E08C878FEF8F838FE18F87ED
:1098800082E288831D8664EF71E080E090E00E94B0
:10989000835F80E090E002C08FEF9FEFDF91CF9178
:1098A0001F910F91FF90EF900895FC0182E2808359
:1098B00090E0878186FD03C09F5F9531D0F380E4FF
:1098C00087830895EF92FF920F931F93CF93DF93B7
:1098D000EC01FB0140E00581168181859285080F2E
:1098E000191F85859685080F191F81899289080F90
:1098F000191F85E00F3E180708F071C00C331105E1
:1099000020F44CE3401B0CE310E00A87E12EFF2417
:10991000EB86188680E4898782E18883A381B481FD
:1099200020E030E0858196812817390748F48D9131
:10993000888B2F5F3F4F8581968128173907B8F3B1
:10994000A781B08520E030E081859285281739070E
:1099500048F48D91888B2F5F3F4F81859285281722
:109960003907B8F3A385B48520E030E08585968576
:109970002817390748F48D91888B2F5F3F4F8585D5
:10998000968528173907B8F3A785B08920E030E01D
:10999000818992892817390748F48D91888B2F5F28
:1099A0003F4F8189928928173907B8F320E030E0CA
:1099B000842F99272817390730F4188A2F5F3F4FD3
:1099C00028173907D0F3CE010E94554C0D83EE8243
:1099D00080E48C8386E2888380E090E002C08FEF91
:1099E0009FEFDF91CF911F910F91FF90EF9008951E
:1099F0009F92AF92BF92CF92DF92EF92FF920F931E
:109A00001F93CF93DF93CDB7DEB724970FB6F894AB
:109A1000DEBF0FBECDBF8C01962EAA24BB2489B712
:109A20008F7D89BF82E6D8018C9317969C911797FA
:109A300082E28C931396CC90C394FFE5FC1510F44E
:109A40005CE4C52EC91609F4A3C084E0F80182873E
:109A500013861086C186AE014F5F5F4F7A018AE0A0
:109A600080839501F8018089DA018D93AD012F5F24
:109A70003F4F24303105B0F3C8010E94554CF70127
:109A800022813381C90180549040835B9540D8F492
:109A9000232F33272C0D311DF7018281882311F0EC
:109AA0002F5F3F4FD22EFFE5F21710F44CEED40E8D
:109AB000F7019181D91699F08D2D8F5F803608F0CE
:109AC0008451891759F089B7806289BF992019F4A8
:109AD0008FEF9FEF61C080E090E05EC0D82E89815B
:109AE00099278F709070019791F0DA94FBE4FD153F
:109AF00010F09FE5D92EF801D38289B7806289BF23
:109B0000992019F0892D992747C0C50145C0F70153
:109B1000E280F3808CEF9FEFE80EF91E992081F12F
:109B2000F801E2868F2D9927838784E08087C1869C
:109B30008AE08083A114B104B1F0F501438154811E
:109B400020E030E02E153F0550F4F8018089DA015D
:109B50008D93AD012F5F3F4F2E153F05B0F3C80128
:109B60000E94554CC2CF20E030E02E153F05B8F7DB
:109B7000F80180892F5F3F4F2E153F05C8F3EFCFC7
:109B8000A70160E180E090E00E94213F5C01C8CF26
:109B900089B7806289BFB9CF24960FB6F894DEBF2B
:109BA0000FBECDBFDF91CF911F910F91FF90EF902E
:109BB000DF90CF90BF90AF909F9008950F931F9329
:109BC000CF93DF93EC01188181E2888385E00E94C6
:109BD0001D601A861B8600E012FF07C08F8199273F
:109BE0008A709070892B09F401E082E08D8782E20F
:109BF000888361E0CE010E94F84C892BD1F71D8645
:109C0000002311F086E28883802F9927DF91CF917E
:109C10001F910F910895EF92FF920F931F93CF938F
:109C2000DF93FC01E484F584C189D2898E899F8900
:109C3000A88DB98D0196A11DB11D8E8B9F8BA88F0C
:109C4000B98FF70187818783082F112704FD48C04A
:109C5000C8018A709070892BE9F500FD2BC002FFC6
:109C600063C0F70125858E8D9F8DA8A1B9A1820FB4
:109C7000911DA11DB11D8E8F9F8FA8A3B9A326850D
:109C80008AA19BA1ACA1BDA1820F911DA11DB11DF7
:109C90008AA39BA3ACA3BDA327858EA19FA1A8A542
:109CA000B9A5820F911DA11DB11D8EA39FA3A8A7C9
:109CB000B9A73AC08A859B85AC85BD850196A11D53
:109CC000B11D8A879B87AC87BD87CE0101960E9414
:109CD0004C61C5CF1882CE0103960E944C61BDCF66
:109CE0008A859B85AC85BD850196A11DB11D8A879E
:109CF0009B87AC87BD87C7010E94DE4D892B79F019
:109D000088818F5F88838A8D9B8DAC8DBD8D0196F8
:109D1000A11DB11D8A8F9B8FAC8FBD8F05C0CE0159
:109D200003960E944C61EFCFDF91CF911F910F916D
:109D3000FF90EF9008958C01FC01E784F088C189C1
:109D4000D28989E00E94B3628A859B85AC85BD85F6
:109D50000B97A105B105B0F089B78F7D89BFB70119
:109D60006F5F7F4FF801848595850E94F04B892BAA
:109D700021F41A861B861C861D868CE4898789B788
:109D8000806289BF40ED57E060E070E0CE0101964F
:109D90000E94BE60DD248D2DD3948A30A8F660E049
:109DA000F801848595850E94F84CBC01892B61F2ED
:109DB000FFEF6F3F7F07B1F01A861B861C861D865A
:109DC0008E859F85A889B9890196A11DB11D8E87B1
:109DD0009F87A88BB98BF70123A134A1C801F90192
:109DE0000995D9CF89B78F7D89BFB7016F5F7F4F45
:109DF000F801848595850E94F04B892B21F41A8601
:109E00001B861C861D868CE489871A861B861C8609
:109E10001D8689B7806289BFBECFAF92BF92CF92B5
:109E2000DF92FF920F931F93CF93DF938C016B010F
:109E30007FEFA72EB72EFC01C189D28988818823A4
:109E4000F9F069E0F62E48EC50E060E070E0CE01F9
:109E500003960E94BE60892B61F0F801A485B58548
:109E600089B78F7D89BF8C9182FF188289B7806204
:109E700089BF8881882321F0FA94FFEFFF1619F734
:109E800089B78F7D89BF88818823C1F488818F5FDE
:109E90008883B601F801848595850E94624C9C01F7
:109EA000892B61F48A899B89AC89BD890196A11DA2
:109EB000B11D8A8B9B8BAC8BBD8B590189B780629E
:109EC00089BFC501DF91CF911F910F91FF90DF9066
:109ED000CF90BF90AF9008950F931F93CF93DF93D0
:109EE000EC012F85388909891A898AE2F8011192D3
:109EF0008A95E9F74C855D8589B78F7D89BF2F5F8E
:109F00003F4FB901CA010E94F04B892B09F58CE43F
:109F1000F801818720E832E0AE016BE97EE486E457
:109F200095E00E94F46264EF71E080E090E00E94AE
:109F3000835FAE016BE07EE485E090E00E94D15447
:109F40009C01892B29F489B7806289BFC90102C0AD
:109F50008FEF9FEFDF91CF911F910F910895FC013B
:109F600080819181A281B3810196A11DB11D808361
:109F70009183A283B383268137812115310521F096
:109F800084819581F901099508951F920F920FB66A
:109F90000F9211242F933F934F935F936F937F936F
:109FA0008F939F93AF93BF93EF93FF938BE29AE0CE
:109FB0000E94AF4FFF91EF91BF91AF919F918F9111
:109FC0007F916F915F914F913F912F910F900FBEB5
:109FD0000F901F9018951F920F920FB60F92112499
:109FE0002F933F934F935F936F937F938F939F93A1
:109FF000AF93BF93EF93FF9383E39AE00E94AF4F39
:10A00000FF91EF91BF91AF919F918F917F916F9150
:10A010005F914F913F912F910F900FBE0F901F9026
:10A0200018951F920F920FB60F9211242F933F9302
:10A030004F935F936F937F938F939F93AF93BF9350
:10A04000EF93FF938BE39AE00E94AF4FFF91EF9164
:10A05000BF91AF919F918F917F916F915F914F9140
:10A060003F912F910F900FBE0F901F9018951F9248
:10A070000F920FB60F9211242F933F934F935F933C
:10A080006F937F938F939F93AF93BF93EF93FF93C0
:10A0900083E49AE00E94AF4FFF91EF91BF91AF919F
:10A0A0009F918F917F916F915F914F913F912F91F0
:10A0B0000F900FBE0F901F9018951F920F920FB622
:10A0C0000F9211242F933F934F935F936F937F933E
:10A0D0008F939F93AF93BF93EF93FF938BE49AE09B
:10A0E0000E94AF4FFF91EF91BF91AF919F918F91E0
:10A0F0007F916F915F914F913F912F910F900FBE84
:10A100000F901F9018951F920F920FB60F92112467
:10A110002F933F934F935F936F937F938F939F936F
:10A12000AF93BF93EF93FF9383E59AE00E94AF4F05
:10A13000FF91EF91BF91AF919F918F917F916F911F
:10A140005F914F913F912F910F900FBE0F901F90F5
:10A1500018951F920F920FB60F9211242F933F93D1
:10A160004F935F936F937F938F939F93AF93BF931F
:10A17000EF93FF938BE59AE00E94AF4FFF91EF9131
:10A18000BF91AF919F918F917F916F915F914F910F
:10A190003F912F910F900FBE0F901F9018951F9217
:10A1A0000F920FB60F9211242F933F934F935F930B
:10A1B0006F937F938F939F93AF93BF93EF93FF938F
:10A1C00083E69AE00E94AF4FFF91EF91BF91AF916C
:10A1D0009F918F917F916F915F914F913F912F91BF
:10A1E0000F900FBE0F901F9018951F920F920FB6F1
:10A1F0000F9211242F933F934F935F936F937F930D
:10A200008F939F93AF93BF93EF93FF938BE69AE067
:10A210000E94AF4FFF91EF91BF91AF919F918F91AE
:10A220007F916F915F914F913F912F910F900FBE52
:10A230000F901F9018951F920F920FB60F92112436
:10A240002F933F934F935F936F937F938F939F933E
:10A25000AF93BF93EF93FF9383E79AE00E94AF4FD2
:10A26000FF91EF91BF91AF919F918F917F916F91EE
:10A270005F914F913F912F910F900FBE0F901F90C4
:10A2800018951F920F920FB60F9211242F933F93A0
:10A290004F935F936F937F938F939F93AF93BF93EE
:10A2A000EF93FF938BE79AE00E94AF4FFF91EF91FE
:10A2B000BF91AF919F918F917F916F915F914F91DE
:10A2C0003F912F910F900FBE0F901F9018951F92E6
:10A2D0000F920FB60F9211242F933F934F935F93DA
:10A2E0006F937F938F939F93AF93BF93EF93FF935E
:10A2F00083E89AE00E94AF4FFF91EF91BF91AF9139
:10A300009F918F917F916F915F914F913F912F918D
:10A310000F900FBE0F901F9018951F920F920FB6BF
:10A320000F9211242F933F934F935F936F937F93DB
:10A330008F939F93AF93BF93EF93FF938BE89AE034
:10A340000E94AF4FFF91EF91BF91AF919F918F917D
:10A350007F916F915F914F913F912F910F900FBE21
:10A360000F901F9018951F920F920FB60F92112405
:10A370002F933F934F935F936F937F938F939F930D
:10A38000AF93BF93EF93FF9383E99AE00E94AF4F9F
:10A39000FF91EF91BF91AF919F918F917F916F91BD
:10A3A0005F914F913F912F910F900FBE0F901F9093
:10A3B00018951F920F920FB60F9211242F933F936F
:10A3C0004F935F936F937F938F939F93AF93BF93BD
:10A3D000EF93FF938BE99AE00E94AF4FFF91EF91CB
:10A3E000BF91AF919F918F917F916F915F914F91AD
:10A3F0003F912F910F900FBE0F901F9018951F92B5
:10A400000F920FB60F9211242F933F934F935F93A8
:10A410006F937F938F939F93AF93BF93EF93FF932C
:10A4200083EA9AE00E94AF4FFF91EF91BF91AF9105
:10A430009F918F917F916F915F914F913F912F915C
:10A440000F900FBE0F901F9018951F920F920FB68E
:10A450000F9211242F933F934F935F936F937F93AA
:10A460008F939F93AF93BF93EF93FF938BEA9AE001
:10A470000E94AF4FFF91EF91BF91AF919F918F914C
:10A480007F916F915F914F913F912F910F900FBEF0
:10A490000F901F9018951F920F920FB60F921124D4
:10A4A0002F933F934F935F936F937F938F939F93DC
:10A4B000AF93BF93EF93FF9383EC9AE00E94AF4F6B
:10A4C000FF91EF91BF91AF919F918F917F916F918C
:10A4D0005F914F913F912F910F900FBE0F901F9062
:10A4E00018951F920F920FB60F9211242F933F933E
:10A4F0004F935F936F937F938F939F93AF93BF938C
:10A50000EF93FF938BEB9AE00E94AF4FFF91EF9197
:10A51000BF91AF919F918F917F916F915F914F917B
:10A520003F912F910F900FBE0F901F9018951F9283
:10A530000F920FB60F9211242F933F934F935F9377
:10A540006F937F938F939F93AF93BF93EF93FF93FB
:10A5500083EB9AE00E94AF4FFF91EF91BF91AF91D3
:10A560009F918F917F916F915F914F913F912F912B
:10A570000F900FBE0F901F9018951F920F920FB65D
:10A580000F9211242F933F934F935F936F937F9379
:10A590008F939F93AF93BF93EF93FF938BEC9AE0CE
:10A5A0000E94AF4FFF91EF91BF91AF919F918F911B
:10A5B0007F916F915F914F913F912F910F900FBEBF
:10A5C0000F901F9018951F920F920FB60F921124A3
:10A5D0002F933F934F935F936F937F938F939F93AB
:10A5E000AF93BF93EF93FF9383ED9AE00E94AF4F39
:10A5F000FF91EF91BF91AF919F918F917F916F915B
:10A600005F914F913F912F910F900FBE0F901F9030
:10A6100018951F920F920FB60F9211242F933F930C
:10A620004F935F936F937F938F939F93AF93BF935A
:10A63000EF93FF938BED9AE00E94AF4FFF91EF9164
:10A64000BF91AF919F918F917F916F915F914F914A
:10A650003F912F910F900FBE0F901F9018951F9252
:10A660000F920FB60F9211242F933F934F935F9346
:10A670006F937F938F939F93AF93BF93EF93FF93CA
:10A6800083EE9AE00E94AF4FFF91EF91BF91AF919F
:10A690009F918F917F916F915F914F913F912F91FA
:10A6A0000F900FBE0F901F9018951F920F920FB62C
:10A6B0000F9211242F933F934F935F936F937F9348
:10A6C0008F939F93AF93BF93EF93FF938BEE9AE09B
:10A6D0000E94AF4FFF91EF91BF91AF919F918F91EA
:10A6E0007F916F915F914F913F912F910F900FBE8E
:10A6F0000F901F9018951F920F920FB60F92112472
:10A700002F933F934F935F936F937F938F939F9379
:10A71000AF93BF93EF93FF9383EF9AE00E94AF4F05
:10A72000FF91EF91BF91AF919F918F917F916F9129
:10A730005F914F913F912F910F900FBE0F901F90FF
:10A7400018951F920F920FB60F9211242F933F93DB
:10A750004F935F936F937F938F939F93AF93BF9329
:10A76000EF93FF938BEF9AE00E94AF4FFF91EF9131
:10A77000BF91AF919F918F917F916F915F914F9119
:10A780003F912F910F900FBE0F901F9018951F9221
:10A790000F920FB60F9211242F933F934F935F9315
:10A7A0006F937F938F939F93AF93BF93EF93FF9399
:10A7B00083E09BE00E94AF4FFF91EF91BF91AF917B
:10A7C0009F918F917F916F915F914F913F912F91C9
:10A7D0000F900FBE0F901F9018951F920F920FB6FB
:10A7E0000F9211242F933F934F935F936F937F9317
:10A7F0008F939F93AF93BF93EF93FF938BE09BE077
:10A800000E94AF4FFF91EF91BF91AF919F918F91B8
:10A810007F916F915F914F913F912F910F900FBE5C
:10A820000F901F9018951F920F920FB60F92112440
:10A830002F933F934F935F936F937F938F939F9348
:10A84000AF93BF93EF93FF9383E19BE00E94AF4FE1
:10A85000FF91EF91BF91AF919F918F917F916F91F8
:10A860005F914F913F912F910F900FBE0F901F90CE
:10A8700018951F920F920FB60F9211242F933F93AA
:10A880004F935F936F937F938F939F93AF93BF93F8
:10A89000EF93FF938BE19BE00E94AF4FFF91EF910D
:10A8A000BF91AF919F918F917F916F915F914F91E8
:10A8B0003F912F910F900FBE0F901F9018951F92F0
:10A8C0000F920FB60F9211242F933F934F935F93E4
:10A8D0006F937F938F939F93AF93BF93EF93FF9368
:10A8E00083E29BE00E94AF4FFF91EF91BF91AF9148
:10A8F0009F918F917F916F915F914F913F912F9198
:10A900000F900FBE0F901F9018951F920F920FB6C9
:10A910000F9211242F933F934F935F936F937F93E5
:10A920008F939F93AF93BF93EF93FF938BE29BE043
:10A930000E94AF4FFF91EF91BF91AF919F918F9187
:10A940007F916F915F914F913F912F910F900FBE2B
:10A950000F901F9018951F920F920FB60F9211240F
:10A960002F933F934F935F936F937F938F939F9317
:10A97000AF93BF93EF93FF9383E39BE00E94AF4FAE
:10A98000FF91EF91BF91AF919F918F917F916F91C7
:10A990005F914F913F912F910F900FBE0F901F909D
:10A9A0001895FC01CA010FB60F92F89443E0EE0F20
:10A9B000FF1F4A95E1F7E55DF54F84839583668334
:10A9C00077830F900FBE80E090E00895CF92DF92E2
:10A9D000EF92FF920F931F93CF93DF936C018B0144
:10A9E000EA01EE24FF24452B91F0AE01B801C60127
:10A9F0000E94385B97FF04C08FEFE82EF82E07C047
:10AA0000080F191FE80EF91EC81BD90B71F7C701F3
:10AA1000DF91CF911F910F91FF90EF90DF90CF903A
:10AA20000895CF92DF92EF92FF920F931F93CF93EF
:10AA3000DF936C018B01EA01EE24FF24452B91F09A
:10AA4000AE01B801C6010E945C5B97FF04C09FEF96
:10AA5000E92EF92E07C0080F191FE80EF91EC81BB2
:10AA6000D90B71F7C701DF91CF911F910F91FF9023
:10AA7000EF90DF90CF900895FB0101900020E9F75F
:10AA80003197E61BF70BAF010E94E6540895EF9251
:10AA9000FF920F931F937C018B01CB010E940B65EA
:10AAA000AC01B801C7010E9411551F910F91FF9091
:10AAB000EF9008952F923F924F925F926F927F9204
:10AAC0008F929F92AF92BF92CF92DF92EF92FF92BE
:10AAD0000F931F93CF93DF93CDB7DEB765970FB674
:10AAE000F894DEBF0FBECDBF8A8B9B8B4A015B0102
:10AAF000222EC02E81E0821710F02AE0222E44245C
:10AB00005524198A6E2C772462FE02C08BE2898B51
:10AB100061FE0CC0B7FE0AC08DE2898BB094A09490
:10AB200090948094811C911CA11CB11C64FE99C05E
:10AB30008BE495E08C8B9D8B3324E22CFF24002743
:10AB40001127C501B401A80197010E946565DC01C8
:10AB5000CB01D82EC501B401A80197010E946565FB
:10AB600049015A018E010F5F1F4FD801A30DB11D7E
:10AB7000EC89FD89ED0DF11D80818C9333942115B5
:10AB8000310541055105C9F63C1408F068C08989B2
:10AB90008111CA94C318C30189709070892B19F46C
:10ABA000CC2009F04EC08989882309F03DC099E086
:10ABB0006922772481E06816710439F1832D3A9473
:10ABC000882389F4CC2009F44FC041E050E06CE5C3
:10ABD00075E08A899B890E94E6540894411C511CA7
:10ABE000CA9499F741C0C801830D911D41E050E01E
:10ABF000BC018A899B890E94E6540894411C511C1F
:10AC0000832D3A94882379F7DDCF4C0C511CCC204E
:10AC1000A9F241E050E06EE575E08A899B890E94C7
:10AC2000E654CA94B1F7CACF41E050E0BE016F5E6E
:10AC30007F4F8A899B890E94E6540894411C511CCD
:10AC4000B6CF41E050E06CE575E08A899B890E94AF
:10AC5000E6540894411C511CCA9499F7A4CFCC2403
:10AC60009ACF80E695E066CFC20165960FB6F8945C
:10AC7000DEBF0FBECDBFDF91CF911F910F91FF902F
:10AC8000EF90DF90CF90BF90AF909F908F907F908C
:10AC90006F905F904F903F902F9008954F925F92EA
:10ACA0006F927F928F929F92AF92BF92CF92DF92DC
:10ACB000EF92FF920F931F93CF93DF93CDB7DEB741
:10ACC00021970FB6F894DEBF0FBECDBF4C885D88CC
:10ACD000CE88DF88E8E18E2E912C8C0E9D1E662496
:10ACE0007724F60180818823C9F0F60180818532BE
:10ACF000B9F041E050E0B601C2010E94E65497FF6E
:10AD000003C08FEF9FEF32C10894611C711C08943F
:10AD1000C11CD11CF6018081882339F7C30126C1EB
:10AD200030E00894C11CD11CF60180818D3209F4F9
:10AD30001BC18B3209F416C1803311F43160F1CF9D
:10AD40008A3209F4FEC000E010E080538A30C0F47B
:10AD5000C80173E0880F991F7A95E1F7800F911F62
:10AD6000080F191FF60181916F01992787FD9095B2
:10AD7000080F191F00531040808180538A3040F320
:10AD800093E7F60180818C3609F4D6C0F601808104
:10AD9000833609F463C0833709F460C02AE08F3634
:10ADA00009F45AC0883509F451C0883709F44EC0F7
:10ADB000843609F449C08537D9F0853251F041E035
:10ADC00050E061E775E0C2010E94E6540894611CFE
:10ADD000711CF6018081882321F40894C108D108F0
:10ADE00096CF41E050E0B601C2010E94E6548CCFFC
:10ADF0009C3601F131FF13C0F40182E090E0880E2F
:10AE0000991E80819181AC01662757FD6095762F50
:10AE1000E32EC2010E945A55680E791E78CFF401C4
:10AE200082E090E0880E991E80819181AC016627B6
:10AE30007727EECFF40184E090E0880E991E4081E0
:10AE4000518162817381E4CF3260D2CF883511F0B5
:10AE500020E1CECF3061FCCF28E0CACFAA24BB24AA
:10AE6000833709F449C041E0E42EF12C33FD03C0DF
:10AE7000E016F1068CF1A114B104D9F0A701B501D7
:10AE8000C2010E94E6546E0C7F1CE016F1060CF025
:10AE90003ECF41E050E06CE575E0C2010E94E6540F
:10AEA0000894611C711C01501040E016F1068CF3EF
:10AEB0002ECFF40182E090E0880E991E8081898374
:10AEC00041E050E0BE01640F751FC2010E94E654CC
:10AED0000894611C711CD9CF41E050E06CE575E02D
:10AEE000C2010E94E6540894611C711C015010407C
:10AEF000E016F1068CF3BFCFF40182E090E0880EFB
:10AF0000991EA080B180A114B10471F0EE24FF2439
:10AF1000F5018191882309F4A9CF0894E11CF11C63
:10AF200081918823D1F7A2CF63E7A62E65E0B62EE4
:10AF300056E0E52EF12C9ACF982F0894C11CD11C15
:10AF400025CF0894C11CD11CF40182E090E0880E4A
:10AF5000991E0081118117FF13CF109501951F4F86
:10AF600038600ECF3460DDCE3860DBCE21960FB670
:10AF7000F894DEBF0FBECDBFDF91CF911F910F912F
:10AF8000FF90EF90DF90CF90BF90AF909F908F9009
:10AF90007F906F905F904F9008958F3F910539F0AB
:10AFA00030F040E050E0BA010E94385B02C08FEF01
:10AFB0009FEF0895FC0120E030E00FB60F92F89467
:10AFC0006115710569F08BB199278095909585FD84
:10AFD000FACF81918CB92F5F3F4F6150704099F744
:10AFE0000F900FBEC9010895FC0120E030E00FB6BC
:10AFF0000F92F8946115710571F08BB199278095C6
:10B00000909585FDFACF84918CB931962F5F3F4F93
:10B010006150704091F70F900FBEC9010895DC0197
:10B020000D900020E9F71197A81BB90BBD010E94F4
:10B03000DA5708950F931F938C010E940B65BC0192
:10B04000C8010E94F4571F910F9108952F923F92CB
:10B050004F925F926F927F928F929F92AF92BF9228
:10B06000CF92DF92EF92FF920F931F93CF93DF93D4
:10B07000CDB7DEB763970FB6F894DEBF0FBECDBF76
:10B080004B015C01242EC22E81E0841710F08AE06F
:10B09000282E44245524198A602E772462FE02C08B
:10B0A0008BE2898B61FE0CC0B7FE0AC08DE2898BF2
:10B0B000B094A09490948094811C911CA11CB11C0C
:10B0C00064FE8CC08AE795E08A8B9B8B3324E22C4C
:10B0D000FF2400271127C501B401A80197010E9490
:10B0E0006565DC01CB01D82EC501B401A80197012B
:10B0F0000E94656549015A018E010F5F1F4FD801FB
:10B10000A30DB11DEA89FB89ED0DF11D80818C93A2
:10B1100033942115310541055105C9F63C1408F059
:10B120005BC089898111CA94C318C301897090706A
:10B13000892B19F4CC2009F043C089898823B1F503
:10B1400099E06922772481E06816710411F1832D5A
:10B150003A94882379F4CC2009F443C061E070E08C
:10B160008BE895E00E94DA570894411C511CCA9460
:10B17000A9F737C0C801830D911D61E070E00E94FE
:10B18000DA570894411C511C832D3A94882391F777
:10B19000E2CF4C0C511CCC20D1F261E070E08DE884
:10B1A00095E00E94DA57CA94C1F7D1CF61E070E010
:10B1B000CE0141960E94DA570894411C511CC0CF21
:10B1C00061E070E08BE895E00E94DA570894411C3A
:10B1D000511CCA94A9F7B1CFCC24A7CF8FE895E032
:10B1E00073CFC20163960FB6F894DEBF0FBECDBF1A
:10B1F000DF91CF911F910F91FF90EF90DF90CF9053
:10B20000BF90AF909F908F907F906F905F904F9086
:10B210003F902F9008952F923F924F925F926F929E
:10B220007F928F929F92AF92BF92CF92DF92EF92D6
:10B23000FF920F931F93CF93DF93CDB7DEB7219784
:10B240000FB6F894DEBF0FBECDBF86E1A82EB12C9D
:10B25000AC0EBD1EF501C190D1905F01662477242C
:10B26000F60180818823C1F0F60180818532B1F03A
:10B2700061E070E0C6010E94DA5797FF03C08FEFCC
:10B280009FEF40C10894611C711C0894C11CD11C23
:10B29000F6018081882341F7C30134C120E008947E
:10B2A000C11CD11CF60180818D3209F429C18B3279
:10B2B00009F424C1803311F42160F1CF8A3209F4FA
:10B2C0000AC1EE24FF2480538A30E0F4C70113E062
:10B2D000880F991F1A95E1F78E0D9F1DE80EF91E34
:10B2E000F60181916F01992787FD9095E80EF91E6F
:10B2F000B0ED2B2EBFEF3B2EE20CF31C8081805370
:10B300008A3020F393E7F60180818C3609F4DEC0A1
:10B31000F6018081833609F46EC0833709F46BC06F
:10B320004AE08F3609F465C0883509F45CC0883777
:10B3300009F459C0843609F454C08537C9F0853200
:10B3400049F061E070E080EA95E00E94DA570894E5
:10B35000611C711CF6018081882321F40894C108C6
:10B36000D10893CF61E070E0C6010E94DA578ACF1E
:10B370009C3619F121FF15C0F50182E090E0A80E7E
:10B38000B91E808191811C01442437FC4094542CC7
:10B39000C201B101022F2E2D0E942658680E791E7F
:10B3A00074CFF50192E0492E512CA40CB51C80817C
:10B3B00091811C0144245524EBCF21FF0BC0F501E2
:10B3C00054E0252E312CA20CB31C60817181828146
:10B3D0009381E0CFF50134E0432E512CA40CB51C31
:10B3E000F4CF2260C5CF883511F040E1C1CF206194
:10B3F000FCCF48E0BDCF88249924833709F447C0A7
:10B4000001E010E023FD03C00E151F0584F1811437
:10B410009104D1F0B801C4010E94DA57600E711E88
:10B420000E151F050CF031CF61E070E08BE895E060
:10B430000E94DA570894611C711C0894E108F10815
:10B440000E151F058CF321CFF50162E0462E512C1D
:10B45000A40CB51C8081898361E070E0CE01860F69
:10B46000971F0E94DA570894611C711CD9CF61E0C4
:10B4700070E08BE895E00E94DA570894611C711C1B
:10B480000894E108F1080E151F058CF3C0CFF501F3
:10B49000A2E02A2E312CA20CB31C80809180811452
:10B4A000910469F000E010E0F4018191882309F42F
:10B4B000A9CF0F5F1F4F81918823D9F7A3CF72EADD
:10B4C000872E75E0972E06E010E09CCF982F089409
:10B4D000C11CD11C1DCF0894C11CD11CF50102E078
:10B4E000202E312CA20CB31CE080F180F7FE0ACF95
:10B4F000F094E194F108F394286004CF2460CFCE57
:10B500002860CDCE21960FB6F894DEBF0FBECDBF1A
:10B51000DF91CF911F910F91FF90EF90DF90CF902F
:10B52000BF90AF909F908F907F906F905F904F9063
:10B530003F902F9008950F931F93CF93DF938C012B
:10B54000C0913B0BD0913C0B209761F0CE0102964D
:10B55000B8010E94FA64892B29F00990D881C02D86
:10B560002097A1F7CE01DF91CF911F910F91089500
:10B570000F931F93CF93DF93EC010FEF1FEF8F3FDC
:10B580009105D1F0C8F06115710511F06C877D87C8
:10B5900041114E87CE0102960E949B5A9C01892B35
:10B5A00059F480913B0B90913C0B88839983D09305
:10B5B0003C0BC0933B0B8901C801DF91CF911F91D8
:10B5C0000F910895CF93DF930E949B5AEC01892B32
:10B5D00019F08B85823011F0CE010EC0EB89FC8909
:10B5E000CE010995BC01009729F4AC01CE010E945F
:10B5F0000A5BF2CF80E090E0DF91CF910895FC01EB
:10B600008385823021F4CF010E94DF5D02C08FEF7D
:10B610009FEF0895FC01892B51F08385823019F04A
:10B620008FEF9FEF0EC0CF010E94865B0AC06F3F75
:10B630007105B1F3A8F31416150694F7CB010E9417
:10B64000B9480895FC018385823021F4CF010E941E
:10B65000D35B02C08FEF9FEF0895FC01838582309A
:10B6600021F4CF010E945A5C02C08FEF9FEF089532
:10B67000FC01DB01892B51F08385823019F08FEFBB
:10B680009FEF0EC0CF010E94BC5C0AC06F3F7105E6
:10B69000B1F3A8F31416150694F78C910E94C448D0
:10B6A0000895FC018385823021F4CF010E940D5D55
:10B6B00002C08FEF9FEF0895FC01892B51F0838525
:10B6C000823019F08FEF9FEF0BC0CF010E94995D80
:10B6D00007C014161506B4F7FB0184910E94C448F4
:10B6E0000895FC01009779F08F3F910531F028F023
:10B6F000258936892115310519F48FEF9FEF05C093
:10B70000F901099502C00E94874A0895EF92FF92BD
:10B710000F931F93CF93DF93FC018B017A018F3F2F
:10B72000910599F190F1C785D0892881398121153A
:10B73000310559F16115710559F16F3F710529F115
:10B7400020F19F818E819817C1F060E070E06E1546
:10B750007F050CF52F818E812817E9F0FE01E20F9D
:10B76000F11D8485F80181938F012F5F2F836F5F17
:10B770007F4F6E157F0574F30EC0CF01F901099557
:10B78000892B19F360E070E006C06FEF7FEF03C014
:10B790008E818F83F7CFCB01DF91CF911F910F91D6
:10B7A000FF90EF900895CF92DF92EF92FF920F9368
:10B7B0001F93CF93DF93DC01EB017A01CC24DD24CE
:10B7C0001F960D911C915097F80120813181211510
:10B7D000310509F464C0672B11F0452B29F4F801F9
:10B7E00086818783C6015DC0F8019781868198179D
:10B7F00009F44EC00894E108F10820E030E02E156D
:10B800003F05ECF4F801978186819817C1F0E90FA4
:10B81000F11D4485842F81528E35E0F44232D1F0FF
:10B820004C3579F049932F5F3F4FF80187818F5F47
:10B8300087830894C11CD11C2E153F051CF3188268
:10B84000D1CFC90102968E159F05CCF749932F5F82
:10B850003F4FE8CFB9016C5F7F4F6E157F057CF7D6
:10B860008CE5899388E78993842F82958F7029EAE4
:10B8700035E0F901E80FF11D80818993E42FFF275E
:10B88000EF70F070E20FF31F808189939B01CDCFA1
:10B89000CD01F9010995892B09F0A4CFABCF8FEF2A
:10B8A0009FEFDF91CF911F910F91FF90EF90DF906D
:10B8B000CF900895AF92BF92CF92DF92EF92FF9216
:10B8C0000F931F93CF93DF936C017B018FEFC8160B
:10B8D000D10409F008F443C0F601C785D0898881F6
:10B8E0009981892BE1F16F3F7105C9F1C0F100E049
:10B8F00010E05A010894A108B1080A151B05C4F408
:10B900009F818E819817F9F08F81FE01E80FF11D5C
:10B9100094858F5F8F839D3079F09A3069F01B8614
:10B92000F70191937F010F5F1F4F0A151B0544F329
:10B93000F7011082C80115C08B85882311F0891783
:10B94000A1F79B87F5CFE881F981C6010995892B7D
:10B95000D9F20115110561F70FEF1FEFE9CF8FEF56
:10B960009FEFDF91CF911F910F91FF90EF90DF90AC
:10B97000CF90BF90AF900895CF92DF92EF92FF9259
:10B980001F93CF93DF93FC017B016A018F3F9105E9
:10B9900099F190F1C785D0892A813B812115310524
:10B9A00059F16115710559F16F3F710529F120F1C8
:10B9B00019851F5F88851817D1F060E070E06C155D
:10B9C0007D0514F588851817F9F08985FE01E80FC3
:10B9D000F11DE45FFE4FD7018D917D0180831987B2
:10B9E0001F5F6F5F7F4F6C157D0564F30DC0CF0146
:10B9F000F901099597FFE1CF6FEF7FEF05C0F901DE
:10BA000009959923CCF3B701CB01DF91CF911F9119
:10BA1000FF90EF90DF90CF900895EF92FF920F93F9
:10BA20001F93CF93DF93DC01EB01EE24FF241F96DD
:10BA30000D911C915097F801428153814115510598
:10BA400009F460C0672B09F460C0F8018185282FD4
:10BA500033272F5F3F4F808599272817390709F42F
:10BA60004CC0F80141854F5F8085481709F442C0FA
:10BA700088818823C9F0F80180854817A9F088815A
:10BA80008C35A1F0982F2196F8018185E80FF11DE2
:10BA9000E45FFE4F9083F80141874F5F0894E11CFB
:10BAA000F11C8881882339F7C7013CC02196888121
:10BAB000883741F7219688818A33D4F0982F97539D
:10BAC0009295907F2196292F332788818A3344F0DD
:10BAD000992787FD9095280F391F922F9753D3CF21
:10BAE000992787FD9095280F391F922F9053CBCF20
:10BAF000982FE6CF80E090E015C0CD01FA010995BE
:10BB000097FFAFCF8FEF9FEF0DC0FA010995892FF7
:10BB1000992787FD9095809590958827990F881F84
:10BB200099270197DF91CF911F910F91FF90EF908F
:10BB30000895CF92DF92EF92FF921F93CF93DF93FE
:10BB4000FC017B016A018F3F910579F170F1C78596
:10BB5000D0892A813B812115310539F119851F5F73
:10BB600088851817E9F020E030E02C153D05B4F485
:10BB70008885181799F08985DE01A80FB11DA45F8B
:10BB8000BE4FF70184918C930894E11CF11C198736
:10BB90001F5F2F5F3F4F2C153D0554F3C90107C0B0
:10BBA000CF01F901099597FFDECF8FEF9FEFDF916E
:10BBB000CF911F91FF90EF90DF90CF900895CF939A
:10BBC000DF93FC018F3F910571F068F0A785B08984
:10BBD000AF3FB10541F038F014962D913C91159787
:10BBE0002115310519F48FEF9FEF02C0F901099576
:10BBF000DF91CF910895CF93DF93EC016DE37BE06C
:10BC0000E0913D0BF0913E0B309721F12E813F8169
:10BC10004885598586819781A085B1852817390780
:10BC20004A075B0778F0281B390B4A0B5B0B2E8306
:10BC30003F8348875987BF010190F081E02D3097FD
:10BC400029F708C0821B930BA40BB50B868397833F
:10BC5000A087B187E883F983DB01CD93DC93DF9183
:10BC6000CF910895CF93DF938091450B8F5F8093A1
:10BC7000450B8091450B8031A8F01092450B8091C7
:10BC8000410B9091420BA091430BB091440B019654
:10BC9000A11DB11D8093410B9093420BA093430BC8
:10BCA000B093440B80913D0B90913E0B892B09F48E
:10BCB00087C0E0913D0BF0913E0B86819781A08576
:10BCC000B1850097A105B10579F0E0913D0BF091A8
:10BCD0003E0B86819781A085B1850197A109B109A5
:10BCE00086839783A087B18780913D0B90913E0B0F
:10BCF000892B09F465C0E0913D0BF0913E0B8681E4
:10BD00009781A085B1850097A105B10509F058C0BC
:10BD1000E0913D0BF0913E0B82859385892BD9F5FF
:10BD2000C0913D0BD0913E0BE0913D0BF0913E0B4D
:10BD30008081918190933E0B80933D0B8A819B8102
:10BD4000AC81BD818E839F83A887B9870097A105A9
:10BD5000B105E9F480913F0B9091400B8883998362
:10BD6000D093400BC0933F0B80913D0B90913E0BC5
:10BD7000892B31F1E0913D0BF0913E0B868197814B
:10BD8000A085B1850097A105B10511F219C0CE01BA
:10BD90000E94FB5DE9CFE0913D0BF0913E0BA0913D
:10BDA0003D0BB0913E0B0284F385E02D1C966D9106
:10BDB0007C911D9780913D0B90913E0B0995B0CFE2
:10BDC000DF91CF9108952F923F924F925F926F92A1
:10BDD0007F928F929F92AF92BF92CF92DF92EF921B
:10BDE000FF920F931F93CF93DF93CDB7DEB72397C7
:10BDF0000FB6F894DEBF0FBECDBF3B014C012A0148
:10BE0000190109830FB60F92F89480913F0B90911E
:10BE1000400B8A839B83892B09F451C0E0913F0B2F
:10BE2000F091400B808191819093400B80933F0B68
:10BE3000EA81FB81EF2B09F449C08DE7E82EF12C54
:10BE4000012D112DC401B301A80197010E94656560
:10BE500059016A01A20EB31EC41ED51EC401B3014E
:10BE6000A80197010E946565DC01CB01CF97A10570
:10BE7000B10528F00894A11CB11CC11CD11CEA8199
:10BE8000FB81A682B782C086D186F981F0FF10C0FF
:10BE9000EA81FB811282138214821582EA81FB817E
:10BEA0004286538624863586CF010E94FB5D0EC0F4
:10BEB000EA81FB81A282B382C482D582EFCF8EE079
:10BEC00090E00E94B3638A839B83B2CF0F900FBE32
:10BED0008A819B8123960FB6F894DEBF0FBECDBF3B
:10BEE000DF91CF911F910F91FF90EF90DF90CF9056
:10BEF000BF90AF909F908F907F906F905F904F908A
:10BF00003F902F900895EF92FF920F936115710566
:10BF10008105910549F10FB60F92F894E0904C0B12
:10BF2000F0904D0B01E020914C0B30914D0B46E60B
:10BF300052E60E94E35EF701838B948B892B19F400
:10BF40000F900FBE13C060E57BE080914C0B909189
:10BF50004D0B0E943A62E0914C0BF0914D0B83E047
:10BF600085870E94BB61ECCF0E946D620F91FF90AC
:10BF7000EF900895CF93DF93EDE3FBE0C0913D0B8D
:10BF8000D0913E0B209779F1C817D90739F0FE01FF
:10BF90000990D881C02D2097B9F725C08881998153
:10BFA0008083918380819181892B99F00190F08128
:10BFB000E02D86819781A085B1852E813F814885BE
:10BFC0005985820F931FA41FB51F86839783A0876F
:10BFD000B18780913F0B9091400B88839983D093D8
:10BFE000400BC0933F0BDF91CF9108950FB60F9296
:10BFF000F8940E94BA5F20913F0B3091400B209142
:10C000003F0B3091400B21153105A1F0E0913F0B22
:10C01000F091400B808191819093400B80933F0B76
:10C02000C9010E943C6420913F0B3091400B2115C7
:10C03000310561F70F900FBE089520914A0B3091A2
:10C040004B0BE22FF32F3197F1F78A95D1F7089533
:10C050008091460B9091470BA091480BB091490BF2
:10C06000BC01CD010895EF92FF920F931F9387B704
:10C070008E7F87BF87B78D7F87BF80B7886080BF7F
:10C0800012BE82E083BF40E050E062E37EE58FE0D5
:10C0900090E00E94D15400B601FCFDCF87B78160CB
:10C0A00087BF80E19927AA27B091450BB230E0F312
:10C0B000000000000196A11DB091450BB330C0F304
:10C0C0008093460B9093470BA093480B87B78E7FC6
:10C0D00087BF8091460B9091470BA091480BB09180
:10C0E000490BBC01CD0120EA30E040E050E00E9465
:10C0F0003A657B018C016093460B7093470B8093EC
:10C10000480B9093490B20EA3FE040E050E00E944A
:10C11000656530934B0B20934A0BC801B7011F9103
:10C120000F91FF90EF9008950E94336087B7816070
:10C1300087BF08959C01DB01ED91FC9111978FEF72
:10C14000EF3FF807D1F03097C1F0838994898217C7
:10C15000930741F0DF0112960280F381E02D3097C2
:10C16000A1F70BC0828193818D939C9312821382DD
:10C17000138A148ACF010E9454620895AF92BF922D
:10C18000CF92DF92EF92FF920F93CF93DF93EC0168
:10C190005A016B010FB60F92F894888199818F5FD5
:10C1A0009F4F09F44FC060E57BE080914C0B90916C
:10C1B0004D0B0E943A62E0914C0BF0914D0B83E0E5
:10C1C0008587BE0180914C0B90914D0B0E941A62A5
:10C1D000A114B104C104D10429F5E0914C0BF091F4
:10C1E0004D0B138A148A0E94BB61E0914C0BF091B5
:10C1F0004D0B83899489892B59F0E0914C0BF09178
:10C200004D0B138A148A0F900FBE80E090E029C076
:10C21000A114B104C104D104B1F30F900FBE8FEF8C
:10C220009FEF1FC0E0904C0BF0904D0B01E09E0182
:10C230004AE950E6C601B5010E94E35EF701838B2F
:10C24000948BD1CF0F900FBE0E946D620FB60F92EC
:10C25000F894888199818F5F9F4FA9F6188219827F
:10C26000D2CFDF91CF910F91FF90EF90DF90CF90E1
:10C27000BF90AF900895FC010FB60F92F8948081A3
:10C2800091818F5F9F4F11F410821182CF010E9424
:10C29000BE600F900FBE0895CF93DF93FC018081A5
:10C2A00091818F5F9F4FB9F0C081D181209779F044
:10C2B000BF01CE010E943A628B899C89009721F4CC
:10C2C000CE010E94546207C00E94BA5FF9CF8FEF7F
:10C2D0009FEF80839183DF91CF9108950FB60F92E6
:10C2E000F8940E944C6120914C0B30914D0B809141
:10C2F000500B9091510B2817390741F0E0914C0BEE
:10C30000F0914D0B82E085870E94BB610F900FBEBC
:10C310000895CF93DF93EC01888199812FEF8F3FB0
:10C32000920749F0892B39F0CE010E944C61888137
:10C330009981892BC9F7DF91CF910895CF93DF932E
:10C34000EC01888199812FEF8F3F920749F0892B6B
:10C3500039F0CE010E946E6188819981892BC9F7DD
:10C36000DF91CF9108959F918F910F900BBE0F9009
:10C370000FBE1F9018950F921F922F923F924F92CF
:10C380005F926F927F928F929F92AF92BF92CF9265
:10C39000DF92EF92FF920F931F932F933F934F9350
:10C3A0005F936F937F938F939F93AF93BF93CF933D
:10C3B000DF93EF93FF938DB79EB7E0914C0BF09115
:10C3C0004D0B868797878091500B9091510B9093DE
:10C3D0004D0B80934C0BE0914C0BF0914D0B81E099
:10C3E0008587E0914C0BF0914D0B868597858DBF2D
:10C3F0009EBFFF91EF91DF91CF91BF91AF919F9140
:10C400008F917F916F915F914F913F912F911F91EC
:10C410000F91FF90EF90DF90CF90BF90AF909F90E3
:10C420008F907F906F905F904F903F902F901F90D4
:10C430000F900895CF93DF93EC01DB016D8B7E8B22
:10C44000ED91FC911197309771F080899889981738
:10C4500050F0DF0112960280F381E02D309719F041
:10C4600080899817B0F7EA83FB83CD93DC93DF9143
:10C47000CF910895DB01ED91FC911197309799F0E0
:10C48000E817F90741F0DF0112960280F381E02DF1
:10C490003097B1F708C0828193818D939C9312826B
:10C4A0001382158A168A0895CF93DF93EC01892BA6
:10C4B00051F08D85833039F460E57BE0CE010E9438
:10C4C0001A6282E08D87DF91CF910895FB01138A74
:10C4D000148ACB010E94546208950FB60F92F8940B
:10C4E00020914C0B30914D0B8091500B9091510B42
:10C4F00028173907A1F020914C0B30914D0B8091FA
:10C50000500B9091510B2817390751F1E0914C0BCA
:10C51000F0914D0B82E085870E94BB6121C0E091C4
:10C520004C0BF0914D0B82819381892B21F3E0918B
:10C530004C0BF0914D0B828193819093510B809322
:10C54000500BE0914C0BF0914D0B1282138260E581
:10C550007BE080914C0B90914D0B0E941A62CBCFE7
:10C560000F900FBE08951F93CF93182FE0914C0B9F
:10C57000F0914D0BC0890FB60F92F89460E57BE007
:10C5800080914C0B90914D0B0E943A62E0914C0BC4
:10C59000F0914D0B108B60E57BE080914C0B9091FE
:10C5A0004D0B0E941A6220914C0B30914D0B8091E3
:10C5B000500B9091510B2817390749F0E0914C0B23
:10C5C000F0914D0B82E085870E94BB6106C0E0912F
:10C5D0004C0BF0914D0B81E085870F900FBE8C2F97
:10C5E0009927CF911F910895AF92BF92CF92DF927A
:10C5F000EF92FF920F931F93CF93DF937C016B0118
:10C600005A0189010FB60F92F894C90147960E940A
:10C61000B363EC01009709F47BC0080F191FB80140
:10C6200067507040A8014952504028E0C801049664
:10C63000DC01F70101900D922A95E1F7C8018A9774
:10C64000F80186879787C18BD28B8FEE9EEBADEA80
:10C65000BEED88839983AA83BB838C839D83AE833D
:10C66000BF8388879987AA87BB878C879D87AE877A
:10C67000BF8780E4808B8D2D9927FB018583C6823F
:10C6800080E8838312821482A1828B2D9927808374
:10C6900023EB31E6832F9927FA0180A321A3809110
:10C6A0004E0B90914F0BD8018D939C931197109343
:10C6B0004F0B00934E0BC2E01D96CC931D975396E3
:10C6C0001D921C92549755961D921C92569760E5A8
:10C6D0007BE0C8010E941A6280914C0B90914D0B37
:10C6E000892B09F470CE20914C0B30914D0B809129
:10C6F000500B9091510B2817390739F0E0914C0BF2
:10C70000F0914D0BC5870E94BB610F900FBEC80111
:10C71000DF91CF911F910F91FF90EF90DF90CF901D
:10C72000BF90AF9008950F931F93CF93DF938C0129
:10C73000C0914E0BD0914F0B209761F0CE01049623
:10C74000B8010E94FA64892B41F00990D881C02D6C
:10C750002097A1F780E090E001C0CE01DF91CF915A
:10C760001F910F910895CF93DF93AC01C0E0D0E00B
:10C77000DE018091540B9091550B4817590708F032
:10C7800062C04A5F5F4F4430510510F444E050E00E
:10C79000E091520BF091530B62E57BE03097D1F0C2
:10C7A000208131812417350768F02417350709F4F3
:10C7B00047C0209729F0888199812817390710F4FC
:10C7C000EF01DB01BF016E5F7F4F0280F381E02D3F
:10C7D000309731F72097B9F1CA010A96288139813B
:10C7E0008217930740F5FE01E40FF51F241B350B5C
:10C7F000208331838A819B818283938348835983F9
:10C80000ED93FC938091540B9091550BE881F98145
:10C810008E1B9F0B9093550B8093540BEC0FFD1FB9
:10C8200034978FEE9EEBADEABEED80839183A283B9
:10C83000B383229608C08A819B818D939C93E2CF1B
:10C84000EF01DB01C7CFCE01DF91CF9108950F93A8
:10C850001F93CF93DF938C010E94B363EC01009789
:10C8600029F0A80160E070E00E94E664CE01DF914B
:10C87000CF911F910F910895CF93DF93DC01129711
:10C880008091540B9091550B2D913C911197820FF3
:10C89000931F9093550B8093540BE091520BF091A2
:10C8A000530B62E57BE03097B1F040815181CF01BD
:10C8B000840F951F8A179B07D9F1AE17BF07D8F0D1
:10C8C000A817B907A8F0BF016E5F7F4F0280F38100
:10C8D000E02D309751F7309719F080E090E042C09A
:10C8E0001296ED93FC931397FB01A083B183F5CFD0
:10C8F0008FEF9FEF37C0EB01A883B9832D913C9157
:10C900001197CD01820F931F8E179F0729F0129662
:10C91000ED93FC931397DFCF240F351F2D933C939A
:10C9200011978281938112968D939C931397D3CF05
:10C930002D913C911197240F351F20833183EF01F6
:10C94000C20FD31F82819381C817D90721F688812E
:10C950009981280F391F208331838A819B818283AB
:10C960009383B9CFDF91CF910895FC0161937193C7
:10C97000CF010E943C6408958091540B9091550B17
:10C9800008954115510569F0DC01E199FECF7FBBA7
:10C990006EBBE09A6F5F7F4F0DB20D9241505040D9
:10C9A000B1F70895E199FECF9FBB8EBB6DBB0FB66B
:10C9B000F894E29AE19A0FBE0895FB01DC0102C0EF
:10C9C00001900D9241505040D8F70895DC0101C00C
:10C9D0006D9341505040E0F70895FC010190061618
:10C9E00029F00020D9F788279927089531978E2FAD
:10C9F0009F2F0895FB01DC018D910190801911F4A6
:10CA00000020D1F7990B0895FB01DC0101900D92F4
:10CA10000020E1F70895FC0105900020E9F78095DA
:10CA200090958E0F9F1F0895FB01DC0141505040EF
:10CA300030F08D910190801919F40020B9F7881B0E
:10CA4000990B0895DC01FB015191552391F0882742
:10CA500099270D90002059F00516D9F701965191AC
:10CA60005523B9F7A81BB90B8A2F9B2F0895882748
:10CA700099270895629FD001739FF001829FE00D76
:10CA8000F11D649FE00DF11D929FF00D839FF00D4D
:10CA9000749FF00D659FF00D9927729FB00DE11DF9
:10CAA000F91F639FB00DE11DF91FBD01CF011124D6
:10CAB0000895991B79E004C0991F961708F0961BFA
:10CAC000881F7A95C9F780950895A1E21A2EAA1BAE
:10CAD000BB1BFD010DC0AA1FBB1FEE1FFF1FA2172E
:10CAE000B307E407F50720F0A21BB30BE40BF50B2B
:10CAF000661F771F881F991F1A9469F760957095B4
:10CB0000809590959B01AC01BD01CF010895FFCFA9
:10CB10000400000698200000A100A2001C0000C232
:10CB2000010070726976617465007075626C69638A
:10CB3000002B0601020101010045746865724E7503
:10CB400074203132384B62797465466C6173685277
:10CB50004F4D2033324B627974655352414D002B57
:10CB6000060102010102002B060102010103002B54
:10CB70000601020101040041746179612050204BDB
:10CB80004D49544C2062616E676B6F6B002B060140
:10CB9000020101050045746865726E757420534E7C
:10CBA0004D502064656D6F002B06010201010600E7
:10CBB00045534C2C526F6F6D20363033002B0601DD
:10CBC000020101070001004C454420312076616CD0
:10CBD0007565203E2030203A204F4E004C454420C1
:10CBE000322076616C7565203E2030203A204F4E11
:10CBF000004C454420332076616C7565203E203022
:10CC0000203A204F4E004C454420342076616C750C
:10CC100065203E2030203A204F4E0054656D7065EF
:10CC20007261747572652053656E736F72203A205D
:10CC3000445331383230002B06010401070102024F
:10CC4000002B060104010901010100A1F605870D71
:10CC50000A20726561642074656D702069732025F7
:10CC600064000D0A20636F6E206973202563000D38
:10CC70000A204C6564203120736574206973202577
:10CC800064000D0A204C65642034207365742069AB
:10CC900073202564000D0A204C65642033207365E1
:10CCA00074206973202564000D0A204C65642032CD
:10CCB00020736574206973202564000D0A45727223
:10CCC0006F723A4F7665724C6F616420666F7220A6
:10CCD0007468697320534E4D502064656D6F000D6C
:10CCE0000A204F49445B25645D206F6E20705B25F0
:10CCF000645D206973202578000D0A2056616C75EB
:10CD0000655B25645D5B25645D2069732025780083
:10CD10000D0A204E756C6C2076616C756520636F12
:10CD20006D6D696E67003136312E3234362E352EF8
:10CD3000313334005761726E696E672121000D0A2C
:10CD400020437265617465205472617020536F6373
:10CD50006B6574204F2E4B000D0A53656E64205492
:10CD6000726170204F2E4B200D0A000D0A45727221
:10CD70006F7220547261702053656E6420746F0D61
:10CD80000A0A000D0A2043726561746520547261BD
:10CD90007020536F636B6574204572726F72200050
:10CDA0000D0A53656E6420547261702054656D7075
:10CDB000204F2E4B200D0A000D0A2043726561742E
:10CDC0006520536F636B6574204F2E4B000D0A5323
:10CDD000656E64204F2E4B200D0A000D0A457272BD
:10CDE0006F722053656E6420746F0D0A0A000D0A7D
:10CDF0004572726F7220526563656976650D0A0A25
:10CE0000000D0A2043726561746520536F636B6582
:10CE100074204572726F7220007561727430000D5B
:10CE20000A2041544120534E4D502073657276655F
:10CE300072207665722020312E3420282D5F2D2916
:10CE40000D0A00436F6E6669677572696E672045EB
:10CE5000746865726E657420696E7465726661636C
:10CE6000650D0A003235352E3235352E3235352EE8
:10CE700030003136312E3234362E352E31333500F6
:10CE800065746830003136312E3234362E352E320C
:10CE90003534003136312E3234362E342E33007391
:10CEA0006576696365006D7974696D65006D797487
:10CEB000726170006D61696E0069646C65000010DC
:10CEC0006172706578000006980000003235352EDA
:10CED0003235352E3235352E30003235352E302E66
:10CEE000302E3000746370736D00001063825363E2
:10CEF0006468637063000000756172743000000044
:10CF00000002000000F507E807474B874A060000CB
:10CF10000000000000000000000000000000000011
:10CF200000000000000000000000DC050000000020
:10CF300000000D4F00006574683000000000000321
:10CF4000000000FD04010A6C4F00007070707278E0
:10CF50000025730D0A0072786935003031323334A0
:10CF600035363738394142434445460020003000C9
:10CF7000303132333435363738396162636465664F
:10CF8000002500284E554C4C2900303132333435C1
:10CF9000363738394142434445460020003000309E
:10CFA000313233343536373839616263646566004F
:10CFB0002500284E554C4C2900303132333435365B
:0ACFC000373839414243444546002A
:00000001FF
