:100000000C9446000C948A360C94B0360C94D63678
:100010000C94FC360C9422370C9448370C946E37B1
:100020000C9494370C94BA370C94E0370C9406383F
:100030000C942C380C9452380C9478380C949E38CC
:100040000C94C4380C94EA380C945C390C9436390E
:100050000C9410390C9482390C94A8390C94CE3934
:100060000C94F4390C941A3A0C94403A0C94663A75
:100070000C948C3A0C94B23A0C94D83A0C94FE3A04
:100080000C94243B0C944A3B0C94703B11241FBEEF
:10009000CFEFD0E1DEBFCDBF14E0A0E0B1E0E4EBF4
:1000A000F8E900E00BBF02C007900D92A633B1073C
:1000B000D9F71CE0A6E3B4E001C01D92A630B10759
:1000C000E1F70C9448020C940000AA24BB244501DB
:1000D000E50140E0B50182E693E00E947D418EE0BB
:1000E00091E00E94A7419093D10B8093D00B46E002
:1000F00051E061E071E00E94364284E191E00E94AB
:10010000D43E80E391E00E94D43E45E060E073E895
:1001100080EA93E00E947D4181E591E00E94E01336
:100120007B018C018FE591E00E94E013DC01CB01A3
:100130009C01AD0160E071E08CE691E00E94DC176B
:1001400081E791E00E94E013DC01CB0120EAC22E9E
:1001500023E0D22E7C018D0120E030E040E050E031
:10016000CA01B9010E94BD128DE791E00E94E0131F
:10017000DC01CB019C01AD01B501C5010E943A240F
:1001800089E891E00E949724DC01CB018093D40B95
:100190009093D50BA093D60BB093D70B0E94B603C8
:1001A0009093D30B8093D20B892B51F48EE991E07D
:1001B0000E94D43E68E873E180E090E00E944846E7
:1001C0008091D20B9091D30B0E94D9029093D90BBE
:1001D0008093D80B892B29F486EB91E00E94D43EC2
:1001E000EFCF80ED91E00E94D43E69E170E0809114
:1001F000D20B9091D30B0E9440058114910489F495
:1002000068EE71E08091D80B9091D90B0E94013C6F
:100210008091D80B9091D90B0E94923E91E0892E4B
:10022000912C209709F0A7C04FEF53E066E374E0EC
:100230008091D80B9091D90B0E94F24186E394E013
:100240000E94FF4BA114B10409F0B0C06FEF71E040
:1002500086E394E00E94E74B892B09F49DC064E09B
:1002600072E08091D80B9091D90B0E94013C809153
:10027000D80B9091D90B0E94923E66E572E086E31E
:1002800094E00E94E74B892BB1F06CE572E086E3C5
:1002900094E00E94E74B892B71F065E672E0809153
:1002A000D80B9091D90B0E94013C8091D80B909172
:1002B000D90B0E94923E68E772E086E394E00E94C8
:1002C000E74B892B71F06DE772E08091D80B90912C
:1002D000D90B0E94013C8091D80B9091D90B0E94C0
:1002E000923E65E972E086E394E00E94E74B892B39
:1002F00071F06AE972E08091D80B9091D90B0E945D
:10030000013C8091D80B9091D90B0E94923E60EBFA
:1003100072E086E394E00E94E74B892B89F081E04C
:10032000A82EB12C65EB72E08091D80B9091D90B7F
:100330000E94013C8091D80B9091D90B0E94923E73
:1003400065ED72E086E394E00E94E74B892B81F033
:100350006AED72E08091D80B9091D90B0E94013C1C
:100360008091D80B9091D90B0E94923EC1E0D0E0D1
:10037000209709F459CF8091D80B9091D90B0E9406
:100380000A038091D20B9091D30B0E94570660E62E
:100390007AEE80E090E012CF60E073E086E394E0D4
:1003A0000E94E74B892B09F05ACF67CF4FEF53E0FC
:1003B00066E374E08091D20B9091D30B0E94B70555
:1003C00086E394E00E94D43E85E093E00E94D43E10
:1003D00068E073E08091D80B9091D90B0E94013CAA
:1003E0008091D80B9091D90B0E94923EAA24BB24F5
:1003F000BFCF0E94594720E033E040E050E065E67F
:1004000070E080E293E00E94B9498FEF0E94784942
:100410000E943249FDCF43E050E060E070E08AED99
:100420009BE00E94864B8091DA0B833021F480910F
:10043000DB0B8F3419F08FEF9FEF06C08091DC0B40
:100440008335C9F780E090E008950F931F93CF9311
:10045000DF9383E08093DA0B8FE48093DB0B83E5FB
:100460008093DC0B0AED1BE0C0E0D0E0F801819145
:100470008F01682FCE010E94974B2196C330D10582
:10048000A8F380E090E0DF91CF911F910F91089544
:10049000CFEFD0E1DEBFCDBF0E940B02892B41F52B
:1004A00080EC85BF8FEF90E186509C408158914051
:1004B000ACF485E58093FE7F8AEA8093FF7F80918C
:1004C000FE7F8535C1F48091FF7F8A3AA1F460E018
:1004D0007FE680E091E10E947A4B0DC08FEF9FE0B4
:1004E00086509C40BC0186E09CE00E947A4BE1CFA4
:1004F0000E942502D5CF20E831E040E050E069EFCE
:1005000071E085E293E00E94B94980E090E00C94AC
:10051000594CCF93DF93FC01C785D0891F82218975
:100520003289CE010C9640E051E0BC01C9010E9425
:10053000B7051816190624F48E8380E090E001C0F8
:100540001E82DF91CF910895EF92FF921F93CF9378
:10055000DF93FC01C785D0892985222331F0E1880A
:10056000F28810E0121720F0198680E090E018C0A1
:100570003327812F9927281B390B8C0F9D1F845FF0
:100580009E4FA901BC01C7010E944B0597FF03C004
:100590008FEF9FEF05C0180F2985121748F3E4CF9E
:1005A000DF91CF911F91FF90EF9008950E94A402D8
:1005B00008950F931F93CF93DF938C0187E190E011
:1005C0000E94EC4AEC01892BF9F082E08B87098BC1
:1005D0001A8B8CE092E00E94EC4A8C018F87988BFA
:1005E000892B71F089E892E0F8018083918384EA95
:1005F00092E08283938386ED92E08483958304C0A6
:10060000CE010E94014BE801CE01DF91CF911F91F5
:100610000F9108950F931F938C010E94D602F80149
:10062000878590890E94014BC8010E94014B80E0A0
:1006300090E01F910F910895CF93DF93EC01E0912B
:100640003608F0913708A6E3B8E0309749F0EC1788
:10065000FD07D1F1DF010190F081E02D3097B9F76E
:10066000EF2BB9F189AD9AAD009739F5EFA1F8A557
:10067000309759F0808191818FA398A7CF010E9474
:100680003B27EFA1F8A53097A9F7EDADFEAD309768
:1006900059F0808191818DAF9EAFCF010E943B27A1
:1006A000EDADFEAD3097A9F785E6FE0111928A9572
:1006B000E9F7CE010E94014B0CC00E94014B1DAA1C
:1006C0001EAA19AE1AAED2CF888199818D939C93C0
:1006D000C7CFDF91CF9108950F931F93CF93DF93EF
:1006E0008C01EB0160E070E0E0913608F091370892
:1006F000309751F08781908580179107F1F0019034
:10070000F081E02D3097B1F76115710549F5E09161
:100710003608F0913708309719F18281813031F035
:100720000190F081E02D3097C1F71AC08781908544
:1007300080179107A9F7BF01F3CF81859285A38523
:10074000B48582179307A407B507C9F685859685F2
:100750008C179D07A1F68281882389F2BF01D4CF2F
:10076000CB01DF91CF911F910F9108951F93CF93EC
:10077000DF93C0E0D0E080913808882351F4182F2F
:100780000E94FE0E892B09F411E010933808112302
:10079000E1F185E690E00E94EC4AEC01892BA9F199
:1007A0001A8280E492E4AFE0B0E0888B998BAA8B48
:1007B000BB8B8C8B9D8BAE8BBF8B888F998FAA8FB9
:1007C000BB8F80E99CE08BAB9CAB8FAB98AFEF9677
:1007D00088E192E08993999383E090E0A0E0B0E013
:1007E00088839983AA83BB83289688839983AA8365
:1007F000BB83C954D04080913608909137088883D4
:100800009983D0933708C0933608CE01DF91CF91FA
:100810001F910895FC01DA014FEF5FEF892B09F476
:1008200051C080E16230780709F440C080E1633054
:100830007807E4F46230710539F0ED5AFF4F8AE32E
:1008400097E2808391833EC0109719F022303105E2
:1008500029F0ED5AFF4F86E190E0F3CFFF968D919E
:100860009C918083918340E050E02CC080E1653012
:100870007807A1F06650704101F7109751F32430CA
:10088000310539F7E75AFF4F8D919D910D90BC913D
:10089000A02D80839183A283B383E5CF1097C9F203
:1008A00024303105B1F6E35AFF4FEECF109789F2AD
:1008B0002230310571F68D919C9187AB90AF83AB5F
:1008C00094ABD1CFCA010895CF93DF93FC01EA0125
:1008D0004FEF5FEF892B09F44CC080E1623078075D
:1008E00009F43FC080E163307807E4F462307105B9
:1008F00039F0ED5AFF4F8AE397E28083918339C044
:10090000209719F02230310529F0ED5AFF4F86E18A
:1009100090E0F3CFFF96808191818883998340E0B6
:1009200050E027C080E16530780799F0665070414B
:1009300001F7209751F32430310539F7E75AFF4F7B
:1009400080819181A281B38188839983AA83BB83AB
:10095000E6CF2097D1F224303105B9F6E35AFF4FA4
:10096000EFCF209791F22230310579F687A990AD2B
:10097000D4CFCA01DF91CF910895EF92FF920F93E8
:100980001F93CF93DF93EC017A018B01A901892B8F
:1009900009F462C08A81813009F466C08A818823A3
:1009A00009F05DC080912A0390912B0301969093EA
:1009B0002B0380932A0380912A0390912B03892B88
:1009C00031F480E090E190932B0380932A03E0912F
:1009D0003608F0913708309771F027813085809183
:1009E0002A0390912B032817390729F00190F081F1
:1009F000E02D309791F73097A9F680912A039091D6
:100A00002B03082E892F902D8F839887042E452F36
:100A1000502D4D875E87E986FA860B871C87AF01CC
:100A2000C801B7010E94AF13FC01892B79F007843C
:100A3000F089E02D81859285A385B4858B839C8385
:100A4000AD83BE83CE010E941E0913C0CD5ADF4F75
:100A500081E597E2888399838FEF9FEF0AC0CD5A93
:100A6000DF4F88E497E2F6CFCD5ADF4F8DE397E270
:100A7000F1CFDF91CF911F910F91FF90EF900895EB
:100A8000FC01CB01082E892F902D87839087CF0101
:100A90000E94FF080895CF92DF92EF92FF920F938A
:100AA0001F93CF93DF93EC016B018A01892B09F42B
:100AB00043C08A818430D1F5672B09F440C04115C9
:100AC0005105E9F19FE3E92EF12CEC0EFD1EF70133
:100AD000808191818417950708F48C01488D598D88
:100AE0008C899D89481B590B9A0136952795369517
:100AF0002795F701808191818217930738F08CA1A7
:100B00009DA1841B950B80179107E0F4FE01E35A29
:100B1000FF4F4081518162817381CE0189960E948D
:100B20008347892B61F48A818430C1F2CD5ADF4F2B
:100B300089E497E2888399834FEF5FEF0EC040E02E
:100B400050E00BC08F8580618F87A801B601CE0170
:100B50000E94190F892B81F7A801CA01DF91CF915B
:100B60001F910F91FF90EF90DF90CF900895EF923B
:100B7000FF920F931F93CF93DF93EC018B017A01C8
:100B8000892B09F48AC08A81843021F08A818530DA
:100B900009F07DC00115110509F476C0E114F104D6
:100BA00009F472C08DA99EA9892BB1F48A81843081
:100BB00009F06DC0FE01E75AFF4F4081518162810B
:100BC0007381CE01CB960E948347892B09F05CC0CC
:100BD0008DA99EA9892B51F38DA99EA98E159F05DC
:100BE00008F47C01E114F10411F4A70158C089ADA7
:100BF0009AADA701BC01C8010E94A24B0DA91EA974
:100C00000E191F090DAB1EAB01151105B1F120E046
:100C100030E02017310798F4A701E9ADFAADDF0104
:100C2000A20FB31FE40FF51F80818C934F5F5F4FBE
:100C30002F5F3F4F8DA99EA92817390770F38A812E
:100C4000843099F62BA93CA9A9012E0D3F1D8FA92F
:100C500098AD8217930708F49C01EF9688819981DB
:100C6000EF974817590718F02BAB3CABBECF2BAB17
:100C70003CABCE010E946709B8CF89AD9AAD0E9406
:100C8000014B09AF1AAFDBCF40E050E008C0CD5AAE
:100C9000DF4F89E497E2888399834FEF5FEFCA01C2
:100CA000DF91CF911F910F91FF90EF9008950E94D7
:100CB00039090895FC01892B29F0ED5AFF4F8081F5
:100CC000918102C086E397E208950895EF92FF9222
:100CD0000F931F93CF93DF93EC018B01FB01E1880E
:100CE000F2888DA99EA9E80EF91E8FA998ADE81685
:100CF000F90608F066C089AD9AAD892B09F44FC09A
:100D0000A9ADBAAD109709F45CC08DA99EA9A80F32
:100D1000B91FF8012785308981899289AC01B90111
:100D2000CD010E94A24BEDAAFEAAF8016189728949
:100D30009B01442755278FA598A9A9A9BAA9820F75
:100D4000931FA41FB51F8FA798ABA9ABBAAB8BA9F4
:100D50009CA968177907F0F01BAA1CAAF8018081EA
:100D60009181892BA1F48091DF0B9091E00B892B6D
:100D700071F48F8588618F87CE01CB960E943348AE
:100D800040E050E0BA01CE010E94190F1AC08F85D1
:100D90008061F1CF861B970B8BAB9CABDFCF0E94A2
:100DA000814B9C014FA958ADCA018050984F8217C2
:100DB000930708F0A5CFCA010E94784A89AF9AAF7D
:100DC0009FCFDF91CF911F910F91FF90EF900895EA
:100DD000CF93DF93EC01FB0180899189A289B389CC
:100DE0008B839C83AD83BE83FA01808191818D8743
:100DF0009E87FB0184859585A685B78589879A8717
:100E0000AB87BC87FA0184819581A681B781082EC2
:100E10008B2FB02D092E9A2FA02D8BA79CA7ADA7A5
:100E2000BEA78C8F9D8FAE8FBF8F0196A11DB11D68
:100E30008FA798ABA9ABBAAB86859785082E892F6B
:100E4000902D8CA39DA340E050E0FB016485758547
:100E5000868597850E94AF13FC01892B91F007844A
:100E6000F089E02D858D968D8897FE01FF96208173
:100E700031812115310519F08217930710F4808311
:100E80009183DF91CF910895AF92BF92CF92DF927D
:100E9000EF92FF920F931F93CF93DF93EC01FB012F
:100EA000BA01E084F184028513850E2CE12E102D09
:100EB0000F2CF02E002D888D998DAA8DBB8D8E154F
:100EC0009F05A007B10720F48F8588618F87AAC08E
:100ED0002481358146815781022E252F502D032EE6
:100EE000342F402DAC88BD88CE88DF88EA14FB04FF
:100EF0000C051D0509F46DC0EA14FB040C051D0565
:100F000008F456C0EA14FB040C051D0509F43CC0A6
:100F10001EA2EC8AFD8A0E8B1F8B6FA178A561152E
:100F2000710549F1FB01A385B48514968D919D91BE
:100F30000D90BC91A02D082E8B2FB02D092E9A2F2D
:100F4000A02DFB012189328944275527820F931F49
:100F5000A41FB51FE816F9060A071B0760F0808179
:100F600091818FA398A7CB010E943B276FA178A501
:100F700061157105B9F6CF5ADF4F18821982A8970B
:100F8000CE010E9433484EC02FA138A5211531054E
:100F900079F0672B69F48585682F77276370707007
:100FA0006115710529F48EA18F5F8EA3833010F433
:100FB000A996E6CFCF5ADF4F68837983C155D040D9
:100FC0001EA249855A856B857C8586E00E942B117F
:100FD000EFCF8C8D9D8DAE8DBF8D82179307A407AB
:100FE000B50780F0281739074A075B0709F084CF57
:100FF00088A199A1AAA1BBA1E816F9060A071B07B7
:1010000008F47ACF86859785082E892F902D8CA39A
:101010009DA32C8F3D8F4E8F5F8FE8A2F9A20AA36C
:101020001BA36ACFDF91CF911F910F91FF90EF909B
:10103000DF90CF90BF90AF900895FF920F931F93D2
:10104000CF93DF93EC01F62E00E010E08A81992720
:101050008530910509F4C7C0863091050CF095C024
:101060008230910509F482C083309105E4F5009740
:10107000C9F0019731F00115110509F0B9C0FA82E4
:10108000B7C083E0681719F00FEF1FEFF4CF8F851B
:1010900082618F8740E050E060E070E0CE010E9406
:1010A000190FE9CF862F99278130910521F30297F7
:1010B00059F78F8582608F87A801B801CE010E9401
:1010C000190F892BC1F20FEF1FEFCD5ADF4F80E5CB
:1010D00097E288839983C355D040CE01895A9F4FA8
:1010E0000E943348C8CF8330910539F1049719F62F
:1010F000862F99278530910529F0069729F68F8547
:101100008161C7CF8F8588618F87A801B801CE0123
:101110000E94190FCE01CB960E946348CE0189969A
:101120000E946348CE018B5A9F4F0E946348CE01B4
:10113000895A9F4F0E9463489ECF862F99278430FB
:10114000910581F08530910524F4019709F09CCF39
:1011500092CF8530910599F2069709F095CF8F854A
:10116000816097CFCE018B5A9F4FBACF862F992798
:101170008330910509F48BCF8430910534F30497C3
:1011800009F082CF8F85886184CF8830910509F47A
:101190007BCF89309105D4F48630910541F00797D3
:1011A00009F069CF8AE0681709F06ECF64CF862F07
:1011B00099278730910509F45ECF873091050CF4AB
:1011C00063CF0997029708F456CF5ECF8930910517
:1011D00021F00A9709F04FCF57CF8AE0681791F2B4
:1011E0000FEF1FEFCFCF88E0681709F04DCF87CF03
:1011F000C801DF91CF911F910F91FF900895CF9378
:10120000DF93EC018A81882381F461E0CE010E94A2
:101210001D08CB5ADF4F40E050E060E070E0CE01A7
:101220000E94834780E090E006C0CD5ADF4F88E4FB
:1012300097E288839983DF91CF9108950F931F934D
:101240008C0162E00E941D08C801895A9F4F40E04E
:1012500050E060E070E00E948347F80182818430B2
:1012600019F480E090E002C08FEF9FEF1F910F9183
:101270000895FC01892BB1F0828199278530910571
:10128000CCF4833091058CF4019734F0CF010E94A7
:101290001C0380E090E01AC0ED5AFF4F89E497E20A
:1012A000808391838FEF9FEF11C066E0CF010E9492
:1012B0001D08EFCF8530910539F00B976CF7ED5A8B
:1012C000FF4F85E397E2ECCF68E0F0CF0895FC0193
:1012D000892B61F087858861878740E050E0BA01FB
:1012E000CF010E94190F80E090E002C08FEF9FEFC6
:1012F0000895CF93DF93EC01CF5ADF4F8881998116
:10130000C155D0408D52914088F42FA138A5498510
:101310005A856B857C8586E00E942B11892BF9F01C
:10132000EFA1F8A5808191818FA398A7C15BDF4FC2
:1013300018821982CF54D04085E08A83C95ADF4F82
:10134000CE010E9463486C97CE010E946348629769
:10135000CE010E946348AC96CE010E946348DF91A3
:10136000CF9108950F931F93CF93DF938C01862F16
:10137000E901992786719070029721F0C9010E94B6
:101380006A100CC06F817885C8010E94E80663E08E
:10139000C8010E941D08CE010E943B27DF91CF911A
:1013A0001F910F9108958F929F92AF92BF92CF920B
:1013B000DF92EF92FF920F931F93CF93DF93EC0195
:1013C0005A014901C62EDD24C4FC3DC0C2FE1DC029
:1013D000C4FE12C0CB5ADF4F88819981C555D040D9
:1013E000892B71F4CD5ADF4F8DE497E2888399837E
:1013F000C355D04085E08A83C4010E943B2744C086
:1014000061E0CE010E941D08F7CFC1FEF5CFA50116
:10141000F40167817085CE010E94E806C4FE11C008
:10142000F40141895289B501CE010E94440764E06C
:10143000CE010E941D08C95ADF4FCE010E943348D9
:10144000DBCF63E0DECFFA0180859185A285B3858D
:10145000082E8B2FB02D092E9A2FA02D288939897F
:101460004A895B892F5F3F4F4F4F5F4FE88CF98C64
:101470000A8D1B8DBC01CD010E940211892B09F040
:10148000A5CFC4010E946A10DF91CF911F910F91E7
:10149000FF90EF90DF90CF90BF90AF909F908F9094
:1014A00008958F929F92AF92BF92CF92DF92EF9268
:1014B000FF920F931F93CF93DF936C014A01E901D1
:1014C000A62EBB24A2FC51C0A4FC04C0CE010E94E5
:1014D0003B2750C0FA0180859185A285B385082EEF
:1014E0008B2FB02D092E9A2FA02DF6012489358936
:1014F000468957892F5F3F4F4F4F5F4FE08CF18CEC
:10150000028D138DBC01CD010E940211892B11F0B7
:10151000A1FE04C0CE010E946A102CC049895A89DC
:10152000B401C6010E94440789899A89892BC1F4B4
:10153000CE010E943B27A0FE11C0F60187A590A90D
:10154000A1A9B2A90196A11DB11D87A790ABA1AB1E
:10155000B2AB65E0C6010E941D080CC064E0FACF82
:10156000BE01C6010E946606E3CF61E0C6010E948B
:101570001D08ACCFDF91CF911F910F91FF90EF909D
:10158000DF90CF90BF90AF909F908F9008954F9233
:101590005F926F927F928F929F92AF92BF92CF9203
:1015A000DF92EF92FF920F931F93CF93DF936C0123
:1015B000F62E4A015901862F992782FD3DC184FFED
:1015C00037C18C010270107081FF1AC0EA018C8152
:1015D0009D81AE81BF81082E8B2FB02D092E9A2FB1
:1015E000A02DF60123A534A545A556A5821793077E
:1015F000A407B50709F442C1C5010E946A103EC1A3
:10160000E90149895A89B401C6010E944407F401DD
:101610002481358146815781DA01C901082E8B2F3B
:10162000B02D092E9A2FA02DE6014FA458A869A825
:101630007AA8481659066A067B0608F06DC0F501BF
:1016400081899289892B09F45CC06DAD7EAD8DE3F3
:10165000682E712C6C0C7D1C6115710509F43CC061
:10166000EB01EB85FC85E401EC80FD800E811F81A0
:10167000A8019701022E252F502D032E342F402D27
:10168000C481D5810680F781E02DCE01DF01082ECF
:101690008B2FB02D092E9A2FA02D281739074A0716
:1016A0005B0708F432C00E2CE12E102D0F2CF02E0B
:1016B000002D0C2ECF2FF02D0D2EDE2FE02DEC1651
:1016C000FD060E071F07E9F03B01FB0160817181F8
:1016D0006115710509F0C4CF6115710559F0E60176
:1016E0008F8588618F8740E050E0BA01C6010E9473
:1016F000190FC4C0E301A882B982F5016083718328
:10170000EECFC5010E943B27EACFE301A882B98250
:10171000F50160837183E0CF022E252F502D032E1B
:10172000342F402D241535054605570561F1F60186
:101730008F8588618F87EF59FF4F80819181A281CA
:10174000B3810196A11DB11D80839183A283B383D0
:10175000C5010E943B27A801B801C6010E94190FCC
:10176000F0FE8CC0F60187A590A9A1A9B2A90196A7
:10177000A11DB11D87A790ABA1ABB2AB65E0C601BF
:101780000E941D087BC0F50181899289892B09F48B
:101790004BC0B501C6010E946606C5010E943B27E9
:1017A000E601ADACBEACA114B104D1F2F501838465
:1017B0009484E4018C819D81AE81BF819C01AD0147
:1017C000082E8B2FB02D092E9A2FA02DF60147A49D
:1017D00050A861A872A8481659066A067B0608F444
:1017E000BFCFE5018881998185AF96AF022E252F65
:1017F000502D032E342F402D241535054605570551
:1018000058F4C5010E943B27E601ADACBEACA11463
:10181000B10409F0CBCFA4CFB501C6010E94660682
:10182000F4018585F82AEDCFC5010E943B2798CFAA
:10183000C9010E943B2722C085E0E6018A83C901D5
:101840000E943B27EBE3F0E0CE0EDF1EC6010E94B4
:1018500063488EEE9FEFC80ED91EC6010E946348F2
:10186000CCE2D0E0CC0EDD1EC6010E946348E2E06F
:10187000F0E0CE0EDF1EC6010E946348DF91CF91DB
:101880001F910F91FF90EF90DF90CF90BF90AF909E
:101890009F908F907F906F905F904F900895CF9220
:1018A000DF92EF92FF920F931F93CF93DF938C0100
:1018B000862FBA01E901E82EFF24E2FC40C0E4FED5
:1018C0003AC092E0C92ED12CCE20DF20E1FE04C028
:1018D000C9010E946A1039C049895A89C8010E9409
:1018E000440769E0C8010E941D0889899A89892BEB
:1018F000E9F4CE010E943B27E0FE27C0F80187A54E
:1019000090A9A1A9B2A90196A11DB11D87A790AB6D
:10191000A1ABB2AB015B1F4FF801C082D1820F5463
:1019200010406AE0C8010E941D080FC0BE01C80136
:101930000E946606DECFC9010E943B2706C0C9018E
:101940000E943B27C8010E941C03DF91CF911F9189
:101950000F91FF90EF90DF90CF900895CF92DF929C
:10196000EF92FF920F931F93CF93DF938C01862FFB
:10197000BA01E901E82EFF24E2FC3CC0E4FE36C0D7
:1019800022E0C22ED12CCE20DF20E1FE04C0CE0109
:101990000E946A1035C049895A89C8010E944407CB
:1019A00089899A89892BE9F4CE010E943B27E0FEC0
:1019B00027C0F80187A590A9A1A9B2A90196A11DE8
:1019C000B11D87A790ABA1ABB2AB015B1F4FF80174
:1019D000C082D1820F5410406AE0C8010E941D08E5
:1019E0000FC0BE01C8010E946606DECFC9010E9479
:1019F0003B2706C0C9010E943B27C8010E941C0367
:101A0000DF91CF911F910F91FF90EF90DF90CF90DA
:101A10000895CF93DF93FC01862FBA01E901282FA7
:101A2000332722FD0DC024FF0BC021FF04C0CE01CF
:101A30000E946A1008C049895A89CF010E94440750
:101A4000CE010E943B27DF91CF910895EF92FF9244
:101A50000F931F93CF93DF93EC01862FBA01890177
:101A6000992782FD21C084FF1BC032E0E32EF12CB8
:101A7000E822F92281FF04C0C8010E946A101AC03E
:101A8000F80141895289CE010E944407C15BDF4FB2
:101A9000E882F982CF54D0406AE0CE010E941D084E
:101AA000C8010E943B2706C0C9010E943B27CE0106
:101AB0000E941C03DF91CF911F910F91FF90EF9037
:101AC00008950F931F93CF93DF938C01862FBA0154
:101AD000E901992782FD0DC084FF12C081FF04C077
:101AE000C9010E946A100FC049895A89C8010E9421
:101AF0004407CE010E943B27C8010E941C0303C07B
:101B0000C9010E943B27DF91CF911F910F9108954A
:101B10000F931F93CF93DF938C01FB01A385B485B3
:101B20001D966C911D97EC018A819927853091054E
:101B300009F458C0863091057CF58230910531F169
:101B40008330910594F4009761F0019721F0CF0163
:101B50000E943B274CC09F01AD01C8010E94B20901
:101B600046C0CF010E946A1042C08330910541F007
:101B7000049769F79F01AD01C8010E94C70A37C0E9
:101B80009F01AD01C8010E94510A31C09F01AD0102
:101B9000C8010E94D3092BC088309105E9F0893033
:101BA00091058CF48630910541F0079781F69F01ED
:101BB000AD01C8010E94260D1AC09F01AD01C801E8
:101BC0000E944F0C14C0099709F0C1CF9F01AD01CD
:101BD000C8010E94AE0C0BC09F01AD01C8010E945C
:101BE000610D05C09F01AD01C8010E94090DDF9183
:101BF000CF911F910F91089548EC50E060E070E0A4
:101C000081EE9BE00E948347892B09F466C0C09156
:101C10003608D0913708209779F38F8584FF08C064
:101C200088608F8740E050E0BA01CE010E94190F12
:101C30008FA198A5892B99F08A81843009F442C03C
:101C4000FE01EF5AFF4F808191810196808391833D
:101C50008F709070892B19F4CE010E9479098A81C6
:101C60008A3001F18A818630E9F08A818930D1F0A9
:101C70008A81833031F00990D881C02D209769F690
:101C8000BBCFFE01E15BFF4F808191819C010196FA
:101C9000808391832D32310570F381E08A83108235
:101CA0001182E9CFFE01E15BFF4F808191819C01B0
:101CB00001968083918329303105E8F2CE010E949C
:101CC0001C039ACFFE01EF5AFF4F8081918101964C
:101CD0008083918383709070BDCF0091DF0B109152
:101CE000E00B1092E00B1092DF0B1092DE0B1092C3
:101CF000DD0B0115110509F47FCFE801EF81F885AF
:101D0000AB85BC8524853585468557856D917C914D
:101D1000119712968D919C9113970E946C03EC0180
:101D2000F801E080F180009759F0B8010E94650643
:101D3000B801CE010E94880D8701EF28F1F65CCF33
:101D4000C8010E946A10F8CFCF92DF92EF92FF9203
:101D50000F931F93CF93DF93EC0118821982C090E9
:101D6000DF0BD090E00BC114D104D1F1E984FA84E7
:101D70008D859E85E80EF91E89899A89E80EF91EDF
:101D80000091DD0B1091DE0B0E0D1F1D0050184F42
:101D90000E94814B08171907F8F48091DD0B909190
:101DA000DE0B8E0D9F1D9093DE0B8093DD0BF601F5
:101DB00080819181892B41F0F601C080D180F601AC
:101DC00080819181892BC1F7F601C083D18381EE97
:101DD0009BE00E94334809C0CE010E943B2705C00A
:101DE0009093E00B8093DF0BF2CFDF91CF911F91A7
:101DF0000F91FF90EF90DF90CF90089540913908B8
:101E000050913A084115510519F080E090E010C05A
:101E100020E034E06CEF7DE08CE293E00E94B94971
:101E200090933A0880933908892B79F78FEF9FEFC9
:101E300008958F929F92AF92BF92CF92DF92EF92CE
:101E4000FF920F93CF93DF93EC017B014A01411581
:101E5000510539F48F8599278B709070892B09F47F
:101E60002CC104E18F8581FD08E1802F9927AC0109
:101E700060E480E090E00E94CA255C01009709F4CC
:101E80000EC1FC01C384D4848F819885F6018083C0
:101E900091838D859E8582839383000F000F8485B7
:101EA0008F70802B84878F85877F8F87888D998D12
:101EB000AA8DBB8D082E8B2FB02D092E9A2FA02D09
:101EC00084839583A683B7838F8584FFEFC080E1E9
:101ED00085878F858F7E8F878FA598A9A9A9BAA995
:101EE000082E8B2FB02D092E9A2FA02D8087918739
:101EF000A287B3878F85992781FF96C0F6018585D4
:101F0000826085878F858D7F8F87888D998DAA8D3B
:101F1000BB8D0196A11DB11D888F998FAA8FBB8F94
:101F200082E0848B84E0858BEF9688819981EF979E
:101F3000082E892F902D868B978B2BA93CA9EF9685
:101F400088819981EF972817390708F066C0F60154
:101F500016861786F601108A118A128A138AF501ED
:101F60008585968521893289820F931F082E892FB6
:101F7000902D7C0106E029853A854B855C856B8137
:101F80007C818D819E810E947A12F501458556855E
:101F9000B6010E943A12F50141895289678570891C
:101FA0000E947512F601808B918B950149855A85A7
:101FB0006B857C85802F0E942B119C01892B39F524
:101FC000892839F4F6018585992783709070892BCB
:101FD000D1F0F50120833183EFA1F8A5309781F08E
:101FE00080819181892B39F00190F081E02D8081F1
:101FF0009181892BC9F7A082B18240E050E05DC099
:10200000AFA2B8A6FACFC5010E943B27F6CFC50103
:102010000E943B274FEF5FEF50C0022E232F302D41
:10202000F6012687378796CF81149104A9F480FFA3
:1020300084CFF6018585816085878F858E7F8F8728
:10204000888D998DAA8DBB8D0196A11DB11D888F9C
:10205000998FAA8FBB8F71CFA40160E8C5010E9440
:10206000CA255C010097D9F0FC0187859089A401FD
:10207000B7010E94A24B940144275527888D998D62
:10208000AA8DBB8D820F931FA41FB51F888F998FB8
:10209000AA8FBB8FF6018585886085874ECFCD5A84
:1020A000DF4F87E497E288839983B4CFF6011586E2
:1020B00010861186128613861DCFCA01DF91CF913B
:1020C0000F91FF90EF90DF90CF90BF90AF909F90D7
:1020D0008F900895AF92BF92CF92DF92EF92FF92CE
:1020E0000F93CF93DF936C01FC01A780B084C3856D
:1020F000D4858D8599279C012470307082FD73C032
:10210000F601218B328B84E190E0858796872881C8
:1021100039818A819B81888399832A833B838D853A
:10212000992784FF3BC084E08D8788859985AA859F
:10213000BB858C839D83AE83BF83188619861A86E0
:102140001B8680E58C871E861F861A8A1B8A188A42
:10215000198AF60185859685082E892F902D7C0198
:1021600006E0F501248535854685578560897189A6
:10217000828993890E947A12F60145855685BE01AF
:102180000E947512888B998B9601F50144855585BF
:1021900066857785802F0E942B1125C081FF1EC088
:1021A0008C819D81AE81BF81082E8B2FB02D092E91
:1021B0009A2FA02D0196A11DB11D082E8B2FB02D99
:1021C000092E9A2FA02D88879987AA87BB871C8202
:1021D0001D821E821F8284E18D87B3CF8C819D81F9
:1021E000AE81BF81F0CFC6010E943B2780E090E026
:1021F000DF91CF910F91FF90EF90DF90CF90BF9044
:10220000AF900895EF92FF920F931F93E216F3069B
:102210000407150780F0621773078407950740F0DD
:10222000E616F7060807190718F081E090E00EC0DF
:1022300080E090E00BC02617370748075907C0F326
:102240006E157F058007910798F3EFCF1F910F91CF
:10225000FF90EF9008956F927F928F929F92AF922E
:10226000BF92CF92DF92EF92FF920F931F93CF9383
:10227000DF93CDB7DEB72A970FB6F894DEBF0FBE57
:10228000CDBF182F3A014B0144E150E060E2C90193
:102290000E94CA255C01009709F46AC0FC01E7802E
:1022A000F08485E4F70180831182F50181859285B0
:1022B00025853685820F931F21893289820F931FCE
:1022C000082E892F902DF70182839383168217821F
:1022D00080E480871187608A718A828A938AFFEFFF
:1022E0006F16FFEF7F06FFEF8F06FFEF9F0609F4E3
:1022F0005FC0AE01495F5F4FC401B3010E94AF13DD
:102300006C010097A9F1FC0107851089F801878D00
:1023100090A19C010196878F90A3022E232F302D30
:10232000F70124833583F80181859285A385B485DF
:10233000F70184879587A687B78712861386F501EC
:10234000418552856781708580E090E00E9475121A
:10235000F70182879387F8018081863061F08731A9
:1023600039F4A50161E270E0C6010E9494296DC0B4
:102370008FEF9FEF6AC04F81588569857A85411537
:1023800051056105710511F4B401A3019E012F5F90
:102390003F4FC6010E94AF15892B51F79501AE0141
:1023A0004F5F5F4F60E078E0C6010E942D164DC080
:1023B00046E050E06FEF70E0CE0101960E94AB4B1B
:1023C000C090B50BD090B60BC114D10451F0F601FA
:1023D0008385833049F0F601C080D180C114D104D7
:1023E000B1F780E090E031C007851089F801878D52
:1023F00090A19C010196878F90A3022E232F302D50
:10240000F70124833583F80181859285A385B485FE
:10241000F70184879587A687B78712861386F5010B
:10242000418552856781708580E090E00E94751239
:10243000F701828793879501AE014F5F5F4F60E0A0
:1024400078E0C6010E942D16C6CF2A960FB6F894E2
:10245000DEBF0FBECDBFDF91CF911F910F91FF90D7
:10246000EF90DF90CF90BF90AF909F908F907F9034
:102470006F900895CF93DF939B01FA01AC0166271B
:102480007727E901E230F10560F089919991AA2757
:10249000BB27480F591F6A1F7B1F3297E230F10597
:1024A000A0F7EF2B29F08881480F511D611D711D88
:1024B000CB01AA27BB270097A105B10591F0DB014D
:1024C000CA01A070B070AB0166277727480F591F6B
:1024D0006A1F7B1FCB01AA27BB270097A105B10567
:1024E00071F7CA01DF91CF9108950E943A12809549
:1024F00090950895EF92FF920F93CF93DF93CDB70E
:10250000DEB72C970FB6F894DEBF0FBECDBFDC014F
:10251000CB0189839A83AB83BC832D833E834F8316
:10252000588719860A87EB86FC864CE050E0BE018E
:102530006F5F7F4F80E090E00E943A122C960FB6BA
:10254000F894DEBF0FBECDBFDF91CF910F91FF900A
:10255000EF900895AF92BF92CF92DF92EF92FF92E9
:102560000F930E947A12809590950F91FF90EF90B3
:10257000DF90CF90BF90AF9008952F923F924F92EF
:102580005F926F927F928F929F92AF92BF92CF9203
:10259000DF92EF92FF920F931F93CF93DF93CDB70C
:1025A000DEB724970FB6F894DEBF0FBECDBF2B0168
:1025B0003C0149015A01E982FA820B831C838FEFA7
:1025C000E82EF82EEDE3F8E00FB6F89480818F5FE7
:1025D00080830FBE0FB60F92F89480913D08813032
:1025E00009F049C020903B0830903C080BE318E00C
:1025F00021143104D9F0F10186819781A085B1853C
:10260000281739074A075B0788F48101D1012D900B
:102610003C902114310451F0F10186819781A0850D
:10262000B18588169906AA06BB0678F380E190E08A
:102630000E94784A9C010097F1F0482059206A20B6
:102640007B20FC014282538264827582868297825B
:10265000A086B18689819A81AB81BC81828793876C
:10266000A487B587C686D78620823182D8012D936C
:102670003C93EE24FF240F900FBEEDE3F8E00FB67D
:10268000F8948081815080830FBEC70124960FB6D5
:10269000F894DEBF0FBECDBFDF91CF911F910F9198
:1026A000FF90EF90DF90CF90BF90AF909F908F9072
:1026B0007F906F905F904F903F902F900895EF9292
:1026C000FF920F931F93CF93DF937B018C01EA015D
:1026D000622FE0E0F0E02430D0F5E0913B08F0918B
:1026E0003C083097B1F086819781A085B1858E2115
:1026F0009F21A023B12322813381448155818217F8
:102700009307A407B50729F00190F081E02D3097D9
:1027100051F73097E1F0209761F082859385A48589
:10272000B5850097A105B10521F088839983AA8317
:10273000BB8386859785892B51F46F5F262FAE0169
:1027400062857385848595850E945F13FC01CF01A6
:10275000DF91CF911F910F91FF90EF9008950F930C
:102760001F93CF93DF93EC01DB014115510529F055
:10277000FA0110821182128213820DE318E0F8012F
:102780000FB6F89480818F5F80830FBE20E0BD017B
:10279000CE010E945F13DC01F8010FB6F89480812E
:1027A000815080830FBE109729F01E968D919C91C9
:1027B0001F9701C0CD01DF91CF911F910F91089517
:1027C000CF93DF93CDB7DEB724970FB6F894DEBF73
:1027D0000FBECDBFFC0119821A821B821C8240E011
:1027E000DE011196808180538A3028F520E030E0A8
:1027F000C90153E0880F991F5A95E1F7820F931F83
:10280000280F391F8191280F311D205330408081BE
:10281000803330F08A3320F42F3F310549F340F301
:102820002F3F310509F038F44F5F2D938E3241F47C
:1028300031964430B8F26FEF7FEF8FEF9FEF06C015
:102840004430C9F769817A818B819C8124960FB6C7
:10285000F894DEBF0FBECDBFDF91CF910895CF9228
:10286000DF92FF920F931F93CF93DF93CDB7DEB725
:1028700027970FB6F894DEBF0FBECDBF6C837D8364
:102880008E839F836EE3C62E68E0D62ED6018E011E
:102890000C5F1F4FFF2450E0F80130814AE0832F86
:1028A000642F0E942B4C292F832F0E942B4C808356
:1028B000BE016F5F7F4FFB01E50FF11D205D20839F
:1028C0005F5FF8018081882339F751505F3F39F00D
:1028D000FB01E50FF11D80818D935150C8F78EE209
:1028E0008D930F5F1F4FF394F3E0FF15A0F6119740
:1028F0001C92C60127960FB6F894DEBF0FBECDBF5F
:10290000DF91CF911F910F91FF90DF90CF900895AD
:10291000CF93DF93CDB7DEB726970FB6F894DEBF1F
:102920000FBECDBF1B821C8260E67AEE80E090E095
:102930000E9448460091B50B1091B60B0115110588
:1029400099F3F8018385833039F0F8010081118112
:1029500001151105B1F7E8CFA785B08991968D9142
:102960009C91929789839A839196AD83BE83898146
:102970009A81892B51F3E981FA818585982F8F5FA0
:102980008587993060F0AD81BE81E981FA818081CF
:1029900091818D939C9389819A818B839C838B8178
:1029A0009C81892B21F489819A818D839E83E98181
:1029B000FA818081918189839A838B819C81892B83
:1029C00031F08B819C810E94014B1B821C8289818A
:1029D0009A81892B81F6B9CFCF93DF93CDB7DEB73C
:1029E00022970FB6F894DEBF0FBECDBFFC0181A1C8
:1029F00092A189839A8389819A81892BA9F0E9819F
:102A0000FA8182819381A481B58184179507A607F5
:102A1000B70751F0E981FA818081918189839A8396
:102A200089819A81892B59F789819A8122960FB6DB
:102A3000F894DEBF0FBECDBFDF91CF9108958F9286
:102A40009F92AF92BF92CF92DF92EF92FF920F933D
:102A5000CF93DF934C016A017B01590180E190E043
:102A60000E94EC4AFC01892BE1F0C282D382E4820D
:102A7000F582A114B10441F086E0EF012696D5015C
:102A80000D9009928A95E1F704870FB60F92F8949A
:102A9000E40189A19AA180839183E9A3FAA30F900D
:102AA0000FBECF01DF91CF910F91FF90EF90DF909C
:102AB000CF90BF90AF909F908F900895AF92BF92AC
:102AC000CF92DF92EF92FF920F93CF93DF93EC01BF
:102AD0006A017B01590140914E0850914F08411500
:102AE000510531F1B701A6018F8598890E94EC1438
:102AF000FC01892BA1F0848582FD0CC0158686E03F
:102B0000EF012696D5010D9009928A95E1F784850B
:102B1000826084873E96CF010E94634816C002E01F
:102B20009501B701A6018F8598890E941F150DC0D8
:102B300020E831E068E874E182E393E00E94B9495B
:102B400090934F0880934E08CDCFDF91CF910F9196
:102B5000FF90EF90DF90CF90BF90AF9008954F928D
:102B60005F926F927F928F929F92AF92BF92CF921D
:102B7000DF92EF92FF920F93CF93DF935C016A0194
:102B80007B012901882499248FEF682E782EF50186
:102B9000878590890E94EC14EC01892B09F43FC0D1
:102BA0008C8581FF0AC086E0D201FE013696019035
:102BB0000D928A95E1F794013FC020E030E0B70123
:102BC000A60181E090E00E9497184C01892B21F129
:102BD00003E0B401C5010E94F3189C01892B69F43C
:102BE0008C8581FD0FC044EF51E060E070E0CE01C4
:102BF0000E960E948347015060F7C4010E943B2754
:102C000093011AC086E0D201FE01369601900D9222
:102C10008A95E1F73901F1CF2FEF3FEF0DC000E0CA
:102C20009401B701A601F501878590890E941F15BF
:102C3000EC01892B11F6E4CFC901DF91CF910F91FF
:102C4000FF90EF90DF90CF90BF90AF909F908F90CC
:102C50007F906F905F904F9008958F929F92AF9268
:102C6000BF92CF92DF92EF92FF920F931F93CF9379
:102C7000DF934C017B015A0189014EE050E060E195
:102C8000C9010E94CA25892B69F1F801C381D48149
:102C9000F401C784D08886E0DE011696F6013196ED
:102CA00001900D928A95E1F7A114B10499F086E0A4
:102CB000DE01F50101900D928A95E1F70E2CEF2CC3
:102CC000F02CEC86FD86E601EDA1FEA1B801C40161
:102CD00009950AC046E050E06FEF70E0CE010E9417
:102CE000AB4BECCF8FEF9FEFDF91CF911F910F9107
:102CF000FF90EF90DF90CF90BF90AF909F908F901C
:102D00000895CF93DF93EC0140E250E060E470E07F
:102D100083EE9BE00E94864B8091E30B803239F476
:102D2000BE0184EE9BE00E94BF4B009789F186E0D4
:102D3000ADEEBBE0E8E3F3E001900D928A95E1F798
:102D40001092F30B1092F40B1092F50B1092F60BFD
:102D50008EE393E00E94E013DC01CB018093F70B3C
:102D60009093F80BA093F90BB093FA0B1092FF0B12
:102D70001092000C1092010C1092020C1092FB0B9E
:102D80001092FC0B1092FD0B1092FE0B8FEF9FEF39
:102D9000DF91CF910895EF92FF920F931F93CF93FE
:102DA000DF9380E28093E30B83EEE82E8BE0F82E36
:102DB00000E010E0C0E4D0E0F70181917F01682FCE
:102DC000CE010E94974B21960F5F1F4F00321105D5
:102DD00098F380E090E0DF91CF911F910F91FF90E9
:102DE000EF9008952F923F924F925F926F927F9251
:102DF0008F929F92AF92BF92CF92DF92EF92FF920B
:102E00000F931F93CF93DF93CDB7DEB72A970FB6FB
:102E1000F894DEBF0FBECDBF89879A872A013B0198
:102E200048015901C982DA82EB82FC82FC012784C5
:102E30003088411551056105710571F44090F30B1F
:102E40005090F40B6090F50B7090F60B4114510408
:102E50006104710409F495C0F101418652866386CC
:102E6000748681149104A104B10409F483C0F101B2
:102E7000818A928AA38AB48AA301920128213921E6
:102E80004A215B212D833E834F835887C984DA848E
:102E9000EE24FF248701A50194016D817E818F813D
:102EA00098850E94BD1289819A81AB81BC8100976F
:102EB000A105B10509F051C084EE9BE029E0DC01D9
:102EC000E985FA85329601900D922A95E1F726E080
:102ED000FC013996D10111960D9001922A95E1F7E6
:102EE0004092F30B5092F40B6092F50B7092F60B3C
:102EF0008092F70B9092F80BA092F90BB092FA0B1C
:102F000029813A814B815C812115310541055105AB
:102F1000A9F48091FB0B9091FC0BA091FD0BB0915B
:102F2000FE0B88219921AA21BB212D813E814F8151
:102F3000588582179307A407B50761F089819A81A4
:102F4000AB81BC818093FB0B9093FC0BA093FD0B9A
:102F5000B093FE0B0E94CB1616C0C984DA847C01A4
:102F60008D0120E030E040E050E0CA01B9010E944C
:102F7000BD12A2CF8EE393E00E94E0134B015C01EF
:102F800076CF8FEF9FEF2A960FB6F894DEBF0FBE75
:102F9000CDBFDF91CF911F910F91FF90EF90DF9008
:102FA000CF90BF90AF909F908F907F906F905F90E9
:102FB0004F903F902F9008952F923F924F925F92A3
:102FC0006F927F928F929F92AF92BF92CF92DF9239
:102FD000EF92FF920F931F93CF93DF936B01190131
:102FE0002A01370148010E94A7415C010097E1F1E5
:102FF000EC018B858330C1F50F84D889C02D2881E1
:103000002630A9F1273181F5F5010189128982E283
:103010009DE28BA39CA3CF82D88623893489C501E6
:10302000F9010995892B01F540E050E060E070E07E
:10303000C8010E948347F80181A18F30A1F48CE47C
:1030400093E00E94E013DC01CB01C984DA84EB84B5
:10305000FC848C019D01B701A601C5010E94F216F6
:1030600080E090E02CC011A28FEF9FEF28C08EE18E
:1030700099E18BA39CA3822FDE011196F6010190AA
:103080000D928A95E1F7E501EB89FC89C501099567
:10309000892B51F7D201C1018E219F21A023B12399
:1030A0000097A105B10541F0CC24DD2476019401FF
:1030B0008301B201A101D1CFC5010E946521DF9139
:1030C000CF911F910F91FF90EF90DF90CF90BF9025
:1030D000AF909F908F907F906F905F904F903F90B8
:1030E0002F900895CF92DF92EF92FF920F931F934C
:1030F0006C010E948116E090F70BF090F80B0091A4
:10310000F90B1091FA0B2091FF0B3091000C4091BC
:10311000010C5091020C6DEE7BE0C6010E94DC17A1
:103120001F910F91FF90EF90DF90CF9008958F92B5
:103130009F92AF92BF92CF92DF92EF92FF920F9346
:103140001F93CF93DF938C014A015B0169014CE12E
:1031500050E060E280E090E00E94CA257C01009788
:1031600009F434C0FC01C781D08581E090E0082ECD
:10317000892F902D8883998380E098E0082E892FED
:10318000902D8A839B8396E09C8384E08D83002E20
:10319000012F102D0E831F83C114D10471F0892FCC
:1031A000DE015296F60101900D928A95E1F7888E24
:1031B000998EAA8EBB8EC70109C0CE01429646E009
:1031C00050E06FEF70E00E94AB4BF1CFDF91CF91F9
:1031D0001F910F91FF90EF90DF90CF90BF90AF9035
:1031E0009F908F9008950F931F93CF93DF938C013F
:1031F0009B01EB01EF81F885EC016F85788946E052
:10320000CF010896EB012196DC0109900D924A95B9
:10321000E1F7EB0189859A85AB85BC858687978721
:10322000A08BB18B7296AF0166E078E0C8010E9476
:103230002D16DF91CF911F910F910895CF93DF93BA
:103240009C01DB011396ED91FC9114973E96179625
:10325000ED93FC9318973E9715968D919C91169738
:103260000E9719968D939C931A978EE090E0159681
:103270008D939C93169784859585082E892F902D84
:1032800048E08030940759F08650984021F0CB01F7
:103290000E943B2707C0C9010E94481A03C0C90108
:1032A0000E945519DF91CF9108952F923F924F922E
:1032B0005F926F927F928F929F92AF92BF92CF92C6
:1032C000DF92EF92FF920F931F93CF93DF93CDB7CF
:1032D000DEB725970FB6F894DEBF0FBECDBF89834A
:1032E0009A836C837D83FB0167807084F301208166
:1032F000822F807F803429F08C819D810E943B2722
:10330000AEC086819781082E892F902D9F73892BBF
:1033100099F72F70222E3324220C331C220C331CDD
:10332000F30180889188A288B388E981FA81478473
:103330005088FFEF8F16FFEF9F06FFEFAF06FFEFFE
:10334000BF0609F489C0F201018512852385348501
:10335000011511052105310571F081899289A38933
:10336000B48988299929AA29BB298F5F9F4FAF4F1C
:10337000BF4F09F471C01B820115110521053105EC
:1033800029F4F3018185813009F44AC08114910444
:10339000A104B10409F4B0CFF20181859285A3851F
:1033A000B48588169906AA06BB0609F0A5CFEC815C
:1033B000FD8121863286C301820D931D8387948708
:1033C000F30182819381082E892F902D8219930910
:1033D000EC81FD8185879687F30181859927863069
:1033E0009105A9F08730910554F4019709F084CF35
:1033F0006C817D8189819A810E94421B30C04197F6
:1034000009F07ACF8C819D810E94E71A28C0FB8148
:10341000FF2309F071CF8C819D810E94B01A1FC0DB
:10342000D501C40180709070A0708030F0E09F07DB
:10343000F0E0AF07FFEFBF0709F4A8CF0097A105A1
:10344000B10509F4A3CF68017901B501A40189810F
:103450009A810E94F2169ACF41E04B83A8CF25961D
:103460000FB6F894DEBF0FBECDBFDF91CF911F9195
:103470000F91FF90EF90DF90CF90BF90AF909F9013
:103480008F907F906F905F904F903F902F90089516
:10349000CF92DF92EF92FF920F931F93CF93DF9320
:1034A0006C017B01FB01C781D08588819981082E41
:1034B000892F902D019709F047C08A819B81082EA2
:1034C000892F902D8050984009F03EC08C81863025
:1034D00009F03AC08D818430B9F5F601A785B0892D
:1034E000288D398D4A8D5B8D19968D919D910D900A
:1034F000BC91A02D281739074A075B0729F58E01D3
:10350000085F1F4F98014E855F8568897989C601DC
:103510000E945E158E819F81082E892F902D019724
:1035200099F498014E855F856889798982E090E0F9
:103530000E949718EC01009739F0BC01C6010E9467
:10354000F318CE010E943B27C7010E943B27DF9161
:10355000CF911F910F91FF90EF90DF90CF90089542
:10356000CF93DF93FC01A385B4851C968C911C97A7
:1035700082958F70282F3327220F331F220F331F7E
:1035800085859685821B930B818B928B892B71F09D
:103590001C968C911C9782958F709927880F991F84
:1035A000880F991F8A0F9B1F8787908B1C968C9181
:1035B00082958F709927880F991F880F991F85878B
:1035C0009687CF010E94A40EDF91CF9108950F93AB
:1035D0001F93CF93DF93EC01EB85FC853896EF8743
:1035E000F88B38978D859E850897898B9A8B88E014
:1035F00090E08D879E87828193810E94E21C8C01DE
:10360000009789F0FC0184819581009749F4F801C5
:10361000C483D5830A5F1F4FC8010E94334806C088
:103620000E943B27F4CFCE010E943B27DF91CF9130
:103630001F910F910895FF920F931F93CF93DF93E4
:10364000FC01F62E8A01EA012F813885E9014C85BB
:103650005D856E857F850784F089E02D8185928563
:10366000A385B4858C879D87AE87BF878FEF8887BA
:1036700098018F2D0E945A1BDF91CF911F910F91BE
:10368000FF900895CF93DF939C01EB018D859E857C
:10369000099750F0EB85FC858081883029F4AB01D7
:1036A00060E0C9010E941B1BCE010E943B27DF91F5
:1036B000CF910895AF92BF92CF92DF92EF92FF9297
:1036C0000F931F935A016B018901F901E384F4847C
:1036D000F701808312821382F9014585568563853F
:1036E000748580E090E00E947512F70182839383D5
:1036F0009801B601A50181E00E942B111F910F9145
:10370000FF90EF90DF90CF90BF90AF9008952F92F1
:103710003F924F925F926F927F928F929F92AF9261
:10372000BF92CF92DF92EF92FF920F931F93CF93AE
:10373000DF93382E262E49015A012701380148E02F
:1037400050E060E4C6010E94CA25EC010B851C858F
:10375000F8013082218284829582A682B782128209
:1037600013824D855E856B857C8580E090E00E94AC
:103770003A1249895A896F8578890E947512F80131
:10378000828393839E01B301A20181E00E942B11E9
:10379000DF91CF911F910F91FF90EF90DF90CF902D
:1037A000BF90AF909F908F907F906F905F904F9061
:1037B0003F902F900895CF93DF93EC01892B59F51B
:1037C00080915603909157030196909357038093ED
:1037D0005603892B31F480E090E190935703809356
:1037E0005603E0915008F0915108309771F0209104
:1037F000560330915703828193818217930729F0F2
:103800000190F081E02D3097B1F7EF2BC9F6C09110
:103810005603D091570388E090E00E94EC4AFC01E7
:10382000892B79F00C2ECD2FD02DC283D38380919C
:1038300050089091510880839183F0935108E09350
:103840005008CF01DF91CF9108956F927F928F92B0
:103850009F92AF92BF92CF92DF92EF92FF920F931F
:103860001F93CF93DF933C015A016B014901A701DC
:1038700060E880E090E00E94CA25EC01892B91F07D
:103880008F859889A701B8010E94A24B8E019401EF
:10389000B601A501C3010E94F91C8C01CE010E9452
:1038A0003B2702C00FEF1FEFC801DF91CF911F919F
:1038B0000F91FF90EF90DF90CF90BF90AF909F90CF
:1038C0008F907F906F9008954F925F926F927F924A
:1038D0008F929F92AF92BF92CF92DF92EF92FF9220
:1038E0000F931F93CF93DF935C014B013A012901A2
:1038F000FC0184819581892B69F1F501C481D58111
:10390000209731F1F50114821582EF81F8858485C5
:103910009585A685B785F40180839183A283B383BF
:10392000EB85FC8580819181F30180839183898976
:103930009A898017910708F48C018F859889A801CE
:10394000BC01C2010E94A24BCE010E943B2709C0CC
:103950008E0107C0C5010696B701A6010E948347E4
:10396000CCCFC801DF91CF911F910F91FF90EF90C5
:10397000DF90CF90BF90AF909F908F907F906F908F
:103980005F904F9008952FEF3FEFA0E5B8E0E091F2
:103990005008F0915108309799F0E817F90739F07D
:1039A000DF010190F081E02D3097B9F709C08081E7
:1039B00091818D939C93CF010E94014B20E030E0D8
:1039C000C90108959C0140E050E0E0915008F09159
:1039D0005108309761F0828193818217930731F00B
:1039E0000190F081E02D3097B1F701C0AF01CA011D
:1039F00008954F925F926F927F928F929F92AF92B3
:103A0000BF92CF92DF92EF92FF920F931F93CF93CB
:103A1000DF93CDB7DEB724970FB6F894DEBF0FBEA5
:103A2000CDBF2C013A014B01790148E050E060E440
:103A3000C8010E94CA256C01009709F459C0FC0115
:103A4000A384B484F20182819381F5018083918300
:103A50000E2CEF2CF02CE282F382F6018585968500
:103A600021893289820F931F082E892F902DF5010D
:103A700084839583AE014F5F5F4FC401B3010E9401
:103A8000AF13FC01892B79F10784F089E02D818542
:103A90009285A385B48589839A83AB83BC83F50122
:103AA00016821782E480F58001E1A4019301698107
:103AB0007A818B819C810E947A1248E050E0B501A6
:103AC0000E943A12F60141895289678570890E94E5
:103AD0007512F501868397839601B401A301802FA7
:103AE0000E942B1107C019821A821B821C82D7CF19
:103AF0008FEF9FEF24960FB6F894DEBF0FBECDBFB9
:103B0000DF91CF911F910F91FF90EF90DF90CF90B9
:103B1000BF90AF909F908F907F906F905F904F90ED
:103B20000895EF92FF920F931F93CF93DF938C0131
:103B30007B01EA01DC018D919C91009771F4CE012B
:103B400001960E94784AF80180839183209741F082
:103B5000AE01B7010E94A24B03C00E94014BEFCF00
:103B6000D801ED91FC91EC0FFD1F1082DF91CF91F8
:103B70001F910F91FF90EF900895AF92BF92CF9257
:103B8000DF92EF92FF920F931F93CF93DF938C01FD
:103B9000FB016A0181E3D8011D928A95E9F7AA2405
:103BA000BB2480899189A289B389E80189839A839A
:103BB000AB83BC8384819581A681B781898F9A8FDD
:103BC000AB8FBC8F20EFE22EF12CE60EF71EE0E16A
:103BD000FFEFCE0EDF1E1C141D040CF0DDC0E7014C
:103BE00028812F3F09F4D8C0222371F40894E11CE6
:103BF000F11C0894C108D108A114B10409F0CCC08B
:103C00001C141D0464F3C8C08981C82FDD27CC169D
:103C1000DD060CF4BEC0F70182819381A481B581D9
:103C200033272C31310509F4AAC02D3131050CF0B0
:103C30004FC02630310509F442C0273031054CF51C
:103C400021303105E9F02330310569F0EC0EFD1E1D
:103C500082E090E0E80EF91ECC1ADD0ACEEFDFEF2D
:103C6000CC0EDD1EC9CFC430D10534F0F8018587F4
:103C70009687A787B08BEACF8FEFA82EB82EE6CF16
:103C8000C430D105CCF3F80185839683A783B08730
:103C9000DDCF2C30310561F02F303105B9F6C70189
:103CA0000296AE01BC01C8018F960E94911DCECF35
:103CB000C7010296AE01BC01C8018D96F6CFC43093
:103CC000D105D4F2F801818B928BA38BB48BBECF3C
:103CD0002633310509F449C027333105FCF4233379
:103CE000310561F02533310509F0B0CFC130D10580
:103CF00019F6F7018281F8018083A8CFC430D1057D
:103D00000CF4BACF082E8B2FB02D092E9A2FA02D90
:103D1000F801858F968FA78FB0A398CF2A333105EE
:103D2000A1F02B33310509F091CFC430D1050CF44B
:103D3000A3CF082E8B2FB02D092E9A2FA02DF8017E
:103D400081A392A3A3A3B4A381CFC430D1050CF463
:103D500093CF082E8B2FB02D092E9A2FA02DF8016E
:103D600085A396A3A7A3B0A771CFC430D1050CF447
:103D700083CFF801858B968BA78BB08F67CFC4302C
:103D8000D1050CF479CFF80181879287A387B48796
:103D90005DCF9FEFA92EB92EC501DF91CF911F9165
:103DA0000F91FF90EF90DF90CF90BF90AF9008956C
:103DB0008F929F92AF92BF92CF92DF92EF92FF923B
:103DC0000F931F93CF93DF93CDB7DEB726970FB630
:103DD000F894DEBF0FBECDBF4C015B01CA01B90133
:103DE00028EE33E040E050E00E940C4CDC01CB01B7
:103DF0006C017D0104E212E09501AE014F5F5F4F5F
:103E0000BE016D5F7F4FC4010E94641C26960FB6F1
:103E1000F894DEBF0FBECDBFDF91CF911F910F9100
:103E2000FF90EF90DF90CF90BF90AF909F908F90DA
:103E30000895EF92FF920F931F938C01E62EDA0103
:103E4000C90124E232E0F801119221503040E1F73B
:103E500031E0F32EF801F08284839583A683B78343
:103E6000F18286E08283045E1F4F46E050E062E507
:103E700078E0C8010E94A24BF801E053FF4F809107
:103E8000580390915903A0915A03B0915B03819319
:103E90009193A193B19385E38193F192E192CF0144
:103EA0001F910F91FF90EF9008954F925F926F9244
:103EB0007F928F929F92AF92BF92CF92DF92EF92BA
:103EC000FF920F931F93CF93DF932C014A015B0165
:103ED0003901680181E0E7018883298D3A8D4B8D96
:103EE0005C8D682FC6010E94191FFC0189A59AA547
:103EF000082E892F902DE601888799878FEF81936F
:103F0000EC19FD097F0186019301B501A401C201ED
:103F10000E94251CDF91CF911F910F91FF90EF9090
:103F2000DF90CF90BF90AF909F908F907F906F90D9
:103F30005F904F9008954F925F926F927F928F9211
:103F40009F92AF92BF92CF92DF92EF92FF920F9328
:103F50001F93CF93DF932C014A015B013901680164
:103F600083E0E7018883298D3A8D4B8D5C8D682F26
:103F7000C6010E94191FFC0182E3819324E0219372
:103F800089819A81AB81BC8181939193A193B193F3
:103F900086E3819321938D899E89AF89B88D819322
:103FA0009193A193B1938FEF8193EC19FD097F0158
:103FB00086019301B501A401C2010E94251CDF9175
:103FC000CF911F910F91FF90EF90DF90CF90BF9016
:103FD000AF909F908F907F906F905F904F900895DB
:103FE0004F925F926F927F928F929F92AF92BF9209
:103FF000CF92DF92EF92FF920F931F93CF93DF93B5
:104000002C014A015B013901680187E0E7018883DF
:10401000298D3A8D4B8D5C8D682FC6010E94191F2A
:10402000FC0189819A81AB81BC81E601888B998BE7
:10403000AA8BBB8B86E3819384E08193E7018D8912
:104040009E89AF89B88D81939193A193B1938FEF9E
:104050008193EC19FD097F0186019301B501A4014B
:10406000C2010E94251CDF91CF911F910F91FF90FB
:10407000EF90DF90CF90BF90AF909F908F907F9008
:104080006F905F904F900895CF93DF93CDB7DEB7D9
:104090002C970FB6F894DEBF0FBECDBF8F839887E5
:1040A000FC010784F089E02DE987FA875F01CC24C1
:1040B000DD241B821C8220E030E029833A8384E4E3
:1040C00090E00E94DB1B4C0181E390E00E94784A63
:1040D0002C0181E390E00E94784A8B879C8784E2E0
:1040E00092E00E94784A3C0184E292E00E94784A81
:1040F0008D839E838114910409F486C01B821C82E7
:104100002224332481E3EB85FC8511928A95E9F71B
:10411000EB85FC85A18EB28EC38ED48E29813A8127
:10412000C901AA27BB2781A792A7A3A7B4A77F018C
:104130000D811E8123E430E04FEF5FEF6FEF7FEFE3
:10414000C4010E94551F992364F123E030E040E050
:1041500050E0B301C4010E94D81EAC01892B09F4C0
:10416000ADC0F30184819581A681B7818A159B0535
:10417000AC05BD0551F7B301C2010E94BD1D892BDD
:1041800021F721E030E02B833C838B819C81892BBC
:1041900041F40894211C311C9AE0291631040CF4D6
:1041A000B1CFEB81FC81EF2B79F11B821C8281E383
:1041B000AB85BC85F20101900D928A95E1F7EB8405
:1041C000FC840D811E8123E430E04FEF5FEF6FEF41
:1041D0007FEFC4010E949B1F97FD6BC025E030E07C
:1041E00040E050E0B301C4010E94D81EAC0197FD2D
:1041F0000BC0F30184819581A681B7818A159B0547
:10420000AC05BD0509F449C08B819C81892BE9F17E
:10421000F201C584D684E784F08805811681278160
:10422000308541815281638174818F8198850E949C
:10423000F2162B813C81232B21F088E598E00E9427
:104240003348E985FA8581859285A385B4850097F1
:10425000A105B10561F40E943249E985FA8581859D
:104260009285A385B4850097A105B105A1F388E5E2
:1042700098E00E9433488EEF0E94784960E67AEE1B
:1042800080E090E00E944846F9CFCC24DD247601FE
:1042900097018601B701A601C8CFB301C2010E94F0
:1042A000BD1D892B09F0B0CF21E030E02B833C838A
:1042B000ABCF8114910409F021CFA6CF29813A8197
:1042C0002D5F3F4F29833A8360CFCF93DF93FC016B
:1042D000A785B08986E0C2E5D8E011960D900992D5
:1042E0008A95E1F720E032E0AF0164E470E28CE50A
:1042F00093E00E94B94940E050E060E070E088E55A
:1043000098E00E948347DF91CF910895FC01872FA9
:1043100099278193608382E090E00895CF93DF93A3
:10432000DC01EB01FB0101900020E9F79F01215026
:104330003040261B370B2E5F3F4FFC01AC0111961E
:1043400010828881882399F088818E3251F08D9374
:104350002196FA0180818F5F808388818823A1F76D
:1043600006C0FD01AD01119610822196F6CF1C9278
:10437000C901DF91CF910895FC01DB01819199275B
:10438000382F22272D933C93119780819927282B32
:10439000392B2D933C9382E090E00895FC018191AC
:1043A0009927AA27BB272227382F492F5A2FDB010D
:1043B0002D933D934D935C93139781919927AA2751
:1043C000BB27282B392B4A2B5B2B542F432F322F03
:1043D0002227DB012D933D934D935C93139781919D
:1043E0009927AA27BB27282B392B4A2B5B2B542F25
:1043F000432F322F2227DB012D933D934D935C9366
:10440000139780819927AA27BB27282B392B4A2B62
:104410005B2BFB01208331834283538384E090E054
:104420000895EF92FF920F931F93CF93DF93EC01C8
:104430008B01FB0180819181009761F5888199272B
:10444000807C9070803C910511F1FE01019000206C
:10445000E9F77F01EC1AFD0AC7010E94784AF801CA
:1044600080839183FC019991992371F091509F3F32
:1044700021F0899181939150E0F79991992311F05E
:104480008EE28193992391F71082C70109C082E0DF
:1044900090E006C00E94014BF80110821182CECF3D
:1044A000DF91CF911F910F91FF90EF900895EF92C0
:1044B000FF920F931F93CF93DF937C018B01EA014F
:1044C000FB0180819181009711F00E94014BCE0188
:1044D0000E94784AF80180839183AE01B7010E945F
:1044E000A24BCE01DF91CF911F910F91FF90EF90E2
:1044F0000895CF93DF93FC01EB01892B69F030978E
:1045000089F0C083D18380E091E08283938381E04E
:1045100090E08483958306C08CE090E00E94EC4A92
:10452000FC01EDCFCF01DF91CF910895009711F0FD
:104530000E94014B0895CF92DF92EF92FF920F936A
:104540001F937C016B01FB01608171810E948621B8
:104550008C01C701800F911FF601628173810E9457
:104560008621080F191FC701800F911FF601648172
:1045700075810E948621080F191FC701800F911FA6
:10458000F601668177810E948621080F191FC701F5
:10459000800F911FF601608571850E948621080FAA
:1045A000191FE00EF11EF60162857385C7010E9496
:1045B0008621080F191FC8011F910F91FF90EF90DE
:1045C000DF90CF900895CF92DF92EF92FF920F93FA
:1045D0001F937C016B01BC01C6010E94BC218C01B0
:1045E00082E090E0E80EF91EC601800F911FB7012E
:1045F0000E94BC21080F191F82E090E0E80EF91E0E
:10460000C601800F911FB7010E94BC21080F191F1E
:1046100082E090E0E80EF91EC601800F911FB701FD
:104620000E94BC21080F191F82E090E0E80EF91EDD
:10463000C601800F911FB7010E94BC21080F191FEE
:1046400082E090E0E80EF91EC00ED11EB701C6014F
:104650000E94BC21080F191FC8011F910F91FF90E4
:10466000EF90DF90CF9008950F931F93CF93DF9338
:10467000EC018B01892BB9F02097D9F0F80101905A
:104680000020E9F7E01BF10BCF010E94784A8883F4
:104690009983B8010E94C94B81E090E08A839B8393
:1046A0008C839D8306C086E090E00E94EC4AEC017A
:1046B000E3CFCE01DF91CF911F910F910895CF935A
:1046C000DF93EC01892B59F088819981009721F4BF
:1046D000CE010E94014B03C00E94014BF9CFDF9134
:1046E000CF910895CF92DF92EF92FF920F931F9395
:1046F0007C016B01FB01608171810E948E218C0124
:10470000C701800F911FF601628173810E9486218B
:10471000080F191FE00EF11EF60164817581C701B3
:104720000E948621080F191FC8011F910F91FF9049
:10473000EF90DF90CF900895CF92DF92EF92FF92AB
:104740000F931F937C016B01BC01C6010E941122D3
:104750008C0182E090E0E80EF91EC601800F911FE7
:10476000B7010E94BC21080F191F82E090E0E80EFB
:10477000F91EC00ED11EB701C6010E94BC21080F50
:10478000191FC8011F910F91FF90EF90DF90CF90FC
:104790000895009721F48EE090E00E94EC4A08957D
:1047A000CF93DF93EC01892B91F088819981009759
:1047B00059F48C859D85009721F4CE010E94014B10
:1047C00006C00E94014BF9CF0E94014BF2CFDF914E
:1047D000CF910895CF92DF92EF92FF920F931F93A4
:1047E0007C016B01BC01C6010E9411228C01C70132
:1047F00002969601200F311FBC01C9010E94BC2105
:10480000080F191FC70104969601200F311FBC0124
:10481000C9010E94BC21080F191FC7010696960105
:10482000200F311FBC01C9010E94CE21080F191FA2
:10483000C7010A969601200F311FBC01C9010E94D1
:10484000BC21080F191FC00ED11EF70142855385E8
:104850008CE090E0E80EF91EB701C6010E945722D5
:10486000080F191FC8011F910F91FF90EF90DF9063
:10487000CF900895CF92DF92EF92FF920F931F9304
:10488000CF93DF93EC018B0169017A0180915A0883
:1048900090915B08009799F580915C0890915D0874
:1048A000009731F5209781F0FE0101900020E9F793
:1048B000EC1BFD0BCF010E94784A90935B0880931C
:1048C0005A08BE010E94C94B01151105F9F0F80103
:1048D00001900020E9F7E01BF10BCF010E94784A1C
:1048E00090935D0880935C08B8010E94C94B0EC08C
:1048F0000E94014B10925D0810925C08D3CF0E9479
:10490000014B10925B0810925A08C6CFC0925E0805
:10491000D0925F08E0926008F0926108DF91CF9139
:104920001F910F91FF90EF90DF90CF9008952F92FD
:104930003F924F925F926F927F928F929F92AF922F
:10494000BF92CF92DF92EF92FF920F931F93CF937C
:10495000DF93CDB7DEB762970FB6F894DEBF0FBE18
:10496000CDBF8F83988719861A861B861C8666247E
:1049700077246D867E8623016F86788A80915E0813
:1049800090915F08A0916008B09161080097A1051F
:10499000B10529F460E070E080E090E0B7C0C301A9
:1049A0000E94DB1B1C01892B09F480C080E092E08F
:1049B0000E94784A4C01698A7A8AED85FE85319693
:1049C000ED87FE87BF01C3010E9479223C016F8100
:1049D00078858F8598890E9434238F87988BB301BF
:1049E000C4010E949B225C01C4018A0D9B1D6F853E
:1049F00078890E947223A80EB91E7501840125E3EF
:104A000030E040915E0850915F08609160087091BD
:104A10006108C1010E94251C9923C4F1AA24BB246A
:104A200038EEC32E33E0D32EE12CF12C00E012E05F
:104A30009401AE014F5F5F4FBE016D5F7F4FC101BB
:104A40000E94641C181619067CF40D973CF3B401FF
:104A5000C3010E94E3225C01D3018D919C91ED85FD
:104A6000FE858E179F07D1F6A114B10429F0F3013A
:104A7000848195810197F9F029893A892F5F3F4F09
:104A8000298B3A8B253031050CF497CFC3010E9456
:104A900096228F8598890E945F23C2010E94D023AD
:104AA000C4010E94014BC1010E94C31C69857A8523
:104AB0008B859C852BC0C4018A0D9B1DBC018F85F5
:104AC00098890E949C23A80EB91EF30186819781C4
:104AD000892BE1F2C2010E94C9232C01A80CB91C48
:104AE000B5010E94EA23F20182859385049721F69D
:104AF000F20124853585D9018D919D910D90BC9150
:104B0000A02D89879A87AB87BC87C0CF62960FB6E6
:104B1000F894DEBF0FBECDBFDF91CF911F910F91F3
:104B2000FF90EF90DF90CF90BF90AF909F908F90CD
:104B30007F906F905F904F903F902F9008950F93CC
:104B40001F93CF93DF93EC018B01CB010E94784A36
:104B500088839983009729F00A831B8380E090E083
:104B600004C08A839B838FEF9FEFDF91CF911F91CA
:104B70000F9108950F931F938C01FC018081918107
:104B80000E94014BF80110821182128213821F9140
:104B90000F910895BF92CF92DF92EF92FF920F9301
:104BA0001F93CF93DF93EC01B62E7A01892B09F482
:104BB000C7C0209709F442C0BB2009F43FC0E114EC
:104BC000F10409F49AC0CB2CDD24C4FE0DC08A8107
:104BD00099278C010071107084FF86C08D819E81A1
:104BE0008E159F0508F472C0C5FE0DC08A819927F5
:104BF0008C010072107085FF60C089859A858E15C2
:104C00009F0508F44CC0C6FE0CC08A8199278C0110
:104C10000074107086FF37C08D859E858E159F05A8
:104C200028F1B7FE08C08A8187FF1CC089899A894C
:104C30008E159F0528F08A818B298A83CE0186C034
:104C40008E01015F1F4FC8010E94BA25B701C8013C
:104C50000E949F25892B79F3CE010E943B2780E09B
:104C600090E074C0CE010F96B701F2CF8E01055FC0
:104C70001F4FC8010E94BA25B701C8010E949F2595
:104C8000892B79F2E9CFCE010B96B7010E949F25BF
:104C9000892B39F2CE010E943B27C80157C08E01F3
:104CA000095F1F4FC8010E94BA25B701C8010E94C1
:104CB0009F25892B09F4A7CFCFCFCE010796B70147
:104CC0000E949F25892B09F49ECFE4CF8E010D5FB2
:104CD0001F4FC8010E94BA25B701C8010E949F2535
:104CE000892B09F481CFB8CFCE010396B7010E947A
:104CF0009F25892B09F478CFCDCF8A81B8220B2D3F
:104D0000112704FD18C005FD11C006FD0AC0B7FE3D
:104D100004C0CE010F960E94BA25B0948A818B21DF
:104D20008CCFCE010B960E94BA25F1CFCE0107960B
:104D30000E94BA25EACFCE0103960E94BA25E3CF9E
:104D400083E190E00E94EC4AEC0133CFDF91CF91F8
:104D50001F910F91FF90EF90DF90CF90BF9008953B
:104D60000F931F93CF93DF938C0183E190E00E9418
:104D7000EC4AEC01009709F479C0F801658176816D
:104D80006115710509F05DC0F801618572856115D5
:104D9000710509F040C0F8016585768561157105DA
:104DA00021F5F801618972896115710511F4CE014F
:104DB0005DC0CE010F960E949F25892B81F4AF859F
:104DC000B889F8012785308981899289AC01B901B8
:104DD000CD010E94A24B8A8180688A83E8CFCE01F0
:104DE0000E943B2780E090E041C0CE010B960E94DC
:104DF0009F25892BA1F7AB85BC85F80123853485D8
:104E000085859685AC01B901CD010E94A24B8A81AE
:104E100080648A83C6CFCE0107960E949F25892B86
:104E2000F1F6AF81B885F8012781308581859285BB
:104E3000AC01B901CD010E94A24B8A8180628A83B4
:104E4000AACF03960E949F25892B49F6AB81BC818E
:104E5000F8012381348185819681AC01B901CD01AE
:104E60000E94A24B8A8180618A838ECFDF91CF918D
:104E70001F910F9108950F931F938C0140E050E014
:104E8000FC0162810E94CA25C8010E94014B009763
:104E900011F08FEF9FEF1F910F910895FC01018892
:104EA000F289E02D11A20895FC010188F289E02D1C
:104EB00081A1992708950F93CF93DF93EB01E9899F
:104EC000FA8901A1013039F00F30B9F011A2CF01F8
:104ED0000E94114812C082A1982F8F5F82A3933045
:104EE00098F79B014BE557E268E97AE380E090E0B0
:104EF0000E94A845CE010E94F929DF91CF910F9120
:104F000008959C01307047E020FF0AC03695279530
:104F100088E094E828273927415047FFF5CF03C0A0
:104F200036952795F9CFC90108957F928F929F9268
:104F3000AF92BF92CF92DF92EF92FF920F931F93A7
:104F4000CF93DF93CDB7DEB7C258D0400FB6F894F9
:104F5000DEBF0FBECDBFFC017B016A018188928854
:104F6000A784B0887724452B09F488C090E0F40129
:104F7000828D882319F081A182FD52C0F701208122
:104F8000203268F5FE013196DF01A90FB11D8DE7D2
:104F90008C939F5FE90FF11D80E2282720830894FE
:104FA000E11CF11C73949F5F072D11270C151D0543
:104FB00011F097FFDCCF892F9927AC01BE016F5FFD
:104FC0007F4FF501878190850E948143F50187819C
:104FD00090850E94A4440C151D0540F24FC02E3749
:104FE00099F02D3729F0FE01E90FF11D2183D7CF6C
:104FF000FE013196DF01A90FB11D2C939F5FE90FD0
:10500000F11D8DE58083CBCFFE013196DF01A90F25
:10501000B11D8DE78C939F5FE90FF11D8EE5F2CFF7
:10502000F70180818D30F1F08A3081F08D3739F0D1
:105030008E3751F3FE01E90FF11D8183B0CFFE01E0
:105040003196DF01A90FB11D8C93D8CFFE013196A7
:10505000DF01A90FB11D8DE78C939F5FE90FF11D53
:105060008AE2D0CFFE013196DF01A90FB11D8DE795
:105070008C939F5FE90FF11D8DE2C4CFCE57DF4FB8
:105080000FB6F894DEBF0FBECDBFDF91CF911F9159
:105090000F91FF90EF90DF90CF90BF90AF909F90D7
:1050A0008F907F9008958F929F92AF92BF92CF92F0
:1050B000DF92EF92FF920F931F93CF93DF93CDB7C1
:1050C000DEB723970FB6F894DEBF0FBECDBF5C01ED
:1050D0008B018EE78983F501A189B2898784908845
:1050E00081E08093030CFB01458156818185928587
:1050F000840F951F25853685820F931F218932895C
:10510000820F931F53962D913C91549782179307CA
:1051100008F0F2C08FEF9FEF8A839B83FB01E3804F
:10512000F480CC24DD24C416D50608F4C8C0F801E8
:10513000E780F084CC24DD2481859285C816D906C9
:1051400008F4A0C0F801E384F484CC24DD24858530
:105150009685C816D90608F478C0F801E784F08867
:10516000CC24DD2481899289C816D90608F450C060
:1051700041E050E0BE01640F751FF4018781908506
:105180000E948143F8014581568163817481C50184
:105190000E949527F8014185528567817085C50178
:1051A0000E949527F8014585568563857485C5015C
:1051B0000E949527F8014189528967857089C50148
:1051C0000E9495278A819B81809590958A839B83F5
:1051D00042E050E0BE01640F751FC5010E94952793
:1051E00041E050E0BE01640F751FF4018781908596
:1051F0000E948143F401878190850E94A44410920B
:10520000030C84E09CE00E944E4880E090E079C06E
:10521000F70181917F0199272A813B81822793277A
:105220000E9481279C018A819B81892F992782274F
:1052300093278A839B830894C11CD11CF801818920
:105240009289C816D90620F393CFF70181917F0187
:1052500099272A813B81822793270E9481279C01DD
:105260008A819B81892F9927822793278A839B8311
:105270000894C11CD11CF80185859685C816D906ED
:1052800020F36BCFF70181917F0199272A813B8120
:10529000822793270E9481279C018A819B81892FE5
:1052A0009927822793278A839B830894C11CD11C4A
:1052B000F80181859285C816D90620F343CFF701FE
:1052C00081917F0199272A813B81822793270E9420
:1052D00081279C018A819B81892F99278227932787
:1052E0008A839B830894C11CD11CF8018581968117
:1052F000C816D90620F31BCFCB010E943B278FEFA6
:105300009FEF23960FB6F894DEBF0FBECDBFDF919F
:10531000CF911F910F91FF90EF90DF90CF90BF90B2
:10532000AF909F908F900895EF92FF920F931F93ED
:10533000CF93DF937C01EB018A0144E050E060E110
:10534000C8010E94CA25892BD1F0F801A381B4813C
:105350008FEF8C9383E011968C9311970C2ECD2FA9
:10536000D02D1296CD93DC931397E701EF85F88942
:1053700005A0F6A1E02DB801C701099502C08FEF85
:105380009FEFDF91CF911F910F91FF90EF900895C4
:10539000FC010188F289E02D118E128E138E148E7D
:1053A000158E168E178E10A28FEF9FEFAFEFBFEF07
:1053B000858B968BA78BB08F8CED95E0838B948B30
:1053C00011A20895EF92FF920F931F937C018B011E
:1053D000FB0181819927AC01C7010E94A24BF80112
:1053E0008181E80EF11CC7011F910F91FF90EF9092
:1053F0000895CF92DF92EF92FF920F931F93CF9376
:10540000DF937C01EC0109891A894AE050E060E2EF
:1054100080E090E00E94CA256C01EC01EF81F885E4
:1054200081E08083E8018A8981838F5F8A8B82E0B3
:10543000848386E0858316821782108611863A96C9
:10544000E6018F8198859F01281B390BC9013A9786
:1054500029873A87082E892F902D82839383A6016E
:1054600061E270ECC7010E949429892B19F4C601EE
:105470000E943B27DF91CF911F910F91FF90EF90FA
:10548000DF90CF9008953F924F925F926F927F92FC
:105490008F929F92AF92BF92CF92DF92EF92FF9244
:1054A0000F931F93CF93DF933C012B01FC01C18924
:1054B000D289FB01A780B084F50182819381082EF7
:1054C000892F902D82839383808199278130910544
:1054D00009F43AC0029709F0FEC089A1826089A34D
:1054E00046E050E060E280E090E00E94CA256C0156
:1054F000FC010781108581E0F80180838A8981831E
:105500008F5F8A8B148215820A5F1F4FE6018F819D
:105510009885F801E81BF90BCF0106501040E98788
:10552000FA87082E892F902DE8018A839B83A60194
:1055300063E270ECC3010E949429892B09F0CBC06F
:10554000C6010E943B27C7C01D8A1E8A1F8A188E6B
:10555000198E1A8E398CF5014281538160E280E008
:1055600090E00E94CA256C01FC0107811085F501BD
:105570008181F801818382E090E0082E892F902DAF
:1055800082839383F4E08F2E912C800E911EF5017F
:1055900082819381059748F1E4E0EE2EF12CEA0C2C
:1055A000FB1CF701808199278330910509F47EC0A7
:1055B000843091050CF06EC08130910509F455C01E
:1055C000029709F444C0B701C4010E94E2294C01CA
:1055D0003394F7018181E80EF11CF50182819381FA
:1055E0008A0D9B1DE816F906E0F23320E1F4E6018E
:1055F000EF81F885E2012F81388589859A85AC0194
:10560000B901CF010E94A24B82E0F8018083E6013C
:1056100089859A85082E892F902D82839383A601F0
:1056200061E270EC87CFC3010E94C82984E0E801E1
:105630008883F60187819085881A990AC40181863A
:105640009286082E892F902D8A839B83E8CFF701BD
:1056500081819927029797012E5F3F4FAC01B901D5
:10566000CE0145960E94A24BB4CFF70181819927C4
:10567000029797012E5F3F4FAC01B901CE014396CF
:105680000E94A24B8B899C89082E892F902D8B8B91
:105690009C8B9FCF8730910531F0089709F093CF0D
:1056A00081E08A8F96CF81E0898F93CFF701818146
:1056B0009927029797012E5F3F4FAC01B901CE01A8
:1056C0004B960E94A24B8B8D9C8D082E892F902D7E
:1056D0008B8F9C8F7ECFC2010E943B27DF91CF91A1
:1056E0001F910F91FF90EF90DF90CF90BF90AF9000
:1056F0009F908F907F906F905F904F903F90089514
:105700002F923F924F925F926F927F928F929F92D1
:10571000AF92BF92CF92DF92EF92FF920F931F93BF
:10572000CF93DF934C011B01EC016F847888A9882B
:10573000BA88FB0107811085E8018A819B81082EC8
:10574000892F902D8A839B83AC0160E280E090E0FA
:105750000E94CA256C01EC01EF80F884F801818178
:10576000E701898382E090E0082E892F902D8A83BB
:105770009B83A4E04A2E512C4E0C5F1CE8018881CB
:1057800099278230910509F48CC0833091050CF083
:1057900053C0019709F0CAC0BB24E8018A819B81EC
:1057A0000597A8F0249688818330C9F1BE01C20113
:1057B0000E94E2292C01B3948981C80FD11DF80100
:1057C00082819381800F911FC817D90760F3BB2096
:1057D00009F0ACC0E601EF81F885E1012F81388541
:1057E00089859A85AC01B901CF010E94A24B82E064
:1057F000F7018083E60189859A85082E892F902DEF
:1058000082839383A60161E270E8C4010E94942917
:10581000892B09F08BC0C6010E943B2787C0898174
:10582000992702979E012E5F3F4FAC01B901C3013A
:105830000D960E94A24BC0CF83309105C9F004970A
:1058400009F074C0E8012A813B812530310550F010
:1058500024968981C80FD11DC801820F931FC817D4
:10586000D907B8F3F50111A2C5010E9411485EC025
:105870008A819B81059708F459C0E601EF81F8857C
:10588000E1012F81388589859A85AC01B901CF0165
:105890000E94A24B81E0F701808381818F5F818329
:1058A000A9CF8A819B810597B8F0E8012496888169
:1058B00099278138910579F182389105F4F403979D
:1058C00079F08981C80FD11DF80182819381800F01
:1058D000911FC817D90758F38FE0E50189A3C4CFFA
:1058E0008981992702979E012E5F3F4FAC01B90134
:1058F000C30109960E94A24BE4CF8338910509F7B2
:105900008981992702979E012E5F3F4FAC01B90113
:10591000C3014996EFCF8981992702979E012E5F97
:105920003F4FAC01B901C3014596E4CFC1010E94CC
:105930003B27DF91CF911F910F91FF90EF90DF9068
:10594000CF90BF90AF909F908F907F906F905F901F
:105950004F903F902F900895AF92BF92CF92DF92D9
:10596000EF92FF920F931F93CF93DF937C016B0114
:10597000EC01A988BA88FB01A781B08512968D91A8
:105980009C911397082E892F902D12968D939C939E
:1059900013978C91823009F047C0E50189A184609A
:1059A00089A348E150E060E280E090E00E94CA25CF
:1059B0008C01EC01EF81F88581E08083E5018A8923
:1059C00081838F5F8A8B83E0848396E09583168240
:1059D00017821086118681E8828793871486158640
:1059E0001686178683E8808B918B128A138A148A15
:1059F000158A7696E8018F8198859F01281B390BBF
:105A0000C901769729873A87082E892F902D82839E
:105A10009383A80161E270E8C7010E949429892B51
:105A200019F4C8010E943B27C6010E943B27DF9161
:105A3000CF911F910F91FF90EF90DF90CF90BF908B
:105A4000AF900895CF93DF93AC01DB011396ED91F6
:105A5000FC9114972281338134961796ED93FC9331
:105A6000189715968D919C911697049719968D937A
:105A70009C931A9784E090E015968D939C931697CB
:105A8000022E232F302DE0E821323E07F1F0F0E81E
:105A900022323F0758F42132310521F0CD010E9416
:105AA0003B2716C0CA010E94551912C080EC213252
:105AB000380739F02352304C89F7CA010E94AC2CC8
:105AC00007C0CA010E94432A03C0CA010E94802B5A
:105AD000DF91CF910895CF93DF93CDB7DEB72197B4
:105AE0000FB6F894DEBF0FBECDBF3C01FC01A7840A
:105AF000B088C188D2888CED95E00E94784A4C012C
:105B0000892B09F49CC082E10E947849F60181A1A9
:105B1000882339F464E670E080E090E00E94484613
:105B2000F5CF41E050E0BE01640F751FF50187819C
:105B300090850E94CF41892B49F389818E3731F7B7
:105B400041E050E0BE01640F751FF501878190852B
:105B50000E94CF4189818E3799F355240FEF1FEFB3
:105B6000EE24FF2499819E3789F19D3749F1F40194
:105B7000EE0DFF1D9083552021F080E29827908341
:105B8000552480819927802791270E948127012F02
:105B900011270827192741E050E0BE01640F751F47
:105BA000F501878190850E94CF41892BA1F308944C
:105BB000E11CF11CFCEDEF16F5E0FF069CF2A6CF10
:105BC00081E0582E0894E108F108E5CF085B104FFA
:105BD00069F0F60186859785A089B1890196A11D96
:105BE000B11D86879787A08BB18B90CF8EEF9FEFEB
:105BF000E80EF91EA70160E180E090E00E94CA254E
:105C00008C01009709F482CFFC0183819481A70164
:105C1000B4010E94A24BF60186819781A085B185CF
:105C20000196A11DB11D86839783A087B187F501D9
:105C300023A134A1B801C301F901099567CF68EE2A
:105C400073E080E090E00E944846F9CFEF92FF9227
:105C50000F931F93CF93DF93EC018B01E988FA88B0
:105C60008091030C8130A1F0B801CE010E9453282D
:105C70009C01892BB1F4F70182859385A485B585B4
:105C80000196A11DB11D82879387A487B58709C09E
:105C900040E050E060E070E084E09CE00E948347D8
:105CA000E3CFC901DF91CF911F910F91FF90EF904A
:105CB0000895EF92FF920F931F93CF93DF93EC0120
:105CC0001092030CE988FA8887E2F70111928A950D
:105CD000E9F7CE010E94C82911E0F70111A368EC91
:105CE00070E080E090E00E944846012F9E014BE565
:105CF00057E268E97AE380E090E00E94A845CE018F
:105D00000E94F92987EB93E00E94584A892B61F49D
:105D100020E032E0AE016BE67DE287EB93E00E948B
:105D2000B949F70185A396A380E090E0DF91CF9178
:105D30001F910F91FF90EF9008952F923F924F92F5
:105D40005F926F927F928F929F92AF92BF92CF920B
:105D5000DF92EF92FF920F931F93CF93DF93CDB714
:105D6000DEB7C650D1400FB6F894DEBF0FBECDBF30
:105D70004C01FB0101900020E9F73197E61BF70B7E
:105D8000E038F10508F09EC0CE0101960E94C94B93
:105D900021E0222E322E2C0E3D1E88E893E1A0E059
:105DA000B0E0F10180839183A283B383A1016BE012
:105DB00071E0C4010E94364240E050E0BA01C401E3
:105DC0000E944B42442455248E010F5F1F4FCB5F2E
:105DD000DE4F08831983C550D1406AE370E0C801E3
:105DE0000E94B24B6C01892B09F45DC0D6011C9254
:105DF0001F930F938DEB93E09F938F939F928F92BE
:105E00000E94133DC4010E94A44486010F5F1F4FEE
:105E10006AE370E0C8010E94B24B7C013C01FC01C6
:105E200010828DB79EB706960FB6F8949EBF0FBE30
:105E30008DBF91E8A92EB12CAC0EBD1E4FE750E0EE
:105E4000B501C4010E94F241FC019FEFEF3FF90749
:105E500099F0EA0DFB1D1082F80101900020E9F78E
:105E60003197E01BF10BAF01B801C5010E94D94B7E
:105E7000892BF9F68701A9CF8AE3D6018C93D30148
:105E80008C93CB5FDE4FE880F980C550D1400894F9
:105E9000E108F1080894411C511CB5E04B1651046F
:105EA00049F7CF0111C0F1011082118212821382D1
:105EB000AE014F5F5E4F6BE071E0C4010E9436425D
:105EC000C60102C08FEF9FEFCA5FDE4F0FB6F89496
:105ED000DEBF0FBECDBFDF91CF911F910F91FF901D
:105EE000EF90DF90CF90BF90AF909F908F907F907A
:105EF0006F905F904F903F902F900895FC015F99B5
:105F000003C080E090E004C08CB1808381E090E029
:105F10000895482F8BB199279C012072307085FD20
:105F200002C0C90103C04CB981E090E00895CF934D
:105F3000DF93FC01A785B08918969C911897199654
:105F40008C911997981709F184859585892B91F083
:105F500018968C911897FD01E80FF11DE45FFE4F34
:105F6000808180939C0018968C9118978F5F18966B
:105F70008C9312C0FD0118968C911897E80FF11DB3
:105F8000E45FFE4F80818CB9EECF1A961C92818916
:105F9000928909960E941148DF91CF910895CF937D
:105FA000DF93EC01AF85B8898C859D85892BD9F06D
:105FB000FD0116968C911697E80FF11D80919C00BB
:105FC000848716968C911697982F8F5F16968C93D0
:105FD000169717968C91981771F489899A890B9660
:105FE0000E94114808C0FD0116968C911697E80F83
:105FF000F11D8CB1E5CFDF91CF9108950F931F93E1
:10600000CF93DF93FC0120E030E0C785D0890FB645
:106010000F92F8949F818E81981791F401891289CB
:10602000F8014181528163817481C8010B960E94FD
:1060300083479C01892B21F49F818E81981781F3DE
:106040000F900FBEC901DF91CF911F910F9108955D
:10605000CF93DF93FC01A785B0891A968C911A978C
:10606000882369F518969C91189719968C91199721
:10607000981729F181E01A968C931A978485958553
:10608000892B91F018968C911897FD01E80FF11D5E
:10609000E45FFE4F808180939C0018968C91189746
:1060A0008F5F18968C930BC0FD0118968C911897F2
:1060B000E80FF11DE45FFE4F80818CB9EECF80E0E8
:1060C00090E0DF91CF910895EF92FF920F931F938D
:1060D000CF93DF93FC0107851089C189D2890E9483
:1060E00028307C01892BA1F40FB60F92F894F801A7
:1060F00090858185981741F0299640E050E060E056
:1061000070E0CE010E9483470F900FBEC70102C00E
:106110008FEF9FEFDF91CF911F910F91FF90EF9045
:106120000895BF92CF92DF92EF92FF920F931F9349
:106130006C017A018B01B22E0E94ED46DC01CB018D
:10614000880F991FAA1FBB1F34E0EE0CFF1C001F15
:10615000111F3A95D1F7BC01CD01A80197010E940A
:10616000374CDA01C9010196A11DB11DB695A7955D
:10617000979587958150F6018083BB2019F0809315
:10618000990001C089B980E090E01F910F91FF90C4
:10619000EF90DF90CF90BF900895AF92BF92CF92D3
:1061A000DF92EF92FF920F931F936C015B010E94AD
:1061B000ED467B018C01F6018081992744E0880F30
:1061C000991F4A95E1F740969C01442737FD409579
:1061D000542FC801B7010E94374CF5012083318349
:1061E0004283538380E090E01F910F91FF90EF90E6
:1061F000DF90CF90BF90AF900895CF93DF93FC01D5
:10620000EB0147855089188219821A821B82848586
:106210009585892BD1F180919B00282F332722FF70
:1062200009C088819981AA81BB8181608883998313
:10623000AA83BB8323703070232B49F08881998116
:10624000AA81BB81826088839983AA83BB83FA0178
:1062500090858185981779F0FA0197818681981742
:10626000B1F488819981AA81BB81846088839983F4
:10627000AA83BB830CC088819981AA81BB81886075
:1062800088839983AA83BB83E7CF8BB1C6CF80E095
:1062900090E0DF91CF910895EF92FF920F931F93BB
:1062A000CF93DF93DC01FA010FEF1FEF892B09F485
:1062B000A8C05196ED90FC90529781E06730780726
:1062C00009F496C0C1E068307C070CF04CC081E056
:1062D0006330780709F43DC0C1E064307C07C4F442
:1062E00081E06130780751F06250714009F08CC054
:1062F000BF01C7010E94CD308C0186C01C962C9135
:106300004081518162817381C7010E949130F4CF35
:1063100081E06530780799F0665071405CF488E060
:1063200090E0A0E0B0E080839183A283B38300E09B
:1063300010E06AC01082118212821382F8CF80812D
:106340009181A281B3810097A105B10509F05CC0DC
:10635000EECF80819181A281B3810897A105B1051B
:1063600009F052C0E4CF81E06B307807B9F1C1E0A9
:106370006C307C0794F481E06930780709F444C0FC
:106380006A5071402CF481E090E0A0E0B0E0CBCF07
:10639000BF01CD010E94FD3037C081E06D3078072C
:1063A00099F0C1E06D307C074CF06E50714061F5A2
:1063B000E7018D819E81AF81B885B5CFE7018981E5
:1063C0009A81AB81BC81AFCF80819181A281B38161
:1063D000F70185839683A783B087A9CF80819181B8
:1063E000A281B381F70181839283A383B4839FCF7A
:1063F00080819181A281B3810197A105B10521F42A
:1064000096CFA2E6B3E055CFC801DF91CF911F919F
:106410000F91FF90EF9008950F931F93CF93DF9309
:10642000EC018B85823009F052C08E85882309F0FB
:106430004EC08C859D85029708F049C0EF85F8898C
:106440008CE092E0DF011D920197E9F78EEF9FE269
:106450008083918388E290E38283938384E690E350
:106460008483958309891A898DE0F80111928A95B0
:10647000E9F781E0F80180838C859D85892B51F1B6
:10648000AE016FEC7FE28DE190E00E94963B892B9C
:10649000F1F4AE0167E97FE28FE190E00E94963B64
:1064A000892BA9F42C8540E855E260E070E0C80132
:1064B0000E9491308C859D85892B31F088ED8093E9
:1064C0009A0080E090E015C088ED8AB9FACF8FEF8E
:1064D0009FEF0FC0AE016FEC7FE281E190E00E9480
:1064E000963B892BA1F7AE0167E97FE283E190E05B
:1064F000D5CFDF91CF911F910F9108950F931F93E7
:10650000CF93DF93EC0100E01F8D85E00E94E2460F
:106510001F8F10E082E30E94E2468F8187FF03C055
:106520008A858035C1F01F5F1431A0F30A3031F045
:106530000F5F043148F38FEF9FEF12C0149A1C9A3B
:1065400084E60E94E2461C988AEF0E94E2468AEFA7
:106550000E94E246EDCF8B85803729F780E090E0FE
:10656000DF91CF911F910F910895EF92FF920F93BA
:106570001F93CF93DF93EC017B0189B78F7D89BF98
:10658000CE010E947E32892B09F04BC01F860FEF8F
:106590000F8381EE888380EC89831E8210E21D8345
:1065A000198264EF71E080E090E00E94484681E249
:1065B000888388E48E871A861B861C8782E08D87F5
:1065C00080E48C838FE58B838CE4898380E68A83E7
:1065D0000F8381E6888390E0D701FE018D9181834E
:1065E00031969F5F9630D0F390E0FE011086319691
:1065F0009F5F9830D8F38CE48F8381E2888384E0B6
:106600008C878FEF8F838FE18F8782E288831D864F
:1066100064EF71E080E090E00E94484680E090E006
:1066200002C08FEF9FEFDF91CF911F910F91FF90ED
:10663000EF900895FC0182E2808390E0878186FDDF
:1066400003C09F5F9531D0F380E487830895EF9274
:10665000FF920F931F93CF93DF93EC01FB0140E078
:106660000581168181859285080F191F858596857C
:10667000080F191F81899289080F191F85E00F3EA5
:10668000180708F071C00C33110520F44CE3401BCF
:106690000CE310E00A87E12EFF24EB86188680E4E5
:1066A000898782E18883A381B48120E030E08581FD
:1066B00096812817390748F48D91888B2F5F3F4FBB
:1066C0008581968128173907B8F3A781B08520E026
:1066D00030E0818592852817390748F48D91888BA1
:1066E0002F5F3F4F8185928528173907B8F3A3851F
:1066F000B48520E030E0858596852817390748F471
:106700008D91888B2F5F3F4F858596852817390798
:10671000B8F3A785B08920E030E0818992892817F5
:10672000390748F48D91888B2F5F3F4F818992897B
:1067300028173907B8F320E030E0842F992728176D
:10674000390730F4188A2F5F3F4F28173907D0F3E5
:10675000CE010E941A330D83EE8280E48C8386E2A0
:10676000888380E090E002C08FEF9FEFDF91CF91B0
:106770001F910F91FF90EF9008959F92AF92BF925B
:10678000CF92DF92EF92FF920F931F93CF93DF93FD
:10679000CDB7DEB724970FB6F894DEBF0FBECDBFDE
:1067A0008C01962EAA24BB2489B78F7D89BF82E6EF
:1067B000D8018C9317969C91179782E28C9313962D
:1067C000CC90C394FFE5FC1510F45CE4C52EC9160B
:1067D00009F4A3C084E0F801828713861086C1867D
:1067E000AE014F5F5F4F7A018AE080839501F80127
:1067F0008089DA018D93AD012F5F3F4F2430310541
:10680000B0F3C8010E941A33F70122813381C90114
:1068100080549040835B9540D8F4232F33272C0D70
:10682000311DF7018281882311F02F5F3F4FD22E57
:10683000FFE5F21710F44CEED40EF7019181D91652
:1068400099F08D2D8F5F803608F08451891759F0AB
:1068500089B7806289BF992019F48FEF9FEF61C0DB
:1068600080E090E05EC0D82E898199278F7090706B
:10687000019791F0DA94FBE4FD1510F09FE5D92E15
:10688000F801D38289B7806289BF992019F0892DD8
:10689000992747C0C50145C0F701E280F3808CEF1E
:1068A0009FEFE80EF91E992081F1F801E2868F2D05
:1068B0009927838784E08087C1868AE08083A1143A
:1068C000B104B1F0F5014381548120E030E02E1590
:1068D0003F0550F4F8018089DA018D93AD012F5FF7
:1068E0003F4F2E153F05B0F3C8010E941A33C2CFA7
:1068F00020E030E02E153F05B8F7F80180892F5FC2
:106900003F4F2E153F05C8F3EFCFA70160E180E0B0
:1069100090E00E94CA255C01C8CF89B7806289BF18
:10692000B9CF24960FB6F894DEBF0FBECDBFDF916E
:10693000CF911F910F91FF90EF90DF90CF90BF907C
:10694000AF909F9008950F931F93CF93DF93EC0127
:10695000188181E2888385E00E94E2461A861B86C0
:1069600000E012FF07C08F8199278A709070892BF1
:1069700009F401E082E08D8782E2888361E0CE0144
:106980000E94BD33892BD1F71D86002311F086E2CA
:106990008883802F9927DF91CF911F910F910895C0
:1069A000EF92FF920F931F93CF93DF93FC01E48448
:1069B000F584C189D2898E899F89A88DB98D019668
:1069C000A11DB11D8E8B9F8BA88FB98FF701878179
:1069D0008783082F112704FD48C0C8018A70907072
:1069E000892BE9F500FD2BC002FF63C0F701258567
:1069F0008E8D9F8DA8A1B9A1820F911DA11DB11DE2
:106A00008E8F9F8FA8A3B9A326858AA19BA1ACA135
:106A1000BDA1820F911DA11DB11D8AA39BA3ACA393
:106A2000BDA327858EA19FA1A8A5B9A5820F911D01
:106A3000A11DB11D8EA39FA3A8A7B9A73AC08A859F
:106A40009B85AC85BD850196A11DB11D8A879B875D
:106A5000AC87BD87CE0101960E941148C5CF188230
:106A6000CE0103960E941148BDCF8A859B85AC85D7
:106A7000BD850196A11DB11D8A879B87AC87BD8707
:106A8000C7010E94A334892B79F088818F5F8883A6
:106A90008A8D9B8DAC8DBD8D0196A11DB11D8A8FF8
:106AA0009B8FAC8FBD8F05C0CE0103960E9411480D
:106AB000EFCFDF91CF911F910F91FF90EF9008954D
:106AC0008C01FC01E784F088C189D28989E00E94A9
:106AD00078498A859B85AC85BD850B97A105B10555
:106AE000B0F089B78F7D89BFB7016F5F7F4FF80125
:106AF000848595850E94B532892B21F41A861B86E0
:106B00001C861D868CE4898789B7806289BF40ED29
:106B100057E060E070E0CE0101960E948347DD24DB
:106B20008D2DD3948A30A8F660E0F8018485958590
:106B30000E94BD33BC01892B61F2FFEF6F3F7F07DD
:106B4000B1F01A861B861C861D868E859F85A889B6
:106B5000B9890196A11DB11D8E879F87A88BB98B1E
:106B6000F70123A134A1C801F9010995D9CF89B74B
:106B70008F7D89BFB7016F5F7F4FF8018485958551
:106B80000E94B532892B21F41A861B861C861D862D
:106B90008CE489871A861B861C861D8689B78062CD
:106BA00089BFBECFAF92BF92CF92DF92FF920F9379
:106BB0001F93CF93DF938C016B017FEFA72EB72E2E
:106BC000FC01C189D28988818823F9F069E0F62E19
:106BD00048EC50E060E070E0CE0103960E948347ED
:106BE000892B61F0F801A485B58589B78F7D89BFB0
:106BF0008C9182FF188289B7806289BF888188233F
:106C000021F0FA94FFEFFF1619F789B78F7D89BF3E
:106C100088818823C1F488818F5F8883B601F80159
:106C2000848595850E9427339C01892B61F48A898C
:106C30009B89AC89BD890196A11DB11D8A8B9B8B57
:106C4000AC8BBD8B590189B7806289BFC501DF91CB
:106C5000CF911F910F91FF90DF90CF90BF90AF9099
:106C600008950F931F93CF93DF93EC012F853889FD
:106C700009891A898AE2F80111928A95E9F74C8507
:106C80005D8589B78F7D89BF2F5F3F4FB901CA01ED
:106C90000E94B532892B09F58CE4F801818720E840
:106CA00032E0AE0160E675E382EC93E00E94B94900
:106CB00064EF71E080E090E00E944846AE0160ED34
:106CC00074E385E090E00E94963B9C01892B29F4B7
:106CD00089B7806289BFC90102C08FEF9FEFDF9142
:106CE000CF911F910F910895FC0180819181A28124
:106CF000B3810196A11DB11D80839183A283B383CB
:106D0000268137812115310521F084819581F90192
:106D1000099508951F920F920FB60F9211242F9389
:106D20003F934F935F936F937F938F939F93AF9313
:106D3000BF93EF93FF9385EA9AE00E947436FF9128
:106D4000EF91BF91AF919F918F917F916F915F91E3
:106D50004F913F912F910F900FBE0F901F9018955C
:106D60001F920F920FB60F9211242F933F934F93C0
:106D70005F936F937F938F939F93AF93BF93EF93A3
:106D8000FF938DEA9AE00E947436FF91EF91BF91D4
:106D9000AF919F918F917F916F915F914F913F91B3
:106DA0002F910F900FBE0F901F9018951F920F926A
:106DB0000FB60F9211242F933F934F935F936F93CE
:106DC0007F938F939F93AF93BF93EF93FF9385EB45
:106DD0009AE00E947436FF91EF91BF91AF919F911D
:106DE0008F917F916F915F914F913F912F910F9074
:106DF0000FBE0F901F9018951F920F920FB60F9213
:106E000011242F933F934F935F936F937F938F93AF
:106E10009F93AF93BF93EF93FF938DEB9AE00E9404
:106E20007436FF91EF91BF91AF919F918F917F91B8
:106E30006F915F914F913F912F910F900FBE0F90E7
:106E40001F9018951F920F920FB60F9211242F9337
:106E50003F934F935F936F937F938F939F93AF93E2
:106E6000BF93EF93FF9385EC9AE00E947436FF91F5
:106E7000EF91BF91AF919F918F917F916F915F91B2
:106E80004F913F912F910F900FBE0F901F9018952B
:106E90001F920F920FB60F9211242F933F934F938F
:106EA0005F936F937F938F939F93AF93BF93EF9372
:106EB000FF938DEC9AE00E947436FF91EF91BF91A1
:106EC000AF919F918F917F916F915F914F913F9182
:106ED0002F910F900FBE0F901F9018951F920F9239
:106EE0000FB60F9211242F933F934F935F936F939D
:106EF0007F938F939F93AF93BF93EF93FF9385ED12
:106F00009AE00E947436FF91EF91BF91AF919F91EB
:106F10008F917F916F915F914F913F912F910F9042
:106F20000FBE0F901F9018951F920F920FB60F92E1
:106F300011242F933F934F935F936F937F938F937E
:106F40009F93AF93BF93EF93FF938DED9AE00E94D1
:106F50007436FF91EF91BF91AF919F918F917F9187
:106F60006F915F914F913F912F910F900FBE0F90B6
:106F70001F9018951F920F920FB60F9211242F9306
:106F80003F934F935F936F937F938F939F93AF93B1
:106F9000BF93EF93FF9385EE9AE00E947436FF91C2
:106FA000EF91BF91AF919F918F917F916F915F9181
:106FB0004F913F912F910F900FBE0F901F901895FA
:106FC0001F920F920FB60F9211242F933F934F935E
:106FD0005F936F937F938F939F93AF93BF93EF9341
:106FE000FF938DEE9AE00E947436FF91EF91BF916E
:106FF000AF919F918F917F916F915F914F913F9151
:107000002F910F900FBE0F901F9018951F920F9207
:107010000FB60F9211242F933F934F935F936F936B
:107020007F938F939F93AF93BF93EF93FF9385EFDE
:107030009AE00E947436FF91EF91BF91AF919F91BA
:107040008F917F916F915F914F913F912F910F9011
:107050000FBE0F901F9018951F920F920FB60F92B0
:1070600011242F933F934F935F936F937F938F934D
:107070009F93AF93BF93EF93FF938DEF9AE00E949E
:107080007436FF91EF91BF91AF919F918F917F9156
:107090006F915F914F913F912F910F900FBE0F9085
:1070A0001F9018951F920F920FB60F9211242F93D5
:1070B0003F934F935F936F937F938F939F93AF9380
:1070C000BF93EF93FF9385E09BE00E947436FF919E
:1070D000EF91BF91AF919F918F917F916F915F9150
:1070E0004F913F912F910F900FBE0F901F901895C9
:1070F0001F920F920FB60F9211242F933F934F932D
:107100005F936F937F938F939F93AF93BF93EF930F
:10711000FF938DE09BE00E947436FF91EF91BF9149
:10712000AF919F918F917F916F915F914F913F911F
:107130002F910F900FBE0F901F9018951F920F92D6
:107140000FB60F9211242F933F934F935F936F933A
:107150007F938F939F93AF93BF93EF93FF9385E1BB
:107160009BE00E947436FF91EF91BF91AF919F9188
:107170008F917F916F915F914F913F912F910F90E0
:107180000FBE0F901F9018951F920F920FB60F927F
:1071900011242F933F934F935F936F937F938F931C
:1071A0009F93AF93BF93EF93FF938DE19BE00E947A
:1071B0007436FF91EF91BF91AF919F918F917F9125
:1071C0006F915F914F913F912F910F900FBE0F9054
:1071D0001F9018951F920F920FB60F9211242F93A4
:1071E0003F934F935F936F937F938F939F93AF934F
:1071F000BF93EF93FF9385E29BE00E947436FF916B
:10720000EF91BF91AF919F918F917F916F915F911E
:107210004F913F912F910F900FBE0F901F90189597
:107220001F920F920FB60F9211242F933F934F93FB
:107230005F936F937F938F939F93AF93BF93EF93DE
:10724000FF938DE39BE00E947436FF91EF91BF9115
:10725000AF919F918F917F916F915F914F913F91EE
:107260002F910F900FBE0F901F9018951F920F92A5
:107270000FB60F9211242F933F934F935F936F9309
:107280007F938F939F93AF93BF93EF93FF9385E388
:107290009BE00E947436FF91EF91BF91AF919F9157
:1072A0008F917F916F915F914F913F912F910F90AF
:1072B0000FBE0F901F9018951F920F920FB60F924E
:1072C00011242F933F934F935F936F937F938F93EB
:1072D0009F93AF93BF93EF93FF938DE29BE00E9448
:1072E0007436FF91EF91BF91AF919F918F917F91F4
:1072F0006F915F914F913F912F910F900FBE0F9023
:107300001F9018951F920F920FB60F9211242F9372
:107310003F934F935F936F937F938F939F93AF931D
:10732000BF93EF93FF9385E49BE00E947436FF9137
:10733000EF91BF91AF919F918F917F916F915F91ED
:107340004F913F912F910F900FBE0F901F90189566
:107350001F920F920FB60F9211242F933F934F93CA
:107360005F936F937F938F939F93AF93BF93EF93AD
:10737000FF938DE49BE00E947436FF91EF91BF91E3
:10738000AF919F918F917F916F915F914F913F91BD
:107390002F910F900FBE0F901F9018951F920F9274
:1073A0000FB60F9211242F933F934F935F936F93D8
:1073B0007F938F939F93AF93BF93EF93FF9385E555
:1073C0009BE00E947436FF91EF91BF91AF919F9126
:1073D0008F917F916F915F914F913F912F910F907E
:1073E0000FBE0F901F9018951F920F920FB60F921D
:1073F00011242F933F934F935F936F937F938F93BA
:107400009F93AF93BF93EF93FF938DE59BE00E9413
:107410007436FF91EF91BF91AF919F918F917F91C2
:107420006F915F914F913F912F910F900FBE0F90F1
:107430001F9018951F920F920FB60F9211242F9341
:107440003F934F935F936F937F938F939F93AF93EC
:10745000BF93EF93FF9385E69BE00E947436FF9104
:10746000EF91BF91AF919F918F917F916F915F91BC
:107470004F913F912F910F900FBE0F901F90189535
:107480001F920F920FB60F9211242F933F934F9399
:107490005F936F937F938F939F93AF93BF93EF937C
:1074A000FF938DE69BE00E947436FF91EF91BF91B0
:1074B000AF919F918F917F916F915F914F913F918C
:1074C0002F910F900FBE0F901F9018951F920F9243
:1074D0000FB60F9211242F933F934F935F936F93A7
:1074E0007F938F939F93AF93BF93EF93FF9385E722
:1074F0009BE00E947436FF91EF91BF91AF919F91F5
:107500008F917F916F915F914F913F912F910F904C
:107510000FBE0F901F9018951F920F920FB60F92EB
:1075200011242F933F934F935F936F937F938F9388
:107530009F93AF93BF93EF93FF938DE79BE00E94E0
:107540007436FF91EF91BF91AF919F918F917F9191
:107550006F915F914F913F912F910F900FBE0F90C0
:107560001F9018951F920F920FB60F9211242F9310
:107570003F934F935F936F937F938F939F93AF93BB
:10758000BF93EF93FF9385E89BE00E947436FF91D1
:10759000EF91BF91AF919F918F917F916F915F918B
:1075A0004F913F912F910F900FBE0F901F90189504
:1075B0001F920F920FB60F9211242F933F934F9368
:1075C0005F936F937F938F939F93AF93BF93EF934B
:1075D000FF938DE89BE00E947436FF91EF91BF917D
:1075E000AF919F918F917F916F915F914F913F915B
:1075F0002F910F900FBE0F901F9018951F920F9212
:107600000FB60F9211242F933F934F935F936F9375
:107610007F938F939F93AF93BF93EF93FF9385E9EE
:107620009BE00E947436FF91EF91BF91AF919F91C3
:107630008F917F916F915F914F913F912F910F901B
:107640000FBE0F901F9018951F920F920FB60F92BA
:1076500011242F933F934F935F936F937F938F9357
:107660009F93AF93BF93EF93FF938DE99BE00E94AD
:107670007436FF91EF91BF91AF919F918F917F9160
:107680006F915F914F913F912F910F900FBE0F908F
:107690001F9018951F920F920FB60F9211242F93DF
:1076A0003F934F935F936F937F938F939F93AF938A
:1076B000BF93EF93FF9385EA9BE00E947436FF919E
:1076C000EF91BF91AF919F918F917F916F915F915A
:1076D0004F913F912F910F900FBE0F901F901895D3
:1076E0001F920F920FB60F9211242F933F934F9337
:1076F0005F936F937F938F939F93AF93BF93EF931A
:10770000FF938DEA9BE00E947436FF91EF91BF9149
:10771000AF919F918F917F916F915F914F913F9129
:107720002F910F900FBE0F901F901895FC01CA016A
:107730000FB60F92F89443E0EE0FFF1F4A95E1F762
:10774000EB55F54F84839583668377830F900FBE47
:1077500080E090E00895CF92DF92EF92FF920F9336
:107760001F93CF93DF936C018B01EA01EE24FF247A
:10777000452B91F0AE01B801C6010E94FD4197FF73
:1077800004C08FEFE82EF82E07C0080F191FE80E6F
:10779000F91EC81BD90B71F7C701DF91CF911F915B
:1077A0000F91FF90EF90DF90CF900895CF92DF92EE
:1077B000EF92FF920F931F93CF93DF936C018B0196
:1077C000EA01EE24FF24452B91F0AE01B801C60179
:1077D0000E94214297FF04C09FEFE92EF92E07C0B7
:1077E000080F191FE80EF91EC81BD90B71F7C70146
:1077F000DF91CF911F910F91FF90EF90DF90CF908D
:107800000895FB0101900020E9F73197E61BF70B83
:10781000AF010E94AB3B0895EF92FF920F931F932D
:107820007C018B01CB010E94D04BAC01B801C70198
:107830000E94D63B1F910F91FF90EF9008952F92D9
:107840003F924F925F926F927F928F929F92AF92F0
:10785000BF92CF92DF92EF92FF920F931F93CF933D
:10786000DF93CDB7DEB765970FB6F894DEBF0FBED6
:10787000CDBF8A8B9B8B4A015B01222EC02E81E0FB
:10788000821710F02AE0222E44245524198A6E2CE7
:10789000772462FE02C08BE2898B61FE0CC0B7FECA
:1078A0000AC08DE2898BB094A09490948094811C3E
:1078B000911CA11CB11C64FE99C087EC93E08C8BD9
:1078C0009D8B3324E22CFF2400271127C501B4012E
:1078D000A80197010E94374CDC01CB01D82EC501CD
:1078E000B401A80197010E94374C49015A018E0149
:1078F0000F5F1F4FD801A30DB11DEC89FD89ED0D60
:10790000F11D80818C93339421153105410551057A
:10791000C9F63C1408F068C089898111CA94C3185B
:10792000C30189709070892B19F4CC2009F04EC0E6
:107930008989882309F03DC099E06922772481E094
:107940006816710439F1832D3A94882389F4CC2088
:1079500009F44FC041E050E068ED73E08A899B89EB
:107960000E94AB3B0894411C511CCA9499F741C03A
:10797000C801830D911D41E050E0BC018A899B89BB
:107980000E94AB3B0894411C511C832D3A948823E0
:1079900079F7DDCF4C0C511CCC20A9F241E050E02E
:1079A0006AED73E08A899B890E94AB3BCA94B1F768
:1079B000CACF41E050E0BE016F5E7F4F8A899B894C
:1079C0000E94AB3B0894411C511CB6CF41E050E0F3
:1079D00068ED73E08A899B890E94AB3B0894411C47
:1079E000511CCA9499F7A4CFCC249ACF8CED93E084
:1079F00066CFC20165960FB6F894DEBF0FBECDBF4D
:107A0000DF91CF911F910F91FF90EF90DF90CF907A
:107A1000BF90AF909F908F907F906F905F904F90AE
:107A20003F902F9008954F925F926F927F928F9226
:107A30009F92AF92BF92CF92DF92EF92FF920F93FD
:107A40001F93CF93DF93CDB7DEB721970FB6F8948E
:107A5000DEBF0FBECDBF4C885D88CE88DF88E8E1F1
:107A60008E2E912C8C0E9D1E66247724F60180812B
:107A70008823C9F0F60180818532B9F041E050E0F9
:107A8000B601C2010E94AB3B97FF03C08FEF9FEF8F
:107A900032C10894611C711C0894C11CD11CF601F0
:107AA0008081882339F7C30126C130E00894C11CC6
:107AB000D11CF60180818D3209F41BC18B3209F48F
:107AC00016C1803311F43160F1CF8A3209F4FEC05F
:107AD00000E010E080538A30C0F4C80173E0880FE2
:107AE000991F7A95E1F7800F911F080F191FF60172
:107AF00081916F01992787FD9095080F191F0053F9
:107B00001040808180538A3040F393E7F6018081F2
:107B10008C3609F4D6C0F6018081833609F463C03F
:107B2000833709F460C02AE08F3609F45AC08835DB
:107B300009F451C0883709F44EC0843609F449C0AD
:107B40008537D9F0853251F041E050E06DEE73E0B9
:107B5000C2010E94AB3B0894611C711CF60180813C
:107B6000882321F40894C108D10896CF41E050E061
:107B7000B601C2010E94AB3B8CCF9C3601F131FFB4
:107B800013C0F40182E090E0880E991E80819181FB
:107B9000AC01662757FD6095762FE32EC2010E9447
:107BA0001F3C680E791E78CFF40182E090E0880EC9
:107BB000991E80819181AC0166277727EECFF40171
:107BC00084E090E0880E991E40815181628173812A
:107BD000E4CF3260D2CF883511F020E1CECF3061D2
:107BE000FCCF28E0CACFAA24BB24833709F449C0BC
:107BF00041E0E42EF12C33FD03C0E016F1068CF1D8
:107C0000A114B104D9F0A701B501C2010E94AB3B98
:107C10006E0C7F1CE016F1060CF03ECF41E050E008
:107C200068ED73E0C2010E94AB3B0894611C711CBB
:107C300001501040E016F1068CF32ECFF40182E0E3
:107C400090E0880E991E8081898341E050E0BE015A
:107C5000640F751FC2010E94AB3B0894611C711C2C
:107C6000D9CF41E050E068ED73E0C2010E94AB3B28
:107C70000894611C711C01501040E016F1068CF351
:107C8000BFCFF40182E090E0880E991EA080B18001
:107C9000A114B10471F0EE24FF24F5018191882331
:107CA00009F4A9CF0894E11CF11C81918823D1F734
:107CB000A2CF6FEEA62E63E0B62E56E0E52EF12C95
:107CC0009ACF982F0894C11CD11C25CF0894C11CB1
:107CD000D11CF40182E090E0880E991E0081118190
:107CE00017FF13CF109501951F4F38600ECF3460EA
:107CF000DDCE3860DBCE21960FB6F894DEBF0FBE26
:107D0000CDBFDF91CF911F910F91FF90EF90DF904A
:107D1000CF90BF90AF909F908F907F906F905F902B
:107D20004F9008958F3F910539F030F040E050E0DA
:107D3000BA010E94FD4102C08FEF9FEF0895FC0140
:107D400020E030E00FB60F92F8946115710569F0EC
:107D50008BB199278095909585FDFACF81918CB94B
:107D60002F5F3F4F6150704099F70F900FBEC901D0
:107D70000895FC0120E030E00FB60F92F8946115F1
:107D8000710571F08BB199278095909585FDFACF9B
:107D900084918CB931962F5F3F4F6150704091F7BD
:107DA0000F900FBEC9010895DC010D900020E9F786
:107DB0001197A81BB90BBD010E949F3E08950F9318
:107DC0001F938C010E94D04BBC01C8010E94B93E98
:107DD0001F910F9108952F923F924F925F926F9251
:107DE0007F928F929F92AF92BF92CF92DF92EF924B
:107DF000FF920F931F93CF93DF93CDB7DEB76397B7
:107E00000FB6F894DEBF0FBECDBF4B015C01242E30
:107E1000C22E81E0841710F08AE0282E44245524D5
:107E2000198A602E772462FE02C08BE2898B61FE84
:107E30000CC0B7FE0AC08DE2898BB094A0949094D8
:107E40008094811C911CA11CB11C64FE8CC086EF27
:107E500093E08A8B9B8B3324E22CFF24002711278D
:107E6000C501B401A80197010E94374CDC01CB0188
:107E7000D82EC501B401A80197010E94374C4901D1
:107E80005A018E010F5F1F4FD801A30DB11DEA8962
:107E9000FB89ED0DF11D80818C9333942115310503
:107EA00041055105C9F63C1408F05BC08989811170
:107EB000CA94C318C30189709070892B19F4CC201F
:107EC00009F043C089898823B1F599E069227724B4
:107ED00081E06816710411F1832D3A94882379F4B6
:107EE000CC2009F443C061E070E087E094E00E9498
:107EF0009F3E0894411C511CCA94A9F737C0C80181
:107F0000830D911D61E070E00E949F3E0894411C2A
:107F1000511C832D3A94882391F7E2CF4C0C511CCD
:107F2000CC20D1F261E070E089E094E00E949F3EB5
:107F3000CA94C1F7D1CF61E070E0CE0141960E94B2
:107F40009F3E0894411C511CC0CF61E070E087E067
:107F500094E00E949F3E0894411C511CCA94A9F7CA
:107F6000B1CFCC24A7CF8BE094E073CFC20163964E
:107F70000FB6F894DEBF0FBECDBFDF91CF911F913A
:107F80000F91FF90EF90DF90CF90BF90AF909F90B8
:107F90008F907F906F905F904F903F902F900895BB
:107FA0002F923F924F925F926F927F928F929F9209
:107FB000AF92BF92CF92DF92EF92FF920F931F93F7
:107FC000CF93DF93CDB7DEB721970FB6F894DEBF1E
:107FD0000FBECDBF86E1A82EB12CAC0EBD1EF501A3
:107FE000C190D1905F0166247724F60180818823B7
:107FF000C1F0F60180818532B1F061E070E0C60128
:108000000E949F3E97FF03C08FEF9FEF40C10894EF
:10801000611C711C0894C11CD11CF601808188234D
:1080200041F7C30134C120E00894C11CD11CF60102
:1080300080818D3209F429C18B3209F424C1803347
:1080400011F42160F1CF8A3209F40AC1EE24FF2431
:1080500080538A30E0F4C70113E0880F991F1A9506
:10806000E1F78E0D9F1DE80EF91EF60181916F015B
:10807000992787FD9095E80EF91EB0ED2B2EBFEFE6
:108080003B2EE20CF31C808180538A3020F393E76F
:10809000F60180818C3609F4DEC0F60180818336DA
:1080A00009F46EC0833709F46BC04AE08F3609F4D7
:1080B00065C0883509F45CC0883709F459C0843636
:1080C00009F454C08537C9F0853249F061E070E0A9
:1080D0008CE194E00E949F3E0894611C711CF601A3
:1080E0008081882321F40894C108D10893CF61E0EE
:1080F00070E0C6010E949F3E8ACF9C3619F121FF95
:1081000015C0F50182E090E0A80EB91E8081918132
:108110001C01442437FC4094542CC201B101022FAD
:108120002E2D0E94EB3E680E791E74CFF50192E071
:10813000492E512CA40CB51C808191811C01442432
:108140005524EBCF21FF0BC0F50154E0252E312C37
:10815000A20CB31C6081718182819381E0CFF50113
:1081600034E0432E512CA40CB51CF4CF2260C5CFB3
:10817000883511F040E1C1CF2061FCCF48E0BDCF90
:1081800088249924833709F447C001E010E023FDD7
:1081900003C00E151F0584F181149104D1F0B801BC
:1081A000C4010E949F3E600E711E0E151F050CF04B
:1081B00031CF61E070E087E094E00E949F3E089438
:1081C000611C711C0894E108F1080E151F058CF361
:1081D00021CFF50162E0462E512CA40CB51C808104
:1081E000898361E070E0CE01860F971F0E949F3E59
:1081F0000894611C711CD9CF61E070E087E094E0C5
:108200000E949F3E0894611C711C0894E108F108CB
:108210000E151F058CF3C0CFF501A2E02A2E312CDC
:10822000A20CB31C808091808114910469F000E05D
:1082300010E0F4018191882309F4A9CF0F5F1F4F4B
:1082400081918823D9F7A3CF7EE1872E74E0972E02
:1082500006E010E09CCF982F0894C11CD11C1DCFC4
:108260000894C11CD11CF50102E0202E312CA20C77
:10827000B31CE080F180F7FE0ACFF094E194F1089E
:10828000F394286004CF2460CFCE2860CDCE219611
:108290000FB6F894DEBF0FBECDBFDF91CF911F9117
:1082A0000F91FF90EF90DF90CF90BF90AF909F9095
:1082B0008F907F906F905F904F903F902F90089598
:1082C0000F931F93CF93DF938C01C091B50BD09187
:1082D000B60B209761F0CE010296B8010E94BF4B09
:1082E000892B29F00990D881C02D2097A1F7CE01C4
:1082F000DF91CF911F910F9108950F931F93CF930B
:10830000DF93EC010FEF1FEF8F3F9105D1F0C8F025
:108310006115710511F06C877D8741114E87CE0183
:1083200002960E9460419C01892B59F48091B50B03
:108330009091B60B88839983D093B60BC093B50BFD
:108340008901C801DF91CF911F910F910895CF93BB
:10835000DF930E946041EC01892B19F08B858230FC
:1083600011F0CE010EC0EB89FC89CE010995BC014C
:10837000009729F4AC01CE010E94CF41F2CF80E0FA
:1083800090E0DF91CF910895FC018385823021F444
:10839000CF010E94A44402C08FEF9FEF0895FC011B
:1083A000892B51F08385823019F08FEF9FEF0EC03B
:1083B000CF010E944B420AC06F3F7105B1F3A8F391
:1083C0001416150694F7CB010E947E2F0895FC0128
:1083D0008385823021F4CF010E94984202C08FEF42
:1083E0009FEF0895FC018385823021F4CF010E9424
:1083F0001F4302C08FEF9FEF0895FC01DB01892B23
:1084000051F08385823019F08FEF9FEF0EC0CF01BE
:108410000E9481430AC06F3F7105B1F3A8F314169F
:10842000150694F78C910E94892F0895FC0183858D
:10843000823021F4CF010E94D24302C08FEF9FEF20
:108440000895FC01892B51F08385823019F08FEF5C
:108450009FEF0BC0CF010E945E4407C014161506A3
:10846000B4F7FB0184910E94892F0895FC010097C5
:1084700079F08F3F910531F028F025893689211553
:10848000310519F48FEF9FEF05C0F901099502C07E
:108490000E944C310895EF92FF920F931F93CF9358
:1084A000DF93FC018B017A018F3F910599F190F1E7
:1084B000C785D089288139812115310559F1611588
:1084C000710559F16F3F710529F120F19F818E816E
:1084D0009817C1F060E070E06E157F050CF52F81F4
:1084E0008E812817E9F0FE01E20FF11D8485F80165
:1084F00081938F012F5F2F836F5F7F4F6E157F05F5
:1085000074F30EC0CF01F9010995892B19F360E0CE
:1085100070E006C06FEF7FEF03C08E818F83F7CFCF
:10852000CB01DF91CF911F910F91FF90EF900895B4
:10853000CF92DF92EF92FF920F931F93CF93DF932F
:10854000DC01EB017A01CC24DD241F960D911C91F6
:108550005097F801208131812115310509F464C05B
:10856000672B11F0452B29F4F80186818783C6011A
:108570005DC0F80197818681981709F44EC0089470
:10858000E108F10820E030E02E153F05ECF4F80199
:10859000978186819817C1F0E90FF11D4485842FDA
:1085A00081528E35E0F44232D1F04C3579F0499366
:1085B0002F5F3F4FF80187818F5F87830894C11C2D
:1085C000D11C2E153F051CF31882D1CFC90102968C
:1085D0008E159F05CCF749932F5F3F4FE8CFB90128
:1085E0006C5F7F4F6E157F057CF78CE5899388E77C
:1085F0008993842F82958F7025E234E0F901E80F8A
:10860000F11D80818993E42FFF27EF70F070E20F56
:10861000F31F808189939B01CDCFCD01F90109958D
:10862000892B09F0A4CFABCF8FEF9FEFDF91CF91D4
:108630001F910F91FF90EF90DF90CF900895AF9230
:10864000BF92CF92DF92EF92FF920F931F93CF933F
:10865000DF936C017B018FEFC816D10409F008F499
:1086600043C0F601C785D08988819981892BE1F1C2
:108670006F3F7105C9F1C0F100E010E05A010894A4
:10868000A108B1080A151B05C4F49F818E819817B3
:10869000F9F08F81FE01E80FF11D94858F5F8F83C4
:1086A0009D3079F09A3069F01B86F70191937F0134
:1086B0000F5F1F4F0A151B0544F3F7011082C80115
:1086C00015C08B85882311F08917A1F79B87F5CFFB
:1086D000E881F981C6010995892BD9F201151105A7
:1086E00061F70FEF1FEFE9CF8FEF9FEFDF91CF9192
:1086F0001F910F91FF90EF90DF90CF90BF90AF90C0
:108700000895CF92DF92EF92FF921F93CF93DF9362
:10871000FC017B016A018F3F910599F190F1C785BA
:10872000D0892A813B812115310559F161157105E7
:1087300059F16F3F710529F120F119851F5F888577
:108740001817D1F060E070E06C157D0514F5888590
:108750001817F9F08985FE01E80FF11DE45FFE4F5F
:10876000D7018D917D01808319871F5F6F5F7F4FD8
:108770006C157D0564F30DC0CF01F901099597FFD4
:10878000E1CF6FEF7FEF05C0F90109959923CCF395
:10879000B701CB01DF91CF911F91FF90EF90DF9058
:1087A000CF900895EF92FF920F931F93CF93DF9393
:1087B000DC01EB01EE24FF241F960D911C915097D4
:1087C000F801428153814115510509F460C0672BBE
:1087D00009F460C0F8018185282F33272F5F3F4FB0
:1087E000808599272817390709F44CC0F80141857D
:1087F0004F5F8085481709F442C088818823C9F0FB
:10880000F80180854817A9F088818C35A1F0982F50
:108810002196F8018185E80FF11DE45FFE4F9083FA
:10882000F80141874F5F0894E11CF11C888188237F
:1088300039F7C7013CC021968881883741F72196D6
:1088400088818A33D4F0982F97539295907F219600
:10885000292F332788818A3344F0992787FD909503
:10886000280F391F922F9753D3CF992787FD9095C3
:10887000280F391F922F9053CBCF982FE6CF80E04F
:1088800090E015C0CD01FA01099597FFAFCF8FEFAA
:108890009FEF0DC0FA010995892F992787FD9095C3
:1088A000809590958827990F881F99270197DF91C8
:1088B000CF911F910F91FF90EF900895CF92DF928B
:1088C000EF92FF921F93CF93DF93FC017B016A012C
:1088D0008F3F910579F170F1C785D0892A813B815D
:1088E0002115310539F119851F5F88851817E9F0C1
:1088F00020E030E02C153D05B4F48885181799F078
:108900008985DE01A80FB11DA45FBE4FF7018491D8
:108910008C930894E11CF11C19871F5F2F5F3F4F58
:108920002C153D0554F3C90107C0CF01F901099584
:1089300097FFDECF8FEF9FEFDF91CF911F91FF90D9
:10894000EF90DF90CF900895CF93DF93FC018F3F9E
:10895000910571F068F0A785B089AF3FB10541F08E
:1089600038F014962D913C9115972115310519F485
:108970008FEF9FEF02C0F9010995DF91CF91089524
:10898000CF93DF93EC0167EB7BE0E091B70BF091C5
:10899000B80B309721F12E813F814885598586811A
:1089A0009781A085B185281739074A075B0778F0BA
:1089B000281B390B4A0B5B0B2E833F834887598753
:1089C000BF010190F081E02D309729F708C0821B8C
:1089D000930BA40BB50B86839783A087B187E8839D
:1089E000F983DB01CD93DC93DF91CF910895CF9391
:1089F000DF938091BF0B8F5F8093BF0B8091BF0B84
:108A00008031A8F01092BF0B8091BB0B9091BC0BF2
:108A1000A091BD0BB091BE0B0196A11DB11D80931D
:108A2000BB0B9093BC0BA093BD0BB093BE0B80917E
:108A3000B70B9091B80B892B09F487C0E091B70B65
:108A4000F091B80B86819781A085B1850097A1052B
:108A5000B10579F0E091B70BF091B80B8681978161
:108A6000A085B1850197A109B10986839783A08765
:108A7000B1878091B70B9091B80B892B09F465C031
:108A8000E091B70BF091B80B86819781A085B185F5
:108A90000097A105B10509F058C0E091B70BF0911E
:108AA000B80B82859385892BD9F5C091B70BD091EE
:108AB000B80BE091B70BF091B80B80819181909346
:108AC000B80B8093B70B8A819B81AC81BD818E836B
:108AD0009F83A887B9870097A105B105E9F4809124
:108AE000B90B9091BA0B88839983D093BA0BC0933A
:108AF000B90B8091B70B9091B80B892B31F1E091B4
:108B0000B70BF091B80B86819781A085B18500974E
:108B1000A105B10511F219C0CE010E94C044E9CFF0
:108B2000E091B70BF091B80BA091B70BB091B80BD7
:108B30000284F385E02D1C966D917C911D978091A8
:108B4000B70B9091B80B0995B0CFDF91CF910895F5
:108B50002F923F924F925F926F927F928F929F924D
:108B6000AF92BF92CF92DF92EF92FF920F931F933B
:108B7000CF93DF93CDB7DEB723970FB6F894DEBF60
:108B80000FBECDBF3B014C012A01190109830FB66D
:108B90000F92F8948091B90B9091BA0B8A839B83C2
:108BA000892B09F451C0E091B90BF091BA0B808187
:108BB00091819093BA0B8093B90BEA81FB81EF2BE3
:108BC00009F449C08DE7E82EF12C012D112DC401C7
:108BD000B301A80197010E94374C59016A01A20E06
:108BE000B31EC41ED51EC401B301A80197010E9483
:108BF000374CDC01CB01CF97A105B10528F00894D3
:108C0000A11CB11CC11CD11CEA81FB81A682B782C8
:108C1000C086D186F981F0FF10C0EA81FB81128203
:108C2000138214821582EA81FB8142865386248650
:108C30003586CF010E94C0440EC0EA81FB81A2822A
:108C4000B382C482D582EFCF8EE090E00E94784A52
:108C50008A839B83B2CF0F900FBE8A819B8123961C
:108C60000FB6F894DEBF0FBECDBFDF91CF911F913D
:108C70000F91FF90EF90DF90CF90BF90AF909F90BB
:108C80008F907F906F905F904F903F902F900895BE
:108C9000EF92FF920F93611571058105910549F1DE
:108CA0000FB60F92F894E090C60BF090C70B01E05E
:108CB0002091C60B3091C70B4BE259E40E94A845A6
:108CC000F701838B948B892B19F40F900FBE13C07F
:108CD0006AEC7BE08091C60B9091C70B0E94FF4825
:108CE000E091C60BF091C70B83E085870E94804816
:108CF000ECCF0E9432490F91FF90EF900895CF93EF
:108D0000DF93E7EBFBE0C091B70BD091B80B209756
:108D100079F1C817D90739F0FE010990D881C02D23
:108D20002097B9F725C088819981808391838081BC
:108D30009181892B99F00190F081E02D86819781B6
:108D4000A085B1852E813F8148855985820F931F6B
:108D5000A41FB51F86839783A087B1878091B90B25
:108D60009091BA0B88839983D093BA0BC093B90BB7
:108D7000DF91CF9108950FB60F92F8940E947F462D
:108D80002091B90B3091BA0B2091B90B3091BA0BED
:108D900021153105A1F0E091B90BF091BA0B80815A
:108DA00091819093BA0B8093B90BC9010E94014B3A
:108DB0002091B90B3091BA0B2115310561F70F9055
:108DC0000FBE08952091C40B3091C50BE22FF32FF5
:108DD0003197F1F78A95D1F708958091C00B909162
:108DE000C10BA091C20BB091C30BBC01CD01089582
:108DF000EF92FF920F931F9387B78E7F87BF87B73E
:108E00008D7F87BF80B7886080BF12BE82E083BF3E
:108E100040E050E067EF74E48FE090E00E94963B02
:108E200000B601FCFDCF87B7816087BF80E199273D
:108E3000AA27B091BF0BB230E0F30000000001960A
:108E4000A11DB091BF0BB330C0F38093C00B9093C2
:108E5000C10BA093C20B87B78E7F87BF8091C00BD9
:108E60009091C10BA091C20BB091C30BBC01CD017D
:108E700020EA30E040E050E00E940C4C7B018C0185
:108E80006093C00B7093C10B8093C20B9093C30B84
:108E900020EA3FE040E050E00E94374C3093C50BA1
:108EA0002093C40BC801B7011F910F91FF90EF9061
:108EB00008950E94F84687B7816087BF08959C0196
:108EC000DB01ED91FC9111978FEFEF3FF807D1F0A7
:108ED0003097C1F0838994898217930741F0DF01AD
:108EE00012960280F381E02D3097A1F70BC08281AA
:108EF00093818D939C9312821382138A148ACF01DB
:108F00000E9419490895AF92BF92CF92DF92EF92DB
:108F1000FF920F93CF93DF93EC015A016B010FB6D1
:108F20000F92F894888199818F5F9F4F09F44FC009
:108F30006AEC7BE08091C60B9091C70B0E94FF48C2
:108F4000E091C60BF091C70B83E08587BE0180914D
:108F5000C60B9091C70B0E94DF48A114B104C10455
:108F6000D10429F5E091C60BF091C70B138A148A3E
:108F70000E948048E091C60BF091C70B83899489C9
:108F8000892B59F0E091C60BF091C70B138A148A14
:108F90000F900FBE80E090E029C0A114B104C1047D
:108FA000D104B1F30F900FBE8FEF9FEF1FC0E09081
:108FB000C60BF090C70B01E09E014FE557E4C601D8
:108FC000B5010E94A845F701838B948BD1CF0F90F8
:108FD0000FBE0E9432490FB60F92F8948881998192
:108FE0008F5F9F4FA9F618821982D2CFDF91CF9160
:108FF0000F91FF90EF90DF90CF90BF90AF900895CA
:10900000FC010FB60F92F894808191818F5F9F4F82
:1090100011F410821182CF010E9483470F900FBE7E
:109020000895CF93DF93FC01808191818F5F9F4FE3
:10903000B9F0C081D181209779F0BF01CE010E94A3
:10904000FF488B899C89009721F4CE010E94194921
:1090500007C00E947F46F9CF8FEF9FEF80839183F7
:10906000DF91CF9108950FB60F92F8940E941148A6
:109070002091C60B3091C70B8091CA0B9091CB0BFE
:109080002817390741F0E091C60BF091C70B82E039
:1090900085870E9480480F900FBE0895CF93DF937D
:1090A000EC01888199812FEF8F3F920749F0892B3E
:1090B00039F0CE010E94114888819981892BC9F726
:1090C000DF91CF910895CF93DF93EC01888199814F
:1090D0002FEF8F3F920749F0892B39F0CE010E9484
:1090E000334888819981892BC9F7DF91CF91089501
:1090F0009F918F910F900BBE0F900FBE1F901895F0
:109100000F921F922F923F924F925F926F927F9297
:109110008F929F92AF92BF92CF92DF92EF92FF9287
:109120000F931F932F933F934F935F936F937F936F
:109130008F939F93AF93BF93CF93DF93EF93FF935F
:109140008DB79EB7E091C60BF091C70B86879787C6
:109150008091CA0B9091CB0B9093C70B8093C60B59
:10916000E091C60BF091C70B81E08587E091C60BBB
:10917000F091C70B868597858DBF9EBFFF91EF91BC
:10918000DF91CF91BF91AF919F918F917F916F911F
:109190005F914F913F912F911F910F91FF90EF9011
:1091A000DF90CF90BF90AF909F908F907F906F9007
:1091B0005F904F903F902F901F900F900895CF9306
:1091C000DF93EC01DB016D8B7E8BED91FC911197B0
:1091D000309771F080899889981750F0DF011296C6
:1091E0000280F381E02D309719F080899817B0F74D
:1091F000EA83FB83CD93DC93DF91CF910895DB016C
:10920000ED91FC911197309799F0E817F90741F02B
:10921000DF0112960280F381E02D3097B1F708C08C
:10922000828193818D939C9312821382158A168A70
:109230000895CF93DF93EC01892B51F08D85833016
:1092400039F46AEC7BE0CE010E94DF4882E08D8732
:10925000DF91CF910895FB01138A148ACB010E94FC
:10926000194908950FB60F92F8942091C60B3091CA
:10927000C70B8091CA0B9091CB0B28173907A1F02F
:109280002091C60B3091C70B8091CA0B9091CB0BEC
:109290002817390751F1E091C60BF091C70B82E016
:1092A00085870E94804821C0E091C60BF091C70BD2
:1092B00082819381892B21F3E091C60BF091C70B3A
:1092C000828193819093CB0B8093CA0BE091C60B64
:1092D000F091C70B128213826AEC7BE08091C60B7F
:1092E0009091C70B0E94DF48CBCF0F900FBE08951F
:1092F0001F93CF93182FE091C60BF091C70BC08935
:109300000FB60F92F8946AEC7BE08091C60B9091B7
:10931000C70B0E94FF48E091C60BF091C70B108B62
:109320006AEC7BE08091C60B9091C70B0E94DF48EE
:109330002091C60B3091C70B8091CA0B9091CB0B3B
:109340002817390749F0E091C60BF091C70B82E06E
:1093500085870E94804806C0E091C60BF091C70B3C
:1093600081E085870F900FBE8C2F9927CF911F9199
:109370000895AF92BF92CF92DF92EF92FF920F9338
:109380001F93CF93DF937C016B015A0189010FB6C4
:109390000F92F894C90147960E94784AEC01009711
:1093A00009F47BC0080F191FB80167507040A8016D
:1093B0004952504028E0C8010496DC01F7010190B1
:1093C0000D922A95E1F7C8018A97F8018687978759
:1093D000C18BD28B8FEE9EEBADEABEED8883998375
:1093E000AA83BB838C839D83AE83BF838887998741
:1093F000AA87BB878C879D87AE87BF8780E4808BD9
:109400008D2D9927FB018583C68280E88383128294
:109410001482A1828B2D9927808328E738E4832F3B
:109420009927FA0180A321A38091C80B9091C90BC1
:10943000D8018D939C9311971093C90B0093C80B7F
:10944000C2E01D96CC931D9753961D921C92549783
:1094500055961D921C9256976AEC7BE0C8010E94BB
:10946000DF488091C60B9091C70B892B09F470CE11
:109470002091C60B3091C70B8091CA0B9091CB0BFA
:109480002817390739F0E091C60BF091C70BC58753
:109490000E9480480F900FBEC801DF91CF911F91AD
:1094A0000F91FF90EF90DF90CF90BF90AF90089515
:1094B0000F931F93CF93DF938C01C091C80BD09172
:1094C000C90B209761F0CE010496B8010E94BF4BF2
:1094D000892B41F00990D881C02D2097A1F780E019
:1094E00090E001C0CE01DF91CF911F910F910895BF
:1094F000CF93DF93AC01C0E0D0E0DE018091CE0BD2
:109500009091CF0B4817590708F062C04A5F5F4F30
:109510004430510510F444E050E0E091CC0BF09160
:10952000CD0B6CEC7BE03097D1F02081318124179A
:10953000350768F02417350709F447C0209729F04C
:10954000888199812817390710F4EF01DB01BF01E9
:109550006E5F7F4F0280F381E02D309731F72097C7
:10956000B9F1CA010A96288139818217930740F51B
:10957000FE01E40FF51F241B350B208331838A8104
:109580009B818283938348835983ED93FC938091DD
:10959000CE0B9091CF0BE881F9818E1B9F0B90939E
:1095A000CF0B8093CE0BEC0FFD1F34978FEE9EEB0D
:1095B000ADEABEED80839183A283B383229608C077
:1095C0008A819B818D939C93E2CFEF01DB01C7CF12
:1095D000CE01DF91CF9108950F931F93CF93DF9327
:1095E0008C010E94784AEC01009729F0A80160E004
:1095F00070E00E94AB4BCE01DF91CF911F910F9194
:109600000895CF93DF93DC0112978091CE0B909158
:10961000CF0B2D913C911197820F931F9093CF0BFD
:109620008093CE0BE091CC0BF091CD0B6CEC7BE0FA
:109630003097B1F040815181CF01840F951F8A1777
:109640009B07D9F1AE17BF07D8F0A817B907A8F044
:10965000BF016E5F7F4F0280F381E02D309751F79D
:10966000309719F080E090E042C01296ED93FC93A1
:109670001397FB01A083B183F5CF8FEF9FEF37C026
:10968000EB01A883B9832D913C911197CD01820FF5
:10969000931F8E179F0729F01296ED93FC93139753
:1096A000DFCF240F351F2D933C9311978281938137
:1096B00012968D939C931397D3CF2D913C91119734
:1096C000240F351F20833183EF01C20FD31F828106
:1096D0009381C817D90721F688819981280F391FEE
:1096E000208331838A819B8182839383B9CFDF91E9
:1096F000CF910895FC0161937193CF010E94014BBA
:1097000008958091CE0B9091CF0B0895411551058E
:1097100069F0DC01E199FECF7FBB6EBBE09A6F5F21
:109720007F4F0DB20D9241505040B1F70895E1992D
:10973000FECF9FBB8EBB6DBB0FB6F894E29AE19A49
:109740000FBE0895FB01DC0102C001900D92415053
:109750005040D8F70895DC0101C06D93415050404E
:10976000E0F70895FC010190061629F00020D9F7D2
:1097700088279927089531978E2F9F2F0895FB01F1
:10978000DC018D910190801911F40020D1F7990B23
:109790000895FB01DC0101900D920020E1F708958E
:1097A000FC0105900020E9F7809590958E0F9F1F92
:1097B0000895FB01DC014150504030F08D91019043
:1097C000801919F40020B9F7881B990B0895DC0162
:1097D000FB015191552391F0882799270D90002086
:1097E00059F00516D9F7019651915523B9F7A81BE1
:1097F000B90B8A2F9B2F0895882799270895DC019C
:109800005C91552341F05F7D51341CF05B350CF4C5
:109810005C931196F5CF0895629FD001739FF0017C
:10982000829FE00DF11D649FE00DF11D929FF00DF0
:10983000839FF00D749FF00D659FF00D9927729F27
:10984000B00DE11DF91F639FB00DE11DF91FBD01B2
:10985000CF0111240895991B79E004C0991F961730
:1098600008F0961B881F7A95C9F780950895A1E2A4
:109870001A2EAA1BBB1BFD010DC0AA1FBB1FEE1F8A
:10988000FF1FA217B307E407F50720F0A21BB30BD5
:10989000E40BF50B661F771F881F991F1A9469F751
:1098A00060957095809590959B01AC01BD01CF01AD
:0498B0000895FFCF49
:1098B40000069820000000C201001900190075611B
:1098C400727430000D0A4154416D61696C207365F6
:1098D40072766572207665722020312E380D0A006A
:1098E400436F6E6669677572696E67204574686553
:1098F400726E657420696E746572666163650D0AC3
:10990400003235352E3235352E3235352E30003194
:1099140036312E3234362E352E39370065746830A0
:10992400003136312E3234362E352E310031363177
:109934002E3234362E342E33006368616F6B6875B3
:109944006E2E6B6D69746C2E61632E7468000D0A43
:109954002043726561746520536F636B65742045A1
:1099640072726F7220000D0A204372656174652063
:10997400736F73747265616D204572726F7220002B
:109984000D0A2043726561746520736F7374726588
:10999400616D204F2E4B20003232302048656C6CB4
:1099A4006F20626F7920285E5F5E29200D0A0045D2
:1099B400484C4F003235302D3136312E3234362E6C
:1099C400352E39372845746865726E7574206D615B
:1099D400696C207365727665722076657220312E0B
:1099E40035292048656C6C6F2055534552202C70E6
:1099F4006C656173656420746F6D65657420796F3F
:109A040075200D0A20005645524659005332303114
:109A14003034333900323530205573657220566541
:109A240072696679200D0A004D41494C0032353087
:109A3400204D61696C2046726F6D205665726966AF
:109A440079200D0A005243505400323530205243DD
:109A5400505420746F20566572696679200D0A008F
:109A6400444154410033343520496E7075742044A8
:109A740041544120616E642053746F7020627920D8
:109A84002E200D0A005155495400323231205175AF
:109A94006974204F2E4B206E69636520746F2073A8
:109AA4006572766520796F75282D5F2D290D0A0062
:109AB40048454C4F000D0A00323530204D61696C29
:109AC4002072656369657665204F2E4B200D0A0070
:109AD4006D61696E0069646C650000107463707375
:109AE4006D006172706578000006980000003235E0
:109AF400352E3235352E3235352E30003235352E71
:109B0400302E302E3000001063825363646863701B
:109B140063000000756172743000000000020000F0
:109B2400006F0862080C324C31060000000000008F
:109B34000000000000000000000000000000000021
:109B4400000000000000DC05000000000000D23529
:109B54000000657468300000000000030000007914
:109B6400037B0A3136000070707072780025730D23
:109B74000A0072786935003031323334353637387B
:109B840039414243444546002000300030313233ED
:109B940034353637383961626364656600250028D8
:109BA4004E554C4C29003031323334353637383940
:109BB40041424344454600200030003031323334C2
:109BC4003536373839616263646566002500284E8E
:109BD400554C4C290030313233343536373839411D
:069BE40042434445460027
:00000001FF
