:100000000C9446000C94FD370C9423380C9449381A
:100010000C946F380C9495380C94BB380C94E138E0
:100020000C9407390C942D390C9453390C9479396C
:100030000C949F390C94C5390C94EB390C94113AFB
:100040000C94373A0C945D3A0C94CF3A0C94A93A3C
:100050000C94833A0C94F53A0C941B3B0C94413B62
:100060000C94673B0C948D3B0C94B33B0C94D93BA4
:100070000C94FF3B0C94253C0C944B3C0C94713C31
:100080000C94973C0C94BD3C0C94E33C11241FBE93
:10009000CFEFD0E1DEBFCDBF15E0A0E0B1E0E4E4FA
:1000A000FCE900E00BBF02C007900D92AA39B1072E
:1000B000D9F71DE0AAE9B5E001C01D92A037B1074C
:1000C000E1F70C94D7030C9400000E94450590932F
:1000D000370D8093360D892B51F48EE091E00E940C
:1000E000474068E873E180E090E00E94BB47E09100
:1000F000360DF091370DE35BFF4F10821182809136
:100100003E0D90913F0DA091400DB091410DBC016D
:10011000CD010E94BE159F938F9387E291E09F933C
:100120008F930E94434180913E0D90913F0DA0918D
:10013000400DB091410D21E730E0AC01BD0180914F
:10014000360D9091370D0E944C068091360D90919E
:10015000370D0E94E60786E391E00E9447400F902A
:100160000F900F900F9068E873E180E090E00E949C
:10017000BB47F9CFCF93DF93CDB7DEB7CA56D04098
:100180000FB6F894DEBF0FBECDBFCC24DD245601E0
:10019000360141E0842E912C8CE4DE01A80DB91DBE
:1001A000E7E5F1E001900D928A95E1F740E0B601B4
:1001B00085EC94E00E94F04283EA91E00E941A43A9
:1001C0009093350D8093340D46E051E061E071E08D
:1001D0000E94A94389EA91E00E94474085EC91E0A2
:1001E0000E94474045E060E073E883E095E00E94AC
:1001F000F04286EE91E00E946F157B018C0184EF46
:1002000091E00E946F15DC01CB019C01AD0160E023
:1002100071E082E092E00E946B1987E092E00E9418
:100220006F15DC01CB0133E0C32E35E0D32E7C010A
:100230008D0120E030E040E050E0CA01B9010E94A9
:100240004C1483E192E00E946F15DC01CB019C010C
:10025000AD01B501C5010E94C925CC24DD242601CC
:1002600086E47E010894E11CF11CD701EFE1F2E085
:1002700001900D928A95E1F78E01035B1F4F0E945A
:10028000F44C4AE050E0B8010E94154DB801C70196
:100290000E944B4D65E672E0C7010E944B4D0E94E3
:1002A00045059093390D8093380D892B51F48BE6D9
:1002B00092E00E94474068E873E180E090E00E948D
:1002C000BB478091380D9091390D0E94680490933E
:1002D000430D8093420D892B09F017C284E892E008
:1002E0000E9447404114510449F56EE670E0809148
:1002F000380D9091390D0E94CF06E091380DF091A4
:10030000390D81859285A385B48580933E0D9093A8
:100310003F0DA093400DB093410D6EE972E08091C6
:10032000420D9091430D0E94743D8091420D909139
:10033000430D0E94054021E0422E512C6EE670E0F4
:100340008091380D9091390D0E94CF064FEF53E008
:100350006AE975E08091420D9091430D0E946543DA
:100360008AE995E00E94B34D8AE995E00E944740F2
:100370006BEC72E08AE995E00E949B4D892BB9F005
:1003800060ED72E08AE995E00E949B4D892B09F4AB
:10039000B9C166ED72E08091420D9091430D0E94CB
:1003A000743D8091420D9091430D0E9405406DEF88
:1003B00072E08AE995E00E949B4D892B09F446C0C2
:1003C00062E073E08AE995E00E949B4D892B09F475
:1003D0008AC16CE271E080E090E00E94BB479F928E
:1003E0008F9209E013E01F930F938091420D90913B
:1003F000430D9F938F930E94863E8091420D909172
:10040000430D0E9405406CE271E080E090E00E94A4
:10041000BB479F928F921F930F938091420D9091B3
:10042000430D9F938F930E94863E8091420D909141
:10043000430D0E94054091E0692E712C8DB79EB747
:100440000C960FB6F8949EBF0FBE8DBF91E0691653
:10045000710409F460C069E273E08AE995E00E94E2
:100460009B4D892B71F06EE273E08091420D90916B
:10047000430D0E94743D8091420D9091430D0E9466
:1004800005406EE373E08AE995E00E949B4D892B5D
:1004900081F063E473E08091420D9091430D0E94DE
:1004A000743D8091420D9091430D0E940540662459
:1004B000772464E573E08AE995E00E949B4D892BDF
:1004C00099F069E573E08091420D9091430D0E948F
:1004D000743D8091420D9091430D0E94054081E052
:1004E000C82ED12CAC0CBD1CC114D10409F4FACE19
:1004F0008091420D9091430D0E9499048091380D96
:100500009091390D0E94E60768E572E080E090E086
:100510000E94BB47A2CE6FE773E08AE995E00E9494
:100520009B4D892B01F18BE490E09F938F939F92D9
:100530008F9284E893E09F938F938091420D9091E6
:10054000430D9F938F930E94863E8091420D909120
:10055000430D0E9405408DB79EB708960FB6F894DC
:100560009EBF0FBE8DBF60E973E08AE995E00E94EF
:100570009B4D892B01F18BE490E09F938F939F9289
:100580008F9285E993E09F938F938091420D909194
:10059000430D9F938F930E94863E8091420D9091D0
:1005A000430D0E9405408DB79EB708960FB6F8948C
:1005B0009EBF0FBE8DBF67EB73E08AE995E00E9496
:1005C0009B4D892B01F1FF92EF928BE490E09F937A
:1005D0008F938CEB93E09F938F938091420D90913A
:1005E000430D9F938F930E94863E8091420D909180
:1005F000430D0E9405408DB79EB708960FB6F8943C
:100600009EBF0FBE8DBF60ED73E08AE995E00E944A
:100610009B4D892B11F165ED73E08091420D909116
:10062000430D0E94743D8091420D9091430D0E94B4
:1006300005406CE271E080E090E00E94BB4765ED10
:1006400073E08091420D9091430D0E94743D809122
:10065000420D9091430D0E94054067EE73E08AE9D8
:1006600095E00E949B4D892B71F06CEE73E08091B8
:10067000420D9091430D0E94743D8091420D9091E6
:10068000430D0E94054064E074E08AE995E00E9411
:100690009B4D892B09F4DFCE69E074E08091420D17
:1006A0009091430D0E94743DBF92AF929F928F92A2
:1006B0008AE294E09F938F938091420D9091430D35
:1006C0009F938F930E94863E8091420D9091430D9F
:1006D0000E9405408DB79EB708960FB6F8949EBF4E
:1006E0000FBE8DBFB8CE67E374E08091420D90914C
:1006F000430D0E94743D8091420D9091430D0E94E4
:100700000540A4CE6FE474E046CE8BE694E0E8CDDD
:100710000E94CC4820E033E040E050E06AEB70E01B
:1007200083E894E00E942C4B8FEF0E94EB4A0E94DA
:10073000A54AFDCF43E050E060E070E084E49DE036
:100740000E94F94C8091440D833021F48091450D35
:100750008F3419F08FEF9FEF06C08091460D8335DF
:10076000C9F780E090E008950F931F93CF93DF9334
:1007700083E08093440D8FE48093450D83E580935F
:10078000460D04E41DE0C0E0D0E0F80181918F0146
:10079000682FCE010E940A4D2196C330D105A8F3DF
:1007A00080E090E0DF91CF911F910F910895CFEFFE
:1007B000D0E1DEBFCDBF0E949A03892B41F580ECCA
:1007C00085BF8FEF90E180579D4081589140ACF4F8
:1007D00085E58093FE7F8AEA8093FF7F8091FE7F8C
:1007E0008535C1F48091FF7F8A3AA1F460E07FE60D
:1007F00080E091E10E94ED4C0DC08FEF9FE08057AB
:100800009D40BC0180E79DE00E94ED4CE1CF0E943D
:10081000B403D5CF20E831E040E050E068E873E071
:1008200088E894E00E942C4B80E090E00C94214EEC
:10083000CF93DF93FC01C785D0891F82218932893C
:10084000CE010C9640E051E0BC01C9010E94460770
:100850001816190624F48E8380E090E001C01E82F1
:10086000DF91CF910895EF92FF921F93CF93DF9383
:10087000FC01C785D0892985222331F0E188F288DF
:1008800010E0121720F0198680E090E018C033279E
:10089000812F9927281B390B8C0F9D1F845F9E4F3A
:1008A000A901BC01C7010E94DA0697FF03C08FEFC0
:1008B0009FEF05C0180F2985121748F3E4CFDF9189
:1008C000CF911F91FF90EF9008950E9433040895F7
:1008D0000F931F93CF93DF938C0187E190E00E94E9
:1008E0005F4CEC01892BF9F082E08B87098B1A8B26
:1008F0008CE092E00E945F4C8C018F87988B892B53
:1009000071F088E194E0F8018083918383E394E0BF
:100910008283938385E694E08483958304C0CE012B
:100920000E94744CE801CE01DF91CF911F910F918D
:1009300008950F931F938C010E946504F801878529
:1009400090890E94744CC8010E94744C80E090E031
:100950001F910F910895CF93DF93EC01E0919A09D5
:10096000F0919B09AAE9B9E0309749F0EC17FD072F
:10097000D1F1DF010190F081E02D3097B9F7EF2B35
:10098000B9F189AD9AAD009739F5EFA1F8A5309787
:1009900059F0808191818FA398A7CF010E94CA2826
:1009A000EFA1F8A53097A9F7EDADFEAD309759F05E
:1009B000808191818DAF9EAFCF010E94CA28EDAD9D
:1009C000FEAD3097A9F785E6FE0111928A95E9F709
:1009D000CE010E94744C0CC00E94744C1DAA1EAA29
:1009E00019AE1AAED2CF888199818D939C93C7CFCF
:1009F000DF91CF9108950F931F93CF93DF938C01D5
:100A0000EB0160E070E0E0919A09F0919B0930976A
:100A100051F08781908580179107F1F00190F08166
:100A2000E02D3097B1F76115710549F5E0919A090C
:100A3000F0919B09309719F18281813031F001905A
:100A4000F081E02D3097C1F71AC08781908580171B
:100A50009107A9F7BF01F3CF81859285A385B4855E
:100A600082179307A407B507C9F6858596858C1765
:100A70009D07A1F68281882389F2BF01D4CFCB01E3
:100A8000DF91CF911F910F9108951F93CF93DF9323
:100A9000C0E0D0E080919C09882351F4182F0E9477
:100AA0008D10892B09F411E010939C091123E1F1B9
:100AB00085E690E00E945F4CEC01892BA9F11A8237
:100AC00080E492E4AFE0B0E0888B998BAA8BBB8B7B
:100AD0008C8B9D8BAE8BBF8B888F998FAA8FBB8F92
:100AE00080E99CE08BAB9CAB8FAB98AFEF9688E135
:100AF00092E08993999383E090E0A0E0B0E088834E
:100B00009983AA83BB83289688839983AA83BB830E
:100B1000C954D04080919A0990919B098883998308
:100B2000D0939B09C0939A09CE01DF91CF911F9179
:100B30000895FC01DA014FEF5FEF892B09F451C0F2
:100B400080E16230780709F440C080E163307807C3
:100B5000E4F46230710539F0ED5AFF4F8AE397E211
:100B6000808391833EC0109719F02230310529F01F
:100B7000ED5AFF4F86E190E0F3CFFF968D919C9167
:100B80008083918340E050E02CC080E1653078079D
:100B9000A1F06650704101F7109751F324303105F0
:100BA00039F7E75AFF4F8D919D910D90BC91A02D83
:100BB00080839183A283B383E5CF1097C9F2243059
:100BC0003105B1F6E35AFF4FEECF109789F222308C
:100BD000310571F68D919C9187AB90AF83AB94AB4F
:100BE000D1CFCA010895CF93DF93FC01EA014FEF03
:100BF0005FEF892B09F44CC080E16230780709F47B
:100C00003FC080E163307807E4F46230710539F069
:100C1000ED5AFF4F8AE397E28083918339C0209792
:100C200019F02230310529F0ED5AFF4F86E190E0AE
:100C3000F3CFFF96808191818883998340E050E0D3
:100C400027C080E16530780799F06650704101F760
:100C5000209751F32430310539F7E75AFF4F80814F
:100C60009181A281B38188839983AA83BB83E6CFD4
:100C70002097D1F224303105B9F6E35AFF4FEFCF78
:100C8000209791F22230310579F687A990ADD4CF23
:100C9000CA01DF91CF910895EF92FF920F931F93B6
:100CA000CF93DF93EC017A018B01A901892B09F421
:100CB00062C08A81813009F466C08A81882309F084
:100CC0005DC080918D0490918E04019690938E0466
:100CD00080938D0480918D0490918E04892B31F442
:100CE00080E090E190938E0480938D04E0919A09C6
:100CF000F0919B09309771F02781308580918D04A8
:100D000090918E042817390729F00190F081E02D89
:100D1000309791F73097A9F680918D0490918E04C9
:100D2000082E892F902D8F839887042E452F502DC4
:100D30004D875E87E986FA860B871C87AF01C8015D
:100D4000B7010E943E15FC01892B79F00784F089D8
:100D5000E02D81859285A385B4858B839C83AD83AB
:100D6000BE83CE010E94AD0A13C0CD5ADF4F81E58C
:100D700097E2888399838FEF9FEF0AC0CD5ADF4FA8
:100D800088E497E2F6CFCD5ADF4F8DE397E2F1CFBB
:100D9000DF91CF911F910F91FF90EF900895FC018B
:100DA000CB01082E892F902D87839087CF010E9439
:100DB0008E0A0895CF92DF92EF92FF920F931F93C6
:100DC000CF93DF93EC016B018A01892B09F443C0B7
:100DD0008A818430D1F5672B09F440C04115510553
:100DE000E9F19FE3E92EF12CEC0EFD1EF701808165
:100DF00091818417950708F48C01488D598D8C8951
:100E00009D89481B590B9A0136952795369527954C
:100E1000F701808191818217930738F08CA19DA101
:100E2000841B950B80179107E0F4FE01E35AFF4FF6
:100E30004081518162817381CE0189960E94F6487A
:100E4000892B61F48A818430C1F2CD5ADF4F89E465
:100E500097E2888399834FEF5FEF0EC040E050E048
:100E60000BC08F8580618F87A801B601CE010E94DB
:100E7000A810892B81F7A801CA01DF91CF911F919A
:100E80000F91FF90EF90DF90CF900895EF92FF9237
:100E90000F931F93CF93DF93EC018B017A01892B82
:100EA00009F48AC08A81843021F08A81853009F072
:100EB0007DC00115110509F476C0E114F10409F4AF
:100EC00072C08DA99EA9892BB1F48A81843009F062
:100ED0006DC0FE01E75AFF4F4081518162817381ED
:100EE000CE01CB960E94F648892B09F05CC08DA9F3
:100EF0009EA9892B51F38DA99EA98E159F0508F4F3
:100F00007C01E114F10411F4A70158C089AD9AAD38
:100F1000A701BC01C8010E943B4D0DA91EA90E19D5
:100F20001F090DAB1EAB01151105B1F120E030E03A
:100F30002017310798F4A701E9ADFAADDF01A20F40
:100F4000B31FE40FF51F80818C934F5F5F4F2F5FBE
:100F50003F4F8DA99EA92817390770F38A818430E5
:100F600099F62BA93CA9A9012E0D3F1D8FA998AD7B
:100F70008217930708F49C01EF9688819981EF9777
:100F80004817590718F02BAB3CABBECF2BAB3CAB93
:100F9000CE010E94F60AB8CF89AD9AAD0E94744C7A
:100FA00009AF1AAFDBCF40E050E008C0CD5ADF4FA9
:100FB00089E497E2888399834FEF5FEFCA01DF915D
:100FC000CF911F910F91FF90EF9008950E94C80A52
:100FD0000895FC01892B29F0ED5AFF4F8081918102
:100FE00002C086E397E208950895EF92FF920F936F
:100FF0001F93CF93DF93EC018B01FB01E188F28813
:101000008DA99EA9E80EF91E8FA998ADE816F906DC
:1010100008F066C089AD9AAD892B09F44FC0A9AD1F
:10102000BAAD109709F45CC08DA99EA9A80FB91F8D
:10103000F8012785308981899289AC01B901CD01F8
:101040000E943B4DEDAAFEAAF801618972899B01BD
:10105000442755278FA598A9A9A9BAA9820F931F3C
:10106000A41FB51F8FA798ABA9ABBAAB8BA99CA93E
:1010700068177907F0F01BAA1CAAF80180819181FA
:10108000892BA1F48091490D90914A0D892B71F41F
:101090008F8588618F87CE01CB960E94A64940E05C
:1010A00050E0BA01CE010E94A8101AC08F8580615D
:1010B000F1CF861B970B8BAB9CABDFCF0E94F44C20
:1010C0009C014FA958ADCA018050984F82179307D1
:1010D00008F0A5CFCA010E94EB4B89AF9AAF9FCF12
:1010E000DF91CF911F910F91FF90EF900895CF93D3
:1010F000DF93EC01FB0180899189A289B3898B83FD
:101100009C83AD83BE83FA01808191818D879E8708
:10111000FB0184859585A685B78589879A87AB87E6
:10112000BC87FA0184819581A681B781082E8B2F17
:10113000B02D092E9A2FA02D8BA79CA7ADA7BEA7D7
:101140008C8F9D8FAE8FBF8F0196A11DB11D8FA774
:1011500098ABA9ABBAAB86859785082E892F902DC1
:101160008CA39DA340E050E0FB01648575858685D6
:1011700097850E943E15FC01892B91F00784F08928
:10118000E02D858D968D8897FE01FF962081318117
:101190002115310519F08217930710F4808391838C
:1011A000DF91CF910895AF92BF92CF92DF92EF92ED
:1011B000FF920F931F93CF93DF93EC01FB01BA01D2
:1011C000E084F184028513850E2CE12E102D0F2C66
:1011D000F02E002D888D998DAA8DBB8D8E159F05C3
:1011E000A007B10720F48F8588618F87AAC024816A
:1011F000358146815781022E252F502D032E342F05
:10120000402DAC88BD88CE88DF88EA14FB040C052D
:101210001D0509F46DC0EA14FB040C051D0508F456
:1012200056C0EA14FB040C051D0509F43CC01EA2BF
:10123000EC8AFD8A0E8B1F8B6FA178A56115710555
:1012400049F1FB01A385B48514968D919D910D9074
:10125000BC91A02D082E8B2FB02D092E9A2FA02DDA
:10126000FB012189328944275527820F931FA41F30
:10127000B51FE816F9060A071B0760F08081918107
:101280008FA398A7CB010E94CA286FA178A56115EA
:101290007105B9F6CF5ADF4F18821982A897CE018F
:1012A0000E94A6494EC02FA138A52115310579F01D
:1012B000672B69F48585682F7727637070706115D7
:1012C000710529F48EA18F5F8EA3833010F4A99647
:1012D000E6CFCF5ADF4F68837983C155D0401EA235
:1012E00049855A856B857C8586E00E94BA12EFCFCE
:1012F0008C8D9D8DAE8DBF8D82179307A407B5078A
:1013000080F0281739074A075B0709F084CF88A1C6
:1013100099A1AAA1BBA1E816F9060A071B0708F4C0
:101320007ACF86859785082E892F902D8CA39DA333
:101330002C8F3D8F4E8F5F8FE8A2F9A20AA31BA3CB
:101340006ACFDF91CF911F910F91FF90EF90DF90C7
:10135000CF90BF90AF900895FF920F931F93CF93BC
:10136000DF93EC01F62E00E010E08A8199278530AA
:10137000910509F4C7C0863091050CF095C0823004
:10138000910509F482C083309105E4F50097C9F016
:10139000019731F00115110509F0B9C0FA82B7C003
:1013A00083E0681719F00FEF1FEFF4CF8F8582618C
:1013B0008F8740E050E060E070E0CE010E94A8100E
:1013C000E9CF862F99278130910521F3029759F7AC
:1013D0008F8582608F87A801B801CE010E94A81076
:1013E000892BC1F20FEF1FEFCD5ADF4F80E597E257
:1013F00088839983C355D040CE01895A9F4F0E945C
:10140000A649C8CF8330910539F1049719F6862F84
:1014100099278530910529F0069729F68F858161F6
:10142000C7CF8F8588618F87A801B801CE010E9440
:10143000A810CE01CB960E94D649CE0189960E9473
:10144000D649CE018B5A9F4F0E94D649CE01895A68
:101450009F4F0E94D6499ECF862F992784309105B1
:1014600081F08530910524F4019709F09CCF92CF4B
:101470008530910599F2069709F095CF8F858160A7
:1014800097CFCE018B5A9F4FBACF862F99278330A3
:10149000910509F48BCF8430910534F3049709F05A
:1014A00082CF8F85886184CF8830910509F47BCF06
:1014B00089309105D4F48630910541F0079709F001
:1014C00069CF8AE0681709F06ECF64CF862F99271D
:1014D0008730910509F45ECF873091050CF463CF16
:1014E0000997029708F456CF5ECF8930910521F015
:1014F0000A9709F04FCF57CF8AE0681791F20FEFA4
:101500001FEFCFCF88E0681709F04DCF87CFC80114
:10151000DF91CF911F910F91FF900895CF93DF93AB
:10152000EC018A81882381F461E0CE010E94AC093C
:10153000CB5ADF4F40E050E060E070E0CE010E9407
:10154000F64880E090E006C0CD5ADF4F88E497E28D
:1015500088839983DF91CF9108950F931F938C0116
:1015600062E00E94AC09C801895A9F4F40E050E0F8
:1015700060E070E00E94F648F8018281843019F43E
:1015800080E090E002C08FEF9FEF1F910F910895D0
:10159000FC01892BB1F08281992785309105CCF42B
:1015A000833091058CF4019734F0CF010E94AB0495
:1015B00080E090E01AC0ED5AFF4F89E497E2808303
:1015C00091838FEF9FEF11C066E0CF010E94AC09BD
:1015D000EFCF8530910539F00B976CF7ED5AFF4F3F
:1015E00085E397E2ECCF68E0F0CF0895FC01892B0A
:1015F00061F087858861878740E050E0BA01CF01BC
:101600000E94A81080E090E002C08FEF9FEF089545
:10161000CF93DF93EC01CF5ADF4F88819981C15579
:10162000D0408D52914088F42FA138A549855A8524
:101630006B857C8586E00E94BA12892BF9F0EFA1B8
:10164000F8A5808191818FA398A7C15BDF4F188295
:101650001982CF54D04085E08A83C95ADF4FCE012A
:101660000E94D6496C97CE010E94D6496297CE015E
:101670000E94D649AC96CE010E94D649DF91CF9107
:1016800008950F931F93CF93DF938C01862FE90169
:10169000992786719070029721F0C9010E94F91173
:1016A0000CC06F817885C8010E94770863E0C8018B
:1016B0000E94AC09CE010E94CA28DF91CF911F91F0
:1016C0000F9108958F929F92AF92BF92CF92DF9227
:1016D000EF92FF920F931F93CF93DF93EC015A0188
:1016E0004901C62EDD24C4FC3DC0C2FE1DC0C4FE9F
:1016F00012C0CB5ADF4F88819981C555D040892BC4
:1017000071F4CD5ADF4F8DE497E288839983C355F6
:10171000D04085E08A83C4010E94CA2844C061E0A9
:10172000CE010E94AC09F7CFC1FEF5CFA501F401AF
:1017300067817085CE010E947708C4FE11C0F40154
:1017400041895289B501CE010E94D30864E0CE01DF
:101750000E94AC09C95ADF4FCE010E94A649DBCFD7
:1017600063E0DECFFA0180859185A285B385082EDE
:101770008B2FB02D092E9A2FA02D288939894A89BF
:101780005B892F5F3F4F4F4F5F4FE88CF98C0A8D7D
:101790001B8DBC01CD010E949112892B09F0A5CFB0
:1017A000C4010E94F911DF91CF911F910F91FF9019
:1017B000EF90DF90CF90BF90AF909F908F90089563
:1017C0008F929F92AF92BF92CF92DF92EF92FF9251
:1017D0000F931F93CF93DF936C014A01E901A62E6B
:1017E000BB24A2FC51C0A4FC04C0CE010E94CA28A4
:1017F00050C0FA0180859185A285B385082E8B2F74
:10180000B02D092E9A2FA02DF601248935894689FD
:1018100057892F5F3F4F4F4F5F4FE08CF18C028D08
:10182000138DBC01CD010E949112892B11F0A1FEF4
:1018300004C0CE010E94F9112CC049895A89B40113
:10184000C6010E94D30889899A89892BC1F4CE01E7
:101850000E94CA28A0FE11C0F60187A590A9A1A9DF
:10186000B2A90196A11DB11D87A790ABA1ABB2ABE8
:1018700065E0C6010E94AC090CC064E0FACFBE016D
:10188000C6010E94F507E3CF61E0C6010E94AC09E2
:10189000ACCFDF91CF911F910F91FF90EF90DF9030
:1018A000CF90BF90AF909F908F9008954F925F928E
:1018B0006F927F928F929F92AF92BF92CF92DF9260
:1018C000EF92FF920F931F93CF93DF936C01F62E4D
:1018D0004A015901862F992782FD3DC184FF37C1F6
:1018E0008C010270107081FF1AC0EA018C819D8109
:1018F000AE81BF81082E8B2FB02D092E9A2FA02DDF
:10190000F60123A534A545A556A582179307A4077C
:10191000B50709F442C1C5010E94F9113EC1E901B0
:1019200049895A89B401C6010E94D308F40124816F
:10193000358146815781DA01C901082E8B2FB02DE0
:10194000092E9A2FA02DE6014FA458A869A87AA8BD
:10195000481659066A067B0608F06DC0F5018189B4
:101960009289892B09F45CC06DAD7EAD8DE3682E44
:10197000712C6C0C7D1C6115710509F43CC0EB01E8
:10198000EB85FC85E401EC80FD800E811F81A801C0
:101990009701022E252F502D032E342F402DC48168
:1019A000D5810680F781E02DCE01DF01082E8B2F37
:1019B000B02D092E9A2FA02D281739074A075B074B
:1019C00008F432C00E2CE12E102D0F2CF02E002D1D
:1019D0000C2ECF2FF02D0D2EDE2FE02DEC16FD0658
:1019E0000E071F07E9F03B01FB0160817181611562
:1019F000710509F0C4CF6115710559F0E6018F85B5
:101A000088618F8740E050E0BA01C6010E94A810AB
:101A1000C4C0E301A882B982F50160837183EECF6F
:101A2000C5010E94CA28EACFE301A882B982F50164
:101A300060837183E0CF022E252F502D032E342F8B
:101A4000402D241535054605570561F1F6018F85B2
:101A500088618F87EF59FF4F80819181A281B38187
:101A60000196A11DB11D80839183A283B383C5011B
:101A70000E94CA28A801B801C6010E94A810F0FE61
:101A80008CC0F60187A590A9A1A9B2A90196A11DB4
:101A9000B11D87A790ABA1ABB2AB65E0C6010E94B8
:101AA000AC097BC0F50181899289892B09F44BC06F
:101AB000B501C6010E94F507C5010E94CA28E601CA
:101AC000ADACBEACA114B104D1F2F5018384948411
:101AD000E4018C819D81AE81BF819C01AD01082E06
:101AE0008B2FB02D092E9A2FA02DF60147A450A8B8
:101AF00061A872A8481659066A067B0608F4BFCF8B
:101B0000E5018881998185AF96AF022E252F502D52
:101B1000032E342F402D241535054605570558F45E
:101B2000C5010E94CA28E601ADACBEACA114B10447
:101B300009F0CBCFA4CFB501C6010E94F507F4018F
:101B40008585F82AEDCFC5010E94CA2898CFC90122
:101B50000E94CA2822C085E0E6018A83C9010E944A
:101B6000CA28EBE3F0E0CE0EDF1EC6010E94D64984
:101B70008EEE9FEFC80ED91EC6010E94D649CCE258
:101B8000D0E0CC0EDD1EC6010E94D649E2E0F0E0B6
:101B9000CE0EDF1EC6010E94D649DF91CF911F9164
:101BA0000F91FF90EF90DF90CF90BF90AF909F90FC
:101BB0008F907F906F905F904F900895CF92DF92BB
:101BC000EF92FF920F931F93CF93DF938C01862F99
:101BD000BA01E901E82EFF24E2FC40C0E4FE3AC06D
:101BE00092E0C92ED12CCE20DF20E1FE04C0C90135
:101BF0000E94F91139C049895A89C8010E94D30845
:101C000069E0C8010E94AC0989899A89892BE9F4A5
:101C1000CE010E94CA28E0FE27C0F80187A590A93E
:101C2000A1A9B2A90196A11DB11D87A790ABA1AB37
:101C3000B2AB015B1F4FF801C082D1820F5410403C
:101C40006AE0C8010E94AC090FC0BE01C8010E9431
:101C5000F507DECFC9010E94CA2806C0C9010E944B
:101C6000CA28C8010E94AB04DF91CF911F910F9148
:101C7000FF90EF90DF90CF900895CF92DF92EF9298
:101C8000FF920F931F93CF93DF938C01862FBA019E
:101C9000E901E82EFF24E2FC3CC0E4FE36C022E06D
:101CA000C22ED12CCE20DF20E1FE04C0CE010E9446
:101CB000F91135C049895A89C8010E94D308898918
:101CC0009A89892BE9F4CE010E94CA28E0FE27C038
:101CD000F80187A590A9A1A9B2A90196A11DB11DDE
:101CE00087A790ABA1ABB2AB015B1F4FF801C082DD
:101CF000D1820F5410406AE0C8010E94AC090FC0A5
:101D0000BE01C8010E94F507DECFC9010E94CA28A2
:101D100006C0C9010E94CA28C8010E94AB04DF9115
:101D2000CF911F910F91FF90EF90DF90CF9008958A
:101D3000CF93DF93FC01862FBA01E901282F3327C7
:101D400022FD0DC024FF0BC021FF04C0CE010E9464
:101D5000F91108C049895A89CF010E94D308CE01E0
:101D60000E94CA28DF91CF910895EF92FF920F93BE
:101D70001F93CF93DF93EC01862FBA018901992736
:101D800082FD21C084FF1BC032E0E32EF12CE8224B
:101D9000F92281FF04C0C8010E94F9111AC0F8019C
:101DA00041895289CE010E94D308C15BDF4FE8828E
:101DB000F982CF54D0406AE0CE010E94AC09C8013C
:101DC0000E94CA2806C0C9010E94CA28CE010E94EA
:101DD000AB04DF91CF911F910F91FF90EF90089589
:101DE0000F931F93CF93DF938C01862FBA01E901E4
:101DF000992782FD0DC084FF12C081FF04C0C90174
:101E00000E94F9110FC049895A89C8010E94D3085C
:101E1000CE010E94CA28C8010E94AB0403C0C901B8
:101E20000E94CA28DF91CF911F910F9108950F93BF
:101E30001F93CF93DF938C01FB01A385B4851D967F
:101E40006C911D97EC018A8199278530910509F4E1
:101E500058C0863091057CF58230910531F1833090
:101E6000910594F4009761F0019721F0CF010E9451
:101E7000CA284CC09F01AD01C8010E94410B46C059
:101E8000CF010E94F91142C08330910541F00497BF
:101E900069F79F01AD01C8010E94560C37C09F0130
:101EA000AD01C8010E94E00B31C09F01AD01C80126
:101EB0000E94620B2BC088309105E9F089309105B2
:101EC0008CF48630910541F0079781F69F01AD01B2
:101ED000C8010E94B50E1AC09F01AD01C8010E9441
:101EE000DE0D14C0099709F0C1CF9F01AD01C801F3
:101EF0000E943D0E0BC09F01AD01C8010E94F00E73
:101F000005C09F01AD01C8010E94980EDF91CF91DD
:101F10001F910F91089548EC50E060E070E08BE471
:101F20009DE00E94F648892B09F466C0C0919A0989
:101F3000D0919B09209779F38F8584FF08C0886032
:101F40008F8740E050E0BA01CE010E94A8108FA117
:101F500098A5892B99F08A81843009F442C0FE014A
:101F6000EF5AFF4F808191810196808391838F701A
:101F70009070892B19F4CE010E94080B8A818A3057
:101F800001F18A818630E9F08A818930D1F08A8135
:101F9000833031F00990D881C02D209769F6BBCFEE
:101FA000FE01E15BFF4F808191819C01019680835E
:101FB00091832D32310570F381E08A831082118282
:101FC000E9CFFE01E15BFF4F808191819C01019689
:101FD0008083918329303105E8F2CE010E94AB0461
:101FE0009ACFFE01EF5AFF4F808191810196808345
:101FF000918383709070BDCF0091490D10914A0D6F
:1020000010924A0D1092490D1092480D1092470DF2
:102010000115110509F47FCFE801EF81F885AB8543
:10202000BC8524853585468557856D917C911197B2
:1020300012968D919C9113970E94FB04EC01F8017C
:10204000E080F180009759F0B8010E94F407B801D0
:10205000CE010E94170F8701EF28F1F65CCFC8016F
:102060000E94F911F8CFCF92DF92EF92FF920F9377
:102070001F93CF93DF93EC0118821982C090490D12
:10208000D0904A0DC114D104D1F1E984FA848D8530
:102090009E85E80EF91E89899A89E80EF91E00913D
:1020A000470D1091480D0E0D1F1D0050184F0E9436
:1020B000F44C08171907F8F48091470D9091480DDA
:1020C0008E0D9F1D9093480D8093470DF6018081E2
:1020D0009181892B41F0F601C080D180F601808189
:1020E0009181892BC1F7F601C083D1838BE49DE0F8
:1020F0000E94A64909C0CE010E94CA2805C090933B
:102100004A0D8093490DF2CFDF91CF911F910F912E
:10211000FF90EF90DF90CF90089540919D095091EE
:102120009E094115510519F080E090E010C020E0B3
:1021300034E06BE87FE08FE894E00E942C4B9093B2
:102140009E0980939D09892B79F78FEF9FEF089562
:102150008F929F92AF92BF92CF92DF92EF92FF92B7
:102160000F93CF93DF93EC017B014A014115510599
:1021700039F48F8599278B709070892B09F42CC1C5
:1021800004E18F8581FD08E1802F9927AC0160E48F
:1021900080E090E00E9459275C01009709F40EC18D
:1021A000FC01C384D4848F819885F6018083918358
:1021B0008D859E8582839383000F000F84858F70A9
:1021C000802B84878F85877F8F87888D998DAA8DB7
:1021D000BB8D082E8B2FB02D092E9A2FA02D848316
:1021E0009583A683B7838F8584FFEFC080E18587C1
:1021F0008F858F7E8F878FA598A9A9A9BAA9082E48
:102200008B2FB02D092E9A2FA02D80879187A28722
:10221000B3878F85992781FF96C0F60185858260F7
:1022200085878F858D7F8F87888D998DAA8DBB8DB2
:102230000196A11DB11D888F998FAA8FBB8F82E057
:10224000848B84E0858BEF9688819981EF97082EA7
:10225000892F902D868B978B2BA93CA9EF9688818F
:102260009981EF972817390708F066C0F60116869E
:102270001786F601108A118A128A138AF50185855C
:10228000968521893289820F931F082E892F902DE0
:102290007C0106E029853A854B855C856B817C81D4
:1022A0008D819E810E940914F50145855685B601F0
:1022B0000E94C913F50141895289678570890E947E
:1022C0000414F601808B918B950149855A856B85A5
:1022D0007C85802F0E94BA129C01892B39F58928B0
:1022E00039F4F6018585992783709070892BD1F098
:1022F000F50120833183EFA1F8A5309781F080812B
:102300009181892B39F00190F081E02D80819181BC
:10231000892BC9F7A082B18240E050E05DC0AFA236
:10232000B8A6FACFC5010E94CA28F6CFC5010E94FF
:10233000CA284FEF5FEF50C0022E232F302DF60139
:102340002687378796CF81149104A9F480FF84CF24
:10235000F6018585816085878F858E7F8F87888D43
:10236000998DAA8DBB8D0196A11DB11D888F998F66
:10237000AA8FBB8F71CFA40160E8C5010E945927C5
:102380005C010097D9F0FC0187859089A401B70111
:102390000E943B4D940144275527888D998DAA8D25
:1023A000BB8D820F931FA41FB51F888F998FAA8F93
:1023B000BB8FF6018585886085874ECFCD5ADF4F6C
:1023C00087E497E288839983B4CFF6011586108657
:1023D0001186128613861DCFCA01DF91CF910F910E
:1023E000FF90EF90DF90CF90BF90AF909F908F9035
:1023F0000895AF92BF92CF92DF92EF92FF920F9328
:10240000CF93DF936C01FC01A780B084C385D48592
:102410008D8599279C012470307082FD73C0F60170
:10242000218B328B84E190E08587968728813981E2
:102430008A819B81888399832A833B838D85992711
:1024400084FF3BC084E08D8788859985AA85BB85FC
:102450008C839D83AE83BF83188619861A861B865C
:1024600080E58C871E861F861A8A1B8A188A198A1D
:10247000F60185859685082E892F902D7C0106E032
:10248000F50124853585468557856089718982895E
:1024900093890E940914F60145855685BE010E9464
:1024A0000414888B998B9601F501448555856685C2
:1024B0007785802F0E94BA1225C081FF1EC08C81B3
:1024C0009D81AE81BF81082E8B2FB02D092E9A2FB2
:1024D000A02D0196A11DB11D082E8B2FB02D092E08
:1024E0009A2FA02D88879987AA87BB871C821D8277
:1024F0001E821F8284E18D87B3CF8C819D81AE8146
:10250000BF81F0CFC6010E94CA2880E090E0DF9131
:10251000CF910F91FF90EF90DF90CF90BF90AF9051
:102520000895EF92FF920F931F93E216F3060407AC
:10253000150780F0621773078407950740F0E616C9
:10254000F7060807190718F081E090E00EC080E058
:1025500090E00BC02617370748075907C0F36E15E0
:102560007F058007910798F3EFCF1F910F91FF90A0
:10257000EF9008956F927F928F929F92AF92BF9249
:10258000CF92DF92EF92FF920F931F93CF93DF933F
:10259000CDB7DEB72A970FB6F894DEBF0FBECDBF1A
:1025A000182F3A014B0144E150E060E2C9010E945A
:1025B00059275C01009709F46AC0FC01E780F084A8
:1025C00085E4F70180831182F50181859285258557
:1025D0003685820F931F21893289820F931F082E1F
:1025E000892F902DF701828393831682178280E4CE
:1025F00080871187608A718A828A938AFFEF6F16BB
:10260000FFEF7F06FFEF8F06FFEF9F0609F45FC025
:10261000AE01495F5F4FC401B3010E943E156C01DA
:102620000097A9F1FC0107851089F801878D90A119
:102630009C010196878F90A3022E232F302DF70146
:1026400024833583F80181859285A385B485F701BC
:1026500084879587A687B78712861386F5014185FB
:1026600052856781708580E090E00E940414F70134
:1026700082879387F8018081863061F0873139F451
:10268000A50161E270E0C6010E94232B6DC08FEFAF
:102690009FEF6AC04F81588569857A85411551053C
:1026A0006105710511F4B401A3019E012F5F3F4F35
:1026B000C6010E943E17892B51F79501AE014F5F6D
:1026C0005F4F60E078E0C6010E94BC174DC046E055
:1026D00050E06FEF70E0CE0101960E94444DC09033
:1026E000190DD0901A0DC114D10451F0F601838553
:1026F000833049F0F601C080D180C114D104B1F714
:1027000080E090E031C007851089F801878D90A1A5
:102710009C010196878F90A3022E232F302DF70165
:1027200024833583F80181859285A385B485F701DB
:1027300084879587A687B78712861386F50141851A
:1027400052856781708580E090E00E940414F70153
:10275000828793879501AE014F5F5F4F60E078E01D
:10276000C6010E94BC17C6CF2A960FB6F894DEBFEA
:102770000FBECDBFDF91CF911F910F91FF90EF90D2
:10278000DF90CF90BF90AF909F908F907F906F9091
:102790000895CF93DF939B01FA01AC016627772759
:1027A000E901E230F10560F089919991AA27BB27F0
:1027B000480F591F6A1F7B1F3297E230F105A0F7BF
:1027C000EF2B29F08881480F511D611D711DCB0130
:1027D000AA27BB270097A105B10591F0DB01CA012B
:1027E000A070B070AB0166277727480F591F6A1F8A
:1027F0007B1FCB01AA27BB270097A105B10571F765
:10280000CA01DF91CF9108950E94C91380959095D8
:102810000895EF92FF920F93CF93DF93CDB7DEB77A
:102820002C970FB6F894DEBF0FBECDBFDC01CB01F5
:1028300089839A83AB83BC832D833E834F835887E0
:1028400019860A87EB86FC864CE050E0BE016F5F7C
:102850007F4F80E090E00E94C9132C960FB6F89449
:10286000DEBF0FBECDBFDF91CF910F91FF90EF90F4
:102870000895AF92BF92CF92DF92EF92FF920F93A3
:102880000E940914809590950F91FF90EF90DF9032
:10289000CF90BF90AF9008952F923F924F925F924A
:1028A0006F927F928F929F92AF92BF92CF92DF9260
:1028B000EF92FF920F931F93CF93DF93CDB7DEB7C5
:1028C00024970FB6F894DEBF0FBECDBF2B013C019D
:1028D00049015A01E982FA820B831C838FEFE82EAB
:1028E000F82EE1EAF9E00FB6F89480818F5F8083DB
:1028F0000FBE0FB60F92F8948091A109813009F0B4
:1029000049C020909F093090A0090FE919E02114D7
:102910003104D9F0F10186819781A085B18528170E
:1029200039074A075B0788F48101D1012D903C905B
:102930002114310451F0F10186819781A085B18580
:1029400088169906AA06BB0678F380E190E00E94FB
:10295000EB4B9C010097F1F0482059206A207B2026
:10296000FC01428253826482758286829782A086AD
:10297000B18689819A81AB81BC8182879387A48744
:10298000B587C686D78620823182D8012D933C93A5
:10299000EE24FF240F900FBEE1EAF9E00FB6F894A1
:1029A0008081815080830FBEC70124960FB6F894B2
:1029B000DEBF0FBECDBFDF91CF911F910F91FF9072
:1029C000EF90DF90CF90BF90AF909F908F907F90CF
:1029D0006F905F904F903F902F900895EF92FF92ED
:1029E0000F931F93CF93DF937B018C01EA01622F3A
:1029F000E0E0F0E02430D0F5E0919F09F091A009EB
:102A00003097B1F086819781A085B1858E219F2175
:102A1000A023B123228133814481558182179307FA
:102A2000A407B50729F00190F081E02D309751F708
:102A30003097E1F0209761F082859385A485B58574
:102A40000097A105B10521F088839983AA83BB83F0
:102A500086859785892B51F46F5F262FAE0162859D
:102A60007385848595850E94EE14FC01CF01DF916A
:102A7000CF911F910F91FF90EF9008950F931F93A7
:102A8000CF93DF93EC01DB014115510529F0FA01E9
:102A9000108211821282138201EA19E0F8010FB646
:102AA000F89480818F5F80830FBE20E0BD01CE014E
:102AB0000E94EE14DC01F8010FB6F8948081815079
:102AC00080830FBE109729F01E968D919C911F97C1
:102AD00001C0CD01DF91CF911F910F910895CF9348
:102AE000DF93CDB7DEB724970FB6F894DEBF0FBEE5
:102AF000CDBFFC0119821A821B821C8240E0DE01DC
:102B00001196808180538A3028F520E030E0C90199
:102B100053E0880F991F5A95E1F7820F931F280FF2
:102B2000391F8191280F311D20533040808180331F
:102B300030F08A3320F42F3F310549F340F32F3F23
:102B4000310509F038F44F5F2D938E3241F4319600
:102B50004430B8F26FEF7FEF8FEF9FEF06C0443045
:102B6000C9F769817A818B819C8124960FB6F8948C
:102B7000DEBF0FBECDBFDF91CF910895CF92DF9220
:102B8000FF920F931F93CF93DF93CDB7DEB72797B5
:102B90000FB6F894DEBF0FBECDBF6C837D838E83EE
:102BA0009F8362EAC62E69E0D62ED6018E010C5FA5
:102BB0001F4FFF2450E0F80130814AE0832F642F3B
:102BC0000E94DF4D292F832F0E94DF4D8083BE019D
:102BD0006F5F7F4FFB01E50FF11D205D20835F5F7D
:102BE000F8018081882339F751505F3F39F0FB01AC
:102BF000E50FF11D80818D935150C8F78EE28D93C2
:102C00000F5F1F4FF394F3E0FF15A0F611971C928E
:102C1000C60127960FB6F894DEBF0FBECDBFDF9179
:102C2000CF911F910F91FF90DF90CF900895CF9398
:102C3000DF93CDB7DEB726970FB6F894DEBF0FBE91
:102C4000CDBF1B821C8260E67AEE80E090E00E949D
:102C5000BB470091190D10911A0D0115110599F33B
:102C6000F8018385833039F0F80100811181011565
:102C70001105B1F7E8CFA785B08991968D919C9108
:102C8000929789839A839196AD83BE8389819A8135
:102C9000892B51F3E981FA818585982F8F5F85878C
:102CA000993060F0AD81BE81E981FA8180819181A6
:102CB0008D939C9389819A818B839C838B819C814A
:102CC000892B21F489819A818D839E83E981FA8100
:102CD0008081918189839A838B819C81892B31F0BA
:102CE0008B819C810E94744C1B821C8289819A81F9
:102CF000892B81F6B9CFCF93DF93CDB7DEB722977B
:102D00000FB6F894DEBF0FBECDBFFC0181A192A12A
:102D100089839A8389819A81892BA9F0E981FA8133
:102D200082819381A481B58184179507A607B7078F
:102D300051F0E981FA818081918189839A83898127
:102D40009A81892B59F789819A8122960FB6F89436
:102D5000DEBF0FBECDBFDF91CF9108958F929F92BE
:102D6000AF92BF92CF92DF92EF92FF920F93CF93E9
:102D7000DF934C016A017B01590180E190E00E94E0
:102D80005F4CFC01892BE1F0C282D382E482F582A0
:102D9000A114B10441F086E0EF012696D5010D9013
:102DA00009928A95E1F704870FB60F92F894E4012F
:102DB00089A19AA180839183E9A3FAA30F900FBE02
:102DC000CF01DF91CF910F91FF90EF90DF90CF90E7
:102DD000BF90AF909F908F900895AF92BF92CF9287
:102DE000DF92EF92FF920F93CF93DF93EC016A0192
:102DF0007B0159014091B2095091B3094115510528
:102E000031F1B701A6018F8598890E947B16FC01DC
:102E1000892BA1F0848582FD0CC0158686E0EF0128
:102E20002696D5010D9009928A95E1F784858260F6
:102E300084873E96CF010E94D64916C002E09501D4
:102E4000B701A6018F8598890E94AE160DC020E8B3
:102E500031E067E176E185E994E00E942C4B9093A4
:102E6000B3098093B209CDCFDF91CF910F91FF903D
:102E7000EF90DF90CF90BF90AF9008954F925F9208
:102E80006F927F928F929F92AF92BF92CF92DF927A
:102E9000EF92FF920F93CF93DF935C016A017B0166
:102EA0002901882499248FEF682E782EF5018785D3
:102EB00090890E947B16EC01892B09F43FC08C8518
:102EC00081FF0AC086E0D201FE01369601900D9284
:102ED0008A95E1F794013FC020E030E0B701A601F8
:102EE00081E090E00E94261A4C01892B21F103E039
:102EF000B401C5010E94821A9C01892B69F48C855A
:102F000081FD0FC044EF51E060E070E0CE010E960D
:102F10000E94F648015060F7C4010E94CA2893013C
:102F20001AC086E0D201FE01369601900D928A9574
:102F3000E1F73901F1CF2FEF3FEF0DC000E0940131
:102F4000B701A601F501878590890E94AE16EC01B4
:102F5000892B11F6E4CFC901DF91CF910F91FF903A
:102F6000EF90DF90CF90BF90AF909F908F907F9029
:102F70006F905F904F9008958F929F92AF92BF9203
:102F8000CF92DF92EF92FF920F931F93CF93DF9335
:102F90004C017B015A0189014EE050E060E1C9011A
:102FA0000E945927892B69F1F801C381D481F4016A
:102FB000C784D08886E0DE011696F601319601902E
:102FC0000D928A95E1F7A114B10499F086E0DE0133
:102FD000F50101900D928A95E1F70E2CEF2CF02C63
:102FE000EC86FD86E601EDA1FEA1B801C4010995BC
:102FF0000AC046E050E06FEF70E0CE010E94444D01
:10300000ECCF8FEF9FEFDF91CF911F910F91FF904A
:10301000EF90DF90CF90BF90AF909F908F900895EA
:10302000CF93DF93EC0140E250E060E470E08DE488
:103030009DE00E94F94C80914D0D803239F4BE0123
:103040008EE49DE00E94634D009789F186E0A7E53C
:10305000BDE0EBE9F4E001900D928A95E1F7109262
:103060005D0D10925E0D10925F0D1092600D81EA61
:1030700094E00E946F15DC01CB018093610D909369
:10308000620DA093630DB093640D1092690D1092C0
:103090006A0D10926B0D10926C0D1092650D1092CE
:1030A000660D1092670D1092680D8FEF9FEFDF9104
:1030B000CF910895EF92FF920F931F93CF93DF93D9
:1030C00080E280934D0D8DE4E82E8DE0F82E00E037
:1030D00010E0C0E4D0E0F70181917F01682FCE01BC
:1030E0000E940A4D21960F5F1F4F0032110598F381
:1030F00080E090E0DF91CF911F910F91FF90EF90D2
:1031000008952F923F924F925F926F927F928F928B
:103110009F92AF92BF92CF92DF92EF92FF920F9366
:103120001F93CF93DF93CDB7DEB72A970FB6F894EE
:10313000DEBF0FBECDBF89879A872A013B014801B8
:103140005901C982DA82EB82FC82FC012784308833
:10315000411551056105710571F440905D0D509068
:103160005E0D60905F0D7090600D4114510461041C
:10317000710409F495C0F101418652866386748614
:1031800081149104A104B10409F483C0F101818A7E
:10319000928AA38AB48AA3019201282139214A2163
:1031A0005B212D833E834F835887C984DA84EE24C4
:1031B000FF248701A50194016D817E818F8198850F
:1031C0000E944C1489819A81AB81BC810097A10532
:1031D000B10509F051C08EE49DE029E0DC01E985EC
:1031E000FA85329601900D922A95E1F726E0FC01CE
:1031F0003996D10111960D9001922A95E1F74092EE
:103200005D0D50925E0D60925F0D7092600D809228
:10321000610D9092620DA092630DB092640D2981B0
:103220003A814B815C812115310541055105A9F495
:103230008091650D9091660DA091670DB091680D1C
:1032400088219921AA21BB212D813E814F8158855A
:1032500082179307A407B50761F089819A81AB8132
:10326000BC818093650D9093660DA093670DB0931C
:10327000680D0E945A1816C0C984DA847C018D0139
:1032800020E030E040E050E0CA01B9010E944C1457
:10329000A2CF81EA94E00E946F154B015C0176CFCA
:1032A0008FEF9FEF2A960FB6F894DEBF0FBECDBF0B
:1032B000DF91CF911F910F91FF90EF90DF90CF9012
:1032C000BF90AF909F908F907F906F905F904F9046
:1032D0003F902F9008952F923F924F925F926F925E
:1032E0007F928F929F92AF92BF92CF92DF92EF9296
:1032F000FF920F931F93CF93DF936B0119012A0164
:10330000370148010E941A435C010097E1F1EC018A
:103310008B858330C1F50F84D889C02D2881263054
:10332000A9F1273181F5F5010189128981EB9EE22E
:103330008BA39CA3CF82D88623893489C501F90148
:103340000995892B01F540E050E060E070E0C8018C
:103350000E94F648F80181A18F30A1F48FEA94E031
:103360000E946F15DC01CB01C984DA84EB84FC84F4
:103370008C019D01B701A601C5010E94811880E062
:1033800090E02CC011A28FEF9FEF28C08DEA9AE148
:103390008BA39CA3822FDE011196F60101900D9262
:1033A0008A95E1F7E501EB89FC89C5010995892B2F
:1033B00051F7D201C1018E219F21A023B123009793
:1033C000A105B10541F0CC24DD24760194018301EF
:1033D000B201A101D1CFC5010E94F422DF91CF91AA
:1033E0001F910F91FF90EF90DF90CF90BF90AF9023
:1033F0009F908F907F906F905F904F903F902F9015
:103400000895CF92DF92EF92FF920F931F936C017A
:103410000E941018E090610DF090620D0091630D14
:103420001091640D2091690D30916A0D40916B0DE2
:1034300050916C0D67E57DE0C6010E946B191F91EC
:103440000F91FF90EF90DF90CF9008958F929F9211
:10345000AF92BF92CF92DF92EF92FF920F931F93A2
:10346000CF93DF938C014A015B0169014CE150E08D
:1034700060E280E090E00E9459277C01009709F407
:1034800034C0FC01C781D08581E090E0082E892FEF
:10349000902D8883998380E098E0082E892F902DC5
:1034A0008A839B8396E09C8384E08D83002E012F8A
:1034B000102D0E831F83C114D10471F0892FDE01FA
:1034C0005296F60101900D928A95E1F7888E998EB9
:1034D000AA8EBB8EC70109C0CE01429646E050E0DD
:1034E0006FEF70E00E94444DF1CFDF91CF911F91BB
:1034F0000F91FF90EF90DF90CF90BF90AF909F9093
:103500008F9008950F931F93CF93DF938C019B01AE
:10351000EB01EF81F885EC016F85788946E0CF01FA
:103520000896EB012196DC0109900D924A95E1F78E
:10353000EB0189859A85AB85BC8586879787A08BAB
:10354000B18B7296AF0166E078E0C8010E94BC17AB
:10355000DF91CF911F910F910895CF93DF939C013D
:10356000DB011396ED91FC9114973E961796ED931F
:10357000FC9318973E9715968D919C9116970E97F0
:1035800019968D939C931A978EE090E015968D93E3
:103590009C93169784859585082E892F902D48E059
:1035A0008030940759F08650984021F0CB010E945A
:1035B000CA2807C0C9010E94D71B03C0C9010E94C5
:1035C000E41ADF91CF9108952F923F924F925F922C
:1035D0006F927F928F929F92AF92BF92CF92DF9223
:1035E000EF92FF920F931F93CF93DF93CDB7DEB788
:1035F00025970FB6F894DEBF0FBECDBF89839A839F
:103600006C837D83FB0167807084F3012081822FAE
:10361000807F803429F08C819D810E94CA28AEC0B1
:1036200086819781082E892F902D9F73892B99F77A
:103630002F70222E3324220C331C220C331CF30156
:1036400080889188A288B388E981FA81478450886C
:10365000FFEF8F16FFEF9F06FFEFAF06FFEFBF06EE
:1036600009F489C0F201018512852385348501158D
:1036700011052105310571F081899289A389B489E9
:1036800088299929AA29BB298F5F9F4FAF4FBF4F28
:1036900009F471C01B82011511052105310529F4BA
:1036A000F3018185813009F44AC081149104A10499
:1036B000B10409F4B0CFF20181859285A385B48568
:1036C00088169906AA06BB0609F0A5CFEC81FD81F4
:1036D00021863286C301820D931D83879487F3016F
:1036E00082819381082E892F902D82199309EC8174
:1036F000FD8185879687F30181859927863091051D
:10370000A9F08730910554F4019709F084CF6C81BA
:103710007D8189819A810E94D11C30C0419709F036
:103720007ACF8C819D810E94761C28C0FB81FF236B
:1037300009F071CF8C819D810E943F1C1FC0D50173
:10374000C40180709070A0708030F0E09F07F0E0BE
:10375000AF07FFEFBF0709F4A8CF0097A105B10598
:1037600009F4A3CF68017901B501A40189819A8187
:103770000E9481189ACF41E04B83A8CF25960FB6BF
:10378000F894DEBF0FBECDBFDF91CF911F910F9197
:10379000FF90EF90DF90CF90BF90AF909F908F9071
:1037A0007F906F905F904F903F902F900895CF92B1
:1037B000DF92EF92FF920F931F93CF93DF936C01F1
:1037C0007B01FB01C781D08588819981082E892FD3
:1037D000902D019709F047C08A819B81082E892F7F
:1037E000902D8050984009F03EC08C81863009F0C1
:1037F0003AC08D818430B9F5F601A785B089288D4E
:10380000398D4A8D5B8D19968D919D910D90BC914E
:10381000A02D281739074A075B0729F58E01085F95
:103820001F4F98014E855F8568897989C6010E947E
:10383000ED168E819F81082E892F902D019799F486
:1038400098014E855F856889798982E090E00E94C1
:10385000261AEC01009739F0BC01C6010E94821AB9
:10386000CE010E94CA28C7010E94CA28DF91CF91C9
:103870001F910F91FF90EF90DF90CF900895CF931D
:10388000DF93FC01A385B4851C968C911C978295CF
:103890008F70282F3327220F331F220F331F858568
:1038A0009685821B930B818B928B892B71F01C96D2
:1038B0008C911C9782958F709927880F991F880F7C
:1038C000991F8A0F9B1F8787908B1C968C918295DE
:1038D0008F709927880F991F880F991F8587968762
:1038E000CF010E943310DF91CF9108950F931F9362
:1038F000CF93DF93EC01EB85FC853896EF87F88B4F
:1039000038978D859E850897898B9A8B88E090E003
:103910008D879E87828193810E94711E8C01009702
:1039200089F0FC0184819581009749F4F801C483F2
:10393000D5830A5F1F4FC8010E94A64906C00E9496
:10394000CA28F4CFCE010E94CA28DF91CF911F91DF
:103950000F910895FF920F931F93CF93DF93FC0174
:10396000F62E8A01EA012F813885E9014C855D85B3
:103970006E857F850784F089E02D81859285A385FA
:10398000B4858C879D87AE87BF878FEF8887980126
:103990008F2D0E94E91CDF91CF911F910F91FF9015
:1039A0000895CF93DF939C01EB018D859E85099748
:1039B00050F0EB85FC858081883029F4AB0160E014
:1039C000C9010E94AA1CCE010E94CA28DF91CF9192
:1039D0000895AF92BF92CF92DF92EF92FF920F9332
:1039E0001F935A016B018901F901E384F484F70103
:1039F000808312821382F90145855685638574851B
:103A000080E090E00E940414F70182839383980180
:103A1000B601A50181E00E94BA121F910F91FF909B
:103A2000EF90DF90CF90BF90AF9008952F923F928C
:103A30004F925F926F927F928F929F92AF92BF92BE
:103A4000CF92DF92EF92FF920F931F93CF93DF936A
:103A5000382E262E49015A012701380148E050E04E
:103A600060E4C6010E945927EC010B851C85F80112
:103A70003082218284829582A682B782128213824A
:103A80004D855E856B857C8580E090E00E94C91342
:103A900049895A896F8578890E940414F8018283C4
:103AA00093839E01B301A20181E00E94BA12DF91CB
:103AB000CF911F910F91FF90EF90DF90CF90BF902B
:103AC000AF909F908F907F906F905F904F903F90BE
:103AD0002F900895CF93DF93EC01892B59F58091B6
:103AE000B9049091BA0401969093BA048093B904F2
:103AF000892B31F480E090E19093BA048093B9046B
:103B0000E091B409F091B509309771F02091B904B2
:103B10003091BA04828193818217930729F0019032
:103B2000F081E02D3097B1F7EF2BC9F6C091B904C1
:103B3000D091BA0488E090E00E945F4CFC01892B90
:103B400079F00C2ECD2FD02DC283D3838091B40970
:103B50009091B50980839183F093B509E093B409FE
:103B6000CF01DF91CF9108956F927F928F929F92B4
:103B7000AF92BF92CF92DF92EF92FF920F931F937B
:103B8000CF93DF933C015A016B014901A70160E823
:103B900080E090E00E945927EC01892B91F08F85FD
:103BA0009889A701B8010E943B4D8E019401B6018E
:103BB000A501C3010E94881E8C01CE010E94CA2863
:103BC00002C00FEF1FEFC801DF91CF911F910F913E
:103BD000FF90EF90DF90CF90BF90AF909F908F902D
:103BE0007F906F9008954F925F926F927F928F9225
:103BF0009F92AF92BF92CF92DF92EF92FF920F937C
:103C00001F93CF93DF935C014B013A012901FC0123
:103C100084819581892B69F1F501C481D581209733
:103C200031F1F50114821582EF81F885848595853F
:103C3000A685B785F40180839183A283B383EB8546
:103C4000FC8580819181F3018083918389899A89A0
:103C50008017910708F48C018F859889A801BC0111
:103C6000C2010E943B4DCE010E94CA2809C08E01AC
:103C700007C0C5010696B701A6010E94F648CCCF41
:103C8000C801DF91CF911F910F91FF90EF90DF90CE
:103C9000CF90BF90AF909F908F907F906F905F90EC
:103CA0004F9008952FEF3FEFA4EBB9E0E091B409F6
:103CB000F091B509309799F0E817F90739F0DF016D
:103CC0000190F081E02D3097B9F709C08081918192
:103CD0008D939C93CF010E94744C20E030E0C90189
:103CE00008959C0140E050E0E091B409F091B509DD
:103CF000309761F0828193818217930731F00190B0
:103D0000F081E02D3097B1F701C0AF01CA010895ED
:103D10004F925F926F927F928F929F92AF92BF92DB
:103D2000CF92DF92EF92FF920F931F93CF93DF9387
:103D3000CDB7DEB724970FB6F894DEBF0FBECDBF68
:103D40002C013A014B01790148E050E060E4C801E0
:103D50000E9459276C01009709F459C0FC01A38403
:103D6000B484F20182819381F501808391830E2CCA
:103D7000EF2CF02CE282F382F6018585968521896D
:103D80003289820F931F082E892F902DF50184838D
:103D90009583AE014F5F5F4FC401B3010E943E1592
:103DA000FC01892B79F10784F089E02D81859285CA
:103DB000A385B48589839A83AB83BC83F50116827E
:103DC0001782E480F58001E1A401930169817A8181
:103DD0008B819C810E94091448E050E0B5010E944B
:103DE000C913F60141895289678570890E940414BC
:103DF000F501868397839601B401A301802F0E9469
:103E0000BA1207C019821A821B821C82D7CF8FEF89
:103E10009FEF24960FB6F894DEBF0FBECDBFDF91A3
:103E2000CF911F910F91FF90EF90DF90CF90BF90B7
:103E3000AF909F908F907F906F905F904F9008957C
:103E4000EF92FF920F931F93CF93DF938C017B012F
:103E5000EA01DC018D919C91009771F4CE010196ED
:103E60000E94EB4BF80180839183209741F0AE01D3
:103E7000B7010E943B4D03C00E94744CEFCFD801A4
:103E8000ED91FC91EC0FFD1F1082DF91CF911F91FE
:103E90000F91FF90EF900895AF92BF92CF92DF9273
:103EA000EF92FF920F931F93CF93DF938C01FB014F
:103EB0006A0181E3D8011D928A95E9F7AA24BB24FF
:103EC00080899189A289B389E80189839A83AB8328
:103ED000BC8384819581A681B781898F9A8FAB8FAE
:103EE000BC8F20EFE22EF12CE60EF71EE0E1FFEF93
:103EF000CE0EDF1E1C141D040CF0DDC0E70128816E
:103F00002F3F09F4D8C0222371F40894E11CF11C5E
:103F10000894C108D108A114B10409F0CCC01C1444
:103F20001D0464F3C8C08981C82FDD27CC16DD06C7
:103F30000CF4BEC0F70182819381A481B58133273F
:103F40002C31310509F4AAC02D3131050CF04FC0D8
:103F50002630310509F442C0273031054CF52130B7
:103F60003105E9F02330310569F0EC0EFD1E82E0E9
:103F700090E0E80EF91ECC1ADD0ACEEFDFEFCC0E92
:103F8000DD1EC9CFC430D10534F0F801858796878E
:103F9000A787B08BEACF8FEFA82EB82EE6CFC4301C
:103FA000D105CCF3F80185839683A783B087DDCF55
:103FB0002C30310561F02F303105B9F6C70102967A
:103FC000AE01BC01C8018F960E94201FCECFC70151
:103FD0000296AE01BC01C8018D96F6CFC430D10562
:103FE000D4F2F801818B928BA38BB48BBECF263396
:103FF000310509F449C027333105FCF42333310579
:1040000061F02533310509F0B0CFC130D10519F683
:10401000F7018281F8018083A8CFC430D1050CF468
:10402000BACF082E8B2FB02D092E9A2FA02DF80174
:10403000858F968FA78FB0A398CF2A333105A1F033
:104040002B33310509F091CFC430D1050CF4A3CF47
:10405000082E8B2FB02D092E9A2FA02DF80181A3A9
:1040600092A3A3A3B4A381CFC430D1050CF493CF02
:10407000082E8B2FB02D092E9A2FA02DF80185A385
:1040800096A3A7A3B0A771CFC430D1050CF483CFFA
:10409000F801858B968BA78BB08F67CFC430D10585
:1040A0000CF479CFF80181879287A387B4875DCF1D
:1040B0009FEFA92EB92EC501DF91CF911F910F91CE
:1040C000FF90EF90DF90CF90BF90AF9008958F92C8
:1040D0009F92AF92BF92CF92DF92EF92FF920F9397
:1040E0001F93CF93DF93CDB7DEB726970FB6F89423
:1040F000DEBF0FBECDBF4C015B01CA01B90128EE86
:1041000033E040E050E00E94C04DDC01CB016C0187
:104110007D0104E212E09501AE014F5F5F4FBE01E9
:104120006D5F7F4FC4010E94F31D26960FB6F89471
:10413000DEBF0FBECDBFDF91CF911F910F91FF90DA
:10414000EF90DF90CF90BF90AF909F908F900895A9
:10415000EF92FF920F931F938C01E62EDA01C901B3
:1041600024E232E0F801119221503040E1F731E0D1
:10417000F32EF801F08284839583A683B783F182BE
:1041800086E08283045E1F4F46E050E066EB79E0F4
:10419000C8010E943B4DF801E053FF4F8091BB04E2
:1041A0009091BC04A091BD04B091BE048193919301
:1041B000A193B19385E38193F192E192CF011F9195
:1041C0000F91FF90EF9008954F925F926F927F92C0
:1041D0008F929F92AF92BF92CF92DF92EF92FF9217
:1041E0000F931F93CF93DF932C014A015B01390199
:1041F000680181E0E7018883298D3A8D4B8D5C8DC4
:10420000682FC6010E94A820FC0189A59AA5082E46
:10421000892F902DE601888799878FEF8193EC197C
:10422000FD097F0186019301B501A401C2010E942D
:10423000B41DDF91CF911F910F91FF90EF90DF9010
:10424000CF90BF90AF909F908F907F906F905F9036
:104250004F9008954F925F926F927F928F929F92AC
:10426000AF92BF92CF92DF92EF92FF920F931F9384
:10427000CF93DF932C014A015B013901680183E090
:10428000E7018883298D3A8D4B8D5C8D682FC6019F
:104290000E94A820FC0182E3819324E0219389817C
:1042A0009A81AB81BC8181939193A193B19386E371
:1042B000819321938D899E89AF89B88D8193919344
:1042C000A193B1938FEF8193EC19FD097F018601D2
:1042D0009301B501A401C2010E94B41DDF91CF91E9
:1042E0001F910F91FF90EF90DF90CF90BF90AF9014
:1042F0009F908F907F906F905F904F9008954F9216
:104300005F926F927F928F929F92AF92BF92CF9265
:10431000DF92EF92FF920F931F93CF93DF932C01C5
:104320004A015B013901680187E0E7018883298D33
:104330003A8D4B8D5C8D682FC6010E94A820FC0130
:1043400089819A81AB81BC81E601888B998BAA8B8C
:10435000BB8B86E3819384E08193E7018D899E89FD
:10436000AF89B88D81939193A193B1938FEF81938E
:10437000EC19FD097F0186019301B501A401C20179
:104380000E94B41DDF91CF911F910F91FF90EF908C
:10439000DF90CF90BF90AF909F908F907F906F9065
:1043A0005F904F900895CF93DF93CDB7DEB72C97F2
:1043B0000FB6F894DEBF0FBECDBF8F839887FC0188
:1043C0000784F089E02DE987FA875F01CC24DD249A
:1043D0001B821C8220E030E029833A8384E490E051
:1043E0000E946A1D4C0181E390E00E94EB4B2C017E
:1043F00081E390E00E94EB4B8B879C8784E292E004
:104400000E94EB4B3C0184E292E00E94EB4B8D83D7
:104410009E838114910409F486C01B821C8222248D
:10442000332481E3EB85FC8511928A95E9F7EB85CE
:10443000FC85A18EB28EC38ED48E29813A81C901AA
:10444000AA27BB2781A792A7A3A7B4A77F010D81A5
:104450001E8123E430E04FEF5FEF6FEF7FEFC40189
:104460000E94E420992364F123E030E040E050E032
:10447000B301C4010E946720AC01892B09F4ADC0CF
:10448000F30184819581A681B7818A159B05AC05CE
:10449000BD0551F7B301C2010E944C1F892B21F7C2
:1044A00021E030E02B833C838B819C81892B41F47C
:1044B0000894211C311C9AE0291631040CF4B1CF68
:1044C000EB81FC81EF2B79F11B821C8281E3AB85B0
:1044D000BC85F20101900D928A95E1F7EB84FC8492
:1044E0000D811E8123E430E04FEF5FEF6FEF7FEF30
:1044F000C4010E942A2197FD6BC025E030E040E016
:1045000050E0B301C4010E946720AC0197FD0BC0CD
:10451000F30184819581A681B7818A159B05AC053D
:10452000BD0509F449C08B819C81892BE9F1F20119
:10453000C584D684E784F08805811681278130857B
:1045400041815281638174818F8198850E94811895
:104550002B813C81232B21F08CEB99E00E94A64912
:10456000E985FA8581859285A385B4850097A105A3
:10457000B10561F40E94A54AE985FA858185928595
:10458000A385B4850097A105B105A1F38CEB99E053
:104590000E94A6498EEF0E94EB4A60E67AEE80E028
:1045A00090E00E94BB47F9CFCC24DD24760197012F
:1045B0008601B701A601C8CFB301C2010E944C1FFA
:1045C000892B09F0B0CF21E030E02B833C83ABCFC7
:1045D0008114910409F021CFA6CF29813A812D5F62
:1045E0003F4F29833A8360CFCF93DF93FC01A785A8
:1045F000B08986E0C6EBD9E011960D9009928A95B4
:10460000E1F720E032E0AF0163ED71E28FEB94E07F
:104610000E942C4B40E050E060E070E08CEB99E0B1
:104620000E94F648DF91CF910895FC01872F9927CA
:104630008193608382E090E00895CF93DF93DC0163
:10464000EB01FB0101900020E9F79F012150304070
:10465000261B370B2E5F3F4FFC01AC0111961082D9
:104660008881882399F088818E3251F08D9321962C
:10467000FA0180818F5F808388818823A1F706C03B
:10468000FD01AD01119610822196F6CF1C92C90151
:10469000DF91CF910895FC01DB0181919927382F9B
:1046A00022272D933C93119780819927282B392B12
:1046B0002D933C9382E090E00895FC01819199272D
:1046C000AA27BB272227382F492F5A2FDB012D93EA
:1046D0003D934D935C93139781919927AA27BB270C
:1046E000282B392B4A2B5B2B542F432F322F222779
:1046F000DB012D933D934D935C9313978191992703
:10470000AA27BB27282B392B4A2B5B2B542F432F4F
:10471000322F2227DB012D933D934D935C9313970A
:1047200080819927AA27BB27282B392B4A2B5B2B63
:10473000FB01208331834283538384E090E008951A
:10474000EF92FF920F931F93CF93DF93EC018B01B6
:10475000FB0180819181009761F588819927807C98
:104760009070803C910511F1FE0101900020E9F765
:104770007F01EC1AFD0AC7010E94EB4BF801808310
:104780009183FC019991992371F091509F3F21F001
:10479000899181939150E0F79991992311F08EE2DC
:1047A0008193992391F71082C70109C082E090E0BC
:1047B00006C00E94744CF80110821182CECFDF91A6
:1047C000CF911F910F91FF90EF900895EF92FF927C
:1047D0000F931F93CF93DF937C018B01EA01FB01C1
:1047E00080819181009711F00E94744CCE010E944B
:1047F000EB4BF80180839183AE01B7010E943B4DE2
:10480000CE01DF91CF911F910F91FF90EF9008950E
:10481000CF93DF93FC01EB01892B69F0309789F08E
:10482000C083D18380E091E08283938381E090E034
:104830008483958306C08CE090E00E945F4CFC016D
:10484000EDCFCF01DF91CF910895009711F00E9435
:10485000744C0895CF92DF92EF92FF920F931F93C3
:104860007C016B01FB01608171810E9415238C0129
:10487000C701800F911FF601628173810E94152389
:10488000080F191FC701800F911FF6016481758100
:104890000E941523080F191FC701800F911FF601F1
:1048A000668177810E941523080F191FC701800FA9
:1048B000911FF601608571850E941523080F191F4D
:1048C000E00EF11EF60162857385C7010E94152373
:1048D000080F191FC8011F910F91FF90EF90DF90F3
:1048E000CF900895CF92DF92EF92FF920F931F9394
:1048F0007C016B01BC01C6010E944B238C0182E04C
:1049000090E0E80EF91EC601800F911FB7010E94CA
:104910004B23080F191F82E090E0E80EF91EC60134
:10492000800F911FB7010E944B23080F191F82E0CF
:1049300090E0E80EF91EC601800F911FB7010E949A
:104940004B23080F191F82E090E0E80EF91EC60104
:10495000800F911FB7010E944B23080F191F82E09F
:1049600090E0E80EF91EC00ED11EB701C6010E94EC
:104970004B23080F191FC8011F910F91FF90EF9053
:10498000DF90CF9008950F931F93CF93DF93EC01A7
:104990008B01892BB9F02097D9F0F8010190002004
:1049A000E9F7E01BF10BCF010E94EB4B8883998361
:1049B000B8010E946D4D81E090E08A839B838C83D7
:1049C0009D8306C086E090E00E945F4CEC01E3CF3F
:1049D000CE01DF91CF911F910F910895CF93DF9377
:1049E000EC01892B59F088819981009721F4CE013F
:1049F0000E94744C03C00E94744CF9CFDF91CF9198
:104A00000895CF92DF92EF92FF920F931F937C0154
:104A10006B01FB01608171810E941D238C01C70124
:104A2000800F911FF601628173810E941523080F88
:104A3000191FE00EF11EF60164817581C7010E9405
:104A40001523080F191FC8011F910F91FF90EF90B8
:104A5000DF90CF900895CF92DF92EF92FF920F9365
:104A60001F937C016B01BC01C6010E94A0238C0135
:104A700082E090E0E80EF91EC601800F911FB70199
:104A80000E944B23080F191F82E090E0E80EF91EE8
:104A9000C00ED11EB701C6010E944B23080F191F7B
:104AA000C8011F910F91FF90EF90DF90CF90089574
:104AB000009721F48EE090E00E945F4C0895CF9320
:104AC000DF93EC01892B91F088819981009759F44B
:104AD0008C859D85009721F4CE010E94744C06C000
:104AE0000E94744CF9CF0E94744CF2CFDF91CF91A9
:104AF0000895CF92DF92EF92FF920F931F937C0164
:104B00006B01BC01C6010E94A0238C01C701029663
:104B10009601200F311FBC01C9010E944B23080FD1
:104B2000191FC70104969601200F311FBC01C9014E
:104B30000E944B23080F191FC70106969601200FEC
:104B4000311FBC01C9010E945D23080F191FC70155
:104B50000A969601200F311FBC01C9010E944B2308
:104B6000080F191FC00ED11EF701428553858CE036
:104B700090E0E80EF91EB701C6010E94E623080F77
:104B8000191FC8011F910F91FF90EF90DF90CF90F8
:104B90000895CF92DF92EF92FF920F931F93CF93DE
:104BA000DF93EC018B0169017A018091BE0990913C
:104BB000BF09009799F58091C0099091C1090097AC
:104BC00031F5209781F0FE0101900020E9F7EC1B00
:104BD000FD0BCF010E94EB4B9093BF098093BE0960
:104BE000BE010E946D4D01151105F9F0F80101900B
:104BF0000020E9F7E01BF10BCF010E94EB4B9093F3
:104C0000C1098093C009B8010E946D4D0EC00E9479
:104C1000744C1092C1091092C009D3CF0E94744CF9
:104C20001092BF091092BE09C6CFC092C209D0929D
:104C3000C309E092C409F092C509DF91CF911F9199
:104C40000F91FF90EF90DF90CF9008952F923F92B9
:104C50004F925F926F927F928F929F92AF92BF928C
:104C6000CF92DF92EF92FF920F931F93CF93DF9338
:104C7000CDB7DEB762970FB6F894DEBF0FBECDBFDB
:104C80008F83988719861A861B861C86662477244C
:104C90006D867E8623016F86788A8091C209909105
:104CA000C309A091C409B091C5090097A105B10538
:104CB00029F460E070E080E090E0B7C0C3010E949A
:104CC0006A1D1C01892B09F480C080E092E00E94DB
:104CD000EB4B4C01698A7A8AED85FE853196ED872A
:104CE000FE87BF01C3010E9408243C016F817885C3
:104CF0008F8598890E94C3248F87988BB301C40144
:104D00000E942A245C01C4018A0D9B1D6F8578894D
:104D10000E940125A80EB91E7501840125E330E02B
:104D20004091C2095091C3096091C4097091C509AD
:104D3000C1010E94B41D9923C4F1AA24BB2438EEFA
:104D4000C32E33E0D32EE12CF12C00E012E09401CD
:104D5000AE014F5F5F4FBE016D5F7F4FC1010E948B
:104D6000F31D181619067CF40D973CF3B401C3012A
:104D70000E9472245C01D3018D919C91ED85FE858A
:104D80008E179F07D1F6A114B10429F0F301848195
:104D900095810197F9F029893A892F5F3F4F298B37
:104DA0003A8B253031050CF497CFC3010E9425249E
:104DB0008F8598890E94EE24C2010E945F25C4015C
:104DC0000E94744CC1010E94521E69857A858B85B0
:104DD0009C852BC0C4018A0D9B1DBC018F859889C1
:104DE0000E942B25A80EB91EF30186819781892B7D
:104DF000E1F2C2010E9458252C01A80CB91CB50192
:104E00000E947925F20182859385049721F6F201AB
:104E100024853585D9018D919D910D90BC91A02D52
:104E200089879A87AB87BC87C0CF62960FB6F89404
:104E3000DEBF0FBECDBFDF91CF911F910F91FF90CD
:104E4000EF90DF90CF90BF90AF909F908F907F902A
:104E50006F905F904F903F902F9008950F931F9306
:104E6000CF93DF93EC018B01CB010E94EB4B888346
:104E70009983009729F00A831B8380E090E004C0A7
:104E80008A839B838FEF9FEFDF91CF911F910F91CB
:104E900008950F931F938C01FC01808191810E94E2
:104EA000744CF80110821182128213821F910F91AB
:104EB0000895BF92CF92DF92EF92FF920F931F93CC
:104EC000CF93DF93EC01B62E7A01892B09F4C7C08A
:104ED000209709F442C0BB2009F43FC0E114F1045B
:104EE00009F49AC0CB2CDD24C4FE0DC08A81992719
:104EF0008C010071107084FF86C08D819E818E159B
:104F00009F0508F472C0C5FE0DC08A8199278C01E7
:104F10000072107085FF60C089859A858E159F0587
:104F200008F44CC0C6FE0CC08A8199278C0100741D
:104F3000107086FF37C08D859E858E159F0528F1E0
:104F4000B7FE08C08A8187FF1CC089899A898E159F
:104F50009F0528F08A818B298A83CE0186C08E0125
:104F6000015F1F4FC8010E944927B701C8010E9475
:104F70002E27892B79F3CE010E94CA2880E090E089
:104F800074C0CE010F96B701F2CF8E01055F1F4F9F
:104F9000C8010E944927B701C8010E942E27892B0A
:104FA00079F2E9CFCE010B96B7010E942E27892B0B
:104FB00039F2CE010E94CA28C80157C08E01095F8C
:104FC0001F4FC8010E944927B701C8010E942E2720
:104FD000892B09F4A7CFCFCFCE010796B7010E9446
:104FE0002E27892B09F49ECFE4CF8E010D5F1F4F32
:104FF000C8010E944927B701C8010E942E27892BAA
:1050000009F481CFB8CFCE010396B7010E942E27B5
:10501000892B09F478CFCDCF8A81B8220B2D1127A7
:1050200004FD18C005FD11C006FD0AC0B7FE04C08E
:10503000CE010F960E944927B0948A818B218CCF94
:10504000CE010B960E944927F1CFCE0107960E9410
:105050004927EACFCE0103960E944927E3CF83E197
:1050600090E00E945F4CEC0133CFDF91CF911F9114
:105070000F91FF90EF90DF90CF90BF9008950F9326
:105080001F93CF93DF938C0183E190E00E945F4CEC
:10509000EC01009709F479C0F8016581768161150A
:1050A000710509F05DC0F8016185728561157105B2
:1050B00009F040C0F801658576856115710521F517
:1050C000F801618972896115710511F4CE015DC025
:1050D000CE010F960E942E27892B81F4AF85B889C7
:1050E000F8012785308981899289AC01B901CD0108
:1050F0000E943B4D8A8180688A83E8CFCE010E945E
:10510000CA2880E090E041C0CE010B960E942E2775
:10511000892BA1F7AB85BC85F8012385348585856E
:105120009685AC01B901CD010E943B4D8A81806416
:105130008A83C6CFCE0107960E942E27892BF1F6CF
:10514000AF81B885F8012781308581859285AC01D2
:10515000B901CD010E943B4D8A8180628A83AACF2A
:1051600003960E942E27892B49F6AB81BC81F8015A
:105170002381348185819681AC01B901CD010E94E2
:105180003B4D8A8180618A838ECFDF91CF911F91C1
:105190000F9108950F931F938C0140E050E0FC01A4
:1051A00062810E945927C8010E94744C009711F037
:1051B0008FEF9FEF1F910F910895FC010188F289F5
:1051C000E02D11A20895FC010188F289E02D81A152
:1051D000992708950F93CF93DF93EB01E989FA891B
:1051E00001A1013039F00F30B9F011A2CF010E94B6
:1051F000844912C082A1982F8F5F82A3933098F7C1
:105200009B014AEE58E268E97AE380E090E00E9470
:105210001B47CE010E94882BDF91CF910F910895FB
:105220009C01307047E020FF0AC03695279588E042
:1052300094E828273927415047FFF5CF03C036951A
:105240002795F9CFC90108957F928F929F92AF92CF
:10525000BF92CF92DF92EF92FF920F931F93CF9363
:10526000DF93CDB7DEB7C258D0400FB6F894DEBF9B
:105270000FBECDBFFC017B016A0181889288A784A3
:10528000B0887724452B09F488C090E0F401828D22
:10529000882319F081A182FD52C0F70120812032BC
:1052A00068F5FE013196DF01A90FB11D8DE78C93E2
:1052B0009F5FE90FF11D80E2282720830894E11CFD
:1052C000F11C73949F5F072D11270C151D0511F01C
:1052D00097FFDCCF892F9927AC01BE016F5F7F4F0D
:1052E000F501878190850E94F444F50187819085BE
:1052F0000E9417460C151D0540F24FC02E3799F03D
:105300002D3729F0FE01E90FF11D2183D7CFFE01D2
:105310003196DF01A90FB11D2C939F5FE90FF11D9D
:105320008DE58083CBCFFE013196DF01A90FB11D42
:105330008DE78C939F5FE90FF11D8EE5F2CFF701AA
:1053400080818D30F1F08A3081F08D3739F08E37E1
:1053500051F3FE01E90FF11D8183B0CFFE013196BB
:10536000DF01A90FB11D8C93D8CFFE013196DF016B
:10537000A90FB11D8DE78C939F5FE90FF11D8AE2A4
:10538000D0CFFE013196DF01A90FB11D8DE78C93BF
:105390009F5FE90FF11D8DE2C4CFCE57DF4F0FB6EF
:1053A000F894DEBF0FBECDBFDF91CF911F910F915B
:1053B000FF90EF90DF90CF90BF90AF909F908F9035
:1053C0007F9008958F929F92AF92BF92CF92DF927B
:1053D000EF92FF920F931F93CF93DF93CDB7DEB77A
:1053E00023970FB6F894DEBF0FBECDBF5C018B01D3
:1053F0008EE78983F501A189B2898784908881E04D
:1054000080936D0DFB014581568181859285840FC6
:10541000951F25853685820F931F21893289820F3A
:10542000931F53962D913C9154978217930708F040
:10543000F2C08FEF9FEF8A839B83FB01E380F480B0
:10544000CC24DD24C416D50608F4C8C0F801E780D2
:10545000F084CC24DD2481859285C816D90608F411
:10546000A0C0F801E384F484CC24DD2485859685EE
:10547000C816D90608F478C0F801E784F088CC246F
:10548000DD2481899289C816D90608F450C041E00C
:1054900050E0BE01640F751FF401878190850E9462
:1054A000F444F8014581568163817481C5010E94ED
:1054B0002429F8014185528567817085C5010E94C4
:1054C0002429F8014585568563857485C5010E94A8
:1054D0002429F8014189528967857089C5010E9494
:1054E00024298A819B81809590958A839B8342E0C1
:1054F00050E0BE01640F751FC5010E94242941E0E0
:1055000050E0BE01640F751FF401878190850E94F1
:10551000F444F401878190850E94174610926D0D26
:105520008EE69DE00E94C14980E090E079C0F701DD
:1055300081917F0199272A813B81822793270E94AD
:1055400010299C018A819B81892F99278227932783
:105550008A839B830894C11CD11CF801818992899C
:10556000C816D90620F393CFF70181917F019927BF
:105570002A813B81822793270E9410299C018A81DE
:105580009B81892F9927822793278A839B8308945D
:10559000C11CD11CF80185859685C816D90620F353
:1055A0006BCFF70181917F0199272A813B81822767
:1055B00093270E9410299C018A819B81892F99271A
:1055C000822793278A839B830894C11CD11CF801EE
:1055D00081859285C816D90620F343CFF7018191C2
:1055E0007F0199272A813B81822793270E941029D6
:1055F0009C018A819B81892F9927822793278A83FF
:105600009B830894C11CD11CF80185819681C81622
:10561000D90620F31BCFCB010E94CA288FEF9FEF42
:1056200023960FB6F894DEBF0FBECDBFDF91CF91AA
:105630001F910F91FF90EF90DF90CF90BF90AF90B0
:105640009F908F900895EF92FF920F931F93CF93A7
:10565000DF937C01EB018A0144E050E060E1C80186
:105660000E945927892BD1F0F801A381B4818FEFD3
:105670008C9383E011968C9311970C2ECD2FD02D07
:105680001296CD93DC931397E701EF85F88905A077
:10569000F6A1E02DB801C701099502C08FEF9FEF79
:1056A000DF91CF911F910F91FF90EF900895FC0132
:1056B0000188F289E02D118E128E138E148E158EB4
:1056C000168E178E10A28FEF9FEFAFEFBFEF858B77
:1056D000968BA78BB08F8CED95E0838B948B11A26A
:1056E0000895EF92FF920F931F937C018B01FB01B2
:1056F00081819927AC01C7010E943B4DF80181814E
:10570000E80EF11CC7011F910F91FF90EF900895D3
:10571000CF92DF92EF92FF920F931F93CF93DF937D
:105720007C01EC0109891A894AE050E060E280E0DE
:1057300090E00E9459276C01EC01EF81F88581E02F
:105740008083E8018A8981838F5F8A8B82E08483EA
:1057500086E0858316821782108611863A96E601C6
:105760008F8198859F01281B390BC9013A9729879A
:105770003A87082E892F902D82839383A60161E2B8
:1057800070ECC7010E94232B892B19F4C6010E94DB
:10579000CA28DF91CF911F910F91FF90EF90DF907A
:1057A000CF9008953F924F925F926F927F928F9227
:1057B0009F92AF92BF92CF92DF92EF92FF920F93A0
:1057C0001F93CF93DF933C012B01FC01C189D28948
:1057D000FB01A780B084F50182819381082E892F77
:1057E000902D82839383808199278130910509F4DC
:1057F0003AC0029709F0FEC089A1826089A346E001
:1058000050E060E280E090E00E9459276C01FC01CA
:105810000781108581E0F80180838A8981838F5F09
:105820008A8B148215820A5F1F4FE6018F8198854B
:10583000F801E81BF90BCF0106501040E987FA8701
:10584000082E892F902DE8018A839B83A60163E2AD
:1058500070ECC3010E94232B892B09F0CBC0C60139
:105860000E94CA28C7C01D8A1E8A1F8A188E198ED8
:105870001A8E398CF5014281538160E280E090E01C
:105880000E9459276C01FC0107811085F501818177
:10589000F801818382E090E0082E892F902D828389
:1058A0009383F4E08F2E912C800E911EF50182815E
:1058B0009381059748F1E4E0EE2EF12CEA0CFB1CF5
:1058C000F701808199278330910509F47EC08430E7
:1058D00091050CF06EC08130910509F455C0029716
:1058E00009F444C0B701C4010E94712B4C013394E8
:1058F000F7018181E80EF11CF501828193818A0D07
:105900009B1DE816F906E0F23320E1F4E601EF8191
:10591000F885E2012F81388589859A85AC01B90126
:10592000CF010E943B4D82E0F8018083E60189852A
:105930009A85082E892F902D82839383A60161E298
:1059400070EC87CFC3010E94572B84E0E801888365
:10595000F60187819085881A990AC401818692860A
:10596000082E892F902D8A839B83E8CFF7018181B0
:105970009927029797012E5F3F4FAC01B901CE01E5
:1059800045960E943B4DB4CFF7018181992702973C
:1059900097012E5F3F4FAC01B901CE0143960E94A3
:1059A0003B4D8B899C89082E892F902D8B8B9C8B4E
:1059B0009FCF8730910531F0089709F093CF81E0B0
:1059C0008A8F96CF81E0898F93CFF70181819927C4
:1059D000029797012E5F3F4FAC01B901CE014B9664
:1059E0000E943B4D8B8D9C8D082E892F902D8B8F87
:1059F0009C8F7ECFC2010E94CA28DF91CF911F9158
:105A00000F91FF90EF90DF90CF90BF90AF909F905D
:105A10008F907F906F905F904F903F9008952F925E
:105A20003F924F925F926F927F928F929F92AF922E
:105A3000BF92CF92DF92EF92FF920F931F93CF937B
:105A4000DF934C011B01EC016F847888A988BA8828
:105A5000FB0107811085E8018A819B81082E892F2F
:105A6000902D8A839B83AC0160E280E090E00E94ED
:105A700059276C01EC01EF80F884F8018181E7017E
:105A8000898382E090E0082E892F902D8A839B8362
:105A9000A4E04A2E512C4E0C5F1CE8018881992706
:105AA0008230910509F48CC0833091050CF053C00D
:105AB000019709F0CAC0BB24E8018A819B81059740
:105AC000A8F0249688818330C9F1BE01C2010E94EA
:105AD000712B2C01B3948981C80FD11DF8018281EB
:105AE0009381800F911FC817D90760F3BB2009F07D
:105AF000ACC0E601EF81F885E1012F813885898509
:105B00009A85AC01B901CF010E943B4D82E0F701BB
:105B10008083E60189859A85082E892F902D8283BE
:105B20009383A60161E270E8C4010E94232B892BB4
:105B300009F08BC0C6010E94CA2887C089819927B5
:105B400002979E012E5F3F4FAC01B901C3010D9634
:105B50000E943B4DC0CF83309105C9F0049709F0F6
:105B600074C0E8012A813B812530310550F024962C
:105B70008981C80FD11DC801820F931FC817D9078B
:105B8000B8F3F50111A2C5010E9484495EC08A8163
:105B90009B81059708F459C0E601EF81F885E10182
:105BA0002F81388589859A85AC01B901CF010E9482
:105BB0003B4D81E0F701808381818F5F8183A9CF95
:105BC0008A819B810597B8F0E801249688819927FE
:105BD0008138910579F182389105F4F4039779F0D1
:105BE0008981C80FD11DF80182819381800F911F97
:105BF000C817D90758F38FE0E50189A3C4CF89817D
:105C0000992702979E012E5F3F4FAC01B901C30156
:105C100009960E943B4DE4CF8338910509F78981AD
:105C2000992702979E012E5F3F4FAC01B901C30136
:105C30004996EFCF8981992702979E012E5F3F4FAA
:105C4000AC01B901C3014596E4CFC1010E94CA2845
:105C5000DF91CF911F910F91FF90EF90DF90CF9048
:105C6000BF90AF909F908F907F906F905F904F907C
:105C70003F902F900895AF92BF92CF92DF92EF9214
:105C8000FF920F931F93CF93DF937C016B01EC0185
:105C9000A988BA88FB01A781B08512968D919C9145
:105CA0001397082E892F902D12968D939C931397FE
:105CB0008C91823009F047C0E50189A1846089A3F5
:105CC00048E150E060E280E090E00E9459278C01BA
:105CD000EC01EF81F88581E08083E5018A89818389
:105CE0008F5F8A8B83E0848396E095831682178288
:105CF0001086118681E8828793871486158616861A
:105D0000178683E8808B918B128A138A148A158AEE
:105D10007696E8018F8198859F01281B390BC90170
:105D2000769729873A87082E892F902D828393832F
:105D3000A80161E270E8C7010E94232B892B19F4A6
:105D4000C8010E94CA28C6010E94CA28DF91CF91CB
:105D50001F910F91FF90EF90DF90CF90BF90AF9089
:105D60000895CF93DF93AC01DB011396ED91FC9185
:105D700014972281338134961796ED93FC931897EC
:105D800015968D919C911697049719968D939C93D7
:105D90001A9784E090E015968D939C931697022EA7
:105DA000232F302DE0E821323E07F1F0F0E82232D7
:105DB0003F0758F42132310521F0CD010E94CA2855
:105DC00016C0CA010E94E41A12C080EC21323807C2
:105DD00039F02352304C89F7CA010E943B2E07C08C
:105DE000CA010E94D22B03C0CA010E940F2DDF916D
:105DF000CF910895CF93DF93CDB7DEB721970FB63C
:105E0000F894DEBF0FBECDBF3C01FC01A784B08873
:105E1000C188D2888CED95E00E94EB4B4C01892B18
:105E200009F49CC082E10E94EB4AF60181A188231B
:105E300039F464E670E080E090E00E94BB47F5CF63
:105E400041E050E0BE01640F751FF5018781908528
:105E50000E944243892B49F389818E3731F741E013
:105E600050E0BE01640F751FF501878190850E9487
:105E7000424389818E3799F355240FEF1FEFEE24AB
:105E8000FF2499819E3789F19D3749F1F401EE0D88
:105E9000FF1D9083552021F080E2982790835524A0
:105EA00080819927802791270E941029012F11278F
:105EB0000827192741E050E0BE01640F751FF50166
:105EC000878190850E944243892BA1F30894E11CAD
:105ED000F11CFCEDEF16F5E0FF069CF2A6CF81E089
:105EE000582E0894E108F108E5CF085B104F69F0DF
:105EF000F60186859785A089B1890196A11DB11DFE
:105F000086879787A08BB18B90CF8EEF9FEFE80E9F
:105F1000F91EA70160E180E090E00E9459278C0102
:105F2000009709F482CFFC0183819481A701B40119
:105F30000E943B4DF60186819781A085B18501962F
:105F4000A11DB11D86839783A087B187F50123A189
:105F500034A1B801C301F901099567CF68EE73E078
:105F600080E090E00E94BB47F9CFEF92FF920F9341
:105F70001F93CF93DF93EC018B01E988FA8880911E
:105F80006D0D8130A1F0B801CE010E94E2299C0183
:105F9000892BB1F4F70182859385A485B585019697
:105FA000A11DB11D82879387A487B58709C040E0F2
:105FB00050E060E070E08EE69DE00E94F648E3CF9E
:105FC000C901DF91CF911F910F91FF90EF9008953C
:105FD000EF92FF920F931F93CF93DF93EC011092F8
:105FE0006D0DE988FA8887E2F70111928A95E9F741
:105FF000CE010E94572B11E0F70111A368EC70E06D
:1060000080E090E00E94BB47012F9E014AEE58E2DB
:1060100068E97AE380E090E00E941B47CE010E948D
:10602000882B8AE195E00E94CB4B892B61F420E01C
:1060300032E0AE016AEF7EE28AE195E00E942C4BED
:10604000F70185A396A380E090E0DF91CF911F91A7
:106050000F91FF90EF9008952F923F924F925F9291
:106060006F927F928F929F92AF92BF92CF92DF9268
:10607000EF92FF920F931F93CF93DF93CDB7DEB7CD
:10608000C450D1400FB6F894DEBF0FBECDBF4C0157
:10609000FB0101900020E9F73197E61BF70BE03890
:1060A000F10508F082C0CE0101960E946D4DFE01FF
:1060B000EF5FFE4F80EA96E8A1E0B0E08083918335
:1060C000A283B383AF016BE071E0C4010E94A943D6
:1060D00040E050E0BA01C4010E94BE43442455246C
:1060E0008E010F5F1F4F18016AE370E0C8010E9424
:1060F000564D6C01009709F45AC0D6011C921F93AB
:106100000F9380E295E09F938F939F928F920E94CE
:10611000863EC4010E94174686010F5F1F4F6AE347
:1061200070E0C8010E94564D7C013C01FC011082C8
:106130008DB79EB706960FB6F8949EBF0FBE8DBF63
:1061400091E8A92EB12CAC0EBD1E4FE750E0B50171
:10615000C4010E946543FC019FEFEF3FF90799F0EE
:10616000EA0DFB1D1082F80101900020E9F731973C
:10617000E01BF10BAF01B801C5010E947D4D892BD9
:10618000F9F68701AECF8AE3D6018C93D3018C93C5
:1061900071010894E108F1080894411C511CB5E014
:1061A0004B16510471F7CF0102C08FEF9FEFCC5F08
:1061B000DE4F0FB6F894DEBF0FBECDBFDF91CF919B
:1061C0001F910F91FF90EF90DF90CF90BF90AF9015
:1061D0009F908F907F906F905F904F903F902F9007
:1061E0000895FC015F9903C080E090E004C08CB189
:1061F000808381E090E00895482F8BB199279C011E
:106200002072307085FD02C0C90103C04CB981E025
:1062100090E00895CF93DF93FC01A785B08918968D
:106220009C91189719968C911997981709F1848564
:106230009585892B91F018968C911897FD01E80FA0
:10624000F11DE45FFE4F808180939C0018968C9135
:1062500018978F5F18968C9312C0FD0118968C9139
:106260001897E80FF11DE45FFE4F80818CB9EECFE7
:106270001A961C928189928909960E948449DF911D
:10628000CF910895CF93DF93EC01AF85B8898C85CA
:106290009D85892BD9F0FD0116968C911697E80FF4
:1062A000F11D80919C00848716968C911697982FEB
:1062B0008F5F16968C93169717968C91981771F49A
:1062C00089899A890B960E94844908C0FD01169617
:1062D0008C911697E80FF11D8CB1E5CFDF91CF912E
:1062E00008950F931F93CF93DF93FC0120E030E0DC
:1062F000C785D0890FB60F92F8949F818E81981729
:1063000091F401891289F80141815281638174817C
:10631000C8010B960E94F6489C01892B21F49F81AD
:106320008E81981781F30F900FBEC901DF91CF9135
:106330001F910F910895CF93DF93FC01A785B0893A
:106340001A968C911A97882369F518969C9118973C
:1063500019968C911997981729F181E01A968C93C8
:106360001A9784859585892B91F018968C911897AA
:10637000FD01E80FF11DE45FFE4F808180939C00DA
:1063800018968C9118978F5F18968C930BC0FD010F
:1063900018968C911897E80FF11DE45FFE4F8081ED
:1063A0008CB9EECF80E090E0DF91CF910895EF922D
:1063B000FF920F931F93CF93DF93FC010785108902
:1063C000C189D2890E949B317C01892BA1F40FB62F
:1063D0000F92F894F80190858185981741F02996DD
:1063E00040E050E060E070E0CE010E94F6480F907F
:1063F0000FBEC70102C08FEF9FEFDF91CF911F91BA
:106400000F91FF90EF900895BF92CF92DF92EF929D
:10641000FF920F931F936C017A018B01B22E0E94A1
:106420006048DC01CB01880F991FAA1FBB1F34E015
:10643000EE0CFF1C001F111F3A95D1F7BC01CD01D6
:10644000A80197010E94EB4DDA01C9010196A11D37
:10645000B11DB695A795979587958150F6018083D4
:10646000BB2019F08093990001C089B980E090E0C9
:106470001F910F91FF90EF90DF90CF90BF90089504
:10648000AF92BF92CF92DF92EF92FF920F931F9342
:106490006C015B010E9460487B018C01F6018081E8
:1064A000992744E0880F991F4A95E1F740969C018F
:1064B000442737FD4095542FC801B7010E94EB4D8A
:1064C000F501208331834283538380E090E01F9164
:1064D0000F91FF90EF90DF90CF90BF90AF90089515
:1064E000CF93DF93FC01EB01478550891882198215
:1064F0001A821B8284859585892BD1F180919B001E
:10650000282F332722FF09C088819981AA81BB8166
:10651000816088839983AA83BB8323703070232B87
:1065200049F088819981AA81BB818260888399839F
:10653000AA83BB83FA0190858185981779F0FA01C7
:10654000978186819817B1F488819981AA81BB814E
:10655000846088839983AA83BB830CC088819981D6
:10656000AA81BB81886088839983AA83BB83E7CF94
:106570008BB1C6CF80E090E0DF91CF910895EF928C
:10658000FF920F931F93CF93DF93DC01FA010FEF7C
:106590001FEF892B09F4A8C05196ED90FC905297FB
:1065A00081E06730780709F496C0C1E068307C0765
:1065B0000CF04CC081E06330780709F43DC0C1E0C5
:1065C00064307C07C4F481E06130780751F0625098
:1065D000714009F08CC0BF01C7010E9440328C019C
:1065E00086C01C962C914081518162817381C701C4
:1065F0000E940432F4CF81E06530780799F066504C
:1066000071405CF488E090E0A0E0B0E0808391838A
:10661000A283B38300E010E06AC01082118212826C
:106620001382F8CF80819181A281B3810097A10567
:10663000B10509F05CC0EECF80819181A281B38168
:106640000897A105B10509F052C0E4CF81E06B3095
:106650007807B9F1C1E06C307C0794F481E06930CF
:10666000780709F444C06A5071402CF481E090E04E
:10667000A0E0B0E0CBCFBF01CD010E94703237C0A7
:1066800081E06D30780799F0C1E06D307C074CF007
:106690006E50714061F5E7018D819E81AF81B885B3
:1066A000B5CFE70189819A81AB81BC81AFCF808171
:1066B0009181A281B381F70185839683A783B087F7
:1066C000A9CF80819181A281B381F70181839283D7
:1066D000A383B4839FCF80819181A281B3810197ED
:1066E000A105B10521F496CFA5ECB4E055CFC801C2
:1066F000DF91CF911F910F91FF90EF9008950F932D
:106700001F93CF93DF93EC018B85823009F052C049
:106710008E85882309F04EC08C859D85029708F0F0
:1067200049C0EF85F8898CE092E0DF011D92019766
:10673000E9F781E791E3808391838BE991E3828399
:10674000938387ED91E38483958309891A898DE08A
:10675000F80111928A95E9F781E0F80180838C8530
:106760009D85892B51F1AE0162E471E38DE190E0EA
:106770000E94093D892BF1F4AE016AE071E38FE1DB
:1067800090E00E94093D892BA9F42C8540E855E250
:1067900060E070E0C8010E9404328C859D85892BE1
:1067A00031F088ED80939A0080E090E015C088ED8C
:1067B0008AB9FACF8FEF9FEF0FC0AE0162E471E3A9
:1067C00081E190E00E94093D892BA1F7AE016AE0CA
:1067D00071E383E190E0D5CFDF91CF911F910F91CD
:1067E00008950F931F93CF93DF93EC0100E01F8D6B
:1067F00085E00E9455481F8F10E082E30E945548B3
:106800008F8187FF03C08A858035C1F01F5F1431F7
:10681000A0F30A3031F00F5F043148F38FEF9FEFA0
:1068200012C0149A1C9A84E60E9455481C988AEF5C
:106830000E9455488AEF0E945548EDCF8B858037DE
:1068400029F780E090E0DF91CF911F910F9108959B
:10685000EF92FF920F931F93CF93DF93EC017B0195
:1068600089B78F7D89BFCE010E94F133892B09F052
:106870004BC01F860FEF0F8381EE888380EC8983E6
:106880001E8210E21D83198264EF71E080E090E0C7
:106890000E94BB4781E2888388E48E871A861B8624
:1068A0001C8782E08D8780E48C838FE58B838CE46A
:1068B000898380E68A830F8381E6888390E0D7010D
:1068C000FE018D91818331969F5F9630D0F390E0E9
:1068D000FE01108631969F5F9830D8F38CE48F8349
:1068E00081E2888384E08C878FEF8F838FE18F87AD
:1068F00082E288831D8664EF71E080E090E00E9470
:10690000BB4780E090E002C08FEF9FEFDF91CF9117
:106910001F910F91FF90EF900895FC0182E2808318
:1069200090E0878186FD03C09F5F9531D0F380E4BE
:1069300087830895EF92FF920F931F93CF93DF9376
:10694000EC01FB0140E00581168181859285080FED
:10695000191F85859685080F191F81899289080F4F
:10696000191F85E00F3E180708F071C00C331105A0
:1069700020F44CE3401B0CE310E00A87E12EFF24D7
:10698000EB86188680E4898782E18883A381B481BD
:1069900020E030E0858196812817390748F48D91F1
:1069A000888B2F5F3F4F8581968128173907B8F371
:1069B000A781B08520E030E08185928528173907CE
:1069C00048F48D91888B2F5F3F4F818592852817E2
:1069D0003907B8F3A385B48520E030E08585968536
:1069E0002817390748F48D91888B2F5F3F4F858595
:1069F000968528173907B8F3A785B08920E030E0DD
:106A0000818992892817390748F48D91888B2F5FE7
:106A10003F4F8189928928173907B8F320E030E089
:106A2000842F99272817390730F4188A2F5F3F4F92
:106A300028173907D0F3CE010E948D340D83EE82E2
:106A400080E48C8386E2888380E090E002C08FEF50
:106A50009FEFDF91CF911F910F91FF90EF900895DD
:106A60009F92AF92BF92CF92DF92EF92FF920F93DD
:106A70001F93CF93DF93CDB7DEB724970FB6F8946B
:106A8000DEBF0FBECDBF8C01962EAA24BB2489B7D2
:106A90008F7D89BF82E6D8018C9317969C911797BA
:106AA00082E28C931396CC90C394FFE5FC1510F40E
:106AB0005CE4C52EC91609F4A3C084E0F8018287FE
:106AC00013861086C186AE014F5F5F4F7A018AE060
:106AD00080839501F8018089DA018D93AD012F5FE4
:106AE0003F4F24303105B0F3C8010E948D34F701C7
:106AF00022813381C90180549040835B9540D8F452
:106B0000232F33272C0D311DF7018281882311F0AB
:106B10002F5F3F4FD22EFFE5F21710F44CEED40E4C
:106B2000F7019181D91699F08D2D8F5F803608F08D
:106B30008451891759F089B7806289BF992019F467
:106B40008FEF9FEF61C080E090E05EC0D82E89811A
:106B500099278F709070019791F0DA94FBE4FD15FE
:106B600010F09FE5D92EF801D38289B7806289BFE2
:106B7000992019F0892D992747C0C50145C0F70113
:106B8000E280F3808CEF9FEFE80EF91E992081F1EF
:106B9000F801E2868F2D9927838784E08087C1865C
:106BA0008AE08083A114B104B1F0F50143815481DE
:106BB00020E030E02E153F0550F4F8018089DA011D
:106BC0008D93AD012F5F3F4F2E153F05B0F3C801E8
:106BD0000E948D34C2CF20E030E02E153F05B8F77B
:106BE000F80180892F5F3F4F2E153F05C8F3EFCF87
:106BF000A70160E180E090E00E9459275C01C8CFC6
:106C000089B7806289BFB9CF24960FB6F894DEBFEA
:106C10000FBECDBFDF91CF911F910F91FF90EF90ED
:106C2000DF90CF90BF90AF909F9008950F931F93E8
:106C3000CF93DF93EC01188181E2888385E00E9485
:106C400055481A861B8600E012FF07C08F819927DE
:106C50008A709070892B09F401E082E08D8782E2CE
:106C6000888361E0CE010E943035892BD1F71D86E3
:106C7000002311F086E28883802F9927DF91CF913E
:106C80001F910F910895EF92FF920F931F93CF934F
:106C9000DF93FC01E484F584C189D2898E899F89C0
:106CA000A88DB98D0196A11DB11D8E8B9F8BA88FCC
:106CB000B98FF70187818783082F112704FD48C00A
:106CC000C8018A709070892BE9F500FD2BC002FF86
:106CD00063C0F70125858E8D9F8DA8A1B9A1820F74
:106CE000911DA11DB11D8E8F9F8FA8A3B9A32685CD
:106CF0008AA19BA1ACA1BDA1820F911DA11DB11DB7
:106D00008AA39BA3ACA3BDA327858EA19FA1A8A501
:106D1000B9A5820F911DA11DB11D8EA39FA3A8A788
:106D2000B9A73AC08A859B85AC85BD850196A11D12
:106D3000B11D8A879B87AC87BD87CE0101960E94D3
:106D40008449C5CF1882CE0103960E948449BDCFE5
:106D50008A859B85AC85BD850196A11DB11D8A875D
:106D60009B87AC87BD87C7010E941636892B79F0B7
:106D700088818F5F88838A8D9B8DAC8DBD8D0196B8
:106D8000A11DB11D8A8F9B8FAC8FBD8F05C0CE0119
:106D900003960E948449EFCFDF91CF911F910F910D
:106DA000FF90EF9008958C01FC01E784F088C18981
:106DB000D28989E00E94EB4A8A859B85AC85BD8596
:106DC0000B97A105B105B0F089B78F7D89BFB701D9
:106DD0006F5F7F4FF801848595850E942834892B49
:106DE00021F41A861B861C861D868CE4898789B748
:106DF000806289BF40ED57E060E070E0CE0101960F
:106E00000E94F648DD248D2DD3948A30A8F660E0E8
:106E1000F801848595850E943035BC01892B61F28B
:106E2000FFEF6F3F7F07B1F01A861B861C861D8619
:106E30008E859F85A889B9890196A11DB11D8E8770
:106E40009F87A88BB98BF70123A134A1C801F90151
:106E50000995D9CF89B78F7D89BFB7016F5F7F4F04
:106E6000F801848595850E942834892B21F41A869F
:106E70001B861C861D868CE489871A861B861C86C9
:106E80001D8689B7806289BFBECFAF92BF92CF9275
:106E9000DF92FF920F931F93CF93DF938C016B01CF
:106EA0007FEFA72EB72EFC01C189D2898881882364
:106EB000F9F069E0F62E48EC50E060E070E0CE01B9
:106EC00003960E94F648892B61F0F801A485B585E8
:106ED00089B78F7D89BF8C9182FF188289B78062C4
:106EE00089BF8881882321F0FA94FFEFFF1619F7F4
:106EF00089B78F7D89BF88818823C1F488818F5F9E
:106F00008883B601F801848595850E949A349C0196
:106F1000892B61F48A899B89AC89BD890196A11D61
:106F2000B11D8A8B9B8BAC8BBD8B590189B780625D
:106F300089BFC501DF91CF911F910F91FF90DF9025
:106F4000CF90BF90AF9008950F931F93CF93DF938F
:106F5000EC012F85388909891A898AE2F801119292
:106F60008A95E9F74C855D8589B78F7D89BF2F5F4D
:106F70003F4FB901CA010E942834892B09F58CE4DE
:106F8000F801818720E832E0AE0163ED76E385E227
:106F900095E00E942C4B64EF71E080E090E00E944D
:106FA000BB47AE0163E476E385E090E00E94093DD3
:106FB0009C01892B29F489B7806289BFC90102C06D
:106FC0008FEF9FEFDF91CF911F910F910895FC01FB
:106FD00080819181A281B3810196A11DB11D808321
:106FE0009183A283B383268137812115310521F056
:106FF00084819581F901099508951F920F920FB62A
:107000000F9211242F933F934F935F936F937F932E
:107010008F939F93AF93BF93EF93FF9389E09CE08F
:107020000E94E737FF91EF91BF91AF919F918F91B0
:107030007F916F915F914F913F912F910F900FBE74
:107040000F901F9018951F920F920FB60F92112458
:107050002F933F934F935F936F937F938F939F9360
:10706000AF93BF93EF93FF9381E19CE00E94E737DA
:10707000FF91EF91BF91AF919F918F917F916F9110
:107080005F914F913F912F910F900FBE0F901F90E6
:1070900018951F920F920FB60F9211242F933F93C2
:1070A0004F935F936F937F938F939F93AF93BF9310
:1070B000EF93FF9389E19CE00E94E737FF91EF9106
:1070C000BF91AF919F918F917F916F915F914F9100
:1070D0003F912F910F900FBE0F901F9018951F9208
:1070E0000F920FB60F9211242F933F934F935F93FC
:1070F0006F937F938F939F93AF93BF93EF93FF9380
:1071000081E29CE00E94E737FF91EF91BF91AF9140
:107110009F918F917F916F915F914F913F912F91AF
:107120000F900FBE0F901F9018951F920F920FB6E1
:107130000F9211242F933F934F935F936F937F93FD
:107140008F939F93AF93BF93EF93FF9389E29CE05C
:107150000E94E737FF91EF91BF91AF919F918F917F
:107160007F916F915F914F913F912F910F900FBE43
:107170000F901F9018951F920F920FB60F92112427
:107180002F933F934F935F936F937F938F939F932F
:10719000AF93BF93EF93FF9381E39CE00E94E737A7
:1071A000FF91EF91BF91AF919F918F917F916F91DF
:1071B0005F914F913F912F910F900FBE0F901F90B5
:1071C00018951F920F920FB60F9211242F933F9391
:1071D0004F935F936F937F938F939F93AF93BF93DF
:1071E000EF93FF9389E39CE00E94E737FF91EF91D3
:1071F000BF91AF919F918F917F916F915F914F91CF
:107200003F912F910F900FBE0F901F9018951F92D6
:107210000F920FB60F9211242F933F934F935F93CA
:107220006F937F938F939F93AF93BF93EF93FF934E
:1072300081E49CE00E94E737FF91EF91BF91AF910D
:107240009F918F917F916F915F914F913F912F917E
:107250000F900FBE0F901F9018951F920F920FB6B0
:107260000F9211242F933F934F935F936F937F93CC
:107270008F939F93AF93BF93EF93FF9389E49CE029
:107280000E94E737FF91EF91BF91AF919F918F914E
:107290007F916F915F914F913F912F910F900FBE12
:1072A0000F901F9018951F920F920FB60F921124F6
:1072B0002F933F934F935F936F937F938F939F93FE
:1072C000AF93BF93EF93FF9381E59CE00E94E73774
:1072D000FF91EF91BF91AF919F918F917F916F91AE
:1072E0005F914F913F912F910F900FBE0F901F9084
:1072F00018951F920F920FB60F9211242F933F9360
:107300004F935F936F937F938F939F93AF93BF93AD
:10731000EF93FF9389E59CE00E94E737FF91EF919F
:10732000BF91AF919F918F917F916F915F914F919D
:107330003F912F910F900FBE0F901F9018951F92A5
:107340000F920FB60F9211242F933F934F935F9399
:107350006F937F938F939F93AF93BF93EF93FF931D
:1073600081E69CE00E94E737FF91EF91BF91AF91DA
:107370009F918F917F916F915F914F913F912F914D
:107380000F900FBE0F901F9018951F920F920FB67F
:107390000F9211242F933F934F935F936F937F939B
:1073A0008F939F93AF93BF93EF93FF9389E69CE0F6
:1073B0000E94E737FF91EF91BF91AF919F918F911D
:1073C0007F916F915F914F913F912F910F900FBEE1
:1073D0000F901F9018951F920F920FB60F921124C5
:1073E0002F933F934F935F936F937F938F939F93CD
:1073F000AF93BF93EF93FF9381E79CE00E94E73741
:10740000FF91EF91BF91AF919F918F917F916F917C
:107410005F914F913F912F910F900FBE0F901F9052
:1074200018951F920F920FB60F9211242F933F932E
:107430004F935F936F937F938F939F93AF93BF937C
:10744000EF93FF9389E79CE00E94E737FF91EF916C
:10745000BF91AF919F918F917F916F915F914F916C
:107460003F912F910F900FBE0F901F9018951F9274
:107470000F920FB60F9211242F933F934F935F9368
:107480006F937F938F939F93AF93BF93EF93FF93EC
:1074900081E89CE00E94E737FF91EF91BF91AF91A7
:1074A0009F918F917F916F915F914F913F912F911C
:1074B0000F900FBE0F901F9018951F920F920FB64E
:1074C0000F9211242F933F934F935F936F937F936A
:1074D0008F939F93AF93BF93EF93FF9389E89CE0C3
:1074E0000E94E737FF91EF91BF91AF919F918F91EC
:1074F0007F916F915F914F913F912F910F900FBEB0
:107500000F901F9018951F920F920FB60F92112493
:107510002F933F934F935F936F937F938F939F939B
:10752000AF93BF93EF93FF9381EA9CE00E94E7370C
:10753000FF91EF91BF91AF919F918F917F916F914B
:107540005F914F913F912F910F900FBE0F901F9021
:1075500018951F920F920FB60F9211242F933F93FD
:107560004F935F936F937F938F939F93AF93BF934B
:10757000EF93FF9389E99CE00E94E737FF91EF9139
:10758000BF91AF919F918F917F916F915F914F913B
:107590003F912F910F900FBE0F901F9018951F9243
:1075A0000F920FB60F9211242F933F934F935F9337
:1075B0006F937F938F939F93AF93BF93EF93FF93BB
:1075C00081E99CE00E94E737FF91EF91BF91AF9175
:1075D0009F918F917F916F915F914F913F912F91EB
:1075E0000F900FBE0F901F9018951F920F920FB61D
:1075F0000F9211242F933F934F935F936F937F9339
:107600008F939F93AF93BF93EF93FF9389EA9CE08F
:107610000E94E737FF91EF91BF91AF919F918F91BA
:107620007F916F915F914F913F912F910F900FBE7E
:107630000F901F9018951F920F920FB60F92112462
:107640002F933F934F935F936F937F938F939F936A
:10765000AF93BF93EF93FF9381EB9CE00E94E737DA
:10766000FF91EF91BF91AF919F918F917F916F911A
:107670005F914F913F912F910F900FBE0F901F90F0
:1076800018951F920F920FB60F9211242F933F93CC
:107690004F935F936F937F938F939F93AF93BF931A
:1076A000EF93FF9389EB9CE00E94E737FF91EF9106
:1076B000BF91AF919F918F917F916F915F914F910A
:1076C0003F912F910F900FBE0F901F9018951F9212
:1076D0000F920FB60F9211242F933F934F935F9306
:1076E0006F937F938F939F93AF93BF93EF93FF938A
:1076F00081EC9CE00E94E737FF91EF91BF91AF9141
:107700009F918F917F916F915F914F913F912F91B9
:107710000F900FBE0F901F9018951F920F920FB6EB
:107720000F9211242F933F934F935F936F937F9307
:107730008F939F93AF93BF93EF93FF9389EC9CE05C
:107740000E94E737FF91EF91BF91AF919F918F9189
:107750007F916F915F914F913F912F910F900FBE4D
:107760000F901F9018951F920F920FB60F92112431
:107770002F933F934F935F936F937F938F939F9339
:10778000AF93BF93EF93FF9381ED9CE00E94E737A7
:10779000FF91EF91BF91AF919F918F917F916F91E9
:1077A0005F914F913F912F910F900FBE0F901F90BF
:1077B00018951F920F920FB60F9211242F933F939B
:1077C0004F935F936F937F938F939F93AF93BF93E9
:1077D000EF93FF9389ED9CE00E94E737FF91EF91D3
:1077E000BF91AF919F918F917F916F915F914F91D9
:1077F0003F912F910F900FBE0F901F9018951F92E1
:107800000F920FB60F9211242F933F934F935F93D4
:107810006F937F938F939F93AF93BF93EF93FF9358
:1078200081EE9CE00E94E737FF91EF91BF91AF910D
:107830009F918F917F916F915F914F913F912F9188
:107840000F900FBE0F901F9018951F920F920FB6BA
:107850000F9211242F933F934F935F936F937F93D6
:107860008F939F93AF93BF93EF93FF9389EE9CE029
:107870000E94E737FF91EF91BF91AF919F918F9158
:107880007F916F915F914F913F912F910F900FBE1C
:107890000F901F9018951F920F920FB60F92112400
:1078A0002F933F934F935F936F937F938F939F9308
:1078B000AF93BF93EF93FF9381EF9CE00E94E73774
:1078C000FF91EF91BF91AF919F918F917F916F91B8
:1078D0005F914F913F912F910F900FBE0F901F908E
:1078E00018951F920F920FB60F9211242F933F936A
:1078F0004F935F936F937F938F939F93AF93BF93B8
:10790000EF93FF9389EF9CE00E94E737FF91EF919F
:10791000BF91AF919F918F917F916F915F914F91A7
:107920003F912F910F900FBE0F901F9018951F92AF
:107930000F920FB60F9211242F933F934F935F93A3
:107940006F937F938F939F93AF93BF93EF93FF9327
:1079500081E09DE00E94E737FF91EF91BF91AF91E9
:107960009F918F917F916F915F914F913F912F9157
:107970000F900FBE0F901F9018951F920F920FB689
:107980000F9211242F933F934F935F936F937F93A5
:107990008F939F93AF93BF93EF93FF9389E09DE005
:1079A0000E94E737FF91EF91BF91AF919F918F9127
:1079B0007F916F915F914F913F912F910F900FBEEB
:1079C0000F901F9018951F920F920FB60F921124CF
:1079D0002F933F934F935F936F937F938F939F93D7
:1079E000AF93BF93EF93FF9381E19DE00E94E73750
:1079F000FF91EF91BF91AF919F918F917F916F9187
:107A00005F914F913F912F910F900FBE0F901F905C
:107A10001895FC01CA010FB60F92F89443E0EE0FDF
:107A2000FF1F4A95E1F7E75FF34F848395836683F1
:107A300077830F900FBE80E090E00895CF92DF92A1
:107A4000EF92FF920F931F93CF93DF936C018B0103
:107A5000EA01EE24FF24452B91F0AE01B801C601E6
:107A60000E94704397FF04C08FEFE82EF82E07C0E6
:107A7000080F191FE80EF91EC81BD90B71F7C701B3
:107A8000DF91CF911F910F91FF90EF90DF90CF90FA
:107A90000895CF92DF92EF92FF920F931F93CF93AF
:107AA000DF936C018B01EA01EE24FF24452B91F05A
:107AB000AE01B801C6010E94944397FF04C09FEF36
:107AC000E92EF92E07C0080F191FE80EF91EC81B72
:107AD000D90B71F7C701DF91CF911F910F91FF90E3
:107AE000EF90DF90CF900895FB0101900020E9F71F
:107AF0003197E61BF70BAF010E941E3D0895EF92F0
:107B0000FF920F931F937C018B01CB010E94744D58
:107B1000AC01B801C7010E94493D1F910F91FF9030
:107B2000EF9008952F923F924F925F926F927F92C3
:107B30008F929F92AF92BF92CF92DF92EF92FF927D
:107B40000F931F93CF93DF93CDB7DEB765970FB633
:107B5000F894DEBF0FBECDBF8A8B9B8B4A015B01C1
:107B6000222EC02E81E0821710F02AE0222E44241B
:107B70005524198A6E2C772462FE02C08BE2898B11
:107B800061FE0CC0B7FE0AC08DE2898BB094A09450
:107B900090948094811C911CA11CB11C64FE99C01E
:107BA0008AE295E08C8B9D8B3324E22CFF24002706
:107BB0001127C501B401A80197010E94EB4DDC011A
:107BC000CB01D82EC501B401A80197010E94EB4D4D
:107BD00049015A018E010F5F1F4FD801A30DB11D3E
:107BE000EC89FD89ED0DF11D80818C933394211575
:107BF000310541055105C9F63C1408F068C0898972
:107C00008111CA94C318C30189709070892B19F42B
:107C1000CC2009F04EC08989882309F03DC099E045
:107C20006922772481E06816710439F1832D3A9432
:107C3000882389F4CC2009F44FC041E050E06BE385
:107C400075E08A899B890E941E3D0894411C511C45
:107C5000CA9499F741C0C801830D911D41E050E0DD
:107C6000BC018A899B890E941E3D0894411C511CBD
:107C7000832D3A94882379F7DDCF4C0C511CCC200E
:107C8000A9F241E050E06DE375E08A899B890E948A
:107C90001E3DCA94B1F7CACF41E050E0BE016F5E0D
:107CA0007F4F8A899B890E941E3D0894411C511C6C
:107CB000B6CF41E050E06BE375E08A899B890E9472
:107CC0001E3D0894411C511CCA9499F7A4CFCC24A2
:107CD0009ACF8FE395E066CFC20165960FB6F89410
:107CE000DEBF0FBECDBFDF91CF911F910F91FF90EF
:107CF000EF90DF90CF90BF90AF909F908F907F904C
:107D00006F905F904F903F902F9008954F925F92A9
:107D10006F927F928F929F92AF92BF92CF92DF929B
:107D2000EF92FF920F931F93CF93DF93CDB7DEB700
:107D300021970FB6F894DEBF0FBECDBF4C885D888B
:107D4000CE88DF88E8E18E2E912C8C0E9D1E662455
:107D50007724F60180818823C9F0F601808185327D
:107D6000B9F041E050E0B601C2010E941E3D97FF0C
:107D700003C08FEF9FEF32C10894611C711C0894FF
:107D8000C11CD11CF6018081882339F7C30126C1AB
:107D900030E00894C11CD11CF60180818D3209F4B9
:107DA0001BC18B3209F416C1803311F43160F1CF5D
:107DB0008A3209F4FEC000E010E080538A30C0F43B
:107DC000C80173E0880F991F7A95E1F7800F911F22
:107DD000080F191FF60181916F01992787FD909572
:107DE000080F191F00531040808180538A3040F3E0
:107DF00093E7F60180818C3609F4D6C0F6018081C4
:107E0000833609F463C0833709F460C02AE08F36F3
:107E100009F45AC0883509F451C0883709F44EC0B6
:107E2000843609F449C08537D9F0853251F041E0F4
:107E300050E060E575E0C2010E941E3D0894611C9F
:107E4000711CF6018081882321F40894C108D108AF
:107E500096CF41E050E0B601C2010E941E3D8CCF9A
:107E60009C3601F131FF13C0F40182E090E0880EEE
:107E7000991E80819181AC01662757FD6095762F10
:107E8000E32EC2010E94923D680E791E78CFF40164
:107E900082E090E0880E991E80819181AC01662776
:107EA0007727EECFF40184E090E0880E991E4081A0
:107EB000518162817381E4CF3260D2CF883511F075
:107EC00020E1CECF3061FCCF28E0CACFAA24BB246A
:107ED000833709F449C041E0E42EF12C33FD03C09F
:107EE000E016F1068CF1A114B104D9F0A701B50197
:107EF000C2010E941E3D6E0C7F1CE016F1060CF0C4
:107F00003ECF41E050E06BE375E0C2010E941E3DB0
:107F10000894611C711C01501040E016F1068CF3AE
:107F20002ECFF40182E090E0880E991E8081898333
:107F300041E050E0BE01640F751FC2010E941E3D6A
:107F40000894611C711CD9CF41E050E06BE375E0EF
:107F5000C2010E941E3D0894611C711C015010401A
:107F6000E016F1068CF3BFCFF40182E090E0880EBA
:107F7000991EA080B180A114B10471F0EE24FF24F9
:107F8000F5018191882309F4A9CF0894E11CF11C23
:107F900081918823D1F7A2CF62E5A62E65E0B62EA7
:107FA00056E0E52EF12C9ACF982F0894C11CD11CD5
:107FB00025CF0894C11CD11CF40182E090E0880E0A
:107FC000991E0081118117FF13CF109501951F4F46
:107FD00038600ECF3460DDCE3860DBCE21960FB630
:107FE000F894DEBF0FBECDBFDF91CF911F910F91EF
:107FF000FF90EF90DF90CF90BF90AF909F908F90C9
:108000007F906F905F904F9008958F3F910539F06A
:1080100030F040E050E0BA010E94704302C08FEFA0
:108020009FEF0895FC0120E030E00FB60F92F89426
:108030006115710569F08BB199278095909585FD43
:10804000FACF81918CB92F5F3F4F6150704099F703
:108050000F900FBEC9010895FC0120E030E00FB67B
:108060000F92F8946115710571F08BB19927809585
:10807000909585FDFACF84918CB931962F5F3F4F53
:108080006150704091F70F900FBEC9010895DC0157
:108090000D900020E9F71197A81BB90BBD010E94B4
:1080A000124008950F931F938C010E94744DBC01E0
:1080B000C8010E942C401F910F9108952F923F926A
:1080C0004F925F926F927F928F929F92AF92BF92E8
:1080D000CF92DF92EF92FF920F931F93CF93DF9394
:1080E000CDB7DEB763970FB6F894DEBF0FBECDBF36
:1080F0004B015C01242EC22E81E0841710F08AE02F
:10810000282E44245524198A602E772462FE02C04A
:108110008BE2898B61FE0CC0B7FE0AC08DE2898BB1
:10812000B094A09490948094811C911CA11CB11CCB
:1081300064FE8CC089E595E08A8B9B8B3324E22C0E
:10814000FF2400271127C501B401A80197010E944F
:10815000EB4DDC01CB01D82EC501B401A80197017C
:108160000E94EB4D49015A018E010F5F1F4FD8014C
:10817000A30DB11DEA89FB89ED0DF11D80818C9362
:1081800033942115310541055105C9F63C1408F019
:108190005BC089898111CA94C318C301897090702A
:1081A000892B19F4CC2009F043C089898823B1F5C3
:1081B00099E06922772481E06816710411F1832D1A
:1081C0003A94882379F4CC2009F443C061E070E04C
:1081D0008AE695E00E9412400894411C511CCA9402
:1081E000A9F737C0C801830D911D61E070E00E94BE
:1081F00012400894411C511C832D3A94882391F716
:10820000E2CF4C0C511CCC20D1F261E070E08CE646
:1082100095E00E941240CA94C1F7D1CF61E070E0AE
:10822000CE0141960E9412400894411C511CC0CFBF
:1082300061E070E08AE695E00E9412400894411CDB
:10824000511CCA94A9F7B1CFCC24A7CF8EE695E0F4
:1082500073CFC20163960FB6F894DEBF0FBECDBFD9
:10826000DF91CF911F910F91FF90EF90DF90CF9012
:10827000BF90AF909F908F907F906F905F904F9046
:108280003F902F9008952F923F924F925F926F925E
:108290007F928F929F92AF92BF92CF92DF92EF9296
:1082A000FF920F931F93CF93DF93CDB7DEB7219744
:1082B0000FB6F894DEBF0FBECDBF86E1A82EB12C5D
:1082C000AC0EBD1EF501C190D1905F0166247724EC
:1082D000F60180818823C1F0F60180818532B1F0FA
:1082E00061E070E0C6010E94124097FF03C08FEF6B
:1082F0009FEF40C10894611C711C0894C11CD11CE3
:10830000F6018081882341F7C30134C120E008943D
:10831000C11CD11CF60180818D3209F429C18B3238
:1083200009F424C1803311F42160F1CF8A3209F4B9
:108330000AC1EE24FF2480538A30E0F4C70113E021
:10834000880F991F1A95E1F78E0D9F1DE80EF91EF3
:10835000F60181916F01992787FD9095E80EF91E2E
:10836000B0ED2B2EBFEF3B2EE20CF31C808180532F
:108370008A3020F393E7F60180818C3609F4DEC061
:10838000F6018081833609F46EC0833709F46BC02F
:108390004AE08F3609F465C0883509F45CC0883737
:1083A00009F459C0843609F454C08537C9F08532C0
:1083B00049F061E070E08FE795E00E941240089478
:1083C000611C711CF6018081882321F40894C10886
:1083D000D10893CF61E070E0C6010E9412408ACFBD
:1083E0009C3619F121FF15C0F50182E090E0A80E3E
:1083F000B91E808191811C01442437FC4094542C87
:10840000C201B101022F2E2D0E945E40680E791E1E
:1084100074CFF50192E0492E512CA40CB51C80813B
:1084200091811C0144245524EBCF21FF0BC0F501A1
:1084300054E0252E312CA20CB31C60817181828105
:108440009381E0CFF50134E0432E512CA40CB51CF0
:10845000F4CF2260C5CF883511F040E1C1CF206153
:10846000FCCF48E0BDCF88249924833709F447C066
:1084700001E010E023FD03C00E151F0584F18114F7
:108480009104D1F0B801C4010E941240600E711E27
:108490000E151F050CF031CF61E070E08AE695E023
:1084A0000E9412400894611C711C0894E108F108B4
:1084B0000E151F058CF321CFF50162E0462E512CDD
:1084C000A40CB51C8081898361E070E0CE01860F29
:1084D000971F0E9412400894611C711CD9CF61E063
:1084E00070E08AE695E00E9412400894611C711CBD
:1084F0000894E108F1080E151F058CF3C0CFF501B3
:10850000A2E02A2E312CA20CB31C80809180811411
:10851000910469F000E010E0F4018191882309F4EE
:10852000A9CF0F5F1F4F81918823D9F7A3CF71E89F
:10853000872E75E0972E06E010E09CCF982F0894C8
:10854000C11CD11C1DCF0894C11CD11CF50102E037
:10855000202E312CA20CB31CE080F180F7FE0ACF54
:10856000F094E194F108F394286004CF2460CFCE16
:108570002860CDCE21960FB6F894DEBF0FBECDBFDA
:10858000DF91CF911F910F91FF90EF90DF90CF90EF
:10859000BF90AF909F908F907F906F905F904F9023
:1085A0003F902F9008950F931F93CF93DF938C01EB
:1085B000C091190DD0911A0D209761F0CE0102964D
:1085C000B8010E94634D892B29F00990D881C02DF4
:1085D0002097A1F7CE01DF91CF911F910F910895C0
:1085E0000F931F93CF93DF93EC010FEF1FEF8F3F9C
:1085F0009105D1F0C8F06115710511F06C877D8788
:1086000041114E87CE0102960E94D3429C01892BD4
:1086100059F48091190D90911A0D88839983D09304
:108620001A0DC093190D8901C801DF91CF911F91D7
:108630000F910895CF93DF930E94D342EC01892BD1
:1086400019F08B85823011F0CE010EC0EB89FC89C8
:10865000CE010995BC01009729F4AC01CE010E941E
:108660004243F2CF80E090E0DF91CF910895FC018A
:108670008385823021F4CF010E94174602C08FEF1C
:108680009FEF0895FC01892B51F08385823019F00A
:108690008FEF9FEF0EC0CF010E94BE430AC06F3F15
:1086A0007105B1F3A8F31416150694F7CB010E94D7
:1086B000F1300895FC018385823021F4CF010E94BE
:1086C0000B4402C08FEF9FEF0895FC018385823039
:1086D00021F4CF010E94924402C08FEF9FEF0895D2
:1086E000FC01DB01892B51F08385823019F08FEF7B
:1086F0009FEF0EC0CF010E94F4440AC06F3F710586
:10870000B1F3A8F31416150694F78C910E94FC306F
:108710000895FC018385823021F4CF010E944545F4
:1087200002C08FEF9FEF0895FC01892B51F08385E4
:10873000823019F08FEF9FEF0BC0CF010E94D1451F
:1087400007C014161506B4F7FB0184910E94FC3093
:108750000895FC01009779F08F3F910531F028F0E2
:10876000258936892115310519F48FEF9FEF05C052
:10877000F901099502C00E94BF320895EF92FF925D
:108780000F931F93CF93DF93FC018B017A018F3FEF
:10879000910599F190F1C785D089288139812115FA
:1087A000310559F16115710559F16F3F710529F1D5
:1087B00020F19F818E819817C1F060E070E06E1506
:1087C0007F050CF52F818E812817E9F0FE01E20F5D
:1087D000F11D8485F80181938F012F5F2F836F5FD7
:1087E0007F4F6E157F0574F30EC0CF01F901099517
:1087F000892B19F360E070E006C06FEF7FEF03C0D4
:108800008E818F83F7CFCB01DF91CF911F910F9195
:10881000FF90EF900895CF92DF92EF92FF920F9327
:108820001F93CF93DF93DC01EB017A01CC24DD248D
:108830001F960D911C915097F801208131812115CF
:10884000310509F464C0672B11F0452B29F4F801B8
:1088500086818783C6015DC0F8019781868198175C
:1088600009F44EC00894E108F10820E030E02E152C
:108870003F05ECF4F801978186819817C1F0E90F64
:10888000F11D4485842F81528E35E0F44232D1F0BF
:108890004C3579F049932F5F3F4FF80187818F5F07
:1088A00087830894C11CD11C2E153F051CF3188228
:1088B000D1CFC90102968E159F05CCF749932F5F42
:1088C0003F4FE8CFB9016C5F7F4F6E157F057CF796
:1088D0008CE5899388E78993842F82958F7028E8A7
:1088E00035E0F901E80FF11D80818993E42FFF271E
:1088F000EF70F070E20FF31F808189939B01CDCF61
:10890000CD01F9010995892B09F0A4CFABCF8FEFE9
:108910009FEFDF91CF911F910F91FF90EF90DF902C
:10892000CF900895AF92BF92CF92DF92EF92FF92D5
:108930000F931F93CF93DF936C017B018FEFC816CA
:10894000D10409F008F443C0F601C785D0898881B5
:108950009981892BE1F16F3F7105C9F1C0F100E008
:1089600010E05A010894A108B1080A151B05C4F4C7
:108970009F818E819817F9F08F81FE01E80FF11D1C
:1089800094858F5F8F839D3079F09A3069F01B86D4
:10899000F70191937F010F5F1F4F0A151B0544F3E9
:1089A000F7011082C80115C08B85882311F0891743
:1089B000A1F79B87F5CFE881F981C6010995892B3D
:1089C000D9F20115110561F70FEF1FEFE9CF8FEF16
:1089D0009FEFDF91CF911F910F91FF90EF90DF906C
:1089E000CF90BF90AF900895CF92DF92EF92FF9219
:1089F0001F93CF93DF93FC017B016A018F3F9105A9
:108A000099F190F1C785D0892A813B8121153105E3
:108A100059F16115710559F16F3F710529F120F187
:108A200019851F5F88851817D1F060E070E06C151C
:108A30007D0514F588851817F9F08985FE01E80F82
:108A4000F11DE45FFE4FD7018D917D018083198771
:108A50001F5F6F5F7F4F6C157D0564F30DC0CF0105
:108A6000F901099597FFE1CF6FEF7FEF05C0F9019D
:108A700009959923CCF3B701CB01DF91CF911F91D9
:108A8000FF90EF90DF90CF900895EF92FF920F93B9
:108A90001F93CF93DF93DC01EB01EE24FF241F969D
:108AA0000D911C915097F801428153814115510558
:108AB00009F460C0672B09F460C0F8018185282F94
:108AC00033272F5F3F4F808599272817390709F4EF
:108AD0004CC0F80141854F5F8085481709F442C0BA
:108AE00088818823C9F0F80180854817A9F088811A
:108AF0008C35A1F0982F2196F8018185E80FF11DA2
:108B0000E45FFE4F9083F80141874F5F0894E11CBA
:108B1000F11C8881882339F7C7013CC021968881E0
:108B2000883741F7219688818A33D4F0982F97535C
:108B30009295907F2196292F332788818A3344F09C
:108B4000992787FD9095280F391F922F9753D3CFE0
:108B5000992787FD9095280F391F922F9053CBCFDF
:108B6000982FE6CF80E090E015C0CD01FA0109957D
:108B700097FFAFCF8FEF9FEF0DC0FA010995892FB7
:108B8000992787FD9095809590958827990F881F44
:108B900099270197DF91CF911F910F91FF90EF904F
:108BA0000895CF92DF92EF92FF921F93CF93DF93BE
:108BB000FC017B016A018F3F910579F170F1C78556
:108BC000D0892A813B812115310539F119851F5F33
:108BD00088851817E9F020E030E02C153D05B4F445
:108BE0008885181799F08985DE01A80FB11DA45F4B
:108BF000BE4FF70184918C930894E11CF11C1987F6
:108C00001F5F2F5F3F4F2C153D0554F3C90107C06F
:108C1000CF01F901099597FFDECF8FEF9FEFDF912D
:108C2000CF911F91FF90EF90DF90CF900895CF9359
:108C3000DF93FC018F3F910571F068F0A785B08943
:108C4000AF3FB10541F038F014962D913C91159746
:108C50002115310519F48FEF9FEF02C0F901099535
:108C6000DF91CF910895CF93DF93EC016BE17DE02D
:108C7000E0911B0DF0911C0D309721F12E813F8169
:108C80004885598586819781A085B1852817390740
:108C90004A075B0778F0281B390B4A0B5B0B2E83C6
:108CA0003F8348875987BF010190F081E02D3097BD
:108CB00029F708C0821B930BA40BB50B86839783FF
:108CC000A087B187E883F983DB01CD93DC93DF9143
:108CD000CF910895CF93DF938091230D8F5F809381
:108CE000230D8091230D8031A8F01092230D8091E7
:108CF0001F0D9091200DA091210DB091220D019694
:108D0000A11DB11D80931F0D9093200DA093210DE7
:108D1000B093220D80911B0D90911C0D892B09F4AD
:108D200087C0E0911B0DF0911C0D86819781A08575
:108D3000B1850097A105B10579F0E0911B0DF09187
:108D40001C0D86819781A085B1850197A109B10984
:108D500086839783A087B18780911B0D90911C0D0E
:108D6000892B09F465C0E0911B0DF0911C0D8681E3
:108D70009781A085B1850097A105B10509F058C07C
:108D8000E0911B0DF0911C0D82859385892BD9F5FF
:108D9000C0911B0DD0911C0DE0911B0DF0911C0D8D
:108DA0008081918190931C0D80931B0D8A819B8102
:108DB000AC81BD818E839F83A887B9870097A10569
:108DC000B105E9F480911D0D90911E0D8883998362
:108DD000D0931E0DC0931D0D80911B0D90911C0D05
:108DE000892B31F1E0911B0DF0911C0D868197814B
:108DF000A085B1850097A105B10511F219C0CE017A
:108E00000E943346E9CFE0911B0DF0911C0DA0911B
:108E10001B0DB0911C0D0284F385E02D1C966D9105
:108E20007C911D9780911B0D90911C0D0995B0CFE1
:108E3000DF91CF9108952F923F924F925F926F9260
:108E40007F928F929F92AF92BF92CF92DF92EF92DA
:108E5000FF920F931F93CF93DF93CDB7DEB7239786
:108E60000FB6F894DEBF0FBECDBF3B014C012A0107
:108E7000190109830FB60F92F89480911D0D9091FE
:108E80001E0D8A839B83892B09F451C0E0911D0D2F
:108E9000F0911E0D8081918190931E0D80931D0D88
:108EA000EA81FB81EF2B09F449C08DE7E82EF12C14
:108EB000012D112DC401B301A80197010E94EB4DB2
:108EC00059016A01A20EB31EC41ED51EC401B3010E
:108ED000A80197010E94EB4DDC01CB01CF97A105C2
:108EE000B10528F00894A11CB11CC11CD11CEA8159
:108EF000FB81A682B782C086D186F981F0FF10C0BF
:108F0000EA81FB811282138214821582EA81FB813D
:108F10004286538624863586CF010E9433460EC092
:108F2000EA81FB81A282B382C482D582EFCF8EE038
:108F300090E00E94EB4B8A839B83B2CF0F900FBED1
:108F40008A819B8123960FB6F894DEBF0FBECDBFFA
:108F5000DF91CF911F910F91FF90EF90DF90CF9015
:108F6000BF90AF909F908F907F906F905F904F9049
:108F70003F902F900895EF92FF920F936115710526
:108F80008105910549F10FB60F92F894E0902A0DF2
:108F9000F0902B0D01E020912A0D30912B0D4EE920
:108FA0005AE40E941B47F701838B948B892B19F499
:108FB0000F900FBE13C06EE27DE080912A0D90915C
:108FC0002B0D0E94724AE0912A0DF0912B0D83E047
:108FD00085870E94F349ECCF0E94A54A0F91FF902C
:108FE000EF900895CF93DF93EBE1FDE0C0911B0D6F
:108FF000D0911C0D209779F1C817D90739F0FE01DF
:109000000990D881C02D2097B9F725C08881998112
:109010008083918380819181892B99F00190F081E7
:10902000E02D86819781A085B1852E813F8148857D
:109030005985820F931FA41FB51F86839783A0872E
:10904000B18780911D0D90911E0D88839983D093D7
:109050001E0DC0931D0DDF91CF9108950FB60F9295
:10906000F8940E94F24720911D0D30911E0D209121
:109070001D0D30911E0D21153105A1F0E0911D0D42
:10908000F0911E0D8081918190931E0D80931D0D96
:10909000C9010E94744C20911D0D30911E0D2115A7
:1090A000310561F70F900FBE08952091280D309182
:1090B000290DE22FF32F3197F1F78A95D1F7089513
:1090C0008091240D9091250DA091260DB091270D32
:1090D000BC01CD010895EF92FF920F931F9387B7C4
:1090E0008E7F87BF87B78D7F87BF80B7886080BF3F
:1090F00012BE82E083BF40E050E06AE676E48FE093
:1091000090E00E94093D00B601FCFDCF87B7816069
:1091100087BF80E19927AA27B091230DB230E0F3F1
:10912000000000000196A11DB091230DB330C0F3E3
:109130008093240D9093250DA093260D87B78E7FE5
:1091400087BF8091240D9091250DA091260DB0919F
:10915000270DBC01CD0120EA30E040E050E00E9444
:10916000C04D7B018C016093240D7093250D80937D
:10917000260D9093270D20EA3FE040E050E00E944A
:10918000EB4D3093290D2093280DC801B7011F9195
:109190000F91FF90EF9008950E946B4887B7816010
:1091A00087BF08959C01DB01ED91FC9111978FEF32
:1091B000EF3FF807D1F03097C1F083899489821787
:1091C000930741F0DF0112960280F381E02D309782
:1091D000A1F70BC0828193818D939C93128213829D
:1091E000138A148ACF010E948C4A0895AF92BF92CD
:1091F000CF92DF92EF92FF920F93CF93DF93EC0128
:109200005A016B010FB60F92F894888199818F5F94
:109210009F4F09F44FC06EE27DE080912A0D90913E
:109220002B0D0E94724AE0912A0DF0912B0D83E0E4
:109230008587BE0180912A0D90912B0D0E94524A84
:10924000A114B104C104D10429F5E0912A0DF091D3
:109250002B0D138A148A0E94F349E0912A0DF09194
:109260002B0D83899489892B59F0E0912A0DF09177
:109270002B0D138A148A0F900FBE80E090E029C056
:10928000A114B104C104D104B1F30F900FBE8FEF4C
:109290009FEF1FC0E0902A0DF0902B0D01E09E0182
:1092A00042ED58E4C601B5010E941B47F701838BCC
:1092B000948BD1CF0F900FBE0E94A54A0FB60F928C
:1092C000F894888199818F5F9F4FA9F6188219823F
:1092D000D2CFDF91CF910F91FF90EF90DF90CF90A1
:1092E000BF90AF900895FC010FB60F92F894808163
:1092F00091818F5F9F4F11F410821182CF010E94E4
:10930000F6480F900FBE0895CF93DF93FC01808144
:1093100091818F5F9F4FB9F0C081D181209779F003
:10932000BF01CE010E94724A8B899C89009721F46B
:10933000CE010E948C4A07C00E94F247F9CF8FEFFE
:109340009FEF80839183DF91CF9108950FB60F92A5
:10935000F8940E94844920912A0D30912B0D809120
:109360002E0D90912F0D2817390741F0E0912A0D0D
:10937000F0912B0D82E085870E94F3490F900FBE7C
:109380000895CF93DF93EC01888199812FEF8F3F70
:10939000920749F0892B39F0CE010E9484498881D7
:1093A0009981892BC9F7DF91CF910895CF93DF93EE
:1093B000EC01888199812FEF8F3F920749F0892B2B
:1093C00039F0CE010E94A64988819981892BC9F77D
:1093D000DF91CF9108959F918F910F900BBE0F90C9
:1093E0000FBE1F9018950F921F922F923F924F928F
:1093F0005F926F927F928F929F92AF92BF92CF9225
:10940000DF92EF92FF920F931F932F933F934F930F
:109410005F936F937F938F939F93AF93BF93CF93FC
:10942000DF93EF93FF938DB79EB7E0912A0DF091F4
:109430002B0D8687978780912E0D90912F0D9093FD
:109440002B0D80932A0DE0912A0DF0912B0D81E0D8
:109450008587E0912A0DF0912B0D868597858DBF2C
:109460009EBFFF91EF91DF91CF91BF91AF919F91FF
:109470008F917F916F915F914F913F912F911F91AC
:109480000F91FF90EF90DF90CF90BF90AF909F90A3
:109490008F907F906F905F904F903F902F901F9094
:1094A0000F900895CF93DF93EC01DB016D8B7E8BE2
:1094B000ED91FC911197309771F0808998899817F8
:1094C00050F0DF0112960280F381E02D309719F001
:1094D00080899817B0F7EA83FB83CD93DC93DF9103
:1094E000CF910895DB01ED91FC911197309799F0A0
:1094F000E817F90741F0DF0112960280F381E02DB1
:109500003097B1F708C0828193818D939C9312822A
:109510001382158A168A0895CF93DF93EC01892B65
:1095200051F08D85833039F46EE27DE0CE010E94EA
:10953000524A82E08D87DF91CF910895FB01138A13
:10954000148ACB010E948C4A08950FB60F92F894AA
:1095500020912A0D30912B0D80912E0D90912F0D81
:1095600028173907A1F020912A0D30912B0D8091F9
:109570002E0D90912F0D2817390751F1E0912A0DEA
:10958000F0912B0D82E085870E94F34921C0E09184
:109590002A0DF0912B0D82819381892B21F3E0918B
:1095A0002A0DF0912B0D8281938190932F0D809342
:1095B0002E0DE0912A0DF0912B0D128213826EE296
:1095C0007DE080912A0D90912B0D0E94524ACBCFC5
:1095D0000F900FBE08951F93CF93182FE0912A0D7F
:1095E000F0912B0DC0890FB60F92F8946EE27DE0DA
:1095F00080912A0D90912B0D0E94724AE0912A0DC4
:10960000F0912B0D108B6EE27DE080912A0D9091F0
:109610002B0D0E94524A20912A0D30912B0D8091E2
:109620002E0D90912F0D2817390749F0E0912A0D42
:10963000F0912B0D82E085870E94F34906C0E091EE
:109640002A0DF0912B0D81E085870F900FBE8C2F96
:109650009927CF911F910895AF92BF92CF92DF9239
:10966000EF92FF920F931F93CF93DF937C016B01D7
:109670005A0189010FB60F92F894C90147960E94CA
:10968000EB4BEC01009709F47BC0080F191FB801E0
:1096900067507040A8014952504028E0C801049624
:1096A000DC01F70101900D922A95E1F7C8018A9734
:1096B000F80186879787C18BD28B8FEE9EEBADEA40
:1096C000BEED88839983AA83BB838C839D83AE83FD
:1096D000BF8388879987AA87BB878C879D87AE873A
:1096E000BF8780E4808B8D2D9927FB018583C682FF
:1096F00080E8838312821482A1828B2D9927808334
:109700002BEE39E4832F9927FA0180A321A38091BE
:109710002C0D90912D0DD8018D939C931197109342
:109720002D0D00932C0DC2E01D96CC931D975396E2
:109730001D921C92549755961D921C9256976EE25C
:109740007DE0C8010E94524A80912A0D90912B0D14
:10975000892B09F470CE20912A0D30912B0D809128
:109760002E0D90912F0D2817390739F0E0912A0D11
:10977000F0912B0DC5870E94F3490F900FBEC801D1
:10978000DF91CF911F910F91FF90EF90DF90CF90DD
:10979000BF90AF9008950F931F93CF93DF938C01E9
:1097A000C0912C0DD0912D0D209761F0CE01049623
:1097B000B8010E94634D892B41F00990D881C02DDA
:1097C0002097A1F780E090E001C0CE01DF91CF911A
:1097D0001F910F910895CF93DF93AC01C0E0D0E0CB
:1097E000DE018091320D9091330D4817590708F032
:1097F00062C04A5F5F4F4430510510F444E050E0CE
:10980000E091300DF091310D60E37DE03097D1F0C3
:10981000208131812417350768F02417350709F4B2
:1098200047C0209729F0888199812817390710F4BB
:10983000EF01DB01BF016E5F7F4F0280F381E02DFE
:10984000309731F72097B9F1CA010A9628813981FA
:109850008217930740F5FE01E40FF51F241B350B1B
:10986000208331838A819B818283938348835983B8
:10987000ED93FC938091320D9091330DE881F98145
:109880008E1B9F0B9093330D8093320DEC0FFD1FB9
:1098900034978FEE9EEBADEABEED80839183A28379
:1098A000B383229608C08A819B818D939C93E2CFDB
:1098B000EF01DB01C7CFCE01DF91CF9108950F9368
:1098C0001F93CF93DF938C010E94EB4BEC01009729
:1098D00029F0A80160E070E00E94444DCE01DF91C4
:1098E000CF911F910F910895CF93DF93DC011297D1
:1098F0008091320D9091330D2D913C911197820FF3
:10990000931F9093330D8093320DE091300DF091C1
:10991000310D60E37DE03097B1F040815181CF019E
:10992000840F951F8A179B07D9F1AE17BF07D8F090
:10993000A817B907A8F0BF016E5F7F4F0280F381BF
:10994000E02D309751F7309719F080E090E042C059
:109950001296ED93FC931397FB01A083B183F5CF8F
:109960008FEF9FEF37C0EB01A883B9832D913C9116
:109970001197CD01820F931F8E179F0729F0129622
:10998000ED93FC931397DFCF240F351F2D933C935A
:1099900011978281938112968D939C931397D3CFC5
:1099A0002D913C911197240F351F20833183EF01B6
:1099B000C20FD31F82819381C817D90721F68881EE
:1099C0009981280F391F208331838A819B8182836B
:1099D0009383B9CFDF91CF910895FC016193719387
:1099E000CF010E94744C08958091320D9091330DF7
:1099F00008954115510569F0DC01E199FECF7FBB67
:109A00006EBBE09A6F5F7F4F0DB20D924150504098
:109A1000B1F70895E199FECF9FBB8EBB6DBB0FB62A
:109A2000F894E29AE19A0FBE0895E62FF72F2E2FB1
:109A30003F2F4230ECF04A3031F497FB99231CF46D
:109A4000909581959F4F642F77270E940D4E805DE2
:109A50008A330CF0895D8193862F972F009799F7B1
:109A6000552750F9552311F05DE25193932F822F22
:109A700010820C948B4DFB01DC0102C001900D9211
:109A800041505040D8F70895DC0101C06D9341501A
:109A90005040E0F70895FB01DC010D900020E9F74C
:109AA000119701900D920020E1F70895FC010190BB
:109AB000061629F00020D9F78827992708953197AD
:109AC0008E2F9F2F0895FB01DC018D91019080194D
:109AD00011F40020D1F7990B0895FB01DC010190EE
:109AE0000D920020E1F70895FC0105900020E9F7B0
:109AF000809590958E0F9F1F0895FB01DC014150CA
:109B0000504030F08D910190801919F40020B9F780
:109B1000881B990B0895DC01FC0101900020E9F7F6
:109B20003297AE17BF0730F47C9160817083319714
:109B30006D93F7CF0895DC01FB015191552391F00E
:109B4000882799270D90002059F00516D9F701961E
:109B500051915523B9F7A81BB90B8A2F9B2F089554
:109B6000882799270895DC015C91552341F05F7D9A
:109B700051341CF05B350CF45C931196F5CF0895CD
:109B8000629FD001739FF001829FE00DF11D649FE1
:109B9000E00DF11D929FF00D839FF00D749FF00D6D
:109BA000659FF00D9927729FB00DE11DF91F639F0E
:109BB000B00DE11DF91FBD01CF0111240895991BBE
:109BC00079E004C0991F961708F0961B881F7A95B4
:109BD000C9F780950895A1E21A2EAA1BBB1BFD01AF
:109BE0000DC0AA1FBB1FEE1FFF1FA217B307E4077C
:109BF000F50720F0A21BB30BE40BF50B661F771FD4
:109C0000881F991F1A9469F76095709580959095B3
:109C10009B01AC01BD01CF010895AA1BBB1B51E103
:109C200007C0AA1FBB1FA617B70710F0A61BB70BCC
:109C3000881F991F5A95A9F780959095BC01CD0171
:049C40000895FFCFB5
:109C440000069820000000C20100190019000D0A46
:109C54002043726561746520536F636B65743220B1
:109C64004572726F7220000D0A204175746820617C
:109C74007420257320000D0A20446574726F7920C6
:109C8400736F73747265616D32202620736F636B1A
:109C940032204F2E4B200052656365697665643A25
:109CA40066726F6D2045746865726E75745B457479
:109CB4006865726E757420283136312E3234362E32
:109CC400352E3939295D0D0A204E4F57207379738B
:109CD40074656D2068656170206973200D0A2E0D0E
:109CE4000A20007561727430000D0A415441706F8E
:109CF4007033207365727665722076657220203227
:109D04002E300D0A00436F6E6669677572696E675F
:109D14002045746865726E657420696E7465726638
:109D24006163650D0A003235352E3235352E3235F4
:109D3400352E30003136312E3234362E352E313335
:109D4400350065746830003136312E3234362E35A4
:109D54002E31003136312E3234362E342E33005229
:109D6400656365697665643A66726F6D20457468EB
:109D740065726E75745B45746865726E75742028BF
:109D84003136312E3234362E352E3939295D0D0ACD
:109D9400204E4F572073797374656D206865617028
:109DA40020697320000D0A2E0D0A000D0A2043724B
:109DB4006561746520536F636B65743120457272FD
:109DC4006F7220000D0A2043726561746520736F01
:109DD40073747265616D204572726F7220002B4F2F
:109DE4004B20504F5033203136312E3234362E35FD
:109DF4002E39392076657220312E302073657276C3
:109E040065722072656164790D0A005553455200EC
:109E14004154415941002B4F4B2075736572206E9C
:109E2400616D652076616C69642C70617373776F02
:109E3400726420706C656173650D0A200050415393
:109E440053004B4E49474854002B4F4B204D6169FA
:109E54006C626F78206F70656E2C202564204D65D0
:109E64007373616765730D0A004E4F4F50002B4F9B
:109E74004B204E4F4F5020646F6E650D0A005253B5
:109E84004554002B4F4B20526573657420646F6EEC
:109E9400650D0A0051554954002B4F4B20517569EB
:109EA40074204F2E4B206E69636520746F20736598
:109EB40072766520796F75282D5F2D290D0A005360
:109EC400544154002B4F4B2025642025640D0A0077
:109ED4004C495354002B4F4B206D61696C206861D1
:109EE400732064657461696C200D0A202564202543
:109EF400640D0A2E0D0A0052455452002B4F4B207C
:109F04002564206F6374657473200D0A2025730023
:109F140044454C45002B4F4B2064656C65746520AB
:109F240066696E650D0A0043415041002D45525249
:109F34002075646F726120636F6E6E65637465640F
:109F4400200D0A005549444C002B4F4B20556E6997
:109F54007175652D4944206C697374696E6720209E
:109F6400666F6C6C6F77730D0A002564202025786A
:109F7400200D0A2E0D0A002D45525220696E76617D
:109F84006C69642070617373776F72640D0A002DBD
:109F94004552522075736572206E616D65206E6F37
:109FA400742076616C69640D0A20000D0A204372E6
:109FB4006561746520736F73747265616D204F2ED3
:109FC4004B20006D61696E0069646C65000010745B
:109FD4006370736D0061727065780000069800000C
:109FE400003235352E3235352E3235352E300032AD
:109FF40035352E302E302E300000106382536364CA
:10A0040068637063000000756172743000000000C2
:10A0140002000000D309C6097F33BF3206000000E6
:10A02400000000000000000000000000000000002C
:10A03400000000000000000000DC0500000000003B
:10A04400004537000065746830000000000003001C
:10A054000000DC04DF0BA43700007070707278001D
:10A0640025730D0A00727869350030313233343586
:10A0740036373839414243444546002000300030E9
:10A08400313233343536373839616263646566009A
:10A094002500284E554C4C290030313233343536A6
:10A0A40037383941424344454600200030003031BE
:10A0B4003233343536373839616263646566002576
:10A0C40000284E554C4C2900303132333435363764
:0AA0D400383941424344454600007C
:00000001FF
