:020000040000FA
:10000000FFFFFFFF5599AA660C000180000000E089
:100010000C8006800000002C0C8004800200FCA7ED
:100020000C800380808202C90C0003800000000065
:100030000C000180000000900C0004800000000013
:100040000C000180000000800C0002000A00FE117C
:1000500000000000000000000000000000000000A0
:100060000000000000000000000000000000000090
:100070000000000000000000000000000000000080
:100080000000000000000000000000000000000070
:100090000000000000000000000000000000000060
:1000A0000000000000000000000000000000000050
:1000B0000000000000000800000000000010000028
:1000C0000000000000000000000000000000000030
:1000D0000000000000000000000000000000000020
:1000E0000000000000000000000000000000000010
:1000F0000000000000000000000000000000000000
:1001000000000000000000000000000000000000EF
:1001100000000000000000000000000000000000DF
:1001200000000000000000000000000000000000CF
:1001300000000000000000000000000000000000BF
:1001400000000000000000000000000000000000AF
:10015000000000000000000000000000000000009F
:10016000000000000000000000000000000000008F
:10017000000000000000000000000000000000007F
:10018000000000000000000000004A000000000025
:10019000005200000000000000000000000000000D
:1001A000000000000000000000000000000000004F
:1001B000000000000000000000000000000000003F
:1001C000000000000000000000000000000000002F
:1001D000000000000000000000000000000000001F
:1001E000000000000000000000000000000000000F
:1001F00000000000000000000020006090000008E7
:1002000000000000000000000000000000000000EE
:1002100000000000000000000000000000000000DE
:1002200000000000000000000000000000000000CE
:1002300000000000000000000000000000000000BE
:1002400000000000000000000000000000000000AE
:10025000000000000000000000000000000000009E
:10026000000000000000000000000000000000008E
:10027000000000000000000000000000000000007E
:10028000000000000000000000000000000000006E
:10029000000000000000000000000000000000005E
:1002A000000000000000000000000000000000004E
:1002B000000000000000000000000000000000003E
:1002C000000000000000000004808000000000002A
:1002D000000000000000000000000000000000001E
:1002E000000000000000000000000000000000000E
:1002F00000000000000000000000000000000000FE
:1003000000000000000000000000000000000000ED
:1003100000000000000000000000000000000000DD
:1003200000000000000000000000000000000000CD
:1003300000000000000000000000000000000000BD
:1003400000000000000000000000000000000100AC
:10035000C6050000000000000000000000000000D2
:10036000000000000000000000000000000000008D
:10037000000000000000000000000000000000007D
:100380000000000000000000000000000000050C5C
:1003900000A0050028180000000000000000000078
:1003A000000000000000000000000000000000004D
:1003B000000000000000000000000000000000003D
:1003C000000000000000000000000000000000002D
:1003D000000000000000000000000000000000001D
:1003E000000000000000000000000000000000000D
:1003F00000000000000000000000000000000000FD
:1004000000000000000000000000000000000000EC
:1004100000000000000000000000000000000000DC
:1004200000000000000000000000000000000000CC
:1004300000000000000000000000000000000000BC
:1004400000000000000000000000000000000000AC
:10045000000000000000000000000000000000009C
:10046000000000000000000000000000000000008C
:100470001800000000000000000000000000000064
:10048000000000000000000000000000000000006C
:10049000000000000000000000000000000000005C
:1004A000000000000000000000000000000000004C
:1004B000000000000000000000000000000000003C
:1004C000000000000000000000000000000000002C
:1004D000000000000000000000000000000000001C
:1004E000000000000000000000000000000000000C
:1004F00000000000000000000000000000000000FC
:1005000000000000000000000000000000000000EB
:1005100000000000000000000000000000000000DB
:1005200000000000000000000000000000000000CB
:100530000000000000000000000010810800000022
:1005400000000000000000000000000000000000AB
:10055000000000000000000000000000000000009B
:10056000000000000000000000000000000000008B
:10057000000000000000000000000000000000007B
:10058000000000000000000000000000000000006B
:10059000000000000000000000000000000000005B
:1005A000000000000000000000000000000000004B
:1005B000000000000000000000000000000000003B
:1005C000000000000000000000000000000000002B
:1005D000000000000000000000000000000000001B
:1005E000000000000000000000000000000000000B
:1005F00000000000000000000000000000000000FB
:100600000000000000000000000000000000008169
:1006100000000000000000000000000000000000DA
:1006200000000000000000000000000000000000CA
:1006300000000000000000000000000000000000BA
:1006400000000000000000000000000000000000AA
:10065000000000000000000000000000000000009A
:10066000000000000000000000000000000000008A
:10067000000000000000000000000000000000007A
:10068000000000000000000000000000000000006A
:10069000000000000000000000000000000000005A
:1006A000000000000000000000000000000000004A
:1006B000000000000000000000000000000000003A
:1006C000000000000000000000000000000000002A
:1006D000000000000000000000000000000000001A
:1006E000000000000000000000000000000000000A
:1006F00000000000000000000000000000000000FA
:1007000000000000000000000000000000000000E9
:1007100000000000000000000000000000000000D9
:1007200000000000000000000000000000000000C9
:1007300000000000000000000000000000000000B9
:1007400000000000000000000000000000000000A9
:100750000000000000000000000000000000000099
:100760000000000000000000000000000000000089
:100770000000000000000000000000000000000079
:100780000000000000000000000000000000000069
:100790000000000000000000000000000000000059
:1007A0000000000000000000000000000000000049
:1007B0000000000000000000000000000000000039
:1007C0000000000000000000000000000000000029
:1007D0000000000000000000000000000000000019
:1007E0000000000000000000000000000000000009
:1007F00000000000000000000000000000000000F9
:1008000000000000000000000000000000000000E8
:1008100000000000000000000000000000000000D8
:1008200000000000000000000000000000000000C8
:1008300000000000000000000000000000000000B8
:1008400000000000000000000000000000000000A8
:100850000000000000000000000000000000000098
:100860000000000000000000000000000000000088
:100870000000000000000000000000000000000078
:100880000000000000000000000000000000000068
:100890000000000000000000000000000000000058
:1008A0000000000000000000000000000000000048
:1008B0000000000000000000000000000000000038
:1008C0000000000000000000000000000000000028
:1008D0000000000000000000000000000000000018
:1008E0000000000000000000000000000000000008
:1008F00000000000000000000000000000000000F8
:1009000000000000000000000000000000000000E7
:1009100000000000000000000000000000000000D7
:1009200000000000000000000000000000000000C7
:1009300000000000000000000000000000000000B7
:1009400000000000000000000000000000000000A7
:100950000000000000000000000000000000000097
:100960000000000000000000000000000000000087
:100970000000000000000000000000000000000077
:100980000000000000000000000000000000000067
:100990000000000000000000000000000000000057
:1009A0000000000000000000000000000000000047
:1009B0000000000000000000000000000000000037
:1009C0000000000000000000000000000000000027
:1009D0000000000000000000000000000000000017
:1009E0000000000000000000000000000000000007
:1009F00000000000000000000000000000000000F7
:100A000000000000000000000000000000000000E6
:100A100000000000000000000000000000000000D6
:100A200000000000000000000000000000000000C6
:100A300000000000000000000000000000000000B6
:100A400000000000000000000000000000000000A6
:100A50000000000000000000000000000000000096
:100A60000000000000000000000000000000000086
:100A70000000000000000000000000000000000076
:100A80000000000000000000000000000000000066
:100A90000000000000000000000000000000000056
:100AA0000000000000000000000000000000000046
:100AB0000000000000000000000000000000000036
:100AC0000000000000000000000000000000000026
:100AD0000000000000000000000000000000000016
:100AE0000000000000000000000000000000000006
:100AF00000000000000000000000000000000000F6
:100B000000000000000000000000000000000000E5
:100B100000000000000000000000000000000000D5
:100B200000000000000000000000000000000000C5
:100B300000000000000000000000000000000000B5
:100B400000000000000000000000000000000000A5
:100B50000000000000000000000000000000000095
:100B60000000000000000000000000000000000085
:100B70000000000000000000000000000000000075
:100B80000000000000000000000000000000000065
:100B90000000000000000000000000000000000055
:100BA0000000000000000000000000000000000045
:100BB0000000000000000000000000000000000035
:100BC0000000000000000000000000000000000025
:100BD0000000000000000000000000000000000015
:100BE0000000000000000000000000000000000005
:100BF00000000000000000000000000000000000F5
:100C000000000000000000000000000000000000E4
:100C100000000000000000000000000000000000D4
:100C200000000000000000000000000000000000C4
:100C300000000000000000000000000000000000B4
:100C400000000000000000000000000000000000A4
:100C50000000000000000000000000000000000094
:100C60000000000000000000000000000000000084
:100C70000000000000000000000000000000000074
:100C80000000000000000000000000000000000064
:100C90000000000000000000000000000000000054
:100CA0000000000000000000000000000000000044
:100CB00040020000000000000000000000000000F2
:100CC0000000000000000000000000000000000024
:100CD0000000000000000000000000000000000014
:100CE0000000000000000000000000000000000004
:100CF00000000000000000000000000000000000F4
:100D000000000000000000000000000000000000E3
:100D100000000000000000000000000000000000D3
:100D200000000000000000000000000000000000C3
:100D300000000000000000000000000000000000B3
:100D400000000000000000000000000000000000A3
:100D50000000000000000000000000000000000093
:100D60000000000000000000000000000000000083
:100D70000000000000000000000000000000000073
:100D80000000000000000000000000000000000063
:100D90000000000000000000000000000000000053
:100DA0000000000000000000000000000000000043
:100DB0000000000000000000000000000000000033
:100DC0000000000000000000000000000000000023
:100DD0000000000000000000000000000000000013
:100DE0000000000000000000000000000000000003
:100DF00000000000000000000000000000000000F3
:100E000000000000000000000000000000000000E2
:100E100000000000000000000000000000000000D2
:100E200000000000000000000000000000000000C2
:100E300000000000000000000000000000000000B2
:100E400000000000000000000000000000000000A2
:100E50000000000010000000000000000000000082
:100E60000000000000000000000000000000000082
:100E70000000000000000000000000000000000072
:100E80000000000000000000000000000000000062
:100E90000000000000000000000000000000000052
:100EA0000000000000000000000000000000000042
:100EB0000000000000000000000000000000000032
:100EC0000000000000000000000000000000000022
:100ED0000000000000000000000000000000000012
:100EE0000000000000000000000000000000000002
:100EF00000000000000000000000000000000000F2
:100F000000000000000000000000000000000000E1
:100F100000000000000000000000000000000000D1
:100F20000000000000000000500000000000000071
:100F300000000000000000000000000000000000B1
:100F400000000000000000000000000000000000A1
:100F50000000000000000000000000000000000091
:100F60000000000000000000000000000000000081
:100F70000000000000000000000000000000000071
:100F80000000000000000000000000000000000061
:100F90000000000000000000000000000000000051
:100FA0000000000000000000000000000000000041
:100FB0000000000000000000000000000000000031
:100FC0000000000000000000000000000000000021
:100FD0000000000000000000000000000000000011
:100FE0000000000000000000000000000000000001
:100FF00000000000000000000000000000000000F1
:1010000000000000000000000000000000000000E0
:1010100000000000000000000000000000000000D0
:1010200000000000000000000000000000000000C0
:1010300000000000000000000000000000000000B0
:1010400000000000000000000000000000000000A0
:101050000000000000000000000000000000000090
:101060000000000000000000000000000000000080
:101070000000000000000000000000000000000070
:101080000000000000000000000000000000000060
:101090000000000000000000000000000000000050
:1010A0000000000000000000000000000000000040
:1010B0000000000000000000000000000000000030
:1010C0000000000000000000000000000000000020
:1010D0000000000000000000000000000000000010
:1010E0000000000000000000000000000000000000
:1010F00000000000000000000000000000000000F0
:1011000000000000000000000000000000000000DF
:1011100000000000000000000000000000000000CF
:1011200000000000000000000000000000000000BF
:1011300000000000000000000000000000000000AF
:10114000000000000000000000000000000000009F
:10115000000000000000000000000000000000008F
:10116000000000000000000000000000000000007F
:10117000000000000000000000000000000000006F
:10118000000000000000000000000000000000005F
:10119000000000000000000000000000000000004F
:1011A000000000000000000000000000000000003F
:1011B000000000000000000000000000000000002F
:1011C000000000000000000000000000000000001F
:1011D000000000000000000000000000000000000F
:1011E00000000000000000000000000000000000FF
:1011F00000000000000000000000000000000000EF
:1012000000000000000000000000000000000000DE
:1012100000000000000000000000000000000000CE
:1012200000000000000000000000000000000000BE
:1012300000000000000C000000000000000C000096
:10124000000000000000000000000000000000009E
:10125000000000000000000000000000000000008E
:10126000000000000000000000000000000000007E
:10127000000000000000000000000000000000006E
:10128000000000000000000000000000000000005E
:10129000000000000000000000000000000000004E
:1012A000000000000000000000000000000000003E
:1012B000000000000000000000000000000000002E
:1012C000000000000000000000000000000000001E
:1012D000000000000000000000000000000000000E
:1012E00000000000000000000000000000000000FE
:1012F00000000000000000000000000000000000EE
:1013000000000000000000000001000000000000DC
:1013100004010000000000000000000000000000C8
:1013200000000000000000000000000000000000BD
:1013300000000000000000000000000000000000AD
:10134000000000000000000000000000000000009D
:10135000000000000000000000000000000000008D
:10136000000000000000000000000000000000007D
:10137000000000000000000000000000000000006D
:10138000000000000000000000000000000000005D
:10139000000000000000000000000000000000004D
:1013A000000000000000000000000000000000003D
:1013B000000000000000000000000000000000002D
:1013C000000000000000000000000000000000001D
:1013D000000000000000000000000000000000000D
:1013E00000000000040000000000000000000000F9
:1013F00000000000000000000000000000000000ED
:1014000000000000000000000000000000000000DC
:1014100000000000000000000000000000000000CC
:1014200000000000000000000000000000000000BC
:1014300000000000000000000000000000000000AC
:10144000000000000000000000000000000000009C
:10145000000000000000000000000000000000008C
:10146000000000000000000000000000000000007C
:10147000000000000000000000000000000000006C
:10148000000000000000000000000000000000005C
:10149000000000000000000000000000000000004C
:1014A000000000000000000000000000000000003C
:1014B000000000000000000000000000000000002C
:1014C000000000000000000000000000000000001C
:1014D000000000000000000000000000000000000C
:1014E00000000000000000000000000000000000FC
:1014F00000000000000000000000000000000000EC
:1015000000000000000000000000000000000000DB
:1015100000000000000000000000000000000000CB
:1015200000000000000000000000000000000000BB
:1015300000000000000000000000000000000000AB
:10154000000000000000000000000000000000009B
:10155000000000000000000000000000000000008B
:10156000000000000000000000000000000000007B
:10157000000000000000000000000000000000006B
:10158000000000000000000000000000000000005B
:10159000000000000000000000000000000000004B
:1015A000000000000000000000000000000000003B
:1015B000000000000000000000000000000000002B
:1015C000000000000000000000000000000000001B
:1015D000000000000000000000000000000000000B
:1015E00000000000000000000000000000000000FB
:1015F00000000000000000000000000000000000EB
:1016000000000000000000000000000000000000DA
:1016100000000000000000000000000000000000CA
:1016200000000000000000000000000000000000BA
:1016300000000000000000000000000000000000AA
:10164000000000000000000000000000000000009A
:10165000000000000000000000000000000000008A
:10166000000000000000000000000000000000007A
:10167000000000000000000000000000000000006A
:10168000000000000000000000000000000000005A
:10169000000000000000000000000000000000004A
:1016A000000000000000000000000000000000003A
:1016B000000000000000000000000000000000002A
:1016C000000000000000000000000000000000001A
:1016D000000000000000000000000000000000000A
:1016E00000000000000000000000000000000000FA
:1016F00000000000000000000000000000000000EA
:1017000000000000000000000000000000000000D9
:1017100000000000000000000000000000000000C9
:1017200000000000000000000000000000000000B9
:1017300000000000000000000000000000000000A9
:101740000000000000000000000000000000000099
:101750000000000000000000000000000000000089
:101760000000000000000000000000000000FFFF7B
:10177000FFFF00000000000000000000000000006B
:101780000000000000000000000000000000000059
:101790000000000000000000000000000000000049
:1017A0000000000000000000000000000000000039
:1017B0000000000000000000000000000000000029
:1017C0000000000000000000000000000000000019
:1017D0000000000000000000000000000000000009
:1017E00000000000000000000000000000000000F9
:1017F00000000000000000000000000000000000E9
:1018000000000000000000000000000000000000D8
:1018100000000000000000000000000000000000C8
:1018200000000000000000000000000000000000B8
:1018300000000000000000000000000000000000A8
:101840000000000000000000000000000000000098
:101850000000000000000000000000000000000088
:101860000000000000000000000000000000000078
:101870000000000000000000000000000000000068
:101880000000000000000000000000000000000058
:101890000000000000000000000000000000000048
:1018A0000000000000000000000000000000000038
:1018B0000000000000000000000000000000000028
:1018C0000000000000000000000000000000000018
:1018D0000000000000000000000000000000000008
:1018E00000000000000000000000000000000000F8
:1018F00000000000000000000000000000000000E8
:1019000000000000000000000000000000000000D7
:1019100000000000000000000000000000000000C7
:1019200000000000000000000000000000000000B7
:1019300000000000000000000000000000000000A7
:101940000000000000000000000000000000000097
:101950000000000000000000000000000000000087
:101960000000000000000000000000000000000077
:101970000000000000000000000000000000000067
:101980000000000000000000000000000000000057
:101990000000000000000000000000000000000047
:1019A0000000000000000000000000000000000037
:1019B0000000000000000000000000000000000027
:1019C0000000000000000000000000000000000017
:1019D0000000000000000000000000000000000007
:1019E0000000000000000000000000000000C00037
:1019F00000000000000000000000000000000000E7
:101A000000000000000000000000000000000000D6
:101A100000000000000000000000000000000000C6
:101A200000000000000000000000000000000000B6
:101A300000000000000000000000000000000000A6
:101A40000000000000000000000000000000000096
:101A50000000000000000000000000000000000086
:101A60000000000000000000000000000000000076
:101A70000000000000000000000000000000000066
:101A80000000000000000000000000000000000056
:101A90000000000000000000000000000000000046
:101AA0000000000000000000000000000000000036
:101AB0000000000000000000000000000000000026
:101AC0000000010000000000000000000000000015
:101AD0000000000000000000000000000000000006
:101AE00000000000000000000000000000000000F6
:101AF00000000000000000000000000000000000E6
:101B000000000000000000000000000000000000D5
:101B100000000000000000000000000000000000C5
:101B200000000000000000000000000000000000B5
:101B300000000000000000000000000000000000A5
:101B40000000000000000000000000000000000095
:101B50000000000000000000000000000000000085
:101B60000000000000000000000000000000000075
:101B70000000000000000000000000000000000065
:101B80000000000000000000000000000000000055
:101B90000000000000000000000000000000000045
:101BA0000000000000000000000000000000000035
:101BB0000000000000000000000000000000000025
:101BC0000000000000000000000000000000000015
:101BD0000000000000000000000000000000000005
:101BE00000000000000000000000000000000000F5
:101BF00000000000000000000000000000000000E5
:101C000000000000000000000000000000000000D4
:101C100000000000000000000000000000000000C4
:101C200000000000000000000000000000000000B4
:101C300000000000000000000000000000000000A4
:101C40000000000000000000000000000000000094
:101C50000000000000000000000000000000000084
:101C60000000000000000000000000000000000074
:101C70000000000000000000000000000000000064
:101C80000000000000000000000000000000000054
:101C90000000000000000000000000000000000044
:101CA0000000000000000000000000000000000034
:101CB0000000000000000000000000000000000024
:101CC0000000000000000000000000000000000014
:101CD0000000000000000000000000000000000004
:101CE00000000000000000000000000000000000F4
:101CF00000000000000000000000000000000000E4
:101D000000000000000000000000000000000000D3
:101D100000000000000000000000000000000000C3
:101D200000000000000000000000000000000000B3
:101D300000000000000000000000000000000000A3
:101D40000000000000000000000000000000000093
:101D50000000000000000000000000000000000083
:101D60000000000000000000000000000000000073
:101D70000000000000000000000000000000000063
:101D80000000000000000000000000000000000053
:101D90000000000000000000000000000000000043
:101DA0000000000000000000000000000000000033
:101DB0000000000000000000000000000000000023
:101DC0000000000000000000000000000000000013
:101DD0000000000000000000000000000000000003
:101DE00000000000000000000000000000000000F3
:101DF00000000000000000000000000000000000E3
:101E000000000000000000000000000000000000D2
:101E100000000000000000000000000000000000C2
:101E200000000000000000000000000000000000B2
:101E300000000000000000000000000000000000A2
:101E40000000000000000000000000000000000092
:101E50000000000000000000000000000000000082
:101E60000000000000000000000000000000000072
:101E70000000000000000000000000000000000062
:101E80000000000000000000000000000000000052
:101E90000000000000000000000000000000000042
:101EA0000000000000000000000000000000000032
:101EB0000000000000000000000000000000000022
:101EC0000000000000000000000000000000000012
:101ED0000000000000000000000000000000000002
:101EE00000000000000000000000000000000000F2
:101EF00000000000000000000000000000000000E2
:101F000000000000000000000000000000000000D1
:101F100000000000000000000000000000000000C1
:101F200000000000000000000000000000000000B1
:101F300000000000000000000000000000000000A1
:101F40000000000000000000000000000000000091
:101F50000000000000000000000000000000000081
:101F60000000000000000000000000000000000071
:101F70000000000000000000000000000000000061
:101F80000000000000000000000000000000000051
:101F90000000000000000000000000000000000041
:101FA0000000000000000000000000000000000031
:101FB0000000000000000000000000000000000021
:101FC0000000000000000000000000000000000011
:101FD0000000000000000000000000000000000001
:101FE00000000000000000000000000000000000F1
:101FF00000000000000000000000000000000000E1
:1020000000000000000000000000000000000000D0
:1020100000000000000000000000000000000000C0
:1020200000000000000000000000000000000000B0
:1020300000000000000000000000000000000000A0
:102040000000003000000000000000000000000060
:102050000000000000000000000000000000000080
:102060000000000000000000000000000000000070
:102070000000000000000000000000000000000060
:10208000000000000000000000000000000100004F
:102090000000000000000000000000000000000040
:1020A0000000000000000000000000000000000030
:1020B0000000000000000000000000000000000020
:1020C0000000000000000000000000000000000010
:1020D0000000000000000000000000000000000000
:1020E00000000000000000000000000000000000F0
:1020F00000000000000000000000000000000000E0
:102100000000000000000A000000000000000000C5
:10211000000000000000008000000000000000003F
:1021200000000000000000000000000000000000AF
:10213000000000000000000000000000000000009F
:10214000000000000000000000000000000000008F
:10215000000000000000000000000000000000007F
:10216000000000000000000000000000000000006F
:10217000000000000000000000000000000000005F
:10218000000000000000000000000000000000004F
:10219000000000000000000000000000000000003F
:1021A000000000000000000000000000000000002F
:1021B000000000000000000000000000000000001F
:1021C000000000000000000000000000000000000F
:1021D00000000000000000000000000000000000FF
:1021E00000000000000000000000000100000000EE
:1021F00000000000000000000000000000000000DF
:1022000000000000000000000000000000000000CE
:1022100000000000000000000000000000000000BE
:1022200000000000000000000000000000000000AE
:10223000000000000000000000000000000000009E
:10224000000000000000000000000000000000008E
:10225000000000000000000000000000000000007E
:10226000000000000000000000000000000000006E
:10227000000000000000000000000000000000005E
:10228000000000000000000000000000000000004E
:10229000000000000000000000000000000000003E
:1022A000000000000000000000000000000000002E
:1022B0000000000000000000000000000000000816
:1022C000000000000000000000000000000000000E
:1022D00000000000000000000000000000000000FE
:1022E00000000000000000000000000000000000EE
:1022F00000000000000000000000000000000000DE
:1023000000000000000000000000000000000000CD
:1023100000000000000000000000000000000000BD
:1023200000000000000000000000000000000000AD
:10233000000000000000000000000000000000009D
:10234000000000000000000000000000000000008D
:10235000000000000000000000000000000000007D
:10236000000000000000000000000000000000006D
:10237000000000000000000000000000000000005D
:10238000000000000000000000000000000000004D
:10239000000000000000000000000000000000003D
:1023A000000000000000000000000000000000002D
:1023B000000000000000000000000000000000001D
:1023C000000000000000000000000000000000000D
:1023D00000000000000000000000000000000000FD
:1023E00000000000000000000000000000000000ED
:1023F00000000000000000000000000000000000DD
:1024000000000000000000000000000000000000CC
:1024100000000000000000000000000000000000BC
:1024200000000000000000000000000000000000AC
:10243000000000000000000000000000000000009C
:10244000000000000000000000000000000000008C
:10245000000000000000000000000000000000007C
:10246000000000000000000000000000000000006C
:10247000000000000000000000000000000000005C
:10248000000000000000000000000000000000004C
:10249000000000000000000000000000000000003C
:1024A000000000000000000000000000000000002C
:1024B000000000000000000000000000000000001C
:1024C000000000000000000000000000000000000C
:1024D00000000000000000000000000000000000FC
:1024E00000000000000000000000000000000000EC
:1024F00000000000000000000000000000000000DC
:1025000000000000000000000000000000000000CB
:1025100000000000000000000000000000000000BB
:1025200000000000000000000000000000000000AB
:10253000000000000000000000000000000000009B
:10254000000000000000000000000000000000008B
:10255000000000000000000000000000000000007B
:10256000000000000000000000000000000000006B
:10257000000000000000000000000000000000005B
:10258000000000000000000000000000000000004B
:10259000000000000000000000000000000000003B
:1025A000000000000000000000000000000000002B
:1025B000000000000000000000000000000000001B
:1025C000000000000000000000000000000000000B
:1025D00000000000000000000000000000000000FB
:1025E00000000000000000000000000000000000EB
:1025F00000000000000000000000000000000000DB
:1026000000000000000000000000000000000000CA
:1026100000000000000000000000000000000000BA
:1026200000000000000000000000000000000000AA
:10263000000000000000000000000000000000009A
:10264000000000000000000000000000000000008A
:10265000000000000000000000000000000000007A
:10266000000000000000000000000000000000006A
:10267000000000000000000000000000000000005A
:10268000000000000000000000000000000000004A
:10269000000000000000000000000000000000003A
:1026A000000000000000000000000000000000002A
:1026B000000000000000000000000000000000001A
:1026C000000000000000000000000000000000000A
:1026D0000000FFFFFFFF00000000000000000000FE
:1026E00000000000000000000000000000000000EA
:1026F00000000000000000000000000000000000DA
:1027000000000000000000000000000000000000C9
:1027100000000000000000000000000000000000B9
:1027200000000000000000000000000000000000A9
:102730000000000000000000000000000000000099
:102740000000000000000000000000000000000089
:102750000000000000000000000000000000000079
:102760000000000000000000000000000000000069
:102770000000000000000000000000000000000059
:102780000000000000000000000000000000000049
:102790000000000000000000000000000000000039
:1027A0000000000000000000000000000000000029
:1027B0000000000000000000000000000000000019
:1027C0000000000000000000000000000000000009
:1027D00000000000000000000000000000000000F9
:1027E00000000000000000000000000000000000E9
:1027F00000000000000000000000000000000000D9
:1028000000000000000000000000000000000000C8
:1028100000000000000000000000000000000000B8
:1028200000000000000000000000000000000000A8
:102830000000000000000000000000000000000098
:102840000000000000000000000000000000000088
:102850000000000000000000000000000000000078
:102860000000000000000000000000000000000068
:102870000000000000000000000000000000000058
:102880000000000000000000000000000000000048
:102890000000000000000000000000000000000038
:1028A0000000000000000000000000000000000028
:1028B0000000000000000000000000000000000018
:1028C0000000000000000000000000000000000008
:1028D00000000000000000000000000000000000F8
:1028E00000000000000000000000000000000000E8
:1028F00000000000000000000000000000000000D8
:1029000000000000000000000000000000000000C7
:1029100000000000000000000000000000000000B7
:1029200000000000000000000000000000000000A7
:102930000000000000000000000000000000000097
:102940000000000000000000000000000000000087
:1029500000000300C30000000000000000000000B1
:102960000000000000000000000000000000000067
:102970000000000000000000000000000000000057
:102980000000000000000000000000000000000047
:102990000000000000000000000000000000000037
:1029A0000000000000000000000000000000000027
:1029B0000000000000000000000000000000000017
:1029C0000000000000000000000000000000000007
:1029D00000000000000000000000000000000000F7
:1029E00000000000000000000000000000000000E7
:1029F00000000000000000000000000000000000D7
:102A000000000000000000000000000000000000C6
:102A100000000000000000000000000000000000B6
:102A200000000000000002000300000000000000A1
:102A30000000000000000000000000000000000096
:102A40000000000000000000000000000000000086
:102A50000000000000000000000000000000000076
:102A60000000000000000000000000000000000066
:102A70000000000000000000000000000000000056
:102A80000000000000000000000000000000000046
:102A90000000000000000000000000000000000036
:102AA0000000000000000000000000000000000026
:102AB0000000000000000000000000000000000016
:102AC0000000000000000000000000000000000006
:102AD00000000000000000000000000000000000F6
:102AE00000000000000000000000000000000000E6
:102AF00000000000000000000000000000000000D6
:102B000000000000000000000000000000000000C5
:102B100000000000000000000000000000000000B5
:102B200000000000000000000000000000000000A5
:102B30000000000000000000000000000000000095
:102B40000000000000000000000000000000000085
:102B50000000000000000000000000000000000075
:102B60000000000000000000000000000000000065
:102B70000000000000000000000000000000000055
:102B80000000000000000000000000000000000045
:102B90000000000000000000000000000000000035
:102BA0000000000000000000000000000000000025
:102BB0000000000000000000000000000000000015
:102BC0000000000000000000000000000000000005
:102BD00000000000000000000000000000000000F5
:102BE00000000000000000000000000000000000E5
:102BF00000000000000000000000000000000000D5
:102C000000000000000000000000000000000000C4
:102C100000000000000000000000000000000000B4
:102C200000000000000000000000000000000000A4
:102C30000000000000000000000000000000000094
:102C40000000000000000000000000000000000084
:102C50000000000000000000000000000000000074
:102C60000000000000000000000000000000000064
:102C70000000000000000000000000000000000054
:102C80000000000000000000000000000000000044
:102C90000000000000000000000000000000000034
:102CA0000000000000000000000000000000000024
:102CB0000000000000000000000000000000000014
:102CC0000000000000000000000000000000000004
:102CD00000000000000000000000000000000000F4
:102CE00000000000000000000000000000000000E4
:102CF00000000000000000000000000000000000D4
:102D000000000000000000000000000000000000C3
:102D100000000000000000000000000000000000B3
:102D200000000000000000000000000000000000A3
:102D30000000000000000000000000000000000093
:102D40000000000000000000000000000000000083
:102D50000000000000000000000000000000000073
:102D60000000000000000000000000000000000063
:102D70000000000000000000000000000000000053
:102D80000000000000000000000000000000000043
:102D90000000000000000000000000000000000033
:102DA0000000000000000000000000000000000023
:102DB0000000000000000000000000000000000013
:102DC0000000000000000000000000000000000003
:102DD00000000000000000000000000000000000F3
:102DE00000000000000000000000000000000000E3
:102DF00000000000000000000000000000000000D3
:102E000000000000000000000000000000000000C2
:102E100000000000000000000000000000000000B2
:102E200000000000000000000000000000000000A2
:102E30000000000000000000000000000000000092
:102E40000000000000000000000000000000000082
:102E50000000000000000000000000000000000072
:102E60000000000000000000000000000000000062
:102E70000000000000000000000000000000000052
:102E80000000000000000000000000000000000042
:102E90000000000000000000000000000000000032
:102EA0000000000000000000000000000000000022
:102EB0000000000000000000000000000000000012
:102EC0000000000000000000000000000000000002
:102ED00000000000000000000000000000000000F2
:102EE00000000000000000000000000000000000E2
:102EF00000000000000000000000000000000000D2
:102F000000000000000000000000000000000000C1
:102F100000000000000000000000000000000000B1
:102F20000000000020000000000000000100000080
:102F3000000000000000010002000000000000008E
:102F40000000000000000000000000000000000081
:102F50000000000000000000000000000000000071
:102F60000000000000000000000000000000000061
:102F70000000000000000000000000000000000051
:102F80000000000000000000000000000000000041
:102F90000000000000000000000000000000000031
:102FA0000000000000000000000000000000000021
:102FB0000000000000000000000000000000000011
:102FC0000000000000000000000000000000000001
:102FD00000000000000000000000000000000000F1
:102FE00000000000000000000000000000000000E1
:102FF00000000000000000000000000000000000D1
:1030000000000000002000000000000000000000A0
:1030100000000000000000000000000000000000B0
:1030200000000000000000000000000000000000A0
:103030000000000000000000000000000000000090
:103040000000000000000000000000000000000080
:103050000000000000000000000000000000000070
:103060000000000000000000000000000000000060
:103070000000000000000000000000000000000050
:103080000000000000000000000000000000000040
:103090000000000000000000000000000000000030
:1030A0000000000000000000000000000000000020
:1030B0000000000000000000000000000000000010
:1030C00000000000000000000A00000000000000F6
:1030D00000000000080000000080000E00000C004E
:1030E0000C000000000000000000000000000000D4
:1030F00000000000000000000000000000000000D0
:1031000000000000000000000000000000000000BF
:1031100000000000000000000000000000000000AF
:10312000000000000000000000000000000000009F
:10313000000000000000000000000000000000008F
:10314000000000000000000000000000000000007F
:10315000000000000000000000000000000000006F
:10316000000000000000000000000000000000005F
:10317000000000000000000000000000000000004F
:10318000000000000000000000000000000000003F
:1031900000000000000000200000000040000000CF
:1031A000000000000000000000000000000000001F
:1031B000000000000000000000000000000000000F
:1031C00000000000000000000000000000000000FF
:1031D00000000000000000000000000000000000EF
:1031E00000000000000000000000000000000000DF
:1031F00000000000000000000000000000000000CF
:1032000000000000000000000000000000000000BE
:1032100000000000000000000000000000000000AE
:10322000000000000000000000000000000000009E
:10323000000000000000000000000000000000008E
:10324000000000000000000000000000000000007E
:10325000000000000000000000000000000000006E
:1032600000000000000000000000008000000000DE
:10327000000000000000000000000000000000004E
:10328000000000000000000000000000000000003E
:10329000000000000000000000000000000000002E
:1032A000000000000000000000000000000000001E
:1032B000000000000000000000000000000000000E
:1032C00000000000000000000000000000000000FE
:1032D00000000000000000000000000000000000EE
:1032E00000000000000000000000000000000000DE
:1032F00000000000000000000000000000000000CE
:1033000000000000000000000000000000000000BD
:1033100000000000000000000000000000000000AD
:10332000000000000000000000000000000000009D
:10333000000000000000000000000000000000008D
:10334000000000000000000000000000000000007D
:10335000000000000000000000000000000000006D
:10336000000000000000000000000000000000005D
:10337000000000000000000000000000000000004D
:10338000000000000000000000000000000000003D
:10339000000000000000000000000000000000002D
:1033A000000000000000000000000000000000001D
:1033B000000000000000000000000000000000000D
:1033C00000000000000000000000000000000000FD
:1033D00000000000000000000000000000000000ED
:1033E00000000000000000000000000000000000DD
:1033F00000000000000000000000000000000000CD
:1034000000000000000000000000000000000000BC
:1034100000000000000000000000000000000000AC
:10342000000000000000000000000000000000009C
:10343000000000000000000000000000000000008C
:10344000000000000000000000000000000000007C
:10345000000000000000000000000000000000006C
:10346000000000000000000000000000000000005C
:10347000000000000000000000000000000000004C
:10348000000000000000000000000000000000003C
:10349000000000000000000000000000000000002C
:1034A000000000000000000000000000000000001C
:1034B000000000000000000000000000000000000C
:1034C00000000000000000000000000000000000FC
:1034D00000000000000000000000000000000000EC
:1034E00000000000000000000000000000000000DC
:1034F00000000000000000000000000000000000CC
:1035000000000000000000000000000000000000BB
:1035100000000000000000000000000000000000AB
:10352000000000000000000000000000000000009B
:10353000000000000000000000000000000000008B
:10354000000000000000000000000000000000007B
:10355000000000000000000000000000000000006B
:10356000000000000000000000000000000000005B
:10357000000000000000000000000000000000004B
:10358000000000000000000000000000000000003B
:10359000000000000000000000000000000000002B
:1035A000000000000000000000000000000000001B
:1035B000000000000000000000000000000000000B
:1035C00000000000000000000000000000000000FB
:1035D00000000000000000000000000000000000EB
:1035E00000000000000000000000000000000000DB
:1035F00000000000000000000000000000000000CB
:1036000000000000000000000000000000000000BA
:1036100000000000000000000000000000000000AA
:10362000000000000000000000000000000000009A
:10363000000000000000000000000000000000008A
:10364000000000000000000000000000000000007A
:10365000000000000000000000000000000000006A
:10366000000000000000000000000000000000005A
:10367000000000000000000000000000000000004A
:10368000000000000000000000000000000000003A
:10369000000000000000000000000000000000002A
:1036A000000000000000000000000000000000001A
:1036B000000000000000000000000000000000000A
:1036C00000000000000000000000000000000000FA
:1036D00000000000000000000000000000000000EA
:1036E00000000000000000000000000000000000DA
:1036F00000000000000000000000000000000000CA
:1037000000000000000000000000000000000000B9
:1037100000000000000000000000000000000000A9
:103720000000000000000000000000000000000099
:103730000000000000000000000000000000000089
:103740000000000000000000000000000000000079
:103750000000000000000000000000000000000069
:103760000000000000000000000000000000000059
:103770000000000000000000000000000000000049
:103780000000000000000000000000000000000039
:103790000000000000000000000000000000000029
:1037A0000000000000000000000000000000000019
:1037B0000000000000000000000000000000000009
:1037C00000000000000000000000000000000000F9
:1037D00000000000000000000000000000000000E9
:1037E00000000000000000000000000000000000D9
:1037F00000000000000000000000000000000000C9
:1038000000000000000000000000000000000000B8
:1038100000000000000000000000000000000000A8
:103820000000000000000000000000000000000098
:103830000000000000000000000000000000000088
:103840000000000000000000000000000000000078
:103850000000000000000000000000000000000068
:103860000000000000000000000000000000000058
:103870000000000000000000000000000000000048
:103880000000000000000000000000000000000038
:103890000000000000000000000000000000000028
:1038A0000000000000000000000000000000000018
:1038B0000000000000000000000000000000000008
:1038C00000000000000000000000000000000000F8
:1038D00000000000000000000000000000000000E8
:1038E00000000000000000000000000000000000D8
:1038F00000000000000000000000000000000000C8
:1039000000000000000000000000000000000000B7
:1039100000000000000000000000000000000000A7
:103920000000000000000000000000000000000097
:103930000000000000000000000000000000000087
:103940000000000000000000000000000000000077
:103950000000000000000000000000000000000067
:103960000000000000000000000000000000000057
:103970000000000000000000000000000000000047
:103980000000000000000000000000000000000037
:103990000000000000000000000000000000000027
:1039A0000000000000000000000000000000000017
:1039B0000000000000000000000000000000000007
:1039C00000000000000000000000000000000000F7
:1039D00000000000000000000000000000000000E7
:1039E00000000000000000000000000000000000D7
:1039F00000000000000000000000000000000000C7
:103A000000000000000000000000000000000000B6
:103A100000000000000000000000000000000000A6
:103A20000000000000000000000000000000000096
:103A30000000000000000000000000000000000086
:103A40000000000000000000000000000000000076
:103A50000000000000000000000000000000000066
:103A60000000000000000000000000000000000056
:103A70000000000000000000000000000000000046
:103A80000000000000000000000000000000000036
:103A90000000000000000000000000000000000026
:103AA0000000000000000000000000000000000016
:103AB0000000000000000000000000000000000006
:103AC00000000000000000000000000000000000F6
:103AD00000000000000000000000000000000000E6
:103AE00000000000000000000000000000000000D6
:103AF00000000000000000000000000000000000C6
:103B000000000000000000000000000000000000B5
:103B100000000000000000000000000000000000A5
:103B20000000000000000000000000000000000095
:103B30000000000000000000000000000000000085
:103B40000000000000000000000000000000000075
:103B50000000000000000000000000000000000065
:103B60000000000000000000000000000000000055
:103B70000000000000000000000000000000000045
:103B80000000000000000000000000000000000035
:103B90000000000000000000000000000000000025
:103BA0000000000000000000000000000000000015
:103BB0000000000000000000000000000000000005
:103BC00000000000000000000000000000000000F5
:103BD00000000000000000000000000000000000E5
:103BE00000000000000000000000000000000000D5
:103BF00000000000000000000000000000000000C5
:103C000000000000000000000000000000000000B4
:103C100000000000000000000000000000000000A4
:103C20000000000000000000000000000000000094
:103C30000000000000000000000000000000000084
:103C40000000000000000000000000000000000074
:103C50000000000000000000000000000000000064
:103C60000000000000000000000000000000000054
:103C70000000000000000000000000000000000044
:103C80000000000000000000000000000000000034
:103C90000000000000000000000000000000000024
:103CA0000000000000000000000000000000000014
:103CB0000000000000000000000000000000000004
:103CC00000000000000000000000000000000000F4
:103CD00000000000000000000000000000000000E4
:103CE00000000000000000000000000000000000D4
:103CF00000000000000000000000000000000000C4
:103D000000000000000000000000000000000000B3
:103D100000000000000000000000000000000000A3
:103D20000000000000000000000000000000000093
:103D30000000000000000000000000000000000083
:103D40000000000000000000000000000000000073
:103D50000000000000000000000000000000000063
:103D60000000000000000000000000000000000053
:103D70000000000000000000000000000000000043
:103D80000000000000000000000000000000000033
:103D90000000000000000000000000000000000023
:103DA0000000000000000000000000000000000013
:103DB0000000000000000000000000000000000003
:103DC00000000000000000000000000000000000F3
:103DD00000000000000000000000000000000000E3
:103DE00000000000000000000000000000000000D3
:103DF00000000000000000000000000000000000C3
:103E000000000000000000000000000000000000B2
:103E100000000000000000000000000000000000A2
:103E20000000000000000000000000000000000092
:103E30000000000000000000000000000000000082
:103E40000000000000000000000000000000000072
:103E50000000000000000000000000000000000062
:103E60000000000000000000000000000000000052
:103E70000000000000000000000000000000000042
:103E80000000000000000000000000000000000032
:103E90000000000000000000000000000000000022
:103EA0000000000000000000000000000000000012
:103EB0000000000000000000000000000000000002
:103EC00000000000000000000000000000000000F2
:103ED00000000000000000080000080000000000D2
:103EE00000080000080000000000080800000000B2
:103EF00000000000000000000000000000000000C2
:103F000000000000000000000000000000000000B1
:103F100000000000000000000000000000000000A1
:103F20000000000000000000000000000000000091
:103F30000000000000000000000000000000000081
:103F40000000000000000000000000000000000071
:103F50000000000000000000000000000000000061
:103F60000000000000000000000000000000000051
:103F70000000000000000000000000000000000041
:103F80000000000000000000000000000000000031
:103F90000000000000000000000000000000000021
:103FA0000000000000000000000000080000080001
:103FB00000000000000C000008000C0100000C08CC
:103FC000000DB000000000000050000000000000E4
:103FD00000000000000000000000000000000000E1
:103FE00000000000000000000000000000000000D1
:103FF00000000000000000000000000000000000C1
:1040000000000000000000000000000000000000B0
:1040100000000000000000000000000000000000A0
:104020000000000000000000000000000000000090
:104030000000000000000000000000000000000080
:104040000000000000000000000000000000000070
:104050000000000000000000000000000000000060
:104060000000000000000000000000000000000050
:104070000000000000000000000000000000000040
:10408000000000000000000000000000000001002F
:104090000000000000000000000000000000000020
:1040A0000000000000000000000000000000000010
:1040B0000000000000000000000000000000000000
:1040C00000000000000000000000000000000000F0
:1040D00000000000000000000000000000000000E0
:1040E00000000000000000000000000000000000D0
:1040F00000000000000000000000000000000000C0
:1041000000000000000000000000000000000000AF
:10411000000000000000000000000000000000009F
:10412000000000000000000000000000000000008F
:10413000000000000000000000000000000000007F
:10414000000000000000000000000030000000003F
:10415000000000000000000000000000000000005F
:10416000000000020000000000000000000000004D
:10417000000000000000000000000030000000000F
:10418000000000000000000000000000000000002F
:10419000000000000000000000000000000000001F
:1041A000000000000000000000000000000100000E
:1041B00000000000000000000000000000000000FF
:1041C00000000000000000000000000000000000EF
:1041D00000000000000000000000000000000000DF
:1041E000000000000000000000000000000000408F
:1041F00000000000000000000000000000000000BF
:1042000000000000000000000000000000000000AE
:10421000000000000000000000000000000000009E
:10422000000000000000000000000000000000008E
:10423000000000000000000C000000000000000072
:10424000000000000000000000000000000000006E
:10425000000000000000000000000000000000005E
:10426000000000000000000000000000000000004E
:10427000000000000000000000000000000000003E
:10428000000000000000000000000000000000002E
:10429000000000000000000000000000000000001E
:1042A000000000000000000000000000000000000E
:1042B00000000000000000000000000000000000FE
:1042C00000000000000000000000000000000000EE
:1042D00000000000000000000000000000000000DE
:1042E00000000000000000000000000000000000CE
:1042F00000000010000000000000000000000000AE
:1043000000000000000000000000000000000000AD
:10431000000000000000000000000000000000009D
:10432000000000100000000000000000000000007D
:10433000000000000000000000000000000000007D
:10434000000000000000000000000000000000006D
:10435000000000000000000000000000000000005D
:10436000000000000000000000000000000000004D
:10437000000000000000000000000000000000003D
:10438000000000000000000000000000000000002D
:10439000000000000000000000000000000000001D
:1043A000000000000000000000000000000000000D
:1043B00000000000000000000000000000000000FD
:1043C00000000000000000000000000000000000ED
:1043D00000000000000000000000000000000000DD
:1043E00000000000000000000000000000000000CD
:1043F00000000000000000000000000000000000BD
:1044000000000000000000000000000000000000AC
:10441000000000000000000000000000000000009C
:10442000000000000000000000000000000000008C
:10443000000000000000000000000000000000007C
:10444000000000000000000000000000000000006C
:10445000000000000000000000000000000000005C
:10446000000000000000000000000000000000004C
:10447000000000000000000000000000000000003C
:10448000000000000000000000000000000000002C
:10449000000000000000000000000000000000001C
:1044A000000000000000000000000000000000000C
:1044B00000000000000000000000000000000000FC
:1044C00000000000000000000000000000000000EC
:1044D00000000000000000000000000000000000DC
:1044E00000000000000000000000000000000000CC
:1044F00000000000000000000000000000000000BC
:1045000000000000000000000000000000000000AB
:10451000000000000000000000000000000000009B
:10452000000000000000000000000000000000008B
:10453000000000000000000000000000000000007B
:10454000000000000000000000000000000000006B
:10455000000000000000000000000000000000005B
:10456000000000000000000000000000000000004B
:10457000000000000000000000000000000000003B
:10458000000000000000000000000000000000002B
:10459000000000000000000000000000000000001B
:1045A000000000000000000000000000000000000B
:1045B00000000000000000000000000000000000FB
:1045C00000000000000000000000000000000000EB
:1045D00000000000000000000000000000000000DB
:1045E00000000000000000000000000000000000CB
:1045F00000000000000000000000000000000000BB
:1046000000000000000000000000000000000000AA
:10461000000000000000000000000000000000009A
:10462000000000000000000000000000000000008A
:10463000000000000000000000000000000000007A
:10464000000000000000000000000000000000006A
:10465000000000000000000000000000000000005A
:10466000000000000000000000000000000000004A
:10467000000000000000000000000000000000003A
:10468000000000000000000000000000000000002A
:10469000000000000000000000000000000000001A
:1046A000000000000000000000000000000000000A
:1046B00000000000000000000000000000000000FA
:1046C00000000000000000000000000000000000EA
:1046D00000000000000000000000000000000000DA
:1046E00000000000000000000000000000000000CA
:1046F00000000000000000000000000000000000BA
:1047000000000000000000000000000000000000A9
:104710000000000000000000000000000000000099
:104720000000000000000000000000000000000089
:104730000000000000000000000000000000000079
:104740000000000000000000000000000000000069
:104750000000000000000000000000000000000059
:104760000000000000000000000000000000000049
:104770000000000000000000000000000000000039
:104780000000000000000000000000000000000029
:104790000000000000000000000000000000000019
:1047A0000000000000000000000000000000000009
:1047B00000000000000000000000000000000000F9
:1047C00000000000000000000000000000000000E9
:1047D00000000000000000000000000000000000D9
:1047E00000000000000000000000000000000000C9
:1047F00000000000000000000000000000000000B9
:1048000000000000000000000000000000000000A8
:104810000000000000000000000000000000000098
:104820000000000000000000000000000000000088
:104830000000000000000000000000000000000078
:104840000000000000000000000000000000000068
:104850000000000000000000000000000000000058
:104860000000000000000000000000000000000048
:104870000000000000000000000000000000000038
:104880000000000000000000000000000000000028
:104890000000000000000000000000000000000018
:1048A0000000000000000000000000000000000008
:1048B00000000000000000000000000000000000F8
:1048C00000000000000000000000000000000000E8
:1048D00000000000000000000000000000000000D8
:1048E00000000000000000000000000000000000C8
:1048F00000000000000000000000000000000000B8
:1049000000000000000000000000000000000000A7
:104910000000000000000000000000000000000097
:104920000000000000000000000000000000000087
:104930000000000000000000000000000000000077
:104940000000000000000000000000000000000067
:104950000000000000000000000000000000000057
:104960000000000000000000000000000000000047
:104970000000000000000000000000000000000037
:104980000000000000000000000000000000000027
:104990000000000000000000000000000000000017
:1049A0000000000000000000000000000000000007
:1049B00000000000000000000000000000000000F7
:1049C00000000000000000000000000000000000E7
:1049D00000000000000000000000000000000000D7
:1049E00000000000000000000000000000000000C7
:1049F00000000000000000000000000000000000B7
:104A000000000000000000000000000000000000A6
:104A10000000000000000000000000000000000096
:104A20000000000000000000000000000000000086
:104A30000000000000000000000000000000000076
:104A40000000000000000000000000000000000066
:104A50000000000000000000000000000000000056
:104A60000000000000000000000000000000000046
:104A70000000000000000000000000000000000036
:104A80000000000000000000000000000000000026
:104A90000000000000000000000000000000000016
:104AA0000000000000000000000000000000000006
:104AB00000000000000000000000000000000000F6
:104AC00000000000000000000000000000000000E6
:104AD00000000000000000000000000000000000D6
:104AE00000000000000000000000000000000000C6
:104AF00000000000000000000000000000000000B6
:104B000000000000000000000000000000000000A5
:104B10000000000000000000000000000000000095
:104B20000000000000000000000000000000000085
:104B30000000000000000000000000000000000075
:104B40000000000000000000000000000000000065
:104B50000000000000000000000000000000000055
:104B60000000000000000000000000000000000045
:104B70000000000000000000000000000000000035
:104B80000000000000000000000000000000000025
:104B90000000000000000000000000000000000015
:104BA0000000000000000000000000000000000005
:104BB00000000000000000000000000000000000F5
:104BC00000000000000000000000000000000000E5
:104BD00000000000000000000000000000000000D5
:104BE00000000000000000000000000000000000C5
:104BF00000000000000000000000000000000000B5
:104C000000000000000000000000000000000000A4
:104C10000000000000000000000000000000000094
:104C20000000000000000000000000000000000084
:104C30000000000000000000000000000000000074
:104C40000000000000000000000000000000000064
:104C50000000000000000000000000000000000054
:104C60000000000000000000000000000000000044
:104C70000000000000000000000000000000000034
:104C80000000000000000000000000000000000024
:104C90000000000000000000000000000000000014
:104CA0000000000000000000000000000000000004
:104CB00000000000000000000000000000000000F4
:104CC00000000000000000000000000000000000E4
:104CD00000000000000000000000000000000000D4
:104CE00000000000000000000000000000000000C4
:104CF00000000000000000000000000000000000B4
:104D000000000000000000000000000000000000A3
:104D10000000000000000000000000000000000093
:104D20000000000000000000000000000000000083
:104D30000000000000000000000000000000000073
:104D40000000000000000000000000000000000063
:104D50000000000000000000000000000000000053
:104D60000000000000000000000000000000000043
:104D70000000000000000000000000000000000033
:104D80000000000000000000000000000000000023
:104D90000000000000000000000000000000000013
:104DA0000000000000000000000000000000000003
:104DB00000000000000000000000000000000000F3
:104DC00000000000000000000000000000000000E3
:104DD00000000000000000000000000000000000D3
:104DE00000000000000000000000000000000000C3
:104DF00000000000000000000000000000000000B3
:104E000000000000000000000000000000000000A2
:104E10000000000000000000000000000000000092
:104E20000000000000000000000000000000000082
:104E30000000000000000000000000000000000072
:104E40000000000000000000000000000000000062
:104E50000000000000000000000000000000000052
:104E60000000000000000000000000000000000042
:104E70000000000000000000000000000002000030
:104E800000000000000000000001000080000000A1
:104E9000000000008000000004000800000000087E
:104EA00000000000000000000000000000000400FE
:104EB00000000000000000000000000000000000F2
:104EC00000000000000000000000000000000000E2
:104ED00000000000000000000000000000000000D2
:104EE00000000000000000000000000000000000C2
:104EF00000000000000000000000000000000000B2
:104F000000000000000000000000000000000000A1
:104F10000000000000000000000000000000000091
:104F20000000000000000000000000000000000081
:104F30000000000000000000000000000000000071
:104F40000000000000000000000000000000000061
:104F50000000002000000000000000000000000031
:104F60000000000000100000000000000000080029
:104F700000000D080C04000000000D009C00000063
:104F800000000000B00E0000000000000000000063
:104F90000000000000000000000000000000000011
:104FA0000000000000000000000000000000000001
:104FB00000000000000000000000000000000000F1
:104FC00000000000000000000000000000000000E1
:104FD00000000000000000000000000000000000D1
:104FE00000000000000000000000000000000000C1
:104FF00000000000000000000000000000000000B1
:10500000000000000000000000000000000000069A
:105010000000000000000A00000000060660060014
:1050200000000600060C00860600000000000000DC
:10503000000C0000100600000080000010000000BE
:105040000C00000000000000010100000000000052
:105050000160000000000C000000000000000000E3
:105060000000000000000000000000000000000040
:105070000000000000000000000000000000000030
:105080000000000000000000000000000000000020
:105090000000000000000000000000000000000010
:1050A0000000000000000000000000000000000000
:1050B00000000000000000000000000000000000F0
:1050C00000000000000000000000000000000000E0
:1050D00000000000000000000000000000000000D0
:1050E00000000000000000000000000000000000C0
:1050F00000000000000000000000000000000000B0
:10510000000000000000000000000000000000009F
:10511000000000000000000000000000000000008F
:10512000000000000000000000000000000000007F
:10513000000000000000000000000000000000006F
:10514000000000000000000000000000000000005F
:10515000000000000000000000000000000000004F
:10516000000000000000000000000000000000003F
:10517000000000000000000000000000000000002F
:10518000000000000000000000000000000000001F
:10519000000000000000000000000000000000000F
:1051A00000000000000000000000000000000000FF
:1051B00000000000000000000000000000000000EF
:1051C00000000000000000000000000000000000DF
:1051D00000000000000000000000000000000000CF
:1051E00000000000000000000000000000000000BF
:1051F00000000000000000000000000000000000AF
:10520000000000000000000000000000000000009E
:10521000000000000000000000000000000000008E
:10522000000000000000000000000000000000007E
:10523000000000000000000000000000000000006E
:10524000000000000000000000000000000000005E
:10525000000000000000000000000000000000004E
:10526000000000000000000000000000000000003E
:10527000000000000000000000000000000000002E
:10528000000000000000000000000000000000001E
:10529000000000000000000000000000000000000E
:1052A00000000000000000000000000000000000FE
:1052B00000000000000000000000000000000000EE
:1052C00000000000000000000000000000000000DE
:1052D00000000000000000000000000000000000CE
:1052E00000000000000000000000000000000000BE
:1052F00000000000000000000000000000000000AE
:10530000000000000000000000000000000000009D
:10531000000000000000000000000000000000008D
:10532000000000000000000000000000000000007D
:10533000000000000000000000000000000000006D
:10534000000000000000000000000000000000005D
:10535000000000000000000000000000000000004D
:1053600000000200575F00000000FFFFFEFF010089
:10537000550555000100FF0F0FFF3C0CDF02353FC4
:10538000FB0B000000000000000000000000000017
:105390000000000000000000000000000000332BAF
:1053A00033210000000000000000000000000000A9
:1053B00000000000000000000000000000000000ED
:1053C00000000000000000000000000000000000DD
:1053D00000000000000000000000000000000000CD
:1053E00000000000000000000000000000000000BD
:1053F00000000000080000000000000000000000A5
:10540000000000000000000000000000000000009C
:10541000000000000000000000000000000000008C
:10542000000000000000000000000000000000007C
:1054300000000000000000001C0000000000000050
:105440000C0000000C0000000C0000000C0000200C
:105450001E0090241E00000000000000000000005C
:10546000000000000000000000000000000000003C
:10547000000090241E00000000000000000000005A
:10548000000000000000000000000000000000001C
:10549000000000000000000000000000000000000C
:1054A00000000000000000000000000000000000FC
:1054B00000000000000000000000000000000000EC
:1054C00000000000000000000000000000000000DC
:1054D00000000000000000000000000000000000CC
:1054E00000000000000000000000000000000000BC
:1054F00000000000000000000000000000000000AC
:105500000000000000000000000000000000482033
:105510001220000000000000000000201200000027
:10552000000048201220902412000000000000001B
:10553000000000000000000000000000000000006B
:10554000000000000000000000000000000000005B
:10555000000000000000000000000000000000004B
:10556000000000000000000000000000000000003B
:10557000000000000000000000000000000000002B
:10558000000000000000000000000000000000001B
:10559000000000000000000000000080000000008B
:1055A00000000000000000000000000000000000FB
:1055B00000000000000000000000000000000000EB
:1055C00000000000000000000000000000000000DB
:1055D00000000000000000000000000000000000CB
:1055E0000000010D0105FEFFFF5F03030100FF0145
:1055F00005031500FF01FFFDA2754777FD31FF335D
:10560000FF33000000000000000000000000000068
:10561000000000000000000000000000000000008A
:10562000000000000000000000000000000000007A
:10563000000000000000000000000000000000006A
:10564000000000000000000000000000000000005A
:10565000000000000000000000000000000000004A
:10566000000000000000000000000000000000003A
:10567000000000000000000000000000000000002A
:10568000000000000000000000000000000000001A
:10569000000000000000000000000000000000000A
:1056A00000000000000000000000000000000000FA
:1056B00000000000000140209041000000000000B8
:1056C0000000000004020000080000200403C020C5
:1056D0009002000000000000000000000000000038
:1056E000000000000000000000000000000080003A
:1056F00000040000000000000000000000000000A6
:105700000000000000000000000000000000000099
:105710000000000000000000000000000000000089
:105720000000000000000000000000000000000079
:105730000000000000000000000000000000000069
:105740000000000000000000000000000000000059
:105750000000000000000000000000000000000049
:105760000000000000000000000000000000000039
:105770000000000000000000000000000000000029
:1057800000000000000040208000000000400000F9
:105790000000000000000100000000001000D128FF
:1057A0008000000100200000000000000000000058
:1057B0000000000000000000000000000000800069
:1057C00000000001002000000000000000000000B8
:1057D00000000000000000000000000000000000C9
:1057E00000000000000000000000000000000000B9
:1057F00000000000000000000000000000000000A9
:105800000000000000000000000000000000000098
:105810000000000000000000000000000000000088
:105820000000000000000000000000000000000078
:105830000000000000000000000000000000000068
:105840000000000000000000000000000000000058
:1058500000000000000000000000004100220000E5
:1058600080220000A0200000100000C002230023BE
:10587000C00000E3470000134401000000C3000023
:105880000000000000000000000000000000000018
:105890000000000300000003000000000000000002
:1058A00000000000000000000000000000000000F8
:1058B00000000000000000000000000000000000E8
:1058C00000000000000000000000000000000000D8
:1058D00000000000000000000000000000000000C8
:1058E00000000000000000000000000000000000B8
:1058F00000000000000000000000000000000000A8
:105900000000000000000000000000000000000097
:105910000000000000000000000000000000000087
:105920000000000000000000000000000000002156
:1059300000000000800000020000200000000020A5
:10594000020000000100002008000100000100002A
:1059500000C0000000000000000000000000000087
:105960000000000000000008010001080000000025
:105970000000000000000000000000000000000027
:105980000000000000000000000000000000000017
:105990000000000000000000000000000000000007
:1059A00000000000000000000000000000000000F7
:1059B00000000000000000000000000000000000E7
:1059C00000000000000000000000000000000000D7
:1059D00000000000000000000000000000000000C7
:1059E00000000000000000000000000000000000B7
:1059F00000000000000000000000000000000000A7
:105A00000000004201700000120282006000009E4F
:105A1000C300418402008084F3002E90A4008056CD
:105A2000A67102000000000000000000000000005D
:105A30000000000000000000000000006000000006
:105A400000740000000000000000000000000000E2
:105A50000000000000000000000000000000000046
:105A60000000000000000000000000000000000036
:105A70000000000000000000000000000000000026
:105A80000000000000000000000000000000000016
:105A90000000000000000000000000000000000006
:105AA00000000000000000000000000000000000F6
:105AB00000000000000000000000000000000000E6
:105AC00000000000000000000000000000000000D6
:105AD00000000000000000200B00009005002102E3
:105AE000600200100030121200004017C0000E8348
:105AF0008000008601782300000000000000000004
:105B00000000000000000000000000000000000095
:105B1000600000000008000000000000000000001D
:105B20000000000000000000000000000000000075
:105B30000000000000000000000000000000000065
:105B40000000000000000000000000000000000055
:105B50000000000000000000000000000000000045
:105B60000000000000000000000000000000000035
:105B70000000000000000000000000000000000025
:105B80000000000000000000000000000000000015
:105B90000000000000000000000000000000000005
:105BA0000000000000000000000000540000004061
:105BB000400008201600C0006A45804004004000F4
:105BC0004A00245801084001600808000000000055
:105BD00000000000000000000000000000000000C5
:105BE0000000000040010000000000000000000074
:105BF00000000000000000000000000000000000A5
:105C00000000000000000000000000000000000094
:105C10000000000000000000000000000000000084
:105C20000000000000000000000000000000000074
:105C30000000000000000000000000000000000064
:105C40000000000000000000000000000000000054
:105C50000000000000000000000000000000000044
:105C60000000000000000000000000000000000034
:105C7000000000000000000000000000000080881C
:105C8000000000E0C10000842000000100004EA3DD
:105C9000210000C4C0001C88200000800190080082
:105CA00000000000000000000000000000000000F4
:105CB00000000000000000006000000000940000F0
:105CC00000000000000000000000000000000000D4
:105CD00000000000000000000000000000000000C4
:105CE00000000000000000000000000000000000B4
:105CF00000000000000000000000000000000000A4
:105D00000000000000000000000000000000000093
:105D10000000000000000000000000000000000083
:105D20000000000000000000000000000000000073
:105D30000000000000000000000000000000000063
:105D40000000000000000000000000000000000053
:105D5000000000A70000000022020860800100810E
:105D6000436007802801008745890CA3280100C0F3
:105D70000991280000000000000000000000000061
:105D800000000000000000000000000068010000AA
:105D900000100000000000000000000000000000F3
:105DA00000000000000000000000000000000000F3
:105DB00000000000000000000000000000000000E3
:105DC00000000000000000000000000000000000D3
:105DD00000000000000000000000000000000000C3
:105DE00000000000000000000000000000000000B3
:105DF00000000000000000000000000000000000A3
:105E00000000000000000000000000000000000092
:105E10000000000000000000000080000000000101
:105E2000200001400000001100004042010100403C
:105E300020000000800000421000800201100002DB
:105E400000000142005200100000000000010000AC
:105E50000008000000000000000800001000000022
:105E600000000040000000000000000001000000F1
:105E70000000000000000000000000000000000022
:105E80000000000000000000000000000000000012
:105E90000000000000000000000000000000000002
:105EA00000000000000000000000000000000000F2
:105EB00000000000000000000000000000000000E2
:105EC00000000000000000000000000000000000D2
:105ED00000000000000000000000000000000000C2
:105EE00000000000000000000000000000000000B2
:105EF0000000000000000000000000100000000092
:105F000000000000000000000020005620001000EB
:105F10007030000600500000002000100850000003
:105F2000B000B050080800500C50001000540000A1
:105F300000000C0000500800040190100400000054
:105F40000000000000000020000000000000000031
:105F50000000000000000000000000000000000041
:105F60000000000000000000000000000000000031
:105F70000000000000000000000000000000000021
:105F80000000000000000000000000000000000011
:105F90000000000000000000000000000000000001
:105FA00000000000000000000000000000000000F1
:105FB0000000000000000000600000000000000081
:105FC000000010000000000C30000C100000000861
:105FD0000050301C5C0C0010300000501A8A061073
:105FE0000000B0080C060A0C00000C000E28000689
:105FF00001000000000C0000010000000100008012
:10600000000000000000010000000100010000800D
:1060100001000000000000000000008000000000FF
:106020000000000000000000000000000000000070
:106030000000000000000000000000000000000060
:106040000000000000000000000000000000000050
:106050000000000000000000000000000000000040
:106060000000000000000000000000000000000030
:106070000000000000000000000000000000000020
:106080000000000000000000000000000000000010
:106090000000000000000000000000000000000000
:1060A00000000000000000000000000000000000F0
:1060B00000000000000000000200000000000000DE
:1060C00000000000000000000000000000000000D0
:1060D00000000000000000000000000000000000C0
:1060E00000000000000200000000000100000000AD
:1060F00000000000000000000000000000000000A0
:10610000000000000000000000000000000000008F
:10611000000000000000000000000000000000007F
:10612000000000000000000000000000000000006F
:10613000000000000000000000000000000000005F
:10614000000000000000000000000000000000004F
:10615000000000000000000000000000000000003F
:10616000000000000000000000000000000000002F
:10617000000000000000000000000000000000001F
:10618000000000000000000000000001000000000E
:1061900000000000000000000000000000000000FF
:1061A00000000000000000000000000000000000EF
:1061B0000000000000000000000C000000000008CB
:1061C00000000000000000000000000000000000CF
:1061D00000000000000000000000000000000000BF
:1061E00000000000000000000000000000000000AF
:1061F000000000000000000000000000000000009F
:10620000000000000000000000000000000000008E
:10621000000000000000000000000000000000007E
:10622000000000000000000000000000000000006E
:10623000000000000000000000000000000000005E
:10624000000000000000000000000000000000004E
:10625000000000000400000000000000000000003A
:10626000000000000000000000000000000000002E
:1062700000200000000000000000000000000000FE
:10628000000000000000000000000000000000000E
:1062900000000000000000000000000000000000FE
:1062A00000000000000000000000000000000000EE
:1062B00000000000000000000000000000000000DE
:1062C00000000000000000000000000000000000CE
:1062D00000000000000000000000000000000000BE
:1062E00000000000000000000000000000000000AE
:1062F000000000000000000000000000000000009E
:10630000000000000000000000000000000000008D
:106310000000000000000151011103021500551595
:106320004707030A2300FFFFFFFFC50045003F1595
:1063300003013505BF04F53FF55D77772300FF3393
:106340005F1300075F5F0000000007047774000020
:106350000000777407040000000000000000000047
:10636000000000000000000000000000000000002D
:10637000000000000000000000000000000000001D
:10638000000000000000000000000000000000000D
:1063900000000000000000000000000000000000FD
:1063A00000000000000000000000000000000000ED
:1063B00008000000000000000000000000000000D5
:1063C00000000000000000000000000000000000CD
:1063D00000000000000000000000000000000000BD
:1063E0000000000000000000000048201E20000007
:1063F0000C0000000C0048201E2000000C0048206B
:106400001E2000000C0000201E0048201E2000005E
:106410000C0000000C0000000C00000000004820F0
:106420001E200000000048201E2000000000000088
:10643000000000000000000000000000000000005C
:10644000000000000000000000000000000000004C
:10645000000000000000000000000000000000003C
:10646000000000000000000000000000000000002C
:10647000000000000000000000000000000000001C
:10648000000000000000000000000000000000000C
:1064900000000000000000000000000000000000FC
:1064A00000000000000000000000000000000000EC
:1064B00000000000000000000000000000000000DC
:1064C00000004820122000000000000000004820CA
:1064D00012204820122000201200000000000000BE
:1064E000000000000000002012009004000048009E
:1064F00012204820122000000000000000000000D0
:10650000000000000000000000000000000000008B
:10651000000000000000000000000000000000007B
:10652000000000000000000000000000000000006B
:10653000000000000000000000000000000000005B
:10654000000000000000000000000000000000004B
:1065500000000000000000800000000000000000BB
:10656000000000000000000000000000000000002B
:10657000000000000000000000000000000000001B
:10658000000000000000000000000000000000000B
:10659000000000000000010D01053300FF77FFFF40
:1065A000FFFFD1005100C5000B00575503110FFF2D
:1065B0000100EE00001033FF0100EF012F0DBBB80A
:1065C0000F05EFEF0B6F5F5C131000000000000081
:1065D00000000000000000000000000000000000BB
:1065E00000000000000000000000000000000000AB
:1065F000000000000000000000000000000000009B
:10660000000000000000000000000000000000008A
:10661000000000000000000000000000000000007A
:10662000000000000000000000000000000000006A
:10663000000000000000000000000000000000005A
:10664000000000000000000000000000000000004A
:10665000000000000000000000000000000000003A
:1066600000000000000000000001402090811000A8
:1066700000018000100600200403C0209CC500001B
:10668000040280000C0400300000402000000000E4
:10669000040300009C010200040380009004000039
:1066A0000000800000040000000000000000000066
:1066B00000000000000000000000000000000000DA
:1066C00000000000000000000000000000000000CA
:1066D00000000000000000000000000000000000BA
:1066E00000000000000000000000000000000000AA
:1066F000000000000000000000000000000000009A
:106700000000000000000000000000000000000089
:106710000000000000000000000000000000000079
:106720000000000000000000000000000000000069
:106730000000000000000000000040208000000079
:106740000040C000800000010021C128800000013D
:1067500010E081000000000110200028000000006F
:1067600000004100800000001000D1008000000106
:106770000020800000000001002000000000000058
:106780000000000000000000000000000000000009
:1067900000000000000000000000000000000000F9
:1067A00000000000000000000000000000000000E9
:1067B00000000000000000000000000000000000D9
:1067C00000000000000000000000000000000000C9
:1067D00000000000000000000000000000000000B9
:1067E00000000000000000000000000000000000A9
:1067F0000000000000000000000000000000000099
:106800000000000000000000000000000000000088
:106810000000440180008000DB80000008000000D0
:10682000030044078023C42303200003C400006046
:1068300000400000000000CDC423C3C8C60003818F
:1068400003A3C500000000000000000000000000DD
:106850000000000000000000000000000000000038
:106860000000000000000000000000000000000028
:106870000000000000000000000000000000000018
:106880000000000000000000000000000000000008
:1068900000000000000000000000000000000000F8
:1068A00000000000000000000000000000000000E8
:1068B00000000000000000000000000000000000D8
:1068C00000000000000000000000000000000000C8
:1068D00000000000000000000000000000000000B8
:1068E00000000000000000018000800000020100A4
:1068F00000400040040000008000000205401080BD
:10690000000080208420000000000000000405003A
:1069100002000403040240000300024001800080E2
:106920000100000000000000000000000000000066
:106930000000000000000000000000000000000057
:106940000000000000000000000000000000000047
:106950000000000000000000000000000000000037
:106960000000000000000000000000000000000027
:106970000000000000000000000000000000000017
:106980000000000000000000000000000000000007
:1069900000000000000000000000000000000000F7
:1069A00000000000000000000000000000000000E7
:1069B000000000000000002760500080E3000E0C83
:1069C0000841008002400E4000721C25C071A6459F
:1069D0006101808512440C8011000041C9440E0001
:1069E0002801804E020000005809000EA06000003F
:1069F0005000000000C8000000000000000000007F
:106A00000000000000000000000000000000000086
:106A10000000000000000000000000000000000076
:106A20000000000000000000000000000000000066
:106A30000000000000000000000000000000000056
:106A40000000000000000000000000000000000046
:106A50000000000000000000000000000000000036
:106A60000000000000000000000000000000000026
:106A70000000000000000000000000000000000016
:106A8000000000000000000000004017800200C06D
:106A9000233A1E07000000C000700000E23000042E
:106AA0004078031388020051C46020207A0000005F
:106AB00009682F852500000700600600C040000718
:106AC000A8620000C00200000040000000000000BA
:106AD00000000000000000000000000000000000B6
:106AE00000000000000000000000000000000000A6
:106AF0000000000000000000000000000000000096
:106B00000000000000000000000000000000000085
:106B10000000000000000000000000000000000075
:106B20000000000000000000000000000000000065
:106B30000000000000000000000000000000000055
:106B40000000000000000000000000000000000045
:106B5000000000000000000000000000000000C273
:106B60001000002020C11012802220E000285000D8
:106B700057000800200800088C0200000A20401678
:106B80001000040102000010030000262C40180031
:106B90000508800200420000900200000000000092
:106BA00000000000000000000000000000000000E5
:106BB00000000000000000000000000000000000D5
:106BC00000000000000000000000000000000000C5
:106BD00000000000000000000000000000000000B5
:106BE00000000000000000000000000000000000A5
:106BF0000000000000000000000000000000000095
:106C00000000000000000000000000000000000084
:106C10000000000000000000000000000000000074
:106C20000000000000000000000000000000000064
:106C300000000087D30101E0CB103602E000504095
:106C40000068020082003500C84016888100404676
:106C5000000827476701808709083608E00100C659
:106C60000C6408A06B000001F031000080000000FF
:106C700000300000000000000000000000000000E4
:106C80000000000000000000000000000000000004
:106C900000000000000000000000000000000000F4
:106CA00000000000000000000000000000000000E4
:106CB00000000000000000000000000000000000D4
:106CC00000000000000000000000000000000000C4
:106CD00000000000000000000000000000000000B4
:106CE00000000000000000000000000000000000A4
:106CF0000000000000000000000000000000000094
:106D000000000000000080E751001080A312820202
:106D10001000008A0904139094009409A0BA2E056B
:106D200000000028BA908C87010010864510008072
:106D3000E10000DAA10028C069018118E0B8000074
:106D40001000010000B8000000000000000000007A
:106D50000000000000000000000000000000000033
:106D60000000000000000000000000000000000023
:106D70000000000000000000000000000000000013
:106D80000000000000000000000000000000000003
:106D900000000000000000000000000000000000F3
:106DA00000000000000000000000000000000000E3
:106DB00000000000000000000000000000000000D3
:106DC00000000000000000000000000000000001C2
:106DD00000020000020208020000000280000048D9
:106DE000402441020000522020498029300484823E
:106DF000224924240004040428923402320241006F
:106E00008201000002080000813121080000800892
:106E10008082010008000000000204000000000061
:106E20000008080200000000040008000000000044
:106E30000000000000000000000000000000000052
:106E40000000000000000000000000000000000042
:106E50000000000000000000000000000000000032
:106E60000000000000000000000000000000000022
:106E70000000000000000000000000000000000012
:106E80000000000000000000000000000000000002
:106E900000000000000000000000000000000000F2
:106EA00000000000000000000000080000000000DA
:106EB0000000000CB00000700C003009000C9C0CAD
:106EC0002D000002BC18B0A409000032BC2A1D0A23
:106ED0002D4200080D00500009040050002C6008ED
:106EE0009010900CB02AB00008040000000D0000C3
:106EF00000040000002C08000000000000000C004E
:106F00000000000000000000000000000000000081
:106F10000000000000000000000000000000000071
:106F20000000000000000000000000000000000061
:106F30000000000000000000000000000000000051
:106F40000000000000000000000000000000000041
:106F50000000000000000000000000000000000031
:106F60000000000000000000000000000000000021
:106F70000050000200400048400C0A50080C007C01
:106F80000000505010500000201C0C040100283A52
:106F90000A08113C10543C3031A8381100080CF894
:106FA000103834083C003C613C0800060006000A2A
:106FB000382D1C0600D0100630BC08060001000663
:106FC000060C040000010000008000080000000022
:106FD0000C000000000000000000000000000000A5
:106FE00000000000000000000000000000000000A1
:106FF0000000000000000000000000000000000091
:107000000000000000000000000000000000000080
:107010000000000000000000000000000000000070
:107020000000000000000000000000000000000060
:107030000000000000000000000000000000000050
:107040000000000000000000000000000000000040
:107050000000000000000000000000000000000030
:1070600040040000000000042000000000000000B8
:1070700000040000000000040000200000000000E8
:107080000000000000000000000000000000000000
:107090000000000000000000000000800000000070
:1070A00000000000000000000000000000000000E0
:1070B00000000000000000000000000000000000D0
:1070C00000000000000000000000000000000000C0
:1070D00000000000000000000000000000000000B0
:1070E00000000000000000000000000000000000A0
:1070F0000000000000000000000000000000000090
:10710000000000000000000000000000000000007F
:10711000000000400000000000000000000000002F
:10712000000000000000000000000000000000005F
:10713000000000002400000000000001000000002A
:10714000004000000000000000000001000080205E
:10715000000000000000000000000000000000002F
:1071600000000000000000000000000000000020FF
:10717000000000000000000000000000000000000F
:1071800000000000000000000000000000000000FF
:1071900000000000000000000000000000000000EF
:1071A00000000000000000000000000000000000DF
:1071B00000000000000000000000000000000000CF
:1071C00000000000000000000000000000000000BF
:1071D00000000000000000000000000000000000AF
:1071E000000000000000000000000000000000009F
:1071F000000000000000000000000000000000008F
:107200000000000000000000040800002000000052
:107210001000000000000000000800000000002036
:10722000002000201000000000000000000000000E
:10723000000000000000000000000020000000002E
:10724000000000000000000000000000000000003E
:10725000000000000000000000000000000000002E
:10726000000000000000000000000000000000001E
:10727000000000000000000000000000000000000E
:1072800000000000000000000000000000000000FE
:1072900000000000000000000000000000000000EE
:1072A000000000000000FEFFFFAAAFAFFFAABBBBBB
:1072B000BBBBAFAFFFAABBBBFFAAAFAFFFAABBBBB5
:1072C000F5F5CFCFCFCFF5F5FFF0F3F3F5F5F3F309
:1072D000F5F5DDDD55FFFFAABBBB55FFFFAAAFAF3C
:1072E000BBBB55FF33FF33FFFF7FFFFFFEFFFFFFF9
:1072F000F0F0FEFFFEFFFEFFFEFFFEFFFEFFFEFFC3
:10730000FF00FF72EF6ACF550311FD0D0300070266
:1073100077720000000000000000332B5571000060
:10732000000000000000000000000000000000005D
:10733000000000000000000000000000000000004D
:10734000000000000000000000000000000000003D
:10735000000000000000000000000000000000002D
:107360000000000000000000000000000800000015
:107370000000000000000000000000A01E28DFA4A4
:107380007EB9DFA47EB9DFA47EB9DFA47EB9DFA415
:107390007EB9DFA47EB9DFA47EB9DFA47EB9DFA405
:1073A0007EB9DFA47EB9DFA47EB9DFA47EB9DFA4F5
:1073B0007EB9DFA47EB9DFA47EB9DF046C90000043
:1073C0000C0000806CA94E806CB84E806CB84E806A
:1073D0006CB84E806CB148201E2048201E209004BE
:1073E0000C0048201E200000000000000000902437
:1073F0001E0000000000000000000000000000006F
:10740000000000000000000000000000000000007C
:10741000000000000000000000000000000000006C
:10742000000000000000000000000000000000005C
:10743000000000000000000000000000000000004C
:107440000800000000000000000000000000000034
:10745000000000000000000000000000000000002C
:107460000000000000000000000000201200902436
:1074700012000000000000000000000000000000FA
:107480000000002012000000000000201200480050
:10749000002000201200008060A94E8060B84E805D
:1074A00060B84E8060B84E8060B100000000482097
:1074B00012204820122048201220482012200000CC
:1074C00000000000000000000000000000000000BC
:1074D00000000000000000000000000000000000AC
:1074E000000000000000000000000000000000009C
:1074F000000000000000000000000000000000008C
:10750000000000000000000000000000000000007B
:1075100000000080000000000000000000000000EB
:10752000000000000000FEFFFF0F00000000FFFF52
:10753000FFFEFFFF1100F7FFFF7FFEFFFF7F5D559E
:1075400015045F4EEF45FFFFFFF7FFFFFFFFFFFF53
:10755000FFFFAFAFFF7F01002303FFFFFEFF2733D5
:1075600053331311330357550301FFFFCCCCFEFEF9
:10757000FEFFFEFFFEFFFEFFFEFFFEFFFF7F01009E
:107580003733D15FDD7F0511AF33FDFD754DF53329
:1075900005030000000000000000000000000000E3
:1075A00000000000000000000000000000000000DB
:1075B00000000000000000000000000000000000CB
:1075C00000000000000000000000000000000000BB
:1075D00000000000000000000000000000000000AB
:1075E000000000000000000000000000000000009B
:1075F0000000000000008000000400000000C02027
:10760000008200000000C020004400000000C020F4
:10761000008200000403C020144550000001C02077
:10762000908201000402C0200C0000000402C0206F
:10763000084400000402C020088200000402000088
:107640000800000000000000000000000000000032
:10765000000070200001C020000670000403C0205C
:1076600008C60000040200000800000000004020DE
:1076700000400000000000000000000000000000CA
:1076800000000000000000000000000000000000FA
:1076900000000000000000000000000000000000EA
:1076A00000000000000000000000000000000000DA
:1076B00000000000000000000000000000000000CA
:1076C0000000000000008000000000010020802079
:1076D00000000001006080200000000100608020A8
:1076E000000000010060C120800000011060C02087
:1076F00080000001006191200000000114608120E1
:1077000000000001106081200000000110600100F5
:107710000000000010000000000000000000000059
:10772000000000000000C028800000010020C120EF
:107730008000000110600100000000001000002027
:1077400000000000004000000000000000000000F9
:107750000000000000000000000000000000000029
:107760000000000000000000000000000000000019
:107770000000000000000000000000000000000009
:1077800000000000000000000000000000000000F9
:1077900000000000000000000000000000000004E5
:1077A0000000030702C0C00044000007C2C0C020A0
:1077B0005400004000C0C020440000C8C3E382134E
:1077C000C70000000A80C087DB0300C3E2E300C0FB
:1077D000C00000E2C3E30323440003C0E2C044034B
:1077E000070040005AC0C200C4480000000000006A
:1077F0000000000000000000000000000000440045
:10780000802201C00000C4008000002300000000AE
:10781000C400004044C0E000000000000000000080
:107820000000000000000000000000000000000058
:107830000000000000000000000000000000000048
:107840000000000000000000000000000000000038
:107850000000000000000000000000000000000028
:107860000000000000000000000000000000000018
:107870000000000001000840040410800000000027
:107880001404100000800020020410000400008096
:107890001804840004800040040210020008000C58
:1078A0000420010210010404301005000000080447
:1078B0000420000804001008002009000000000057
:1078C0000000000000000000000000000000004078
:1078D0000040000082404104000000008080000061
:1078E0000000000000000020000400000000000074
:1078F0000000000000000000000000000000000088
:107900000000000000000000000000000000000077
:107910000000000000000000000000000000000067
:107920000000000000000000000000000000000057
:107930000000000000000000000000000000000047
:1079400000000000540000000004000360008004F8
:107950000000000770000008000018041400000F69
:10796000F0000C00A0008006E100400000100014B0
:107970000400400070020000E87108001000801050
:10798000E0702E2000280084036682000000000EB4
:10799000020020439000009A56180CA39000008625
:1079A00022040600D478008EA2340C10602A000E47
:1079B0004271020000008016000000030000000079
:1079C00002000000000000000000000000000000B5
:1079D00000000000000000000000000000000000A7
:1079E0000000000000000000000000000000000097
:1079F0000000000000000000000000000000000087
:107A00000000000000000000000000000000000076
:107A100000000000000000008000000000103003A3
:107A20006000000400704E97E002000000706014D7
:107A300024020004E070208005000009E10000023B
:107A40000000000000700002E312004040086004E3
:107A5000830200010008180060800006200029044D
:107A60000000800700008EA420008086A1625C9246
:107A700001000049A8421600C00000E7B2312D0005
:107A8000737900574478230000300006000000009E
:107A9000000000D001000000000000000000000015
:107AA00000000000000000000000000000000000D6
:107AB00000000000000000000000000000000000C6
:107AC00000000000000000000000000000000000B6
:107AD00000000000000000000000000000000000A6
:107AE0000000000000000000000000004000000056
:107AF0000000001C400100020028300814000003B0
:107B0000101828080B00C00048086068010000A099
:107B10003C10100000310000000800041404004074
:107B200060000C0494004000200000840A0300DE82
:107B300020248020080200020100081093000000A9
:107B400011418200830080A00200B03C8F028102BC
:107B5000022020640000C00380180000000800001C
:107B600000000039000000200000000000000000BC
:107B70000000000000000000000000000000000005
:107B800000000000000000000000000000000000F5
:107B900000000000000000000000000000000000E5
:107BA00000000000000000000000000000000000D5
:107BB00000000000000000000000000000000000C5
:107BC00000000000003000000000800700000E8070
:107BD0000000000000000E80C3014000E0001C8295
:107BE000F00100060000820FF00100080000000014
:107BF00002000000F03006000200008905012C00A0
:107C000060000C4400480207820000060000880261
:107C1000C70140D344100812070000C840910687EE
:107C200003001506C0949602D00108D3C0002F00AF
:107C3000000000060000000400000000000000003A
:107C40000000000000000000000000000000000034
:107C50000000000000000000000000000000000024
:107C60000000000000000000000000000000000014
:107C70000000000000000000000000000000000004
:107C800000000000000000000000000000000000F4
:107C9000000000009000000000B81200000000C0CA
:107CA00001000020000000C801000000000000C624
:107CB000A1010EA070000025000001077000000E59
:107CC000000000100000008001802C10000000C89F
:107CD000E1001E000000400702322600000000699B
:107CE0000000ACC371008008C282AC83610000A8B0
:107CF000459208C701000827D41206255000018AC2
:107D0000D5060E000000002700000004000000401F
:107D1000080000000000000000000000000000005B
:107D20000000000000000000000000000000000053
:107D30000000000000000000000000000000000043
:107D40000000000000000000000000000000000033
:107D50000000000000000000000000000000000023
:107D60000000000000000000000000000000000112
:107D70000000004200410000800000000050900020
:107D80005000001010510010300000009050000012
:107D900030012040102100204908000080400000F0
:107DA000980431428090280C020001411422808204
:107DB0000000002004028004010042008002100440
:107DC0002004000908308801000008000048000075
:107DD0003008000000480000000800009800000083
:107DE0000008000004000000000000000000000087
:107DF0000000000000000000000000000000000083
:107E00000000000000000000000000000000000072
:107E10000000000000000000000000000000000062
:107E20000000000000000000000000000000000052
:107E30000000000000000000000000000000000042
:107E40000000000000000000000000000000000032
:107E500000101006200000100010B00610000000F6
:107E60000010600610100040306008064008000056
:107E70000C700D7D3C0930025929B85C00000000EF
:107E80003EBA50A000A0BD0018AE7000100D000456
:107E900055003900503A0908082AA4700C100879D6
:107EA000BC4C007020040070900C700000080000B2
:107EB0000800907000080000003000000000000082
:107EC00000000000000000000000000000000000B2
:107ED00000000000000000000000000000000000A2
:107EE0000000000000000000000000000000000092
:107EF0000000000000000000000000000000000082
:107F000000000000000000000000000000000A0067
:107F1000000000000000000C00000004000C00C085
:107F20001000000000203E0000000000000C0000D7
:107F3000000000003A200000008810000A3C5112A6
:107F400008000E7011200E00104C1C0C3E20305CFE
:107F500004500C085018303C0A0000308968160C98
:107F60008C0038073A0C0A082080000C00103004FE
:107F7000018000000120000000000000002000003F
:107F800000500000300000000000000008800000E9
:107F900000000000000000000000000000000000E1
:107FA00000000000000000000000000000000000D1
:107FB00000000000000000000000000000000000C1
:107FC00000000000000000000000000000000000B1
:107FD00000000000000000000000000000000000A1
:107FE0000000000000000000000000000000000091
:107FF0000000000000000000000000200000000061
:108000000000000000000000000000000000000070
:1080100040008000000000000000000000000000A0
:10802000000000000000000000000004000000004C
:108030000000000000000000000000000000000040
:108040000000000000000000000000000000100020
:10805000000000000000000000000400000000001C
:108060000000000000000000000000000000000010
:108070000000000000000000000000000000000000
:1080800000000000000000000000000000000000F0
:1080900000000000000000000000000000000000E0
:1080A00000000000000000000000000000000000D0
:1080B00000000000000000000000000000000000C0
:1080C00000000000008000000000000000000080B0
:1080D0000080000000800000000000800000000020
:1080E0000000000000001000000000000000000080
:1080F000000000010000000000000000000000017E
:10810000000000000000000000000000000000006F
:10811000000000000000002000000000000000003F
:1081200000204000000000000000000000000000EF
:10813000000000000000000000000000000000003F
:10814000000000000000000000000000000000002F
:10815000000000000000000000000000000000001F
:10816000000000000000000000000000000000000F
:1081700000000000000000000000000000000000FF
:1081800000000000000000000000000000000000EF
:1081900000000000000000000000000000000000DF
:1081A00000000000000000000000000000000000CF
:1081B00000000000000000000000000000000000BF
:1081C000000000000000000000000020000000008F
:1081D000000000000000000000000000000000009F
:1081E000000000000000000000000020000000006F
:1081F000000000000020000000000000000000005F
:108200000000080000000000000000000000000066
:10821000000000000000000000000000000000005E
:10822000000000000000000000000000000000004E
:10823000000000000000000000000000000000003E
:10824000000000000000000000000000000000002E
:108250000000000000000000000000800800EEEEBA
:10826000FFFFFFFFFFFF0000000000000000000014
:1082700000000000000000000000A3AF3300A300D6
:108280002300232023008C8C01000301FF0137040D
:108290000F1D3F3F15157707FEFF7F7733007F7F68
:1082A000FF7FC33CFFFFFEFFEFFFFFFFCCCCFEFFD5
:1082B000FEFFFEFFFEFFFEFFFEFFFEFFFF330FFF90
:1082C00033FFFFAA55FF0FFF33FF77740704FFCC7E
:1082D000DDDDFFFFCCCCFEFFFEFFFEFFFEFFFEFF5D
:1082E000FEFFFEFFFF77CCFF33FFFFCC55FFCFCF64
:1082F000F3F3FFF0F5F5FFFFFFFF33FF55FF00003D
:10830000000000000000000000000000000000006D
:10831000000000000000000000000000000000005D
:10832000000000000000000008C000000000008005
:10833000000000000C0000210E0000000000000002
:10834000000000000000000000000000000000200D
:108350001E0048201E2048201E2000000C000000A7
:108360000C0000201E0000000C0000000C000000AB
:108370000C0000000C0010000C0000000C0000803D
:108380006CA94E806CB84E806CB84E806CB84E8034
:108390006CB190241E0090241E0090241E004820E2
:1083A0001E2090241E0000806CA94E806CB84E8068
:1083B0006CB84E806CB84E806CB190241E00902436
:1083C0001E0090241E0090241E0000008C029024A9
:1083D0001E0000000000000000000000000000007F
:1083E000000000000000000000000000000000008D
:1083F0000000000000000000000000000800000075
:108400000000000000000021020000000000000049
:10841000000000000000000000000000000000005C
:1084200000000000000048201220000000000000B2
:1084300000000020120080040000482012200000EC
:108440000000000000009024120000000000000066
:1084500000004F8060B84E8060B84E8060B84E809B
:1084600060B84E8060B1488060A94F8060B94F808D
:1084700060B94F8060B94F8060B94F8060B94F805C
:1084800060B94F8060B94F8060B94F8060B94F804C
:1084900060B94F8060B94F8060B94F8060B94F803C
:1084A00060B94F8060B000000000000000000000D4
:1084B00000000000000000000000000000000000BC
:1084C000000000000000000000000000000000802C
:1084D00000500000000000000000FFFFFFFF0FFF42
:1084E000FFFF00000000000000000000000000008E
:1084F00000000000000000000000014551000000E5
:1085000000007733BBFF57552700FFFFFFFF050C27
:108510000504FFFFFFF71111F7FF770777075F13D8
:108520007F001101FF01F0F0CCCCFEFFFEFFFEFF4B
:10853000FEFFFEFFFEFFFEFF3F3F0F0F3333FF0046
:10854000555555553333FF0033335555FF00FF0064
:108550005555333333330F0F555555550F0FFF0016
:108560000F0F3333FF000F0F33330F0FFF00FF00E8
:108570005555333355553333F0F0000000000000FB
:1085800000000000000000000000000000000000EB
:1085900000000000000000000000000000000000DB
:1085A0000000000000000000000000000000800942
:1085B0000402800008240000000000000000000009
:1085C000000000000000000000008000000000002B
:1085D0000402C020008200000001000090000000A2
:1085E000040340209C81000000000000000080087F
:1085F00004028000040600000000000000000000EB
:1086000000000000000000000000000000008028C2
:108610000000C020004400300000C02000440020C2
:108620000000402000C0000000000000000000002A
:1086300000000000000080390000C02000C6803922
:108640000000C020004480080000800000060000F8
:10865000000000000000000000000000000000001A
:10866000000000000000000000000000000000000A
:1086700000000000000000000000000000000000FA
:108680000000810000080001260200000000000038
:108690000000000000000000000080000000000159
:1086A00000208120000000011060400080000000D8
:1086B0000000412080000000104000000000000089
:1086C00000008100000000011022000000000000F6
:1086D000000000000000000000000000000000009A
:1086E00000008028000000010060802800000001D8
:1086F00000600028000000000040000000000000B2
:1087000000000000000000000000802800000001C0
:10871000006080280000000100608000000000016F
:108720000020000000000000000000000000000029
:108730000000000000000000000000000000000039
:108740000000000000000000000000000000000029
:108750000000000000000000000003000002000014
:108760000000000000000000000000000000000009
:1087700000000000000000400000C72200000000D0
:108780008090418180010040000044C080000000D2
:10879000000CA0000000000000000323C30300C27F
:1087A00001210002C00000000000000000000000E5
:1087B000000000000000004002C00003E300004091
:1087C00000C00007002200C04202404746000000EF
:1087D00000001000C000000000000300000002C7FD
:1087E0000320E007020000C7C2000000E0000040D4
:1087F000C0000800C00000000000000000000000F1
:108800000000000000000000000000000000000068
:108810000000000000000000000000000000000058
:108820000040000000000000000000000202840080
:1088300001800000000000000000000000000000B7
:1088400000000040000001000000002000000400C3
:1088500001000004800441038001002000000002A8
:1088600080000002000000040000100200800900E7
:108870005021004804001008010000000000000022
:1088800000000000000000000000002004100108AB
:1088900020000020008400000100000418081420BB
:1088A000080000200000000101000000000102009B
:1088B00000000410084000008480001014400100F3
:1088C0000000004010400000108000000000000088
:1088D0000000000000000000000000000000000098
:1088E0000000000000000000000000000000000088
:1088F000000000000008000000000000000000C7A9
:10890000010000000802000000000000000000005C
:10891000000000000000000050000000003086024F
:10892000600000040A04888210000080F331008B8C
:10893000006800402000000558000085F1B00243A7
:1089400001000026E200020B00008040060A0C62D3
:1089500064000086214542CB1900008AC630000021
:10896000780000C003000000D40000C003340040C1
:10897000010000800300800308000080091000450A
:10898000790000964310000000000080020400807F
:10899000020000C00B00000000000000C00000004A
:1089A00000000000000000000000000000000000C7
:1089B00000000000000000000000000000000000B7
:1089C00000000000000000000000000000000000A7
:1089D0000000000000101C0000000000000000006B
:1089E0000000000000000000000000000002000085
:1089F00000F0000270114017010029031C00000064
:108A0000E0F04080000000C0290240320200005027
:108A10000010020B080000E8A1724D0400000006DF
:108A200000004C84210000DE2C602C020000C056A7
:108A3000304000000001000700000000C0000000FE
:108A400000300008080000C001808005C000000060
:108A500040120012C80000100D400000000100C0CC
:108A6000416200000001004700000000000100001A
:108A70000070000000000000000000000000000086
:108A800000000000000000000000000000000000E6
:108A900000000000000000000000000000000000D6
:108AA000000000000000000401441000000000006D
:108AB00000000000000000000000000000000000B6
:108AC00000000000000C7029804280040030810604
:108AD000080140A11008000005010030004210020A
:108AE00000000020020242090C000081C00890082A
:108AF000000000120000D084CA0000180620404880
:108B00000100001582292000010080500080200013
:108B10008902200400201000000000A0400000286E
:108B200010000080001E001280010010022D1000B5
:108B3000000000A000801000000080000080000005
:108B400000100000200800000000000000000000ED
:108B50000000000000000000000000000000000015
:108B60000000000000000000000000000000000005
:108B700000000000000000000000000000000C00E9
:108B800000000000000000000000000000000000E5
:108B9000000000000000000000081C0360007C5181
:108BA00004304E4360020003C01000A8D81100102A
:108BB000C101088208024080A9680C8810001010CA
:108BC00050300C88000000C60300AE0F2200008069
:108BD00009902E8500000081A142000000000000E5
:108BE00000780C00800014E303300000000000C691
:108BF00005001604C00000500830000400000041C9
:108C000000001000030000000070000FF0010000E1
:108C10000070104000000000000000000000000094
:108C20000000000000000000000000000000000044
:108C30000000000000000000000000000000000034
:108C40000000000000000000900000000000000094
:108C50000000010000000000000000000000000013
:108C600000000000000000008000000000100C0365
:108C700060000A0802E00E856500004A023E008D91
:108C800050020000C102A0A26100000AA5921D4787
:108C90007200818A4280032500008007020002855D
:108CA000740000BA02905CD78100000A00E0000F57
:108CB00000000000D000000F1000008003B800008A
:108CC0000000002020002E0218010080A5104005A1
:108CD0007000800001000020000000400808000F24
:108CE00070000000D00000C00100000700880000F4
:108CF0000000000000000000000000000000000074
:108D00000000000000000000000000000000000063
:108D10000000000000000000000000000000000053
:108D200000000001000000000000104000000040B2
:108D30000000000100000000000190110000800010
:108D4000000100180114000134013001808000414D
:108D500000548041400A900C3804801020140044D4
:108D60000C0200315000804A214C00422A14008A33
:108D70000000894A810A010A00020408094C04041F
:108D8000288C4040000A20488104004229014142C9
:108D900098402122004020200A49010228000002B8
:108DA00001080921020000022100001230002150B8
:108DB0001000001120000000300000000000000042
:108DC00000000000000000000000000000000000A3
:108DD0000000000000000000000000000000000093
:108DE0000000000000000000000000000000000083
:108DF00000000000000000000000000000091070EA
:108E00000000000000000000080000009009103081
:108E1000000A0000000A00380800000200091000E3
:108E200000BE00400D30B9000018300C3C0E593027
:108E3000920000095CBD4C1A2000B07C7D7C1D2E88
:108E4000BC00001039020CBC09B85D08095E093885
:108E50009C080C00BC0C517D5008905C510001B086
:108E60005C5E08000CBD60000050000A088C0D001C
:108E70000C00003000BC0800900000000000001052
:108E8000200000300060600600000000000000507C
:108E90000000006000600000000000000000000012
:108EA00000000000000000000000000000000000C2
:108EB00000000000000000000000000000000000B2
:108EC00000000000000000500000000C0000000046
:108ED00000000030000000300E00000C0100000017
:108EE0000008300C4A0030000A0800000974005CD9
:108EF00000083A081A300E18002C3A38308C30042A
:108F00000E083E50300400140C080F1C1A7010108C
:108F10001C2CD0B4045C4E90D070181C180C0C089B
:108F20000E5C0C800C3C0D0C1E382010005C2000E8
:108F30000808002C000021080A203C3C00102030CA
:108F40000410000C000000800C000C3C0000000429
:108F50001C00000C30001C000000000C0000000091
:108F600030000000000000000000000000000000D1
:108F700000000000000000000000000000000000F1
:108F800000000000000000000000000000000000E1
:108F900000000000000000000000000000000000D1
:108FA00000000000000000000000000000000000C1
:108FB00000000000000000000000000000000000B1
:108FC000000400000000000000000000000000009D
:108FD0000000400000000000000000000000000051
:108FE000000000000000000020000400000000005D
:108FF0000000000000000000000000000000000071
:10900000000000000000000000000000020002005C
:10901000020000000200020000000000000000004A
:109020000000000000000000000000000000000040
:109030000000000000000000000000000000000030
:109040000000000000000000000000000000000020
:109050000000000000000000000000000000000010
:109060000000000000000000000000000000000000
:1090700000000000000000000020000000000000D0
:1090800000000000000000000000000000000000E0
:1090900000000000000000000000000000000000D0
:1090A00000000000000020000000000000000000A0
:1090B000010000000000000000000000800002002D
:1090C00000000000000000000000000000000000A0
:1090D0000000000000000000000000000000000090
:1090E000080008000800000008000C000000400014
:1090F0000000000000000000000000000000000070
:10910000000000000000000000000000000000005F
:10911000000000000000000000000000000000004F
:10912000000000000000000000000000000000003F
:10913000000000000000000000000000000000002F
:1091400000000000000000000000000000200000FF
:10915000000000000000000000000000000000000F
:1091600000000000000000000008000000000000F7
:1091700000000000000000000000000000000400EB
:1091800000000000000000000000000000000000DF
:1091900000000000000000000000000000000000CF
:1091A00000000000000000000000000000000000BF
:1091B00000000000000000000000000000000000AF
:1091C000000000000000000000000000000000009F
:1091D000000000000000000000000000000000008F
:1091E000000000000000000000000000000000007F
:1091F000000000000000000000000000000000006F
:10920000000000000000000000000000000000005E
:10921000000000000000000000000000000000004E
:1092200000000000000000000000FFFFFFFFDD0F56
:109230002323454045000123011101000F05FFFFD5
:109240003F15AA880100FF0107045F5FAFAF33330A
:10925000FF000F0FFF003333FF00555533330F0F5F
:10926000AAAAC400C4C4FFFFF0F0FEFFFEFFFEFF89
:10927000FEFFFEFFFEFFFEFFFF77BB0F11055F5CE9
:10928000131047774700FFFFFEFF3F15770777076B
:10929000FFFFFFF0F5F52737FFFF7939692933FF25
:1092A00033FF00000000CFCFFFCC00000000000023
:1092B00000000000000000000000000000000000AE
:1092C000000000000000000000000000000000009E
:1092D000000000000000000000000000000000008E
:1092E0000000000008000000000000000000000076
:1092F00000000000000000000000000000008004EA
:109300000C0090241E0048201E2048201E20000033
:109310001C0000000C0000000C0000201E000000DB
:109320000C00D8A47EA9DFA47EB9DFA47EB9DFA497
:109330007EB95F207E9000000C0000806CA94E80FA
:109340006CB84E806CB84E806CB84E806CB14820C2
:109350001E2048201E2048201E2000000C009024C3
:109360001E0090040C0090241E0010040C004820E5
:109370001E2090241E000000000090241E0000000B
:1093800000000000000000000000000000000000DD
:1093900000000000000000000000000000000000CD
:1093A00000000000000000000000000000000000BD
:1093B00000000000000000000800000000000000A5
:1093C000000000000000000000000000000000009D
:1093D000000000000000000000001000000010006D
:1093E000000000000000000000000000000000007D
:1093F00000004820122000201200482012200020E7
:1094000012000000000000201200480000200000B0
:1094100000000000000000201200000000000020FA
:10942000120000000000482012204820122048208E
:1094300012209024120090241200902412009024F4
:1094400012009024120090040000000000000000B0
:10945000000000000000000000000000000000000C
:1094600000000000000000000000000000000000FC
:1094700000000000000000000000000000000000EC
:10948000000000000000000000000080000000005C
:1094900000000000000000000000000000000000CC
:1094A000000000000000000000000000000033CCBD
:1094B000FFFFC33CFFFF7707FEFFFFFFFFFF030136
:1094C0003733CCFFFFEF050C05041F0047000B08E6
:1094D0000B0007034F0B2323ABAB15151D554F4056
:1094E0003F00FF0137330FFF575557550511FF0F49
:1094F000FF0F1F0EDF02FFFF3F15535F53003F3A80
:109500001510353F35000F035571CFCFDDDDFFCC92
:10951000CFCFCFCFDDDDBBBBBBBBFFC3F3FF0000B5
:10952000000000000000000000000000000000003B
:10953000000000000000000000000000000000002B
:10954000000000000000000000000000000000001B
:10955000000000000000000000000000000000000B
:1095600000000000000000000000000000000000FB
:109570000000000000000000000000000000C0200B
:10958000000063000403C0209882300000014020E6
:109590001001000000008000000480080403800027
:1095A000980600080403C020984400190001C02058
:1095B00010C60000000000000000000000010000D4
:1095C0001001000000010000900000000001C02018
:1095D000904400000403402098C030000403C020E1
:1095E0009C4551100403C020984400090403C02086
:1095F0009844000900008000000400000000000002
:10960000000000000000000000000000000000005A
:10961000000000000000000000000000000000004A
:10962000000000000000000000000000000000003A
:10963000000000000000000000000000000000002A
:10964000000000000000000000000000000080207A
:10965000000000010060C72080000001146140206C
:109660008000000000418000000000010020C100D7
:10967000800000011022C1288000000110E2C028F3
:109680008000000100E20000000000000000400037
:109690008000000000004000800000000000C020AA
:1096A0008000000100604120800000001040C120C7
:1096B000800000011060D128800000011060D120DE
:1096C0008000000110608000000000010020000008
:1096D000000000000000000000000000000000008A
:1096E000000000000000000000000000000000007A
:1096F000000000000000000000000000000000006A
:109700000000000000000000000000000000000059
:109710000000000000000000000000000000000049
:10972000000000C003000000E307C0C80100C4221D
:109730004713C80002A2CA43CA0000080000000084
:10974000000000238083C101002380C1C4E2C30163
:10975000450080C780C3458181030000400240006E
:10976000400000010109C00080000001000000006D
:109770008100000001804400000000C0834500001B
:10978000800080E2C3C0C3A2C7CFC0C747C8C4031C
:10979000C141C45302C0D30304200000C0C0000074
:1097A00000000000000000000000000000000000B9
:1097B00000000000000000000000000000000000A9
:1097C0000000000000000000000000000000000099
:1097D0000000000000000000000000000000000089
:1097E0000000000000000000000000000000000079
:1097F0000000000000000010204000000800800071
:109800004140000040000000040204A004000400E5
:1098100001C0010001000000820A50010100802106
:10982000020430014080800482184003C0800000A0
:109830001008100018000001400101008000000322
:1098400000000000C00000004002000003000020F3
:1098500084200000800080101404880240008010E2
:1098600008000008C0210020051080080040010009
:1098700010100100000000000000000000000000C7
:1098800000000000000000000000000000000000D8
:1098900000000000000000000000000000000000C8
:1098A00000000000000000000000000000000000B8
:1098B00000000000000000000000000000000000A8
:1098C00000000000000000000000000000010C008B
:1098D00000004C831100008003182C0000290008B0
:1098E000040808A411000018F204224303008016A3
:1098F000F002006000800021F002002000000080E3
:10990000F300AC5501000018C60002E42100008EEF
:10991000FA10284320000088C61800827078008E54
:10992000A33400850053000026102E040000000E12
:109930000000160000000018008000000000000079
:109940004164000000000000003000000000000042
:109950000000000000000000000000000000000007
:1099600000000000000000000000000000000000F7
:1099700000000000000000000000000000000000E7
:1099800000000000000000000000000000000000D7
:1099900000000000000000000000000000000000C7
:1099A000E000020000081015601600C0E160181504
:1099B000E0808003000060021B000081057042937C
:1099C000012C000640701C80080800000070000098
:1099D00062000000F00007050B300044C8024E038F
:1099E0003A000040E030080BD0000041C80262B2EB
:1099F000E80200C0A13050B50810804820004E1485
:109A0000000000C7B434400400000000B040000073
:109A10000000000041C00000000000000030000015
:109A20000000000000000000000000000000000036
:109A30000000000000000000000000000000000026
:109A40000000000000000000000000000000000016
:109A50000000000000000000000000000000000006
:109A600000000000000000000000000000000000F6
:109A700000000000C002000000080000B11000E07B
:109A80000850011020200002000024412001809095
:109A900000200468040000004008300800000004B2
:109AA000001801048A01808610008001000A8000ED
:109AB0000100420CB80080020942048494008082B4
:109AC000000801003A0001A2282030280000000010
:109AD0002B120408C0008002410420284A00000024
:109AE00010008114050000F02810000000000000A4
:109AF0000042000000000000000000000000000024
:109B00000000000000000000000000000000000055
:109B10000000000000000000000000000000000045
:109B20000000000000000000000000000000000035
:109B30000000000000000000000000000000000025
:109B40000000000000000000000000000060401461
:109B50008000148001001C08600000560408018881
:109B6000330080C70138008703000008500012E06E
:109B700001004004C000120002006803C0004292CD
:109B800088000067D001404460000000C3300072CC
:109B900002000080E11B0C0460025000F13110A0B3
:109BA000C80000C3C00002AD080000100000160588
:109BB00003000080016088CF0700008601300000AC
:109BC000000200000008000000000000000000008B
:109BD0000000000000000000000000000000000085
:109BE0000000000000000000000000000000000075
:109BF0000000000000000000000000000000000065
:109C00000000000000000000000000000000000054
:109C10000000000000000000000000000000000044
:109C200000041244020056000A040E0A0000809646
:109C3000030000A050000058D19011A70000800E32
:109C400020380280010000C451010EC00100000A4A
:109C50002002096200008000C00020C3710000875C
:109C6000BA4E80C361000040A4C0400C60000E46A4
:109C7000E9B8008000018E9AD64213841000008754
:109C8000C500064591000000E48002C701008E96E1
:109C900001340000200000000070000000000000FF
:109CA00000000000000000000000000000000000B4
:109CB00000000000000000000000000000000000A4
:109CC0000000000000000000000000000000000094
:109CD0000000000000000020000100000000000063
:109CE0000010000000000000000000000001004023
:109CF000800000402C410000080000208054181112
:109D00000800094051012030180481191400441240
:109D1000104180414041113234490044344428020A
:109D20000910004A10040000500090202A008C8086
:109D30008000040000240401000440012000000011
:109D4000080008480112002010484040111A004441
:109D50001008204A10420000200200001982001062
:109D60000800000100400400000000000040000066
:109D700000000000000000000000000000000000E3
:109D800000000000000000000000000000000000D3
:109D900000000000000000000000000000000000C3
:109DA00000000000000000000000000000000000B3
:109DB0000000000E00000000000000000000000095
:109DC00000000000000000000000600000009002A1
:109DD0000010341D00090C00005ABD0020000018BE
:109DE0001CB00930290D00B2980030391A98004D86
:109DF0000C000C9E50090C3C0D505D502890100C2E
:109E00000040589D080DB900000A0C395E10580931
:109E1000980A1D39001098AC991909002004003DDA
:109E20000C2C7D09100400A0006D9C0600000002AF
:109E300010606010400000020000100000000030C0
:109E40001000007000000000000E000A000000007A
:109E50000000000000000000000000000000000002
:109E600000000000000000000000000000000000F2
:109E700000000000000000000000000000000000E2
:109E8000000C0000000000000000000000000000C6
:109E90000000007000080E3030000E10002C0A0088
:109EA000400000301E280E0802000C003808101177
:109EB00040001C5C01008C54003C901801280C34BC
:109EC0002C3800341D2C305408500FBC00080E7084
:109ED0002100301F04003410110008705E2C05D8DA
:109EE000008811080F0ED0D00080001004580030F8
:109EF000001030B00D0C0A30007020000028010066
:109F0000000C00000C380E000000000C0020840043
:109F10000000008080100000000000000000000031
:109F20000000000000000000000000000000000031
:109F30000000000000000000000000000000000021
:109F40000000000000000000000000000000000011
:109F50000000000000000000000000000000000001
:109F600000000000000000000000000000000000F1
:109F700000000000000000000000000000000000E1
:109F8000000000300001000200000400000000009A
:109F900000000000000000000000000C80004000F5
:109FA000000000000000000200000000200000008F
:109FB0000000000000000100000020000000200060
:109FC0000000000000000000000000000000000091
:109FD0000000000000000000000000000000000081
:109FE0000000000000000000000000000000000071
:109FF0000000000000000000000000000000000061
:10A000000000000000000000000000000000000050
:10A010000000000000000000000000000000000040
:10A020000000000000000000000000000000000030
:10A030000000000000000000000000000000200000
:10A040000000000000000000000000000000000010
:10A050000000000000000000000000000000000000
:10A06000000000800000000000000000000000026E
:10A070001000208000800000800000000000000030
:10A0800000000000000000208000040000008000AC
:10A09000000080000000000000000000000000043C
:10A0A00000000000000000000000000000000000B0
:10A0B00000000000000000000000000000000000A0
:10A0C0000000000000000000000000000000000090
:10A0D0000000000000000000000000000000000080
:10A0E0000000000000000000000000000000000070
:10A0F0000000000000000000000000100000000050
:10A10000000000000000000000000000000000004F
:10A11000000020000000000000000000000000001F
:10A12000000000000000000000000010000000001F
:10A130000000080000000000000000000000000017
:10A14000000000000000000000000000000000000F
:10A1500000000000100000000000002000000000CF
:10A1600000000000000000000000000000000000EF
:10A1700000000004000000040000000000000000D7
:10A1800000000000000000000000000000000000CF
:10A1900000000000000000000000000000000000BF
:10A1A00000000000000000000000000000000000AF
:10A1B000000000000000000000000000000000009F
:10A1C000000000000000000000000000000000008F
:10A1D000000000000000000000000000000000007F
:10A1E000000000000000010B230023202300D1F316
:10A1F0000303030A0B0005000100C33CFFFF575592
:10A2000005110DDD01003F153F15FEFFAA00F0000E
:10A21000AA004444005550500A0A444400553030C6
:10A220002222CC000033CC000033303022223030E8
:10A2300000330A0A0C0C30300A0A0C0C000F3030C4
:10A240000033CC00C0F3F0CC88BB22EE3333BBBB71
:10A25000DD553F2E1D3FFF7F0703FF3F54DCFFFF0F
:10A26000FFFFDD0F110300000000000000000000F0
:10A2700000000000000000000000000000000000DE
:10A2800000000000000000000000000000000000CE
:10A2900000000000000000000000000000000000BE
:10A2A00008000000000000000000000000000000A6
:10A2B0000000000000000000000048201E20482090
:10A2C0001E2000201E0048201E2090040C001000BC
:10A2D0000C0000201E0000000C0090241E0000A0B6
:10A2E0001E28DEA47EB8DEA47EB8DEA47EB8DEA47E
:10A2F0007EB8DEA47EB8DEA47EB8DEA47EB8DEA47E
:10A300007EB8DEA47EB8DEA47EB8DEA47EB8DEA46D
:10A310007EB8DEA47EB8DEA47EB8DEA47EB8DE847D
:10A320006CB100000C0090241E0000001C00000016
:10A330001C0000000C0048201E200000000000004F
:10A34000000000000000000000000000000000000D
:10A3500000000000000000000000000000000000FD
:10A3600000000000000000000000000000000000ED
:10A3700000000000080000000000000000000000D5
:10A3800000000000000000000000000000000000CD
:10A39000000000000000900400004820122010007F
:10A3A000000000201200000000000000000000007B
:10A3B0000000008060A94F8060B94F8060B100004C
:10A3C00000000000000000201200000000009024A7
:10A3D0001200000000000020120000000000000039
:10A3E00000000000000048201220000000000000D3
:10A3F000000000000000000000000000000000005D
:10A40000000000000000000000000000000000004C
:10A41000000000000000000000000000000000003C
:10A42000000000000000000000000000000000002C
:10A43000000000000000000000000000000000001C
:10A44000000000000000008000000000000000008C
:10A4500000000000000000000000000000000000FC
:10A460000000FFFFFFFF1111FFFFF30022228B000E
:10A470002300A5A5FFFF0100050151F301001133E1
:10A48000FF330B001505FFFFBE7DF66FDE7BF66F19
:10A49000DE7BFEFF11310F4770775755131031F5F2
:10A4A0000B005F133F15FFFFFEFF01003F30000070
:10A4B0000000FFFFFEFFFFFF010177720702FEFFB2
:10A4C000BFFF0000000000000000FFFF099055AA38
:10A4D0000104CC33BE7DBE7DBE7DFFFFFFFFFFFFCD
:10A4E000FFFF00000000000000000000000000006E
:10A4F000000000000000000000000000000000005C
:10A50000000000000000000000000000000000004B
:10A51000000000000000000000000000000000003B
:10A52000000000000000000000000000000000002B
:10A5300000000000000002000402C0202882000089
:10A540000403C020140183090403C02094E3000025
:10A550000000402000C080080000C02000008039BA
:10A560000000C020000080280000C02000008039CA
:10A570000402C020044480280402C02000C6000851
:10A580000402C020004480280000C02000C680399A
:10A590000402C020044480390000C02000C600002E
:10A5A00000008000000600000000C02000840100C0
:10A5B0000402C02004C600000000000000000000EB
:10A5C000000000000000000000000000000000008B
:10A5D000000000000000000000000000000000007B
:10A5E000000000000000000000000000000000006B
:10A5F000000000000000000000000000000000005B
:10A600000000000000000000000091200000000198
:10A610000460C120800000011060D1208000000192
:10A6200024420020000000000040802000000001C3
:10A630000060802800000001006080280000000108
:10A6400000608128000000011060812800000001E6
:10A6500010608128000000011060802800000001C7
:10A6600000608128000000011060802800000001C7
:10A670000060800000000001002080200000000138
:10A6800000E29120000000011060000000000000C6
:10A6900000000000000000000000000000000000BA
:10A6A00000000000000000000000000000000000AA
:10A6B000000000000000000000000000000000009A
:10A6C000000000000000000000000000000000008A
:10A6D000000000000000000000000000000000C0BA
:10A6E00000C044000323004000C080000801C38074
:10A6F00003C70100000000624405000002000000E2
:10A700000052E0220308004302E2C30000000047B9
:10A7100000E2C3000003C762C7C7C32302230007C8
:10A7200003C3C7074722C7C747E2002344000047C7
:10A7300000E2C3000020C4C7C0E2C000444002C71A
:10A7400003E203004400000002000000C300020016
:10A7500000000000C0000000E0C0C00000070000D2
:10A7600000000000000000000000000000000000E9
:10A7700000000000000000000000000000000000D9
:10A7800000000000000000000000000000000000C9
:10A7900000000000000000000000000000000000B9
:10A7A00000000000000000000000000000000000A9
:10A7B00000000020002000004100002000028080F6
:10A7C0000001180241044100800000202004000024
:10A7D0000404004000200000210000280404300090
:10A7E00001800020000418000180042004041800E7
:10A7F0000500004040184000080002100804030053
:10A800000080002000041840010000201004120005
:10A8100000A0041008040800000000400200002806
:10A82000180004C002020280010000400005800000
:10A830000000000000000000000000000000000018
:10A840000000000000000000000000000000000008
:10A8500000000000000000000000000000000000F8
:10A8600000000000000000000000000000000000E8
:10A8700000000000000000000000000000000000D8
:10A88000000000000000000B1803008001000E8093
:10A8900053480000A464008201000000E20008C0E8
:10A8A000110000B801400E04600000AA31040C80C1
:10A8B0007A0100181000004550000000A00102803D
:10A8C00003000004F40018000000000E451008000A
:10A8D00000008085017000000000000EC8000040EC
:10A8E0000102809AF2610000000000000A40008529
:10A8F0007100000EF234A843000000104165000012
:10A9000000001C00003400000000000000000000F7
:10A910000000000000000000000000000000000037
:10A920000000000000000000000000000000000027
:10A930000000000000000000000000000000000017
:10A940000090000000000000000000000000000077
:10A95000000000000000000000000000800800D09F
:10A9600001000000C00000C0E000000208008003F9
:10A97000C2726182030300D3004060B4010000C8CA
:10A9800001100D80E1008003F0703080C900000FDD
:10A990002870208000004003307006000000000096
:10A9A00000182000000000800108000000000000E6
:10A9B00001701080053800C34070000200000040A4
:10A9C00000480EA5100040F0013008A5000000402E
:10A9D0002CB000000000000000300000000000006B
:10A9E0000000000000000000000000000000000067
:10A9F0000000000000000000000000000000000057
:10AA00000000000000000000000000000000000046
:10AA1000000000000018000000000000000000001E
:10AA200000000000000000000000000000000072B4
:10AA30008006242000522404CC0380808830001635
:10AA400004004000800CA0440D024021022884280C
:10AA5000400100F00001A218040000500008011C91
:10AA60004401800000080418060000080128300096
:10AA70008401C08380084008400000A000003038F6
:10AA80008002000220083008210000A0403C00188D
:10AA900040000080000C11942001004100200C892E
:10AAA00000010080408000004001080000300000EC
:10AAB0000000000000000000000000000000000096
:10AAC0000000000000000000000000000000000086
:10AAD0000000000000000000000000000000000076
:10AAE00000000000000000000088000000000000DE
:10AAF0000000000000000000000000000000000056
:10AB00000000000360001400403010C8E3000C8017
:10AB1000F16100870C022C0741720088010000C718
:10AB2000C53C2CA000000040003102000F00400393
:10AB3000580012E403000007E8020D0007000000BF
:10AB400040021C00020000C10101270000000004B7
:10AB50000000008367000000000116A0E00000066E
:10AB6000004000000000000001000C00C7020000CF
:10AB7000483002082300009001780000F0312C00DA
:10AB80000060000000000000000000000000000065
:10AB900000000000000000000000000000000000B5
:10ABA00000000000000000000000000000000000A5
:10ABB0000000000000000000000000000000000095
:10ABC0000000000000000000000000000000000085
:10ABD00000000000000000C7610014C005B2008C36
:10ABE00070004005E480804720000040D9000CCF71
:10ABF0008100008802410C0490000029A08008C058
:10AC00000100800A403840C00100800140380F40F8
:10AC100001008016103C0C10000000CAE5000C007A
:10AC2000840000E0010000006000001EC038064003
:10AC3000020080D6E1010000000000C00900000011
:10AC400050000000E2992C50F30100180A11000096
:10AC5000700200000064000000000000000000001E
:10AC600000000000000000000000000000000000E4
:10AC700000000000000000000000000000000000D4
:10AC800000000000000000000000000000000000C4
:10AC900000000000000000000008000000000000AC
:10ACA0000000000002000000024104010000004812
:10ACB00080440010080104408A440044100C1044F1
:10ACC0000021100000418040900910121212502201
:10ACD000002C189A1000000040001040805008849A
:10ACE0009840000240408044224100000400244873
:10ACF00020244048290801220018282200040000CE
:10AD0000040820220892400481440002000C08013B
:10AD100001084002080000002209018028000022EA
:10AD20000C310002000000000008000000000000DC
:10AD30000000000000000000000000000000000013
:10AD40000000000000000000000000000000000003
:10AD500000000000000000000000000000000000F3
:10AD60000000000000800000000000000000000063
:10AD700000000000000000000000000000000000D3
:10AD800000000000000E003000B00C00000D680054
:10AD90003014100E00B93C0608790200301C10393E
:10ADA0003A00327900BC1808307A5090B91D1079F9
:10ADB00050007C0C085D6C9E0E005A0900AE000627
:10ADC000490009000C6969A80858BC02BC18080AA7
:10ADD0000000B80C007C980E083A0000097D0000C5
:10ADE000000C0870007C5DB00C0000A07A0CBCB0B8
:10ADF0000C0000009C2A700000000000006C0000A5
:10AE0000000000000000000000000000000A000038
:10AE10000000000000000000000000000000000032
:10AE20000000000000000000000000000000000022
:10AE30000000000000000000000000000000000012
:10AE400000000000000000000200000008000000F8
:10AE500008380C0C0000002030280000000C0D0009
:10AE6000382801100AF80A1C0E1C0142011C3A1075
:10AE70003088500C085C0010433C00384150000002
:10AE8000308000301000002930200F080000300C06
:10AE9000082CCF0008002800011C302004000910F5
:10AEA0000100101C0008010FC100311800381A0CF5
:10AEB000382C000C0050005C08500004000000001A
:10AEC000180C093000000010003C000C000000507D
:10AED0000E000000000000008200000000000000E2
:10AEE0000000000000000000000000000000000062
:10AEF0000000000000000000000000000000000052
:10AF00000000000000000000000000000000000041
:10AF10000000000000000000000000000000000031
:10AF20000000000000000000000000200000000001
:10AF300000000000000000002000000000000020D1
:10AF4000000000200000040040000001100000008C
:10AF500040000000000000010000040000000400A8
:10AF600000000002040000000100000000000000DA
:10AF700000010000000000000000200010000000A0
:10AF800000000C00000000000000000000000000B5
:10AF9000000000000001200000000000024000004E
:10AFA0000000000000000000000000001000000091
:10AFB0000000000000000000000000000000000091
:10AFC0000000000000000000000000000000000081
:10AFD000000000000000000000000000020000006F
:10AFE0000000000000000000000000000000000061
:10AFF00000000000000000000000000000000080D1
:10B0000000000000000000000080000000000000C0
:10B01000000000800000008000000000000000042C
:10B0200000000000000000000000000C0100020011
:10B030000000000081000080090000000400000002
:10B040000000002000000000000000000000800060
:10B050000000000080000200000800000000000066
:10B06000000001000000000000008000000000005F
:10B0700000200000000000000000000000000000B0
:10B0800000000000000000000000000000000000C0
:10B0900000000000000000000000000000000000B0
:10B0A00000000000000000000000000000000000A0
:10B0B0000000000000000000000000000000000090
:10B0C0000000000000000000000000000000000080
:10B0D0000000000000000000000000000020000050
:10B0E0001008000010000000000020000000080808
:10B0F0000000000010000000000000000000000040
:10B10000000000000800080000000000040000002B
:10B110000800000000000020000000000000000007
:10B12000000000001000000000000000000400000B
:10B13000000000000000000000000000000000000F
:10B1400000080000000000000000000000000000F7
:10B1500000000000100000000000000000000000DF
:10B1600000000000000000000000000000000000DF
:10B1700000000000000000000000000000000000CF
:10B1800000000000100000000000000000000000AF
:10B1900000000000000000000000FFFFFFFFFD0DA9
:10B1A0000500F50000AAFFFFF66FBE7DF66FBE7DBD
:10B1B000F66FBB0B4F0F0FF0DE7BBE7DDE7BDE7BC1
:10B1C000F66F3F1577070F0F555555550F0F333352
:10B1D000FF0055550F0FFF00CCCCFFFF7777FFFF27
:10B1E000AAAAFEFEFEFFFEFFFEFFFEFFFEFFFEFF21
:10B1F000FEFFEF4523013F157707DD0F11035F5C6D
:10B200001310EF4523015F4E1302DD0F110333339B
:10B21000FF0055550F0F333300FFFFFFF66F333339
:10B22000FF00555533333333AAAA00000000000055
:10B23000000000000000000000000000000000000E
:10B2400000000000000000000000000000000000FE
:10B2500000000000000000000000000008000000E6
:10B2600000000000000000000000000000000000DE
:10B270000C0090040C0090060C0000806CA94F801C
:10B280006CB94F806CB100000C0090A46EA94F8087
:10B290006CB94F806CB190241E00D8A47EA9DFA4A5
:10B2A0007EB9DFA47EB9DFA47EB9DF247E900000E2
:10B2B0000C0000804CA94F806CB94F806CB94F8056
:10B2C0006CB94F806CB148201E2090241E0048208D
:10B2D0001E2048201E2048201E2048201E204820D6
:10B2E0001E20D8A47EA9DFA47EB9DF247E900000B2
:10B2F0000C00D8A47EA9DFA47EB9DF047C900000F6
:10B30000000000000000000000000000000000003D
:10B31000000000000000000000000000000000002D
:10B32000000000000000000000000000000000001D
:10B330000800000000000000000000000000000005
:10B34000000000000000000000000000000000807D
:10B3500060A94F8060B94F8060B190241200000056
:10B3600000009024120000000000488060A84E8079
:10B3700060B84E8060B84E8060B84E8060B84E8035
:10B3800060B84E8060B84E8060B84E8060B84E8025
:10B3900060B84E8060B84E8060B84E8060B84E8015
:10B3A00060B84E8060B84E8060B1482012204820BE
:10B3B00012200000000048201220000000000000C1
:10B3C00000000000000048201220000000000000E3
:10B3D000000000000000000000000000000000006D
:10B3E000000000000000000000000000000000005D
:10B3F000000000000000000000000000000000004D
:10B4000000000080080000000000000000000000B4
:10B41000000000000000FFFFFFFFFFFFFFFF000034
:10B420000000FFFFF66FBE7DF66FBE7DF66F5F1307
:10B430007707F1F001113F15770705057777AAAA7D
:10B44000CCCCAAAAF0F0AAAAF0F0AAAACCCCAAAABC
:10B45000AAAAF0F0CCCCAAAAF0F0AAAAAAAA00FF45
:10B46000F0F0AAAA00FFF0F0F0F0AAAACCCCAAAAA9
:10B47000F0F0AAAAAAAAF0F0F0F0AAAA3333EF23B8
:10B4800045017772070255505F5FFB510B01BE7D8E
:10B49000BE7DF66F008000000000FB510B01FFFF36
:10B4A000FFFFFFFFFFFF00000000000000000000A2
:10B4B000000000000000000000000000000000008C
:10B4C000000000000000000000000000000000007C
:10B4D0000000000000000000080000000000000064
:10B4E0000000000000000000000000301401802077
:10B4F00098440000000040200040000000000000D0
:10B50000000000000402800808000000040200009F
:10B51000040000080000C028008080280000802867
:10B520000008803900008028008200000000000030
:10B53000000000000000000000000000000000000B
:10B54000000000000000C020004400000000C020F7
:10B55000008200000403C020144500090001C0203F
:10B56000104080390000C0200000800900018000E8
:10B57000100290280403C02010C600000000000044
:10B5800000000000000000000000000000000000BB
:10B5900000000000000000000000000000000000AB
:10B5A000000000000000000000000000000000009B
:10B5B0000000000000000000000000000000C128A2
:10B5C0002000000510600020000000800040000006
:10B5D00000000000000081000000000010000100D9
:10B5E00000000000100080200000000000468028BD
:10B5F00000000004008A80280000000400E200002F
:10B60000000000000000000000000000000000003A
:10B610000000000000008020000000010060802089
:10B62000000000010060C120800000011060C02007
:10B6300080000001006280280000000100E2C000DC
:10B64000800000010022C1288000000110E20000FB
:10B6500000000000000000000000000000000000EA
:10B6600000000000000000000000000000000000DA
:10B6700000000000000000000000000000000000CA
:10B6800000000000000000000000000000000000BA
:10B69000000000C003C0C000D30300C000000302CC
:10B6A0001200000000000000000000C0000207239C
:10B6B000000300000000C023C4000000C0C0E2007E
:10B6C000470700C0C247C007032200E20347000348
:10B6D000C0070000004040E0100000000000002013
:10B6E000100000000000000000000000C043C00087
:10B6F0000300006207000000000002800340C40055
:10B70000000000400280C0030000C3C74640C007DD
:10B7100000C300000380C001000003C3C0C8C022F2
:10B720000403000000000000000000000000000012
:10B730000000000000000000000000000000000009
:10B7400000000000000000000000000000000000F9
:10B7500000000000000000000000000000000000E9
:10B760000000000000000010400480008001000480
:10B770000000200800000000000000000000002081
:10B78000000A08000101000080208000000000C0C5
:10B790001290040020000084142010000300000414
:10B7A00003200108140000000010104000010000F8
:10B7B0000000000000010000000000000000048004
:10B7C000412812000900002002000000018004024C
:10B7D00004200000010002200402100803401804A5
:10B7E00004201000010C0000080210010100200CD0
:10B7F00082001000000100000000000000000000B6
:10B800000000000000000000000000000000000038
:10B810000000000000000000000000000000000028
:10B820000000000000000000000000000000000018
:10B8300000000000000000000000000000001C00EC
:10B840000000002000010000A0600E876100009A47
:10B85000C2304CA2030100A5A1000C032800000A7D
:10B860000044000300000080E30000000000000E20
:10B870000000000000000000007080000000000ECA
:10B88000020016247001004E00100004500100CE8A
:10B89000030000046000000E067000005000008EDF
:10B8A00001300004100A000E264506500308004E21
:10B8B00018022E8002000004F00000500330000047
:10B8C0001102000004000000000000000000000061
:10B8D0000000000000000000000000000000000068
:10B8E0000000000000000000000000000000000058
:10B8F0000000000000000000000000000000000048
:10B900000000000000000000000000000000000037
:10B91000600001000040408320000000080052E465
:10B92000300000C3E4721084E00000D4CC82CC0765
:10B93000200040C7C03A4013000000D001010000C1
:10B94000000000080070000000000000F008000483
:10B950008000000802000017D2000088010C0018C7
:10B96000E000800B010040146002004800700000FD
:10B97000C000809B053050148052004720400000DA
:10B980000340800F0070000004000004A070000558
:10B990000380000000700000200000000070000024
:10B9A0000000000000000000000000000000000097
:10B9B0000000000000000000000000000000000087
:10B9C0000000000000000000000000000000000077
:10B9D0000000000000000000000000000000000067
:10B9E0000000000040250000000C000408020000D8
:10B9F00040120B06100000C9C070180188022040D8
:10BA000000044220100280740105200080014020C3
:10BA1000000000240800400000080024000040004E
:10BA20000000000010004000000000320000002074
:10BA30000010000248000020000A002810004050BA
:10BA4000410A001468010100004291289502A002F9
:10BA50009520403C0A004001400804240200810275
:10BA6000180800100A00008000080004000400000C
:10BA700001080000000000000000000000000000BD
:10BA800000000000000000000000000000000000B6
:10BA900000000000000000000000000000000000A6
:10BAA0000000000000000000000000000000000096
:10BAB0000000000000000000200200000040808024
:10BAC0006100006002004C03C7010041A0604853C0
:10BAD00080001080010988A7810000C140404C13FC
:10BAE0000000000741020080010000074002000042
:10BAF000070048070030000000000007480000026F
:10BB00001000000040120087010000D0417E0000BC
:10BB1000D001014740120084E102150041320600C5
:10BB200062009089C13000000000029105002E00E3
:10BB3000020008060000000F00000000B001000035
:10BB400000000C00000000000000000000000000E9
:10BB500000000000000000000000000000000000E5
:10BB600000000000000000000000000000000000D5
:10BB700000000000000000000000000000000000C5
:10BB800000000000000000000000000014000000A1
:10BB90000048000700000000224006856A008086F9
:10BBA0004515288470008085E502190528000007E6
:10BBB00050020003000000C005000000000000006B
:10BBC0000038000000004004008000000000000079
:10BBD000400200077001004000F040009400008027
:10BBE0000700000050000000C23C400C70001440F0
:10BBF00009B8065062000EC8C9B8000000000C86E3
:10BC0000013912E00100002700390000000000C0E7
:10BC1000A138000000480100000000000000000002
:10BC20000000000000000000000000000000000014
:10BC30000000000000000000000000000000000004
:10BC40000000000000000000000070000000000084
:10BC500000000000000000010000000000010002E0
:10BC600040002020200480100000805001000000CF
:10BC70000008000281420200200420428240082184
:10BC80001000000011110040104400303054000238
:10BC90001058400010884022201942200022013014
:10BCA0002004002020000040000404000100119046
:10BCB00010040004004008400058000A18820022C6
:10BCC000002000400081004000140144002080401A
:10BCD000801C202000224412200401200858010169
:10BCE00010000000040100000000004000000000FF
:10BCF0000000000000000000000000000000000044
:10BD00000000000000000000000000000000000033
:10BD10000000000000000000000000000000200003
:10BD20000000000000000000000000000000000013
:10BD3000000000000008000000000030B000081003
:10BD40000010B000003C00000000100C00B0067AAB
:10BD50000009041D2908003E002860BD20080010CD
:10BD60000D1E30792008004E086C080D0E0C054C95
:10BD70000C6C0010100900006E5D00BD0C0000008E
:10BD80000550301A200C5005000D047DA004600001
:10BD90000059657EA0406000006D000000000500B5
:10BDA0003C50380E0034000E70B009160200000638
:10BDB000001C00B02000004E400A60560000004009
:10BDC0000060000000000000000000000000000013
:10BDD0000000000000000000000000000000000063
:10BDE0000000000000000000000000000000000053
:10BDF00000006000000000000000000000000008DB
:10BE00000000000000080004300B20000008305043
:10BE10000042110008F0000000F60A0C1C38D001A6
:10BE20002E5020281C2E00980E010AF0087D0020BC
:10BE30000E0500300008805400002000012E213C37
:10BE400000042C1F011D0C1080000110100E0A2090
:10BE50000700080004000430000D005800100030F6
:10BE60000030000C003C003C00100030703C0A1018
:10BE7000000C04388F3091301008201000383C0C32
:10BE8000000008300A20080C00000000000C000030
:10BE900000000000000000000000000000000000A2
:10BEA0000000000000000000000000000000000092
:10BEB0000000000000000000000000000000000082
:10BEC0000000000000000000000000000000000072
:10BED0000000000000000000000000000000000062
:10BEE0004020000040200000000000000000000092
:10BEF0000000000000800000002C00004000400016
:10BF000002200000000000004220000400000000A9
:10BF1000020000000090000000400400000000004B
:10BF2000040100000000000000000001000000000B
:10BF30000000000000000000000000000000000001
:10BF400000000000000000000800000004022002C1
:10BF500000000000000000000000000000000000E1
:10BF600000000000000000000000000000000000D1
:10BF700000000000000000000000000000000000C1
:10BF800000000000000000000000000000000000B1
:10BF900000000000000000000000000000000000A1
:10BFA0000000000000000000000000000000008011
:10BFB0000000000000800000008000000000000081
:10BFC000000000000000000000300080008200003F
:10BFD00020002080004000000000000000800001E0
:10BFE00000000000000000000050000100200000E0
:10BFF00000200000020C0000000000000000000013
:10C000000000000000000000000000000000000030
:10C01000000000000000000000000000010000001F
:10C02000010480000000000000000000000000008B
:10C030000000000000000000000000000000000000
:10C0400000000000000000000000000000000000F0
:10C0500000000000000000000000000000000000E0
:10C0600000000000000000000000000000000000D0
:10C0700000000000000000000000000000000000C0
:10C0800000000000000000000000000000000000B0
:10C09000000000000000000000000000000400009C
:10C0A0000000000000000000000000002000000070
:10C0B0000000000020000000000000080004000054
:10C0C0000000080000200000000000000000000048
:10C0D0000000000000000000000000000000000060
:10C0E000000000000000000000000000000040010F
:10C0F000000000000000400100000000008100007E
:10C100000800000000000000100000000000000017
:10C11000000000000000000000000000000000001F
:10C12000000000000000000000000000000000000F
:10C1300000000000000000000000000000000000FF
:10C14000000080000000000000000000000000006F
:10C15000000077740704FD0D31015F5C1310FFFFD1
:10C16000FFFFFFFFAAFF00000000DF00DDDDFFFF93
:10C17000FFFF5F135F1355AA0FF0FFFFBE7DDE7B4D
:10C18000F66FDE7BDE7B3333333355550F0F0F0FE6
:10C190005555FF000F0FFF00FF00333333330F0FF0
:10C1A000333333330F0F5555FF0055550F0F55558A
:10C1B000FF005555333355550F0F55550F0F33337A
:10C1C0000F0F0F0F00FFDDDDF3F3FFFFFFFFFFFF9A
:10C1D000F00F41825DFFFFFFFFFF00000000000045
:10C1E000000000000000000000000000000000004F
:10C1F000000000000000000000000000000000003F
:10C20000000000000000000000000000000000002E
:10C210000000000000000000080000000000000016
:10C2200000000000000048201E2048201E2048205A
:10C230001E2000000C0000000C0000000000100098
:10C240000C0080240E0090241E0090241E0000800C
:10C250006CA94F806CB94F806CB148806CA94F803D
:10C260006CB94F806CB94F806CB94F806CB94F80FE
:10C270006CB94F806CB94F806CB94F806CB94F80EE
:10C280006CB94F806CB94F806CB94F806CB94F80DE
:10C290006CB94F806CB94F806CB090060C000000F8
:10C2A0000C0000000C0000000C0000008C020000DC
:10C2B000000000000000000000000000000000007E
:10C2C000000000000000000000000000000000006E
:10C2D000000000000000000000000000000000005E
:10C2E0000000000000000000000000000800000046
:10C2F00000000000000048201220482012204820A2
:10C3000012204820122000000000D8A472A9DFA447
:10C3100072B9DFA472B9DFA472B9DF0470909024FF
:10C3200002008024020090241200D8A472A9DFA485
:10C3300072B9DFA472B9DFA472B9DF047090008013
:10C3400060A94E8060B84E8060B84E8060B84E8064
:10C3500060B94E8060B190241200902412009024A5
:10C3600012009024120090241200D8A472A9DFA415
:10C3700072B9DF24729000000000D8A472A9DFA473
:10C3800072B9DF047090000000000000000000009F
:10C39000000000000000000000000000000000009D
:10C3A000000000000000000000000000000000008D
:10C3B00000000000000000000000000000000080FD
:10C3C00008000000000000000000FD0D31015F5C6E
:10C3D0001310FD310D01EF234501FFFFFFFF333344
:10C3E000FF003333FF0033330F0FFF000F0F3333E2
:10C3F000F0F0A5A5FFFFFFFFFFFF69969966FF001C
:10C4000033330F0F3333FF0055550F0F3333FF0016
:10C41000AAAAFFFFF0F0FAFFFEFFFEFFFEFFFEFFFD
:10C42000FEFFFEFF3333CCCC0F0F5F135F135F13A0
:10C430003F1577075F133F1577075F133F15FF0021
:10C440000F0F3333FF005555CCCC90904100FF00C7
:10C450005555FF0033330F0FAAAA0000000000005B
:10C4600000000000000000000000000000000000CC
:10C4700000000000000000000000000000000000BC
:10C4800000000000000000000000000000000000AC
:10C490000000000008000000000000000000000094
:10C4A00004038000140300000403C020148351001F
:10C4B0001403402014801000140180081000320082
:10C4C0001401C0201002000004030020000010002E
:10C4D0000403000090011000040300009800100005
:10C4E0000403000014010000000000000000000030
:10C4F000000000000000000000000000000000003C
:10C500000403000014010000040300001401700083
:10C5100004030000900032000403C02098C23000E1
:10C5200000010000100173000403000098000000E7
:10C5300000000000000000000000000000000000FB
:10C5400000000000000000000000000000000000EB
:10C5500000000000000000000000000000000000DB
:10C5600000000000000000000000000000000000CB
:10C570000000C100800000011020C12080000001E7
:10C5800010604920000000001041D1002000000090
:10C590001423D12020000001142141208000000438
:10C5A00000004100800000000001510080000000F8
:10C5B0001401510080000000140100000000000080
:10C5C000000000000000000000000000000000006B
:10C5D00000004100800000001000410080000000C9
:10C5E00010004100800000001001D1208000008177
:10C5F0001463400080000000000151008000000032
:10C600001401000000000000000000000000000015
:10C61000000000000000000000000000000000001A
:10C62000000000000000000000000000000000000A
:10C6300000000000000000000000000000000000FA
:10C64000000000000000008003C000000000004067
:10C65000000080000023208003CFC000A08000C025
:10C6600003C0D301A3C0C0C382CF836200070040D0
:10C6700000C2D701C50301C81380C000C42321EB49
:10C68000B3C0C302800000CB80C0D305800003028A
:10C69000C24000040000000000002200A0000000D2
:10C6A00000000000A00203E3CB80C803C80543C319
:10C6B00001C8D323C40500C9C0C08000D301E3C1B1
:10C6C000A3C0C087DBC000CA00800013800000C385
:10C6D00080C0C80080400000000000000000000092
:10C6E000000000000000000000000000000000004A
:10C6F000000000000000000000000000000000003A
:10C700000000000000000000000000000000000029
:10C7100000000000000000000000000204200040B3
:10C7200001000020010080000100000220008000C4
:10C7300000020020080210010820800A84008420E2
:10C7400003000020000C00014001400000028000B6
:10C75000000040000020C080800000018820800090
:10C760008000028041020000000000000000020082
:10C7700000000000000000000080042040020005CE
:10C7800000000503500080000000000180208000B0
:10C790008001042104021002000C0080000210003D
:10C7A00080000003802000008040000000000000A6
:10C7B0000000000000000000000000000000000079
:10C7C0000000000000000000000000000000000069
:10C7D0000000000000000000000000000000000059
:10C7E0000000000000000000000000000000000049
:10C7F000A410000AA0602600D430809AE6640000ED
:10C8000000001C000000000010000000007000008C
:10C810001050141AE04000030002000000700C05E4
:10C82000100100A0071400005000000000000000EC
:10C8300000280000000000500000000100420E909F
:10C840000000002801000E03500000002000189294
:10C8500053000000A0102095A1000000000002007D
:10C8600000000006E400000300384000040000005F
:10C87000580000060014000000080000000000003E
:10C8800000000000000000000000000000000000A8
:10C890000000000000000000000000000000000098
:10C8A0000000000000000000000000000000000088
:10C8B0000000000000000000000000000000000078
:10C8C0000000100020B04003A8620600C01000C3A2
:10C8D000E0600000C00000000000000080020000D6
:10C8E000007810006002020000600010C028000400
:10C8F00000082D1500020000013000001000004764
:10C9000000004002000000070000000002000000DC
:10C91000200C168000000013A040000000008007DB
:10C920000000008001000000A802968008000000BE
:10C930000000020000004046000080000080080067
:10C9400000002000E000400400081000000000008B
:10C95000E0000000000000000000000000000000F7
:10C9600000000000000000000000000000000000C7
:10C9700000000000000000000000000000000000B7
:10C9800000000000000000000000000000000000A7
:10C9900000000000000030008F42000C00428514AF
:10C9A000255020002B200000160008000010100069
:10C9B00092000000808800008203040020E0000054
:10C9C000003180000010081089000084000620005B
:10C9D000010280A000002000011080000000008003
:10C9E00008000010200003022B0000023C080D0488
:10C9F00042000004800010044A00C0424020002091
:10CA0000020280023800E20001000009200010202C
:10CA10000000000001000020310080040000200020
:10CA200000100000080000000000000000000000EE
:10CA300000000000000000000000000000000000F6
:10CA400000000000000000000000000000000000E6
:10CA500000000000000000000000000000000000D6
:10CA6000000000000000000000001C80610048067B
:10CA7000F0314CB369021100A03000000008000042
:10CA8000000010000000000000100000E0000000A6
:10CA90000060400480000007010082042000404341
:10CAA00000480000C00000000000800000000000FE
:10CAB000004000800100001040000D806100000671
:10CAC00000000C00800000040200080000000006C6
:10CAD000C0002E85070000070000400300003C0650
:10CAE000000010A301000000C0003E00700000160E
:10CAF000007C0000000000000000000000000000BA
:10CB00000000000000000000000000000000000025
:10CB10000000000000000000000000000000000015
:10CB20000000000000000000000000000000000005
:10CB300000000000000000000000000000000C8069
:10CB400061000106E0B80C8361008010B4BA0000F7
:10CB50000002000000400040500000000000000003
:10CB600070001C00003800000400804009006205CD
:10CB7000700100CA0500000000000000D0000005A0
:10CB800004000000D08000000000008011020EC5EB
:10CB90000100801820000880050000800300194073
:10CBA00000000005E0021C000000800740010600B4
:10CBB000E000002000080000000000000002060065
:10CBC00070000089D110000000000000D0000000BB
:10CBD0000000000000000000000000000000000055
:10CBE0000000000000000000000000000000000045
:10CBF0000000000000000000000000000000000035
:10CC00000000000000000000000000000000000024
:10CC1000001000000000000004810000000004007B
:10CC200000524810804408000001000210480842E9
:10CC300000804410000001020012815820080042C8
:10CC400008400000010080484080000032112000B0
:10CC50001052000010004040410409002000020072
:10CC600044800000000000002202004090581000A4
:10CC70005031281050500002001000400002000007
:10CC80003851281000200008005108502802004A9E
:10CC90009444440008080048041400000000000008
:10CCA0000001000000000000000000000000000083
:10CCB0000000000000000000000000000000000074
:10CCC0000000000000000000000000000000000064
:10CCD0000000000000000000000000000000000054
:10CCE000000000000020000600000000000000001E
:10CCF00000B00000081E043000000800005D090DAF
:10CD0000200C0C099CB909000C500A0E581E0C3C52
:10CD10005C08080AB00DBA097000000000BE000DE2
:10CD2000213A004E0D200276200D727000000400A2
:10CD3000007090400C0C000900B070B0700E7009CB
:10CD4000203438B909360406291900400C1D600644
:10CD500050005D400810080D00767000021D0406AA
:10CD60000000000030BD00020074000008120970CD
:10CD700000060000000DAD0A0000000000B0000039
:10CD800000000000000000000000000000000000A3
:10CD90000000000000000000000000000000000093
:10CDA0000000000000000000000000000000000083
:10CDB0000000000000000000000000000000000073
:10CDC000083C000000400C000B2C10701E100000EE
:10CDD0000A0C4044001000080130240001000C003F
:10CDE000010C191001004110002000000C0030104F
:10CDF000103000003C081000003C00000000303003
:10CE00001C0C0C0030000400193100000000000070
:10CE1000000C001E20200150102C10501020000C7F
:10CE20000B000030000800003A2C300000100050C9
:10CE30000A2C0A00000C000C1828185000000000F2
:10CE4000090C000000000000000C000000000000C1
:10CE500000000000000000000000000000000000D2
:10CE600000000000000000000000000000000000C2
:10CE700000000000000000000000000000000000B2
:10CE800000000000000000000000000000000000A2
:10CE90000000000000000000000000020000200070
:10CEA0000000000000000000000200000000000080
:10CEB00040000000000000004000000000000000F2
:10CEC0000004000000200000010400000000003009
:10CED000040400000000200000000000000000002A
:10CEE0000000000208000000000230000000040002
:10CEF00000000002000004000002000200000040E8
:10CF0000000200000000040000000000000000001B
:10CF10000000000000000400000000020400000007
:10CF20000000000000000000000000000000000001
:10CF300000000000000000000000000000000000F1
:10CF400000000000000000000000000000000000E1
:10CF500000000000000000000000000000000000D1
:10CF600000000000000000000000000000000000C1
:10CF7000000080000000000000000000000400002D
:10CF800000000000000000000000000000000000A1
:10CF900000000000000000000080000004204000AD
:10CFA00000000040020000000000800400000000BB
:10CFB0000000000000000000010000080004400024
:10CFC0000000000400000000000000040004000055
:10CFD000000000000004000020000000000000002D
:10CFE0000000000000000000000000000000000041
:10CFF000020000000000000000000000000000002F
:10D000000000000000000000000000000000000020
:10D010000000000000000000000000000000000010
:10D020000000000000000000000000000000000000
:10D0300000000000000000000000000000000000F0
:10D0400000000000000000000000000000000000E0
:10D0500000000000000000000000000000000000D0
:10D0600000000000000000000008000000000000B8
:10D070000028000000000000000800040000002458
:10D08000000000000000000000000000000000049C
:10D090000000000000002804000000000000080458
:10D0A00000000000180000000000820020000800BE
:10D0B0000000000000000000000000000000080068
:10D0C0000000000000000000000000000000000060
:10D0D0000000000000000000000000000000000050
:10D0E0000000000000000000000000000000000040
:10D0F0000000000000000000000000000000000030
:10D100000000000000000000000000000000FFFF21
:10D11000FEFFFFFF3333FF00333355550F0F33331B
:10D1200000FF0000000000000000F700F5F5699620
:10D1300069960FF00FF069966996699669966996F7
:10D1400069965F5035353F155F1300A0F3FF51F32B
:10D150000300FFF5010FDD0DF7F5FF8AFE5E3F15B9
:10D16000770700000000FFFFFFFF4747DD1175A0B4
:10D1700054FC3F15770700000000FFFF000AFFFF87
:10D18000AAAAFEFFFEFFFEFFFEFFFEFFFEFFFEFF60
:10D19000FF0F000000000000000000000000000081
:10D1A000000000000000000000000000000000007F
:10D1B000000000000000000000000000000000006F
:10D1C000000000000000000000000000000000005F
:10D1D0000000000008000000000000000000000047
:10D1E000000000000C0000A01E28DFA47EB9DFA410
:10D1F0007EB9DF047C9000000000000000001000F9
:10D200000C0090241E0090241E0090241E00900408
:10D210000C0000000C0090221E0090261E00000052
:10D220000C0000000C0000000C0000000C00480086
:10D230000C2090241E000000000080040C009026AA
:10D240001E0000000C0090261E00000000000000E0
:10D250000C0000806CA94E806CB84E806CB84E807B
:10D260006CB84E806CB100000000000000000000AF
:10D2700000000000000000000000000000000000AE
:10D28000000000000000000000000000000000009E
:10D29000000000000000000000000000000000008E
:10D2A0000000000000000000080000000000000076
:10D2B000000000A01228DFA472B9DFA472B9DF2435
:10D2C000729000000000000000000000000000005C
:10D2D0000000902412008024020080240200802498
:10D2E0000200002012009024120048000020900646
:10D2F0000000000000000000000090261200002244
:10D30000120090261200800400000000000000803F
:10D3100060A94E8060B84E8060B84E8060B84E8084
:10D3200060B190261200008060A94E8060B84E80E7
:10D3300060B84E8060B84E8060B100000000000010
:10D3400000000000000000000000000000000000DD
:10D3500000000000000000000000000000000000CD
:10D3600000000000000000000000000000000000BD
:10D3700000000000000000000000000008000000A5
:10D38000000000000000FFFF3333FF005555FF0091
:10D3900033335555CCCCEEEEFFF7FFFFCCFF00004A
:10D3A000000000000000C3C3C3C3FFFFFFFFFFFF77
:10D3B000FFFFFFFFFFFFC3C3699669696996FF8A94
:10D3C000EF4F1D1DFFFFFF7F5D000011F7FF5F1393
:10D3D0005F13F3A2CF037744CF03FFFFFFFFDDDD31
:10D3E000FFFFFFFFAAAAFEFEFEFFFEFFFEFFFEFFFD
:10D3F000FEFFFEFFFF7F3F155F13FFFFCCCCFEFF5C
:10D40000FEFFFEFFFEFFFEFFFEFFFEFF33330000C8
:10D41000000000000000000000000000000000000C
:10D4200000000000000000000000000000000000FC
:10D4300000000000000000000000000000000000EC
:10D4400000000000000000000000000000000000DC
:10D4500000000000000000000000100004030000B5
:10D460001401B2280403C020988280280000C02044
:10D47000004400000000000000000030040180288B
:10D48000008000000403802000000000040340200E
:10D490000000300000048058000000000000000080
:10D4A00000003000040400000000010014018000AE
:10D4B00098000000000080080000003000000050CC
:10D4C0000000000000000020000000000400000038
:10D4D000000000000000000000000000000000004C
:10D4E000000000000000000000000000000000003C
:10D4F000000000000000000000000000000000002C
:10D50000000000000000000000000000000000001B
:10D51000000000000000000000000000000000000B
:10D52000000000800000000000000000000051002A
:10D53000800000001401D1288000000114E380283D
:10D540000000000100E20000000000000000C1082F
:10D55000A000000400C0C1208000000500004120A0
:10D56000800000000000C028080420800020000087
:10D570000000000000004100290400001000D1005C
:10D580002100010110208000000000000020002880
:10D590000000008000000020000000840040010026
:10D5A000210000001000000000000000000000004A
:10D5B000000000000000000000000000000000006B
:10D5C000000000000000000000000000000000005B
:10D5D000000000000000000000000000000000004B
:10D5E000000000000000000000000000000000003B
:10D5F000000000000000000000000000000000002B
:10D60000000000C800C01323810000C101E34700EF
:10D61000CA4300C00840C00000C000000000000075
:10D62000000000C013C1C3C88300004300C0C8E3AA
:10D6300083A3C90003C8802300C700C013C0475399
:10D640000310000002003000060000800003C32326
:10D65000C70003D3C713C30000C300004803001270
:10D66000C00000C0E2000000440000070062470064
:10D67000E000002352C41212C303000000000000A7
:10D68000000000000000000000000000000000009A
:10D69000000000000000000000000000000000008A
:10D6A000000000000000000000000000000000007A
:10D6B000000000000000000000000000000000006A
:10D6C000000000000000000000000000000000005A
:10D6D000000000000000000000200000A000000387
:10D6E0004020408004484105002110000110000046
:10D6F00000000000000000A000031880A000002827
:10D7000002040010C0022001020080001004000486
:10D710000090082009002000020000000200000A1A
:10D720000801C000400041200440500009110000E1
:10D7300000080000010000040400000000000000D8
:10D7400000202000000000001020000084010000E4
:10D7500000000000000000000000000000000000C9
:10D7600000000000000000000000000000000000B9
:10D7700000000000000000000000000000000000A9
:10D780000000000000000000000000000000000099
:10D790000000000000000000000000000000000089
:10D7A0000000000000000000000000000000000079
:10D7B00000100000002800800300000000000004AA
:10D7C0000000000000000000000000070800000842
:10D7D000007000005001000000100003500000BA6B
:10D7E000F6080000280100A903610EC759000036A1
:10D7F000F170080574000086F17800002000000632
:10D800000260000000004000000000A07500804A97
:10D810001A19A8830000809402028800000000000A
:10D820000000088228008049C630A882280000A68F
:10D8300009050000000000000000000000000000DA
:10D8400000000000000000000000000000000000D8
:10D8500000000000000000000000000000000000C8
:10D8600000000000000000000000000000000000B8
:10D8700000000000000000000000000000000000A8
:10D880000000000000001000000000000000200068
:10D890000000000000700000000000000000000711
:10D8A0008001004104700000C00C00000070A00D59
:10D8B000D40100D1C01010052010000100602030FC
:10D8C00008000001000C06003000000FA00010004E
:10D8D0003001004800F0000000001400000048C0C3
:10D8E0003000404620340E20020000D60400080319
:10D8F000E001000000002C3B82000041000000100D
:10D9000000000008A060000000000000000000000F
:10D910000000000000000000000000000000000007
:10D9200000000000000000000000000000000000F7
:10D9300000000000000000000000000000000000E7
:10D9400000000000000000000000000000000000D7
:10D9500000002000010300000020200000100080D3
:10D96000002008240C000003000800000000000054
:10D970000000003C0030800200520000C030000077
:10D980000028010002000000181891148042008055
:10D99000004260080800000141804A140500C0C030
:10D9A0000C08183C000000F0000800000000000413
:10D9B00000000204880200000000E0A6020000054A
:10D9C00020006220000080020000C08018020004D5
:10D9D000882841C0000040900001000000000000C5
:10D9E0000000000000000000000000000000000037
:10D9F0000000000000000000000000000000000027
:10DA00000000000000000000000000000000000016
:10DA10000000000000000000000000000000000006
:10DA200000000000000000000000000000000000F6
:10DA300003000000C0600E0000001007000000009E
:10DA40000000000000003C0590000000001080076E
:10DA5000803000D00430928B65010080D5000C042A
:10DA6000800000C105421E88010200C3E2088C4804
:10DA7000100000E3013C0C030040000000300000F7
:10DA80000000000600018980800040030009028038
:10DA900000000081C90001820500401600002EDF51
:10DAA000F300409605818785200040960100000024
:10DAB0000000000000000000000000000000000066
:10DAC0000000000000000000000000000000000056
:10DAD0000000000000000000000000000000000046
:10DAE0000000000000000000000000000000000036
:10DAF0000000000000000000000000000000000026
:10DB0000D038001000000000000601000000C00E28
:10DB1000003800000000000000000E055001000069
:10DB2000081480026402008002B8068308000047DF
:10DB300040F04C4C02000029003C0C437600808AE7
:10DB4000A6412C230001000700102C038430820022
:10DB5000003C180000000000C0002647130080CAE7
:10DB6000C1160C2400000048A8020600000000AA0C
:10DB700001000C836100008AA2E24E671801008652
:10DB800001E20000000000000000000000000000B2
:10DB90000000000000000000000000000000000085
:10DBA0000000000000000000000000000000000075
:10DBB0000000000000000000000000000000000065
:10DBC00000000000000000000000000000008000D5
:10DBD00000000000000141040000004004010400B6
:10DBE0004004400000000040011800444000400292
:10DBF0002410404A202440001404214820000080C2
:10DC000001408124814048000010514080010800FB
:10DC10000212000402280058300282428050400262
:10DC2000200094009440824A22012131913824023C
:10DC30002010801240202102125000002441812433
:10DC4000812130208042000121000022202A000092
:10DC50000000020000020000100000000080000030
:10DC600000000000000000000000000000000000B4
:10DC700000000000000000000000000000000000A4
:10DC80000000000000000000000000000000000094
:10DC90000000000000000000000000000000000084
:10DCA0000000000900000C00000000090000500006
:10DCB00090600000280D0400005E0C0E240400009B
:10DCC00004007E00000E0D000D00B906100900B022
:10DCD000000A0C09084D00020650B800500C100E46
:10DCE000090E0809500A00000008001C20507800A6
:10DCF000603060003060100010100078A81500300F
:10DD0000003C004600304839600000003000000050
:10DD100000100850000030B04860BC000000B000A7
:10DD2000080C50B0A000B00090BD00003000000012
:10DD300009B0000000000000000E00000000A0007C
:10DD400000000000000000000000000000000000D3
:10DD500000000000000000000000000000000000C3
:10DD600000000000000000000000000008000000AB
:10DD70000000000000001000000001000E0C280050
:10DD800000000000006C0460B104110000000130CC
:10DD90008D60003C1100200C280010300A28300053
:10DDA00008042830000001100D103C0C1C202A50E3
:10DDB00000012800300802500C44000C00200A002A
:10DDC0000A0815001010200C8E003C0030A01838F6
:10DDD0000DD4183C3C10147C1E50115C1A30380CC9
:10DDE0000C300050009C391C2C343010312C0108B0
:10DDF0000C00001C311C000000000C00700C000026
:10DE000000000000003000000000000000000000E2
:10DE10000000000000000000000000000000000002
:10DE200000000000000000000000000000000000F2
:10DE300000000000000000000000000000000000E2
:10DE400000000000000000000000000000000000D2
:10DE500000000200000000000000000000000000C0
:10DE60000000000000000000000000000022000090
:10DE7000000000004000000000000400000000005E
:10DE80000000000000000000000000004100000051
:10DE9000000000000000000000000400400000023C
:10DEA0000200000000000000000000000000000070
:10DEB0000000000000004000020020000000000000
:10DEC0000000000000000000000000000000000052
:10DED0000000000000000000000000000000000042
:10DEE0000000000000000000000000000000000032
:10DEF0000000000000000000000000000000000022
:10DF00000000000000000000000000000000000011
:10DF10000000008000000000000000000000000081
:10DF200000000001000004000000000000000000EC
:10DF300000000000000000000000000000000000E1
:10DF4000008400000000000000000000000000004D
:10DF500000000000000000000000000000000001C0
:10DF600004000000000000000000000100000000AC
:10DF700000000000000000000000000100000000A0
:10DF800000000000000000000000200000008000F1
:10DF90000020000100000000000000000000000060
:10DFA0000000000000000000000000000000000071
:10DFB0000000000000000000000000000000000061
:10DFC0000000000000000000000000000000000051
:10DFD0000000000000000000000000000000000041
:10DFE0000000000000000000000000000000000031
:10DFF0000000000000000000000020000000000001
:10E000000000000000000000000000000000000010
:10E010000000000000000000000000000000000000
:10E0200000000800000000000000000000000000E8
:10E0300000000000000000000000000000000000E0
:10E0400000000800000000000000000000000000C8
:10E0500000000000000000000000000000000000C0
:10E060000000000800200000000000000000000088
:10E0700000000000000000000000000000000000A0
:10E080000000000000000000000000000000000090
:10E090000000000000000000000000000000000080
:10E0A0000000000000000000000000000000000070
:10E0B0000000000000000000000000000000000060
:10E0C0000000000000000000000000000000FFFF52
:10E0D000FFFFFFFFFFFFFFFFFFFFCFCFCF00FFFFDF
:10E0E000FFFFFFFFFFFF33CCFFFF5F135F13699656
:10E0F000696933CC69960F0F55550F0F33330F0FE6
:10E1000055550F0F3333FF00FF003333FF00FF007F
:10E11000FF00333333335555FF00FF000F0FFF006F
:10E1200033333333333355555555FF0033330F0FE6
:10E13000FF003333AAAAFFFFFFFF0CCC0FCC3F1523
:10E140003F153F155F1300000000000000000000B5
:10E1500000000000000000000000000000000000BF
:10E1600000000000000000000000000000000000AF
:10E17000000000000000000000000000000000009F
:10E18000000000000000000000000000000000008F
:10E190000800000000000000000000000000000077
:10E1A000000000000C0000000C0000000C0000004B
:10E1B0000C0080240E0080240E0090240E00902677
:10E1C0001E0090241E0000201E0048806CA94F8075
:10E1D0006CB94F806CB94F806CB94F806CB94F806F
:10E1E0006CB94F806CB94F806CB94F806CB94F805F
:10E1F0006CB94F806CB94F806CB94F806CB94F804F
:10E200006CB94F806CB94F806CB080040C0010006A
:10E210000C0090261E0090261E000000000000004A
:10E2200000000000000000000000000000000000EE
:10E2300000000000000000000000000000000000DE
:10E2400000000000000000000000000000000000CE
:10E2500000000000000000000000000000000000BE
:10E2600000000000080000000000000000000000A6
:10E27000000000000000000000000000100000008E
:10E280000000000000008024020000000000900454
:10E29000000000000000902412008024020080048E
:10E2A000000010000000900600009026120090264A
:10E2B000120000000000002212000022120090262E
:10E2C0001200008060A94E8060B84E8060B84E8019
:10E2D00060B84E8060B1900400004F8060B84E80FE
:10E2E00060B84E8060B84E8060B84E8060B100006B
:10E2F000000000000000000000000000000000001E
:10E30000000000000000000000000000000000000D
:10E3100000000000000000000000000000000000FD
:10E3200000000000000000000000000000000000ED
:10E3300000000000000000000800000000000000D5
:10E340000000000000000000000000000000FBFFD3
:10E350001333FFFFFFFFFFFFFFFFFFFFFFFF000083
:10E3600000006996699669966996A55A6996FFFFB5
:10E37000FFFFFFFFFFFF133355FF7707FFFF3F1539
:10E380005F135F133F150F000F0C23007707230067
:10E390005F1377075F13FFFFF0F0FEFFFEFFFEFF46
:10E3A000FEFFFEFFFEFFFEFF7F7FFFF0DDDF00FFD1
:10E3B000AAFFFEFFFEFFFEFFFEFFFEFFFEFFFEFFC9
:10E3C000FF0000000000000000000000000000004E
:10E3D000000000000000000000000000000000003D
:10E3E000000000000000000000000000000000002D
:10E3F000000000000000000000000000000000001D
:10E400000000000000000000000000000800000004
:10E410000000000000000000000000000000800973
:10E420000001C020808230000001402010810000E7
:10E430000400802800000000040080280002000082
:10E440001401802800000000040100000C000000FE
:10E450001401000098000000040000000C000000FF
:10E46000140100009C010000040000000C000000EA
:10E47000000000000000000000000000000002009A
:10E480000400000004008019000080280002000041
:10E490000000802800820000000000000000000052
:10E4A000000000000000000000000000000000006C
:10E4B000000000000000000000000000000000005C
:10E4C000000000000000000000000000000000004C
:10E4D00000000000000000000000000000000080BC
:10E4E000000000000000000000000000000000002C
:10E4F0000000C02080000001086140208000000072
:10E500000040812020000004000081202000200421
:10E510000020C1202000000400004140A0000000B5
:10E52000180141002104000010000100210000003A
:10E530001000410021040000100001002100000033
:10E5400010000000000000000000000000000000BB
:10E5500000001100200000001000802800000004CE
:10E5600000208020000020840060000000000000E7
:10E57000000000000000000000000000000000009B
:10E58000000000000000000000000000000000008B
:10E59000000000000000000000000000000000007B
:10E5A000000000000000000000000000000000006B
:10E5B000000000000000000000000000000000005B
:10E5C0000000000000000080E300C001E007000040
:10E5D0000000C800A0C700000003C4C7C0E200C715
:10E5E00044C0C3284403D3C123004703800700C8A5
:10E5F000A0200300C80313C400C840008393000098
:10E6000000C0C403C0232323C3C00101802300D260
:10E6100000D2C7E3C000000000000000410000007D
:10E620000000000040800021000001030000000005
:10E630000000C000E0030062E3070200E3430000C3
:10E6400000000000000000000000000000000000CA
:10E6500000000000000000000000000000000000BA
:10E6600000000000000000000000000000000000AA
:10E67000000000000000000000000000000000009A
:10E68000000000000000000000000000000000008A
:10E690000000000000000000000000022002100145
:10E6A00000000000200400000040000002480010AC
:10E6B000801000100282300002080105048440012D
:10E6C0008200000000004010000100020000010074
:10E6D000C004002000200001C00002000528400105
:10E6E00080000020200204208000000000002000A4
:10E6F00021000000000000040104000000000401EB
:10E70000080000000000100000080020084004C0BD
:10E7100020280000000000000000000000000000B1
:10E7200000000000000000000000000000000000E9
:10E7300000000000000000000000000000000000D9
:10E7400000000000000000000000000000000000C9
:10E7500000000000000000000000000000000000B9
:10E760000000000000000000000000000000008029
:10E7700001001C000000000000001C000010000050
:10E780000000120000000C400500002648880E031F
:10E79000004100840204000000000000000100406D
:10E7A00001000000A0600080000000081002064088
:10E7B00001000000A06420000000800E40000EA0B8
:10E7C00000000009C24202C3010000162070084088
:10E7D00000008016008032400000880AA010082443
:10E7E00010000018040600000000000000000000F7
:10E7F0000000000000000000000000000000000019
:10E800000000000000000000000000000000000008
:10E8100000000000000000000000000000000000F8
:10E8200000000000000000000000000000000000E8
:10E8300000000000000000000000000000000000D8
:10E840000000000008003C00B000000000000000D4
:10E8500000180000002808000000070023000049FD
:10E860004000AD0BC00080D004B0000500000000E7
:10E870002080108000000000A080068000000001C1
:10E88000007020800D00000808C000000000000794
:10E8900000000700030000034078070700000004A1
:10E8A000F0800820620000060040082002004103BA
:10E8B000C0780C908102800620000000000000005B
:10E8C0000000000000000000000000000000000048
:10E8D0000000000000000000000000000000000038
:10E8E0000000000000000000000000000000000028
:10E8F0000000000000000000000000000000000018
:10E900000000000000000000000000000000000007
:10E9100000000000000000000E000800640000007D
:10E92000000008000018000000400200000018402D
:10E93000C5020010C81400000002001700000010FB
:10E94000070000004000809806004008280078007A
:10E95000050080030008E0000000C0010C00040472
:10E9600000024003208003C00800401821402A54C0
:10E970000100000C20800788100001414000098040
:10E98000000000006C08623011020040012000000D
:10E990000000000000000000000000000000000077
:10E9A0000000000000000000000000000000000067
:10E9B0000000000000000000000000000000000057
:10E9C0000000000000000000000000000000000047
:10E9D0000000000000000000000000000000000037
:10E9E0000000000000000000000000000000000027
:10E9F000E00000006080000000000000002810001F
:10EA00000000088060004280E100AC0B000000467E
:10EA100000B0800010100000C00000800302000061
:10EA2000B0000080030000D6000000A00B000090A2
:10EA3000050030006000000100001280000000436B
:10EA400020010C000700000640130600000008002B
:10EA500000000C00C7000004203090420000008439
:10EA6000C1000000000000000000000000000000E5
:10EA70000000000000000000000000000000000096
:10EA80000000000000000000000000000000000086
:10EA90000000000000000000000000000000000076
:10EAA0000000000000000000000000000000000066
:10EAB0000000000000000000000000000000004016
:10EAC00001000000C0000000E41000000070000021
:10EAD000000256000000286061000826E0310003B3
:10EAE0000048000800B0004570020000C0010E2779
:10EAF00020000000D0000C20000000A406380C808C
:10EB00000100008AD2000000000000C8010002409D
:10EB100001000016C00206C00100001640000007F8
:10EB20000000000600000C405B010030A0B8064762
:10EB3000A10000B00A0E000000000000000000006C
:10EB400000000000000000000000000000000000C5
:10EB500000000000000000000000000000000000B5
:10EB600000000000000000000000000000000000A5
:10EB70000000000000000000000000000000000095
:10EB80000000000000000000000000000004000081
:10EB900000400002000400000824011100000000F1
:10EBA0000444401000002004302080042014200081
:10EBB0000004400222500024101040000808000009
:10EBC00000000001244024100021201130420008E0
:10EBD00030004040224820508840504130142120CD
:10EBE00008200222404220022000420231098140D6
:10EBF00020821131400422020480012230043100BD
:10EC00003484403000000082044100000808000005
:10EC100000000000000000000000000000000000F4
:10EC200000000000000000000000000000000000E4
:10EC300000000000000000000000000000000000D4
:10EC400000000000000000000000000000000000C4
:10EC500000000000000000000000000000000800AC
:10EC6000000000000000000D00000000000E08067B
:10EC7000000050000C0E0000000D0800000000B65F
:10EC80000002000000000006003000420C100900E5
:10EC900000040D003856080D00000810000AB030BE
:10ECA0002000000C00A9006260049D30000C305070
:10ECB000100010007C007D000050000C003C0D0A8C
:10ECC000290C0D5AB91D181A0C10081C0CA8010AA1
:10ECD000210C10000EBE6505A00C00AD0D59090EEB
:10ECE000000C90A00D000000A000000000A050004B
:10ECF0000000000000000000000000000000000014
:10ED00000000000000000000000000000000000003
:10ED100000000000000000000000000000000000F3
:10ED200000000000000000000000000000000000E3
:10ED3000000001000000000000300004000400009A
:10ED40000028050C000000000918200000002144E4
:10ED50000A201000200020000008200404300034A5
:10ED6000010E00000000000081000F0C28202D7013
:10ED700000A830080020000000002E2024001E30D3
:10ED80001E2F200830449C10002A0C3C3038300DD7
:10ED90001AFF3C5C3C083C3E0AAC09182184318DCA
:10EDA000092B0C1000013C00382820300001002005
:10EDB000082800000E000000000000000000000015
:10EDC000000E000000000000000000000000000035
:10EDD0000000000000000000000000000000000033
:10EDE0000000000000000000000000000000000023
:10EDF0000000000000000000000000000000000013
:10EE00000000000000000000000000000200000000
:10EE100000000000000000000000000000200200D0
:10EE200000020000000004000000000000000000DC
:10EE300000000002000100000000000000200000AF
:10EE4000000400000020020000000000002002007A
:10EE5000440000200000020000040000000C02003A
:10EE600040200000402000000020000000000000C2
:10EE7000000000000000000000000000022000046C
:10EE80000000000000000000000000000000000082
:10EE90000000000000000000000000000000000072
:10EEA0000000000000000000000000000000000062
:10EEB0000000000000000000000000000000000052
:10EEC0000000000000000000000000000000000042
:10EED0000000000000000000000000000000000032
:10EEE0000000000000000000002000000000000002
:10EEF00000A8040000040000000000000000000062
:10EF00000000000000000000002C000000000000D5
:10EF1000008000000000000000800400000000806D
:10EF200000802400020000A0000004000000008017
:10EF3000000204002080000000400000008000006B
:10EF400000000000000000000000000000000000C1
:10EF5000008200010000000100000000001000001D
:10EF60000010000000000000000000000000000091
:10EF70000000000000000000000000000000000091
:10EF80000000000000000000000000000000000081
:10EF90000000000000000000000000000000000071
:10EFA0000000000000000000000000000000000061
:10EFB0000000000000000000000800000020000029
:10EFC0000000000000240000000000000000080015
:10EFD00000000040020000000000000000200000CF
:10EFE00020000000000000000008000000002000D9
:10EFF00000080000000020000008002000000000C1
:10F0000000080000000000000000000000000000F8
:10F0100000000000000000000008000000200000C8
:10F0200000000000000000000000000000000000E0
:10F030000020000000200000000000000000000090
:10F0400000000000000000000000000000000000C0
:10F0500000000000000000000000000000000000B0
:10F0600000000000000000000000000000000000A0
:10F070000000000000000000000000000000000090
:10F080000000000000000000000000000000000080
:10F09000000000000000000000000000000055AA71
:10F0A000FFFFBFBFFFAFFFFFF66FBE7DDE7BBE7D04
:10F0B000BE7D33FF33FF7F7FFF7FFDF5FDF53F15FD
:10F0C000DDDDFFBB313101332300AB0000238F8C2A
:10F0D0002300F10055105F5F05003F155F1300230B
:10F0E0003F3FFF4FFF553F157707FF4F4F4F8C00B6
:10F0F0000D00FFFFFFFF00000000FFFFFFFFFFFF0D
:10F10000FFFF000000000000000000000000000001
:10F1100000000000000000000000000000000000EF
:10F1200000000000000000000000000000000000DF
:10F1300000000000000000000000000000000000CF
:10F1400000000000000000000000000008000000B7
:10F1500000000000000000000000000000000000AF
:10F16000000000000000000000000000000000009F
:10F17000000090240E0090241E0000806CA94F8097
:10F180006CB94F806CB100000C0000000C00000056
:10F190000C0000000C0000000C0000000C0000003F
:10F1A0000C0000000C0000000C0000000C00902679
:10F1B0001E0000000C0000000C0090261E00000045
:10F1C0000C0000000C0080040C0000000000800611
:10F1D0000C0080040C000000000000000000000093
:10F1E000000000000000000000000000000000001F
:10F1F000000000000000000000000000000000000F
:10F2000000000000000000000000000000000000FE
:10F2100000000000000000000000000000000000EE
:10F2200008000000000000000000000000000000D6
:10F2300000000000000000000000000000000000CE
:10F24000000000000000902412009024120080248E
:10F250000200000000009024120000000000902432
:10F260001200000000009024120000221200000092
:10F2700000000022120000221200002212000022D0
:10F28000120000221200002212000022120090261A
:10F290001200000000000022120090261200000060
:10F2A000000000000000000000000000000000005E
:10F2B000000000000000000000000000000000004E
:10F2C000000000000000000000000000000000003E
:10F2D000000000000000000000000000000000002E
:10F2E000000000000000000000000000000000001E
:10F2F0000000008008000000000000000000000086
:10F3000000000000000000000000000000000000FD
:10F3100000000000000000000000C3C3C3C3C3C35B
:10F3200033CCFFFFFFFFFFFFFEFFFFBBBFBFFFFFB1
:10F33000FEFF3FFF77FFFFFFFFFE77FF3FFF040069
:10F340000705BBAA01000800130323005F1303078E
:10F3500053555501030103021B111000130045050D
:10F3600057005F133F15FF33FF0F15110301DD1128
:10F3700077440000000000000000000000000000D2
:10F38000000000000000000000000000000000007D
:10F39000000000000000000000000000000000006D
:10F3A000000000000000000000000000000000005D
:10F3B000000000000000000000000000000000004D
:10F3C000000000000000000000000000000000003D
:10F3D000000000000000000000000000000000002D
:10F3E000000000000000000000000000000180009C
:10F3F0000000002014030020000010001001000095
:10F400001001500010010000900070001001000079
:10F4100010010000040000000800000014010000BA
:10F420009800000014010000980000001401002062
:10F430009840000014018008100400001001000032
:10F4400010000A0004000020000000000000C02896
:10F4500000000000000000000000000000000000AC
:10F46000000000000000000000000000000000009C
:10F47000000000000000000000000000000000008C
:10F48000000000000000000000000000000000007C
:10F4900000000000000000000000008000000000EC
:10F4A000000000000000000000000000000000005C
:10F4B0000000000000000000000000000000C0008C
:10F4C00080000001000041280000000400404000CE
:10F4D00000000000000040000000000000004000AC
:10F4E00000000000000001002100000010004100A9
:10F4F0002104000010004100210400001000412000
:10F50000210400841040C10021042000102040008C
:10F5100000040000000001202100000410408020B1
:10F5200000000080006000000000000000000000FB
:10F5300000000000000000000000000000000000CB
:10F5400000000000000000000000000000000000BB
:10F5500000000000000000000000000000000000AB
:10F56000000000000000000000000000000000009B
:10F57000000000000000000000000000000000008B
:10F58000000000000000000000000000000000007B
:10F590000000000000C0C800008000000080CBC256
:10F5A00046C0000000001310801300800041DB05FE
:10F5B000000010C9A080000453000240C4230000D2
:10F5C000C500A02303E3C400800000A303C0A30080
:10F5D000830045C1C6C74704C70102D30093C903CE
:10F5E000C701000300800100800000C0C3C0E02309
:10F5F000C40000000000E000030000000000000064
:10F6000000000000000000000000000000000000FA
:10F6100000000000000000000000000000000000EA
:10F6200000000000000000000000000000000000DA
:10F6300000000000000000000000000000000000CA
:10F6400000000000000000000000000000000000BA
:10F6500000000000000000000000000000000000AA
:10F660000000000000000100001000000002000087
:10F6700000022028040200000000000080000002B8
:10F680000841000008000001000A000001000240DB
:10F6900000000803200000020420000A800000028D
:10F6A0000420040884004005040402002001031023
:10F6B00002024008080100800002400080000002B1
:10F6C00084040000000000000000000008000000AA
:10F6D000000000000000000000000000000000002A
:10F6E000000000000000000000000000000000001A
:10F6F000000000000000000000000000000000000A
:10F7000000000000000000000000000000000000F9
:10F7100000000000000000000000000000000000E9
:10F7200000000000000000000000000000000000D9
:10F7300000000000000000000000000010000000B9
:10F74000200080000071000000606044610000083B
:10F75000426000805000004E081800451000000E66
:10F76000313016A4A2008004F20086041001002E9D
:10F77000A5104C05600000BAF1008880210080844B
:10F78000F740184300008004104493237800008061
:10F79000F260000000001400000000000000000003
:10F7A0000000000000000000000000000000000059
:10F7B0000000000000000000000000000000000049
:10F7C0000000000000000000000000000000000039
:10F7D0000000000000000000000000000000000029
:10F7E0000000000000000000000000000000000019
:10F7F0000000000000000000000000000000000009
:10F8000000000000000000000000000000000000F8
:10F810001000000008002200E000000005800E1526
:10F82000680000E0080000A0C80000004012802D21
:10F83000DA0040000100208061000046060020043C
:10F8400088020000C17E0C840102004344002004B1
:10F8500003020043203E6082C8010004E04002032E
:10F86000680000D804843C00000001000000000093
:10F8700000001E000000000000000000000000006A
:10F880000000000000000000000000000000000078
:10F890000000000000000000000000000000000068
:10F8A0000000000000000000000000000000000058
:10F8B0000000000000000000000000000000000048
:10F8C0000000000000000000000000000000000038
:10F8D0000000000000000000000000000000000028
:10F8E000000000000A000000080000010000800085
:10F8F0000200002050000002414210005A02005253
:10F9000040083028000100A0020A0014BA000016C6
:10F9100010280C01840200162300500C8F030000F5
:10F920000D0084840600408240008009E40000222B
:10F930000820080392000000180481000000000065
:10F9400000000000000010000000000000000000A7
:10F9500000000000000000000000000000000000A7
:10F960000000000000000000000000000000000097
:10F970000000000000000000000000000000000087
:10F980000000000000000000000000000000000077
:10F990000000000000000000000000000000000067
:10F9A0000000000000000000000000000000000057
:10F9B0000000000000000080010000000014270586
:10F9C00060000000000880C3070240F0A008088023
:10F9D000F00000C001080003030200C0A0120E8F57
:10F9E00063000041501C26A5C8004004C11C7C8354
:10F9F00003004091418046933700005624142C6048
:10FA0000620000D041100002C4010080E14A0C00F5
:10FA100000000006000000000000000000000000E0
:10FA200000000000000000000000000000000000D6
:10FA300000000000000000000000000000000000C6
:10FA400000000000000000000000000000000000B6
:10FA500000000000000000000000000000000000A6
:10FA60000000000000000000000000000000000096
:10FA70000000000000000000000000000000000086
:10FA800000000000000000000000008001000100F4
:10FA90000000460D00510000027020C52500000A3C
:10FAA000A2C120807000009EA31000531300009498
:10FAB0000680118061000007001048CD0100008819
:10FAC000D1110083000000A8D9302683500100071F
:10FAD0000202068750000027569A88026000000044
:10FAE00028100C00000000270000000000000000AB
:10FAF0000000000000000000000000000000000006
:10FB000000000000000000000000000000000000F5
:10FB100000000000000000000000000000000000E5
:10FB200000000000000000000000000000000000D5
:10FB300000000000000000000000000000000000C5
:10FB400000000000000000000000000000000000B5
:10FB5000000000000000040000000004800000001D
:10FB60002400000000190841800000204001080026
:10FB700081080480003840412004804104000002D4
:10FB80000809040200240481442A30042222440A81
:10FB9000402000400C0002025244812439924C5013
:10FBA000228A91202049408C2A0802328242240075
:10FBB0002180200210042400210120004000000ABE
:10FBC000001C0000410000000000010001000000D6
:10FBD0000000000000000000000000000000000025
:10FBE0000000000000000000000000000000000015
:10FBF0000000000000000000000000000000000005
:10FC000000000000000000000000000000000000F4
:10FC100000000000000000000000000000000000E4
:10FC200000000000080000000000000000000000CC
:10FC3000000D000000B00000002C04000910B0020C
:10FC400000700C000A08BD0E0028B01068180016DD
:10FC50009C1A900DB01CB0000C0000894DB430000F
:10FC6000980900081012480060700906207A0C00FC
:10FC700000206C3250143919000C090C00080832AD
:10FC8000000DAD0E9060900E001EBE56091EAD40D8
:10FC900000399D0809080000050500000D000D0051
:10FCA0000D005000000000000000000000000000F7
:10FCB0000000000000000000000000000000000044
:10FCC0000000000000000000000000000000000034
:10FCD0000000000000000000000000000000000024
:10FCE0000000000000000000000000000000000014
:10FCF00000000000000000000100000000000800FB
:10FD00000000000C3000000028000000000C00384B
:10FD100030800000100C000018000C300E202098DD
:10FD20003B85108801800E5C7088080C8F38853800
:10FD30000C18105C05242C00AE9001205C0000081B
:10FD400014301D141C3824300CBC3CB030282E203C
:10FD50000C0E05303C2814001C30100800883C00B4
:10FD60001C8C1000308000080004000038000000E7
:10FD700000000C000800000000000000000000006F
:10FD80000000000000000000000000000000000073
:10FD90000000000000000000000000000000000063
:10FDA0000000000000000000000000000000000053
:10FDB0000000000000000000000000000000000043
:10FDC0000000000000000000000000000000000033
:10FDD0000000000100000000000000000000000022
:10FDE000000000000004000000000000000000000F
:10FDF0000000000000000000000000000000000003
:10FE000002000000600000000000000040400020F0
:10FE10004000000000040000020000040000000098
:10FE200000000000000000000000000000000000D2
:10FE300000002000000000000000000000000000A2
:10FE400000000000000000000000000000000000B2
:10FE500000000000000000000000000000000000A2
:10FE60000000000000000000000000000000000092
:10FE70000000000000000000000000000000000082
:10FE80000000000000000000000000000000000072
:10FE90000000000000000000000000000000000062
:10FEA000000000000000000400000000000000004E
:10FEB0000000000000000000000000000000000042
:10FEC00000000000000000800000000000000000B2
:10FED0000000000000000001800000000000200081
:10FEE00000800080000000000000000000002001F1
:10FEF0000000000000000000000000000000000002
:10FF00000000000000008000000000000000000071
:10FF100000000000000000000000000000000000E1
:10FF200000000000000000000000000000000000D1
:10FF300000000000000000000000000000000000C1
:10FF400000000000000000000000000000000000B1
:10FF500000000000000000000000000000000000A1
:10FF60000000000000000000000000000000000091
:10FF70000000000000000000000000000000000081
:10FF80000000000000000000000000000008000069
:10FF90000000000000000000000000000008000059
:10FFA0000000200000000000000000000000200011
:10FFB0000000200000000000000000000008000019
:10FFC0000000200000000000000000000000000011
:10FFD0000000000000000000100000000000000011
:10FFE0000000000000000000000000000000000011
:10FFF0000000000000000000000000000000000001
:020000040001F9
:1000000000000000000000000000000000000000F0
:1000100000000000000000000000000000000000E0
:1000200000000000000000000000000000000000D0
:1000300000000000000000000000000000000000C0
:1000400000000000000000000000000000000000B0
:10005000000000000000FFFFFFFFFFFFFFFF0F0F8A
:10006000FF00FF0033335555FF00FF0033333333B8
:1000700033335555FF00FF000F0F333355550F0F26
:1000800055553333FF000F0F3333FF003333FF0079
:1000900033333333FF000F0F0F0F5555CCCCFFFF19
:1000A000F0F0FAFFFEFFFEFFFEFFFEFFFEFFFEFF89
:1000B0000F0FF0F0333300000000000000000000DC
:1000C0000000000000000000000000000000000030
:1000D0000000000000000000000000000000000020
:1000E0000000000000000000000000000000000010
:1000F0000000000000000000000000000000000000
:1001000000000000000000000000000000000000EF
:1001100000000000000000000000000000000000DF
:100120000000000000000000000080040C008004BB
:100130000C0048806CA94F806CB94F806CB94F801F
:100140006CB94F806CB94F806CB94F806CB94F80DF
:100150006CB94F806CB94F806CB94F806CB94F80CF
:100160006CB94F806CB94F806CB94F806CB94F80BF
:100170006CB000806CA94E806CB84E806CB84E801C
:100180006CB84E806CB94E806CB10000000000006D
:10019000000000000000000000000000000000005F
:1001A000000000000000000000000000000000004F
:1001B000000000000000000000000000000000003F
:1001C000000000000000000000000000000000002F
:1001D000000000000000000000000000000000001F
:1001E000000000000000000000000000000000000F
:1001F00000000000000000000000000000000000FF
:100200000000000000000000000090241200902474
:100210001200000000000000000000000000902418
:1002200012009024120090241200902412009024B6
:100230001200900600009024120000000000000050
:100240000000000000009024120090261200000020
:10025000000000000000000000000000000000009E
:100260000000800400000000000080040000000086
:10027000000000000000000000000000000000007E
:10028000000000000000000000000000000000006E
:10029000000000000000000000000000000000005E
:1002A000000000000000000000000000000000004E
:1002B0000800000000000000000000000000000036
:1002C000000000000000000000000000000000002E
:1002D00000000000000000000000FFFFFEFFBFBFA5
:1002E000BFBFBFBFFFBBFFFFFEFFFEFFFF7FFFFFE4
:1002F000FBFF3FFF3FFFFFF377FFDFDF3FFFFFCF56
:10030000DFDFDFDF3FFFF303FD00FFDDFFDDFFFF8A
:10031000FEFF77074F00F0C0FF33FFFAFFAF330552
:10032000770700000000F3F3511100000000000007
:10033000000000000000FFFFFFFF00000000FFFFC3
:10034000FFFF0000000000000000000000000000AF
:10035000000000000000000000000000000000009D
:10036000000000000000000000000000000000008D
:10037000000000000000000000000000000000007D
:100380000000000008000000000000000000000065
:10039000000000000000000000000000000000005D
:1003A00000000000000080280000802800003000CD
:1003B0001001000010010200040000000000000015
:1003C0000000000000003200140100001000730063
:1003D00014010000140112001401000004000200C6
:1003E0000400000004000000000000000000030002
:1003F00014010000140100000000000000000000D3
:1004000000000000000000001001000010000000CB
:1004100010010000100000000000000000000000BB
:1004200000000000000000000000000000000000CC
:1004300000000000000000000000000000000000BC
:1004400000000000000000000000000000000000AC
:10045000000000000000008000000000000000001C
:10046000000000000000000000000000000000008C
:1004700000000000000000000000802800101004B0
:10048000006040000000000000001100200000009B
:1004900010000000000000000000510020000000DB
:1004A0001000510020000000100051002004000046
:1004B00010001100200000001000000000000000EB
:1004C00000005100200400001000000000000000A7
:1004D00000000000000000000000400000000000DC
:1004E00000004000000000000000000000000000CC
:1004F00000000000000000000000000000000000FC
:1005000000000000000000000000000000000000EB
:1005100000000000000000000000000000000000DB
:1005200000000000000000000000000000000000CB
:1005300000000000000000000000000000000000BB
:1005400000000000000000000000000000000000AB
:100550000000E0C0030700000180A013D800A3C082
:1005600000002020C000080000004100C00000DBA7
:1005700000C08001C42380C3C8C08000CB0000C875
:1005800003C4D300040000000002C400C000001037
:1005900000000004000003CB5341C163931300002B
:1005A000000000000000000000000000000000004B
:1005B000000000001300000000130000C80000004D
:1005C000000000000000000000000000000000002B
:1005D000000000000000000000000000000000001B
:1005E000000000000000000000000000000000000B
:1005F00000000000000000000000000000000000FB
:1006000000000000000000000000000000000000EA
:1006100000000000000000000000000000000000DA
:10062000000000000000000408000000400200007C
:1006300000040420000000008000000000002100F1
:100640000100000000028001000080030020800003
:100650000400000040208000000000100080000026
:100660008000000010200000000004010105C0040B
:10067000800000000000000080000000000000007A
:10068000000000000000000000000000000000006A
:10069000000000000000000000000000000000005A
:1006A000000000000000000000000000000000004A
:1006B000000000000000000000000000000000003A
:1006C000000000000000000000000000000000002A
:1006D000000000000000000000000000000000001A
:1006E000000000000000000000000000000000000A
:1006F000000000000000000000001C0000000000DE
:100700000000000AA061000000008000A060261028
:1007100050008084C3000C000000800A000000002C
:1007200000008000000000000000808A13122000FA
:1007300000000000E100026050008000001028105E
:10074000780000042068800350000000368000021A
:100750000000000008600000000000000000000031
:100760000000000000000000000000000000000089
:100770000000000000000000000000000000000079
:100780000000000000000000000000000000000069
:100790000000000000000000000000000000000059
:1007A0000000000000000000000000000000000049
:1007B0000000000000000000000000000000000039
:1007C00000000000000000000000000000001C000D
:1007D0000000060000000008E88008800000000714
:1007E00000800E00020200E002000CA00900400799
:1007F000C0700200080000070070022003004007DC
:1008000000000EA001000010007021000200000096
:100810004002088021010007A00280A2700000C0F1
:10082000220800100000004000000000000000004E
:1008300000000000000000000000000000000000B8
:1008400000000000000000000000000000000000A8
:100850000000000000000000000000000000000098
:100860000000000000000000000000000000000088
:100870000000000000000000000000000000000078
:100880000000000000000000000000000000000068
:100890000000000000000000000000000000000058
:1008A00000001800000030480000000140048204ED
:1008B0000C000004200440000000400260104A6068
:1008C00000010000180882180000400238080208E1
:1008D000010000844002C1000000000120080188DE
:1008E00040000006002004000100800220050040B6
:1008F0000803000008000000800000100002000053
:1009000000200000000000000020000000000000A7
:1009100000000000000000000000000000000000D7
:1009200000000000000000000000000000000000C7
:1009300000000000000000000000000000000000B7
:1009400000000000000000000000000000000000A7
:100950000000000000000000000000000000000097
:100960000000000000000000000000000000000087
:10097000000000000000000000000C000400000067
:10098000E07020800300400600700F800700000325
:100990000000208000000080010020A00900000667
:1009A00000003040070000060040068007000046B7
:1009B00000004C4407007C0300000002CA01000450
:1009C000D0300092D30000C00034C003000000000B
:1009D0000000000000000000000000000000000017
:1009E0000000000000000000000000000000000007
:1009F00000000000000000000000000000000000F7
:100A000000000000000000000000000000000000E6
:100A100000000000000000000000000000000000D6
:100A200000000000000000000000000000000000C6
:100A300000000000000000000000000000000000B6
:100A40000000000000000000000000000000008026
:100A5000000000CAE1010200000000C6D1000D0044
:100A600000000007204008A00000000048000C80A3
:100A7000010000004038024001000000C0040600F0
:100A800000008004D438104701000006000080A058
:100A9000A1000025D06080C471000040D41800057A
:100AA00060000000000000000030000000000000B6
:100AB000002800000000000000000000000000000E
:100AC0000000000000000000000000000000000026
:100AD0000000000000000000000000000000000016
:100AE0000000000000000000000000000000000006
:100AF00000000000000000000000000000000000F6
:100B000000000000000400000000000000000004DD
:100B10000000010040000000000000010000002073
:100B20004040440800094040000000000808002040
:100B3000102402421100000000120C523004000088
:100B4000100050244044004C00111102200C0020E1
:100B500081140001024448828101885420180080D9
:100B600080904094240C20224C4200012114410426
:100B70000080400400003800000200000000000077
:100B80000000000020000000000004000000000041
:100B90000000000400000100000000000000000050
:100BA0000000000000000000000000000000000045
:100BB0000000000000000001000000000000000034
:100BC0000000000000000000010000000000000024
:100BD0000000000000000000000000000000000015
:100BE0000000000000000000000000000000000005
:100BF000000000000000007C0C0C0D0009000C003F
:100C0000905C0900180A900A2C0006000C290810B4
:100C1000200000401A6A3000090D000C0C203050F2
:100C200009B890008110000040000C0E09005C3DE6
:100C30006E080060082D9809A008700000BD080D1E
:100C40000C0A09B900BE509DA90A1C900000097A3F
:100C5000A07009005000000000B17000000000000A
:100C60000000000000000000000000000000000084
:100C70000000000000000000000000000000000074
:100C80000000000000000000000000000000000064
:100C900000000000000000000000000080000000D4
:100CA000000000000000000000000000000800003C
:100CB000000070000000000C0000080010000000A0
:100CC0000000000C0000000010202C0001001000AB
:100CD0000E000F0040000030013808380D000040C1
:100CE0000104083C205C0000007030183034003CE7
:100CF0000F0C08000A040A1000580E0C08301038B7
:100D0000180C101C2A0000103B30113C2C04301829
:100D10003828010C19081C0C0030300C00001000A1
:100D2000000C0000000000000000000000000000B7
:100D300000000400000000000000000C00000C0097
:100D400000000000000000000000000000000000A3
:100D5000000000000000000000000000000000088B
:100D600000000000000000000E0000000000000075
:100D70000000000000000000000000000000000073
:100D80000000000000000000000000000000000063
:100D90000000000000000000000000000000000053
:100DA0004000000000000000000000000000000003
:100DB00040000000000000000100000000000000F2
:100DC0004000000000002000400000000000000083
:100DD00000000000000000002000000000000000F3
:100DE0000000000000000000000000000000000003
:100DF00000000000000000000000000000000000F3
:100E000000000000000000000000000000000000E2
:100E100000000000000000000000000000000000D2
:100E200000000000000000000000000000000000C2
:100E300000000000000000000000000000000000B2
:100E400000000000000000000000000000000000A2
:100E50000000000000000000000000000000000092
:100E60000000000000000000000000000000000082
:100E70000000000000000000000000000000000072
:100E8000000000002000000000000000040000003E
:100E90000000000020000000000080002000000092
:100EA0000000000000000000000000000000000042
:100EB00000000004000000000000000080000000AE
:100EC0000000000000000000000000000000000022
:100ED0000000000000000000000000000000000012
:100EE0000000000000000000000000000000000002
:100EF00000000000000000000000000000000000F2
:100F000000000000000000000000000000000000E1
:100F100000000000000000000000000000000000D1
:100F200000000000000000000000000000000000C1
:100F300000000000000000000000000000000000B1
:100F400000000000000000000000000000000000A1
:100F50000000000000000000000000000000000091
:100F60000000000000000000000800000000000079
:100F70000000000000000000000000001000000061
:100F8000100000000000000400000020000000002D
:100F90000000000000000000000000000000000051
:100FA0000000000000000000000000000000000041
:100FB0000000000000000000000000000000000031
:100FC0000000000000000000000000000000000021
:100FD0000000000000000000000000000000000011
:100FE0000000000000000000000000000000000001
:100FF00000000000000000000000000000000000F1
:1010000000000000000000000000000000000000E0
:101010000000000000005555FF00333355553333B1
:101020000F0F0F0FFF003333F0F0BFBFFFAFDFCF65
:10103000CFDF0A2A37330FFF0F2623AF30F033FFFD
:1010400023000515FD01FFDDFFCFFFDDFFCF03030B
:101050000111CDCD010FAAAA00FFFEFFFEFFFEFF8A
:10106000FEFFFEFFFEFF3F3FFF7FFFFFFFFF55FF3D
:10107000FFFF000000000000000000000000000072
:101080000000000000000000000000000000FFFE63
:10109000FFFF000000000000000000000000000052
:1010A0000000000000000000000000000000000040
:1010B0000000FFFFFFEF3B3BFB00000000000000D3
:1010C0000000000008000000000000000000000018
:1010D0000000000000000000000000000000000010
:1010E00000000000000000000000D8A47EA9DFA4DA
:1010F0007EB9DFA47EB9DFA47EB9DF247E90902480
:101100001E0000000C0000021C0000000C0000008B
:101110000C0000000C0000221E0090241E009024F1
:101120001E0000000C0000000C004F806CB84E80C8
:101130006CB84E806CB84E806CB84F806CB1800437
:101140000C0090040C0000000000000000000000F3
:10115000000000000000000000000000000000008F
:10116000000000000C000000000000000000000073
:10117000000000000000000000000000000000006F
:1011800000000000000000000C0048201E200000AD
:101190000000000000000000080000000000000047
:1011A000000000000000000000000000000000003F
:1011B000000000000000000000000000000000002F
:1011C0000000902412009024120090241200D8A451
:1011D00072A9DFA472B9DFA472B9DFA472B95F206B
:1011E000729000221200480000200000000000223F
:1011F00012000000000000221200900600004F8044
:1012000060B84E8060B84E8060B84E8060B84E8046
:1012100060B10000000000000000000000000000BD
:1012200000000000000000000000000000000000BE
:1012300000000000000000000000000000000000AE
:10124000000000000000000000000000000000009E
:1012500000000000000000000000482012200000F4
:101260000000000000000000000000000800000076
:10127000000000000000000000000000000000006E
:10128000000000000000000000000000000000005E
:10129000000000000000999933CCC3C30FF0C3C312
:1012A0009999FF005555FF00FF0055550F0FFF009E
:1012B0005555FF00F0F001111311DDD07770015585
:1012C0000D0001005700FFBF330023000705333234
:1012D000030300FFAAAAFEFFFEFFFEFFFEFFFEFFC4
:1012E000FEFFFEFFFF3300000000000000000000D2
:1012F00000000000000000000000000000000000EE
:1013000000000000000000000000FDFF5F5D000025
:1013100000000000000000000000000000000000CD
:1013200000000000000000000000000000005577F1
:101330000D0FAFFC3F3F00000000000000000080E8
:10134000000000000000000000000000000000009D
:10135000000000000000000000000000000000008D
:101360000000000900008000000480390403C02050
:101370000082D0391401C020000110201401002087
:1013800024813200140100204441000004000000C8
:101390000000800810018028104400301001002057
:1013A00010400000040000000000000000000000E9
:1013B0000000000000000000000000000000802885
:1013C000000000000000000000000000000000001D
:1013D000000000000000000000000000000000000D
:1013E00000000000000000000000000000000000FD
:1013F00000000000000000000000000000000000ED
:10140000000000000400800800060000000000004A
:10141000000000800000000000000000000000004C
:1014200000000000000000000000000000000000BC
:101430000000000000008000000000010022C12820
:101440008000000100E2C1282000000108E35128CB
:101450002000000444415120200000848441010008
:10146000210000001000C02000040084006040281B
:1014700000040004004001002100000010000000F2
:1014800000000000000000000000000000008020BC
:1014900000000004006000000000000000000000E8
:1014A000000000000000000000000000000000003C
:1014B000000000000000000000000000000000002C
:1014C000000000000000000000000000000000001C
:1014D0000000000000008100200800001220000031
:1014E00000000000000000000000000000000000FC
:1014F00000000000000000000000000000000000EC
:101500000000000000000000000000C000C0000358
:10151000000000430100E303572302DB03C0C303C1
:10152000450144C423808300C8D300C31340440151
:10153000C6000005A2C0C704C42344500022C32231
:101540008100000044C0E001804100C0C2808121D0
:10155000840A0000000000000000000000000000FD
:101560000000000000000000E30000000000000098
:10157000000000000000000000000000000000006B
:10158000000000000000000000000000000000005B
:10159000000000000000000000000000000000004B
:1015A0000000000000000000000000230000000018
:1015B000C400000000000000000000000000000067
:1015C000000000000000000000000000000000001B
:1015D00000000000000000000000000000000010FB
:1015E000009001080100002140C020080000040014
:1015F00009A03001400100020404C00000040003FF
:10160000002000010400000002200400000000404F
:1016100002001800C0400002000400018021000206
:101620008240050000800000000000000000000073
:1016300000000000000000000000000008000000A2
:10164000000000000000000000000000000000009A
:101650000000000000000000000004000000000086
:10166000000000000000000000000000000000007A
:10167000000000000000000000000000000000402A
:1016800000C0050000000000000000000000000095
:10169000000000000000000000000000000000004A
:1016A000000000000000000000000000000000003A
:1016B000000000000000000000000000000000002A
:1016C0000005000000008000000001036000000031
:1016D000E06400830228008053680CA30140801E50
:1016E0002170020760000084F1C8000D0000002096
:1016F000E630008261000084020012A261018000D5
:1017000024000D830000009A020400006000200005
:1017100000000000000000000000000000000000C9
:1017200000000000000000000000008061000000D8
:10173000C0000000000000000000000000000000E9
:101740000000000000000000000000000000000099
:10175000000006805100005EF272000000000000F0
:101760000000000000000000000000000000000079
:101770000000000000000000000000000000000069
:101780000000000000000000000000000000060053
:10179000000000C0010000000000000600705813A7
:1017A000600200E0006050032081000005002080FE
:1017B00061000011351120D0050200934140200046
:1017C0006800004120B51042100000430400488228
:1017D00028020086A1E20212CF0180C60448000060
:1017E00010000000000000000000000000000000E9
:1017F000000000000000000000000000000000A049
:1018000019000000C83200000000000000000000C5
:1018100000000000000000000000000000000000C8
:101820000000000000000600C00A00002078000050
:1018300000000000000000000000000000000000A8
:101840000000000000000000000000000000000098
:101850000000000000000000000000004000000048
:101860000000101006020020800020080102000085
:1018700040080028900200002024000C000000D046
:101880000000408C00030000004240502800006E21
:101890000C000D4014000000090000110000008A37
:1018A0001000A224080200C38040E0320802008039
:1018B0000C0000000000000000000000000000001C
:1018C0000000000000000000000000000000000018
:1018D000000000000A0000000040000000000000BE
:1018E00000000000000000000000000000000000F8
:1018F000000000000000000000004A9012080040B4
:1019000000180000000000000000000000000000BF
:1019100000000000000000000000000000000000C7
:1019200000000000000000000000000000000000B7
:1019300000000000000002000000800700001C0002
:10194000E00010000000000760000000C008000870
:10195000000200C000480EE501008001A11ACD84FC
:1019600023000003C1944C82670000014080AF084F
:101970000000000700080C5392000004A1E10C03D2
:10198000CB02806100080000000000000030000071
:101990000000000000000000000000000000000047
:1019A0000000000000000080100000005015000042
:1019B0000000000000000000000000000000000027
:1019C000000000000000000000000000000006050C
:1019D000C3001406C000000000000000000000006A
:1019E00000000000000000000000000000000000F7
:1019F00000000000000000000000000000000000E7
:101A0000000000000000000000381300000000008B
:101A100000000C04000040DA0100000760000040F4
:101A20000102000364000007009059800100004794
:101A3000D9902E450100009EDB10028068010060F5
:101A4000D8120E03000080C0C13002C47100002013
:101A50004892028771000041000000000000000071
:101A600000800000000000000000000000000000F6
:101A70000000000000000000000000807000000076
:101A80004000000000000000000000000000000016
:101A90000000000000000000000000000000000046
:101AA0000000A620580140A70142000000000000ED
:101AB0000000000000000000000000000000000026
:101AC0000000000000000000000000000000000016
:101AD00004000000000408000400000A08000804D4
:101AE0000848084A08010C041800040419400C00B6
:101AF0000808040C41040C40080C184009840044F8
:101B0000200440011082008141910C429820001174
:101B100020004140189400042428002A08000021D5
:101B20002004000040008000008000200000000031
:101B30000080000000000000200000000000000005
:101B40002000000000004000200000000000000015
:101B50000000000000020000000000000000000083
:101B60000000000000000000000000000000000273
:101B700000008000000000000000010000000000E4
:101B80000000000000000000000000000000000055
:101B90000000000000000000000000000000000045
:101BA0000000000000000000000004090000000028
:101BB000000D040608040C0000600409200900025E
:101BC000007D04069014000000690406B8543C022D
:101BD000500000760078500938096D1D090A080286
:101BE000007200007090000E00224E7670080E50B9
:101BF00000620D0A0D0D0D090C0A0CBE08A07050F4
:101C0000500DA07D05BE5D053090009050AE009A4D
:101C100000000000000000000000000000000000C4
:101C200000000000000000000000000000000000B4
:101C300000000000000000000000000000000000A4
:101C40000000000000000000000000000000000094
:101C50007000000000000000000000000000000014
:101C60000000000000000000000000000000000074
:101C700000000000000000000C000000000C00004C
:101C80000800000000000008001000000E0C040C0A
:101C9000000008040020040000800C0C100C0C0054
:101CA00000080E10003850380A0D1000013C70B8C2
:101CB000181C5C003A10700C10001C00001C000086
:101CC0001C30003000000A1C200C000011001B001A
:101CD00001100A3000000000003000008000000009
:101CE00000000000000000002000000000003000A4
:101CF00030000000000000000000000000040000B0
:101D00000000000000000000000000000000005083
:101D1000000000000000000C000030000E50000029
:101D200000000800000000000000000000000000AB
:101D300000000000000000000000000000000000A3
:101D40000000000000000000000000000000000093
:101D50000000000000020000000000000000000081
:101D60000030000000000000000000000000000043
:101D70000000000800300002020C80080000400053
:101D8000000000000030000000000200040000001D
:101D90000000000000000000000000000000000043
:101DA0000000000000000000000000000000000033
:101DB0000000000000000000000000000000000023
:101DC0000000000000000000000000000000000013
:101DD0000000000000000000000000000000000003
:101DE00000000000000000000000000000000000F3
:101DF00000000000000000000000000000000000E3
:101E000000000000000000000000000000000000D2
:101E100000000000000000000000000000000000C2
:101E200000000000000000000004000000000000AE
:101E30000000000000800000000000000000000022
:101E400000000000000000000040000000023080A0
:101E5000000020000000000000400000000004001E
:101E60000100010000000000002000000000000050
:101E70000000000000000000000000000000000062
:101E80000000000000000000000000000000000052
:101E90000000000000000000000000000000000042
:101EA000000000000400000000000000000000002E
:101EB0000000000000000000000000000000000022
:101EC0000000000000000000000000000000000012
:101ED0000000000000000000000000000000000002
:101EE00000000000000000000000000000000000F2
:101EF00000000000000000000000000000000000E2
:101F00000000000000000080000000000000000051
:101F100000000000000000000000000800000000B9
:101F200000000008000000000000000000000000A9
:101F30000000000000000000000000000020000081
:101F4000000400000000000000000000000000008D
:101F50000000000000000000000000000000000081
:101F60000000000000000000000000000000000071
:101F7000000000000000000004000000000000005D
:101F80000000000000000000000000000000000051
:101F90000000000000000000000000000000000041
:101FA0000000000000000000000000000000000031
:101FB0000000000000000000000000000000000021
:101FC0000000000000000000000000000000000011
:101FD0000000000000000000000000000000000001
:101FE0000000000000000000000000000000FFFFF3
:101FF000FFFFFFFFFFFF0F045501000E0703D00096
:102000005F5FFEFFFAFA0F0E777700000000000016
:1020100000000000000000000000000000000000C0
:1020200000000000000000000000000000000000B0
:1020300000000000000000000000000000000000A0
:102040000000000000000000000000000000000090
:102050000000000000000000000000000000000080
:102060000000000000007FFF0F007333ABFFFEFF96
:10207000BFFF23AF77070000000000000000000052
:102080000800000000000000000000000000000048
:102090000000000000000000000000000000000040
:1020A0000000000000000000000000000000000030
:1020B0000000000000000000000000000000000020
:1020C000000080040C0080040C0000221E0000228E
:1020D0001E0000000C0000000C0090060C00000028
:1020E00000000000000000000000000000000000F0
:1020F00000000000000000000000000000000000E0
:1021000000000000000000000000000000000000CF
:1021100000000000000000000000000000000000BF
:1021200000000000000000000000000000000000AF
:102130000000000000000000000000201E00000061
:102140000C0000000C0000201E0000000000000039
:10215000000000000000000000000000000000007F
:10216000000000000000000000000000000000006F
:10217000000000000000000000000000000000005F
:10218000000000000000000000000000000000004F
:10219000000000000000000000000000000000003F
:1021A000000000000000000000000000000000002F
:1021B000000000000000000000000000000000001F
:1021C000000000000000000000000000000000000F
:1021D00000000000000000000000000000000000FF
:1021E00000000000000000000000000000000000EF
:1021F00000000000000000000000000000000000DF
:1022000000000000000000000000000000000020AE
:10221000120090241200002412009004000000001C
:1022200000000000000000000800000000000000A6
:102230000000FFFFFFFF00000000000000000000A2
:10224000000000000000000000000000000000008E
:102250000000FFFFFFFF00000000FFFFFFFF000086
:1022600000000000000000000000FFFFFFFF000072
:102270000000FF11100045CFDDDD77774F00FEFF36
:10228000F3F000000000000000000000000000006B
:10229000000000000000000000000000000000003E
:1022A000000000000000000000000000000000002E
:1022B000000000000000000000000000000000001E
:1022C000000000000000000000000000000000000E
:1022D00000000000000000000000000000000000FE
:1022E00000005D557F003F155F13B3F307005F13D8
:1022F000FFFF000000000000000000800000000060
:1023000000000000000000000000000000000000CD
:1023100000000000000000000000000000000000BD
:1023200000000000000000000000000000000000AD
:1023300000000000000000000000000000008028F5
:1023400000008028008200000000802800000000BB
:10235000000000000000000000004020008000009D
:10236000000000000000000000000000000000006D
:10237000000000000000000000000000000000005D
:10238000000000000000000000000000000000004D
:10239000000000000000000000000000000000003D
:1023A000000000000000000000000000000000002D
:1023B0000000000000000000140100201080000058
:1023C00014018008980200000000000000000000D6
:1023D00000000000000000000000000000000000FD
:1023E00000000000000000000000000000000000ED
:1023F00000000000000000000000000000000000DD
:1024000000000000000000000000000000000000CC
:10241000000080280010100400608020000020844C
:1024200000600000000000000000002000000080AC
:10243000004000000000000000000000000000005C
:10244000000000000000000000000000000000008C
:10245000000000000000000000000000000000007C
:10246000000000000000000000000000000000006C
:10247000000000000000000000000000000000005C
:1024800000000000000000000000412020000004C7
:102490001040C100200000001020000000000000DB
:1024A000000000000000000000000000000000002C
:1024B00000000300C3000000000000000000000056
:1024C0000000000000000000000000000000000309
:1024D00000030300C30000000000000000C0000073
:1024E000000000000000C000C000C0C700070000DE
:1024F000002A0000442204050040000004000000FF
:1025000000000000E00000000000000000000000EB
:1025100000000000000000000000000000000000BB
:1025200000000000000000000000000000000000AB
:10253000000000000000000000000000000000009B
:10254000000000000000000000000000000000008B
:10255000000000000000000000000000000000A2D9
:1025600013C05741C505C0CA03C0C22000130000F4
:10257000000000000000000000000000000000005B
:102580000000000000000200030000000000000046
:10259000000000000000000000000000000000003B
:1025A0000000008000800200030000000000000026
:1025B00000400000000000000000010001001004C5
:1025C0000000000000000100400000000040000486
:1025D00000020008000000000000000000000000F1
:1025E00000000000000000000000000000000000EB
:1025F00000000000000000000000000000000000DB
:1026000000000000000000000000000000000000CA
:1026100000000000000000000000000000000000BA
:1026200000000000000000000000000000000000AA
:102630000000000200200021200080800520820090
:102640000110000000000000000000000000000079
:10265000000000000000000000000000000000007A
:10266000000000000000000000000000000000006A
:10267000000000000000000000000000000000005A
:10268000000000000000000000000000000000004A
:1026900000000C00000008856100009607740085AA
:1026A00061000014A480400C000000400200000003
:1026B000000000000000000000000000000000001A
:1026C000000000000000000000000000000000000A
:1026D00000000000000000000000000000000000FA
:1026E00000000000000000000000000000000000EA
:1026F00000000000000000000000000000000000DA
:102700000000000000000883210000010071160590
:102710006000808E016100000000000000000000E9
:1027200000000000000000000000000000000000A9
:102730000000000000000000000000000000000099
:102740000000000000000000000000000000000089
:102750000000000000000000000000000000000079
:102760000000000000000D0000000C08E000000068
:10277000B218A08D69000080C142000400000080F2
:102780000500000000000000000000000000000044
:102790000000000000000000000000000000000039
:1027A0000000000000000000000000000000000029
:1027B0000000000000000000000000000000000019
:1027C0000000000000000000000000000000000009
:1027D000000000000000000000002010200200E0C7
:1027E00041786002900100D6A16400000000000062
:1027F00000000000000000000000000000000000D9
:1028000000000000000000000000000000000000C8
:1028100000000000000000000000000000000000B8
:1028200000000000000000000000000000000000A8
:102830000000000000000000000002000000A649A7
:1028400051000004140001084C034000200400085B
:102850000000000000000000000000000000000078
:102860000000000000000000000000000000000068
:102870000000000000000000000000000000000058
:102880000000000000000000000000000000000048
:102890000000000000000000000000000000000038
:1028A0000000000000000000000000000000488060
:1028B0001E0280409489002901004062002000002F
:1028C0000000000000000000000000000000000008
:1028D00000000000000000000000000000000000F8
:1028E00000000000000000000000000000000000E8
:1028F00000000000000000000000000000000000D8
:1029000000000000000000000000000000000000C7
:10291000000002886000400420481C8DEB024087C4
:10292000E100000000000080010000000000000045
:102930000000000000000000000000000000000097
:102940000000000000000000000000000000000087
:102950000000000000000000000000000000000077
:102960000000000000000000000000000000000067
:102970000000000000000000000000000000000057
:10298000000002880300400605603E400035000755
:102990005064000000000000000000000000000083
:1029A0000000000000000000000000000000000027
:1029B0000000000000000000000000000000000017
:1029C0000000000000000000000000000000000007
:1029D00000000000000000000000000000000000F7
:1029E0000000000000000CA0F00100C4E9900C43BE
:1029F000200000060401000500000000080000009F
:102A000000000000000000000000000000000000C6
:102A100000000000000000000000000000000000B6
:102A200000000000000000000000000000000000A6
:102A30000000000000000000000000000000000096
:102A40000000000000000000000000000000000086
:102A5000000000000000098C280000240160000034
:102A60000800009E0B38000000000000000000007D
:102A70000000000000000000000000000200000450
:102A800020000400000000004101000204000000DA
:102A900001000000200000000000000020040004ED
:102AA0000000040020140100000400000091010057
:102AB000040000000141014000410080000420208A
:102AC00028040010201840040890411000804000A5
:102AD0002002008000900000000008002000480054
:102AE00000000008000000000000000000000000DE
:102AF00000000000000000000000000000000000D6
:102B000000000000000000000000000000000000C5
:102B10000000000000000000000000008000000035
:102B20000000000110000040100080008000000242
:102B3000240444000202020200010100000000001F
:102B40000400000000000000000000000000000081
:102B50000000000000000000000000000000000075
:102B60000000000000700000000000000009000DDF
:102B7000000D0000000000B0000D0009000D5C0D0C
:102B800009000000001070B0080E0002700D000077
:102B90000080000E08B00039000C0C06003D001A41
:102BA00059905500B0BE0D005000097C00000C7E0D
:102BB00000000C0A00000D080000090A00000000D7
:102BC00000000D00000000000000000000000000F8
:102BD00000000000000000000000000000000000F5
:102BE00000000000000000000000000000000000E5
:102BF00000000000000000002000000010000000A5
:102C0000000000000000000060007000600A00008A
:102C10000000000000B00000000000000000000004
:102C2000000000000400000C000004500000000040
:102C3000180C000C0C000000080000002000000030
:102C4000000000002000000C0000040020000C0028
:102C5000000801000A100C000080000001300C0088
:102C6000702C0010000020100A0800000000110C59
:102C700000301C0000201000000C0010003000018B
:102C80000000000010001000000000000000000024
:102C90000000000000000000000000000000000034
:102CA0000000000000000000000000000000000024
:102CB0000000000000000000000000000000000014
:102CC000000000001E0000000E00000800000010C0
:102CD0000000100010000050000C04000004000070
:102CE000000C0800000000000800000000000000C8
:102CF00000000000000000000000000000000000D4
:102D000000000000000000000000000000000000C3
:102D10000000000000000000003000000000000083
:102D200000000000000000000000000000000000A3
:102D30000000000000000000000000000000000093
:102D40000000000000000000000000000000000083
:102D50000000000000000000000000000000000073
:102D60000000000000000000000000000001000062
:102D70000000000000000000000000000000000053
:102D80000000000000000000000000000000000043
:102D90000000000000000000000000000000000033
:102DA000000000000000000400000000000000001F
:102DB0000000000000000000000000000000000013
:102DC0000000000000000000000000000000000003
:102DD00000000000000000000000000000000000F3
:102DE00000000000000000000000000000400000A3
:102DF00000000000000000000000000000000000D3
:102E000000000000000000000000000000000000C2
:102E100000000000010000000100000000000000B0
:102E200000000000000000000000000000000000A2
:102E30000000000000000000000000000000000092
:102E40000000000000000000000000000000000082
:102E50000000000000000000000000000000000072
:102E60000000000000000000000000000000000062
:102E70000000000000000000000000010000000150
:102E8000000000000000000000000400000000003E
:102E90000000000000000000000000000000000032
:102EA0000000000000000000000000000000000022
:102EB0000000000000000000000000000000000012
:102EC0000000000000000000000000000000000002
:102ED00000000000000000000000000000000000F2
:102EE00000000010000000000000000000000000D2
:102EF00000000000000000000000000000000000D2
:102F000000000000000000000000000000000000C1
:102F100000000000000000000000000000000000B1
:102F200000000000000000000000000000000000A1
:102F30000008000000000000000000000000000089
:102F40000000000000000000000000000000000081
:102F5000000000000000000000000000000004006D
:102F60000000000000000000000000000000000061
:102F70000000000000000000000000000000000051
:102F80000000000000000000000000000000000041
:102F90000000000000000000000000000000000031
:102FA0000000000000000000000000000000000021
:102FB000000000000000FFFF0F0AFFFFFEFF0000FF
:102FC0000000000000000000000000000000000001
:102FD00000000000000000000000000000000000F1
:102FE00000000000000000000000000000000000E1
:102FF00000000F0F55553333FF000F0F5555333376
:10300000FF000F0F55553333FF000F0F5555FF00CD
:1030100055550F0F55553333FF00333333330F0FEF
:1030200055550F0F5555FF000F0F55555555333357
:1030300000FF000000000000000000000000000091
:103040000000000000000000000000000000000080
:103050000000000000000000000000000000000070
:103060000000000000000000000000000000000060
:103070000000000000000000000000000000000050
:103080000000000000000000000000000C00000034
:103090000C00000000000000000000000000000024
:1030A0000000000000000000000000000000000020
:1030B0000000000000000000000000000000000010
:1030C00000000000000048806CA94F806CB94F8060
:1030D0006CB94F806CB94F806CB94F806CB94F8020
:1030E0006CB94F806CB94F806CB94F806CB94F8010
:1030F0006CB94F806CB94F806CB94F806CB94F8000
:103100006CB94F806CB000000000000000000000AF
:1031100000000000000000000000000000000000AF
:10312000000000000000000000000000000000009F
:10313000000000000000000000000000000000008F
:10314000000000000000000000000000000000007F
:1031500000000000000000000000002212008004B7
:10316000000000000000000000000000000000005F
:10317000000000000000000000000000000000004F
:10318000000000000000000000000000000000003F
:1031900000000000000000000000902412009024B5
:1031A00012009024120090241200000000009024CD
:1031B00012000000000090241200902412009024BD
:1031C00012009024120090241200902412009024E7
:1031D0001200902412009024120000000000000051
:1031E00000000000080000000000000000000000D7
:1031F00000000000000000000000000000000000CF
:1032000000000000000000000000000000000000BE
:1032100000000000000000000000000000000000AE
:103220000000000000000000000000000000CF458A
:103230000703FFFFFFFF000000005F5F5F5F00000C
:10324000000000000000000000000000000000007E
:10325000000000000000000000000000000000006E
:1032600000000000000000000000000000005F13EC
:103270003F1577075F135F13770777075F1300002A
:10328000000077075F130000000077075F137707E0
:103290005F1377077707770777073F155F133F15AA
:1032A0003F1577075F135F13770727275F1300002A
:1032B000000000000000008000000000000000008E
:1032C00000000000000000000000000000000000FE
:1032D00000000000000000000000000000000000EE
:1032E00000000000000000000000000000000000DE
:1032F00000000000000000000000000000000000CE
:103300000000000014010000140100000000000093
:1033100000000000000000000000000000000000AD
:10332000000000000000000000000000000000009D
:10333000000000000000000000000000000000008D
:1033400000000000140100009800000014010000BB
:10335000100000001001000010000000100100002B
:103360001000000014010000100000001401000013
:103370001000000014010000100000001401000003
:1033800010000000000000000000008000000000AD
:10339000000000000000000000000000000000002D
:1033A000000000000000000000000000000000001D
:1033B000000000000000000000000000000000000D
:1033C00000000000000000000000000000000000FD
:1033D000000000000000410021000100100000007A
:1033E00000000000000000000000000000000000DD
:1033F00000000000000000000000000000000000CD
:1034000000000000000000000000000000000000BC
:1034100000000000000041002000000010004100FA
:1034200020000000100040000000000000004000EC
:1034300000000000000041002000000010004100DA
:10344000200000001000410020000000100041009A
:10345000200000001000000000000000000000003C
:10346000000000000000000000000000000000005C
:10347000000000000000000000000000000000004C
:10348000000000000000000000000000000000003C
:10349000000000000000000000000000000000002C
:1034A00000000000000000000000000003C0000356
:1034B000C800000000000000000000000000000044
:1034C00000000000000000000000000000000000FC
:1034D00000000000000000000000000000000000EC
:1034E0000000000000000000000000C001C38001D7
:1034F000CB23008003C18000CB2300800013800019
:10350000C802138001130000C90203C0C300930066
:10351000C8021300C980C0A3C3041380C5E3D3232A
:10352000C90003C003838300C8230000000000001B
:10353000000000000000000000000000000000008B
:10354000000000000000000000000000000000007B
:10355000000000000000000000000000000000006B
:10356000000000000000000000000000000000005B
:10357000000000000000000000000000000000004B
:103580000420008000000000002000000000000077
:10359000000000000000000000000000000000002B
:1035A000000000000000000000000000000000001B
:1035B0000000000000000000000000000000000209
:1035C00040218001040000024021800040000002F0
:1035D0000000801000800002400000104080402069
:1035E00084048000088000104002800484000002EF
:1035F00040028000400840020403840000000000F4
:1036000000000000000000000000000000000000BA
:1036100000000000000000000000000000000000AA
:10362000000000000000000000000000000000009A
:10363000000000000000000000000000000000008A
:10364000000000000000000000000000000000007A
:10365000000000000000801000000000000000409A
:103660003201000000000000000000000000000027
:10367000000000000000000000000000000000004A
:10368000000000000000000000000000000000003A
:103690000000001000008008200059000000801A7F
:1036A000A000000000000000200000400100000019
:1036B000A000060000000008E000009003008090D9
:1036C000A7010340010000102000800C0000800BC7
:1036D000A001000000000000000000000000000049
:1036E00000000000000000000000000000000000DA
:1036F00000000000000000000000000000000000CA
:1037000000000000000000000000000000000000B9
:1037100000000000000000000000000000000000A9
:103720000000000000000800600100060000000723
:103730000000000020000000000000000000000069
:103740000000000000000000000000000000000079
:103750000000000000000000000000000000000069
:103760000000000000001C8008000007207002021A
:1037700008000007A0700005080000002070000588
:1037800060000000A00000A5090000012070128068
:10379000C1000003A00002050000000020003C82E0
:1037A00001000003A0700000000000000000000005
:1037B0000000000000000000000000000000000009
:1037C00000000000000000000000000000000000F9
:1037D00000000000000000000000000000000000E9
:1037E00000000000000000000000000000000000D9
:1037F0000000000000000000000062000002000461
:1038000000000010000000000000000000000000A8
:1038100000000000000000000000000000000000A8
:103820000000000000000000000000000000000098
:103830000000000000000000000010180A00400214
:103840003808000804004000380800100E0000008E
:103850003808009004010000688034100A008006D7
:103860002808024008010081600060902E0080045A
:10387000680081000C0000009008000000000000BB
:103880000000000000000000000000000000000038
:103890000000000000000000000000000000000028
:1038A0000000000000000000000000000000000018
:1038B0000000000000000000000000000000000008
:1038C00000000000000000000000000000001000E8
:1038D0000080000300004003000000000000000022
:1038E00000000000000000000000000000000000D8
:1038F00000000000000000000000000000000000C8
:103900000000000000000000000000000000308007
:1039100001000003C00000C005000001C0000080DD
:1039200001000000C00000C005000000C0001C0035
:1039300000000003C000200000000006A0021C8060
:1039400061004006C0400C0008001007C0000000E5
:103950000000000000000000000000000000000067
:103960000000000000000000000000000000000057
:103970000000000000000000000000000000000047
:103980000000000000000000000000000000000037
:103990000000000000000000000000000000000027
:1039A0000000020000080001003800000000004094
:1039B00012020000000000000000000000000000F3
:1039C00000000000000000000000000000000000F7
:1039D00000000000000000000000000000000000E7
:1039E00000000C8001000010403A1180010000101E
:1039F000403A008C01000000403A008C01000000B9
:103A0000E0020C8C0100001EB03A1000900000266D
:103A1000E000008C01000006E0820C8001008110B3
:103A2000403A00000000000000000000000000001C
:103A30000000000000000000008000008000000086
:103A40000000000000000000000000000000000076
:103A50000000000000000000000000000000000066
:103A600000000000000008000000000000008000CE
:103A7000008000000000800000004040840008003A
:103A80000000000000040000200000000000800092
:103A90000000000000000000000000000000000026
:103AA0000000000000000000000000000000000016
:103AB00000000000000000000000000000400210B4
:103AC0002010001000400000000000200010004006
:103AD00000102010440044522400000404820422F8
:103AE00002102051110141100100014400040401A1
:103AF0000400040001440000000000000002000077
:103B000000000000000000000000000000000000B5
:103B1000000000000001000009000C000000000A85
:103B20000000800000000000000000000000000015
:103B30000000000000000C000800080D000050000C
:103B40000000009D000000000090009000010000B7
:103B5000000004000002000000003000000000002F
:103B600000000E00000000000000090000000D0031
:103B70000000000000010000000000000000000044
:103B8000000000000000000000000006000000002F
:103B900000000036001000100000000000000000CF
:103BA00000100000001000100000001000000000D5
:103BB00000B000000010001000000002000000A093
:103BC00000A60200007050B0A20000B0000000008B
:103BD00000000000000000000000000000000000E5
:103BE00000300000000000000000000000000100A4
:103BF00000000000000000000000000000000000C5
:103C000000000000000000000000010001000000B2
:103C100000000000000030000030000070000000D4
:103C2000000010001800000000000000000C8000E0
:103C30001000000000000000000000000000000074
:103C40000000000000000000000000000000000074
:103C50000000000000000000000000000000000064
:103C600000000000002000000A000A000020000000
:103C700000000000000000000A00100020002438AE
:103C800008000004003804340C002A0C0C0C0C0052
:103C90000C000C040E0C0C040C0008000C2C000092
:103CA000000000000008000000000000000000000C
:103CB0000000000000000000000000000000000004
:103CC00000000000000000000000000000000000F4
:103CD00000000000000000000000000000000000E4
:103CE00000000000000000000000000000000000D4
:103CF00000000400000000000000000000000400BC
:103D000000000000000000000000000000000000B3
:103D100000000000000000000000000000000000A3
:103D20000000000000000000000000000000000093
:103D30000000000000000000002000000000000063
:103D400040000000400000000000000000000000F3
:103D50000000000000000000000000000000000063
:103D60000000000000000000000000000000000053
:103D70000000000000000000000000000000000043
:103D80000000000000000000000000000000000033
:103D90000000000000000000000000000000000023
:103DA0000000000000000000000000000000000013
:103DB0000000000000000000000000000000000003
:103DC00000000000000020000000000000000000D3
:103DD00000000100000000000000000000000000E2
:103DE00000000000000000000000000000000000D3
:103DF00000000000000000000000000000000000C3
:103E00000000000000000000000000800000200012
:103E100000000000000000000000000000000000A2
:103E20000000000000000000000000000000000092
:103E30000000000000000000000000000000000082
:103E40000000000000000000000000000000000072
:103E50000000000000000000000000000000000062
:103E60000000000000000000000000000000000052
:103E70000000000000000000000000000000000042
:103E80000000000000000000000000000000000032
:103E900000000000000000000000280000000000FA
:103EA0000000000000000000000000000000000012
:103EB0000000000000000000000000000000000002
:103EC00000000000000000000000000000000000F2
:103ED00000000000000000000000000000000000E2
:103EE00000102000000000000000000000000000A2
:103EF00000000000000000000000000000000000C2
:103F000000000000000000000000000000000000B1
:103F100000000000000000000000000000000000A1
:103F20000000000000000000000000000000000091
:103F30000000000000000000000000000000000081
:103F40000000000000000000000000000000000071
:103F50000000000000000000000000000000000061
:103F60000000000000000000000000000000000051
:103F70000000000000000000000000000000000041
:103F80000000000000000000000000000000000031
:103F90000000000000000000000000000000000021
:103FA0000000000000000000000000000000000011
:103FB0000000000000000000000000000000000001
:103FC00000000000000000000000000000000000F1
:103FD000000000000000FFFF00FFFCFCFEFFFEFFF2
:103FE000FEFFFEFFFEFF5555FF7FAAAA555580082C
:103FF00000000000000000000000000000000000C1
:1040000000000000000000000000000000000000B0
:1040100000000000000000000000000000000000A0
:104020000000000000000000000000000000000090
:104030000000000000000000000000000000000080
:104040000000000000000000000000000000000070
:104050000000000000000000000000000000000060
:104060000000000000000000000000000000000050
:104070000000000000000000000000000000000040
:104080000000000000000000000000000000000030
:104090000000000000000000000000000000000020
:1040A0000000000000000000000000806CA94E80AD
:1040B0006CB84E806CB84E806CB84F806CB94E8036
:1040C0006CB1800000000000000040010000000012
:1040D00000000000000000000000000000000000E0
:1040E00000000000000000000000000000000000D0
:1040F00000000000000000000000000000000000C0
:1041000000000000000000000000000000000000AF
:10411000000000000000000000000000000000009F
:10412000000000000000000000000000000000008F
:10413000000000000000000000000000000000007F
:10414000000000000000000000000000000000006F
:10415000000000000000000000000000000000005F
:10416000000000000000000000000000000000004F
:10417000000000000000000000000000000000003F
:1041800000004F8060B84E8060B84E8060B84E80AE
:1041900060B94E8060B10000000000000000000027
:1041A000000000000000000000000000000000000F
:1041B00000000000000000000000000000000000FF
:1041C00000000000000000000000000000000000EF
:1041D00000000000000000000000000000000000DF
:1041E00000000000000000000000000000000000CF
:1041F00000000000000000000000000000000000BF
:1042000000000000000000000000000000000000AE
:10421000000000000000000000000000000000009E
:10422000000000000000000000000000000000008E
:10423000000000000000000000000000000000007E
:10424000000000000000000000000000000000006E
:10425000000000000000AAAAFEFFFEFFFEFFFEFF16
:10426000FEFFFEFF3F3FF0FFFF00000000000000E8
:10427000000000000000000000000000000000003E
:10428000000000000000000000000000000000002E
:10429000000000000000000000000000000000001E
:1042A000000000000000000000000000000000000E
:1042B00000000000000000000000000000000000FE
:1042C00000000000000000000000000000000000EE
:1042D00000000000000000000000000000000000DE
:1042E00000000000000000000000000000000000CE
:1042F00000000000000000000000000000000000BE
:1043000000000000000000000000000000000000AD
:10431000000000000000000000000000000000009D
:10432000000000000000000000000000000000008D
:10433000000000000000000000000000000000007D
:10434000000000000000000000000000000000006D
:10435000000000000000000000000000000000005D
:10436000000000000000000000000000000000004D
:10437000000000000000000000000000000000003D
:10438000000000000000000000000000000000002D
:10439000000000000000000000000000000000001D
:1043A000000000000000000000000000000000000D
:1043B00000000000000000000000000000000000FD
:1043C00000000000000000000000000000000000ED
:1043D00000000000000000000000000000000000DD
:1043E00000000000000000000000000000000000CD
:1043F00000000000000000000000000000000000BD
:1044000000000000000000000000000000000000AC
:10441000000000000000000000005000000000004C
:10442000000000000000000000000000000000008C
:10443000000000000000000000000000000000007C
:10444000000000000000000000000000000000006C
:10445000000000000000000000000000000000005C
:10446000000000000000000000000000000000004C
:10447000000000000000000000000000000000003C
:10448000000000000000000000000000000000002C
:10449000000000000000000000000000000000001C
:1044A000000000000000000000000000000000000C
:1044B00000000000000000000000000000000000FC
:1044C00000000000000000000000000000000000EC
:1044D0000000840002000000000000000000000056
:1044E00000000000000000000000000000000000CC
:1044F00000000000000000000000000000000000BC
:1045000000000000000000000000000000000000AB
:10451000000000000000000000000000000000009B
:10452000000000000000000000000000000000008B
:10453000000000000000000000000000000000007B
:10454000000000000000000000000000000000006B
:10455000000000000000000000000000000000005B
:10456000000000000000000000000000000000004B
:10457000000000000000000000000000000000003B
:10458000000000000000000000000000000000002B
:10459000000000000000000000000000000000001B
:1045A00000000000000000002000000000000000EB
:1045B00000000000000000000000000000000000FB
:1045C0000000C0000000000000000000000000002B
:1045D00000000000000000000000000000000000DB
:1045E00000000000000000000000000000000000CB
:1045F00000000000000000000000000000000000BB
:1046000000000000000000000000000000000000AA
:10461000000000000000000000000000000000009A
:10462000000000000000000000000000000000008A
:10463000000000000000000000000000000000007A
:10464000000000000000000000000000000000006A
:10465000000000000000000000000000000000005A
:10466000000000000000000000000000000000004A
:1046700000000000000000000000000020044C4288
:104680001400009AC235064518000081020200009D
:10469000000000000000000000000000000000001A
:1046A000000000000000000000000000000000000A
:1046B00000000000000000000000000000000000FA
:1046C00000000000000000000000000000000000EA
:1046D00000000000000000000000000000000000DA
:1046E00000000000000000000000000000000000CA
:1046F00000000000000000000000000000000000BA
:1047000000000000000000000000000000000000A9
:104710000000000000000000000000000000000099
:104720000000000000000000000000000000000089
:104730000000000000000000000000000000000079
:1047400000000000000000000000002082000000C7
:1047500000C03E84CD0200862540C184E300800372
:104760002200000000000000000000000000000027
:104770000000000000000000000000000000000039
:104780000000000000000000000000000000000029
:104790000000000000000000000000000000000019
:1047A0000000000000000000000000000000000009
:1047B00000000000000000000000000000000000F9
:1047C00000000000000000000000000000000000E9
:1047D00000000000000000000000000000000000D9
:1047E00000000000000000000000000000000000C9
:1047F00000000000000000000000000000000000B9
:1048000000000000000000000000000000000000A8
:104810000000000000000000000000000000000098
:10482000B800000082000101080200482120018038
:104830000401004000000000000000000000000033
:104840000000000000000000000000000000000068
:104850000000000000000000000000000000000058
:104860000000000000000000000000000000000048
:104870000000000000000000000000000000000038
:104880000000000000000000000000000000000028
:104890000000000000000000000000000000000018
:1048A0000000000000000000000000000000000008
:1048B00000000000000000000000000000000000F8
:1048C00000000000000000000000000000000000E8
:1048D00000000000000000000000000000000000D8
:1048E00000000000000000000000000000000000C8
:1048F0000000008083000000C000D204CB0240868C
:10490000013D580200000006000080000000000089
:104910000000000000000000000000000000000097
:104920000000000000000000000000000000000087
:104930000000000000000000000000000000000077
:104940000000000000000000000000000000000067
:104950000000000000000000000000000000000057
:104960000000000000000000000000000000000047
:104970000000000000000000000000000000000037
:104980000000000000000000000000000000000027
:104990000000000000000000000000000000000017
:1049A0000000000000000000000000000000000007
:1049B00000000000000000000000000000000000F7
:1049C00000000000000000007000008051190E87F8
:1049D00050008086C60206000000808001000007AB
:1049E00000000000000000000000000000000000C7
:1049F0000000000000000000400000000000000077
:104A000000000000000000000000000000000000A6
:104A10000000000000000000000000000000000096
:104A20000000000000000000000000000000000086
:104A30008080000000000000000000000000000076
:104A40000000000000000000000000000000000066
:104A50000000000000000000000000000000000056
:104A60000000000000000000000000000000000046
:104A70000000000000000000000000002000000016
:104A80000000000020800000000000042002200040
:104A900040004040200400404040404020000008CA
:104AA000200001800800418000400000400000001C
:104AB00000000000000000000000000000000000F6
:104AC00000000000000000000000000000000000E6
:104AD00000000000090000000000000000000000CD
:104AE00000000000000000000000000000000000C6
:104AF00000000000000000000000000000000000B6
:104B0000000000000000000100000009090E000084
:104B10000000000000000000000000008000000015
:104B20000000000000000000000000000000000085
:104B30000000000000000000000000000000000075
:104B4000000000000000000000000000080000005D
:104B500000000000000000000000000000B00000A5
:104B6000000000000000000000000000090000003C
:104B70000000000009000000A000000000000C7010
:104B8000A000000070003000000000000070000075
:104B90000000000000000000000000000000000015
:104BA00010000000000000000000000000000000F5
:104BB00000000000000000000000000000000000F5
:104BC00000000000000000000000000000000000E5
:104BD00000000000000000000030000000000000A5
:104BE00000000000000000000000000000000000C5
:104BF00000000000000000000000000000000000B5
:104C000000000000000000000000000000000000A4
:104C10000000000000000000000000000000000094
:104C20000100000020000000000000002010000033
:104C300000000008200C10003000303030500030F0
:104C4000303030303000000030000C1000001C10FC
:104C50000030010030000000000080000000000073
:104C60000000000000000000000000000000000044
:104C70000000000000000000000000000000000034
:104C80000000000000000000000000000000000024
:104C90000000000000000000000000000000000014
:104CA0000000000000000000000000000000000004
:104CB00000000000000000000000000000000000F4
:104CC00000000000000000000000000000000000E4
:104CD00000000000000000000000000000000000D4
:104CE00000000000000000000000000000000000C4
:104CF0004000000000000000400000000000000034
:104D000000000000000000000000000000000000A3
:104D10000000000000000000000000000000000093
:104D20000000000000000000000000000000000083
:104D30000000000000000000000000000000000073
:104D40000000000000000000000000000000000063
:104D50000000000000000000000000000000000053
:104D60000000000000000000000000000000000043
:104D70000000000000000000000000000000000033
:104D80000000000000000000000000000000000023
:104D90000000000000000000000000000000000013
:104DA0000000000000000000000000000000000003
:104DB00000000000000000000000000000000000F3
:104DC00000000000200000000000000020000000A3
:104DD00000000000000000000000000000000000D3
:104DE00000000000000000000000000000000000C3
:104DF00000000000000000000000000000000000B3
:104E000000000000000000000000000000000000A2
:104E10000000000000000000000000000000000092
:104E20000000000000000000000000000000000082
:104E30000000000000000000000000000000000072
:104E40000000000000000000000000000000000062
:104E50000000000000000000000000000000000052
:104E60000000000000000000000000000000000042
:104E70000000000000000000000000000000000032
:104E80000000000000000000000000000000000022
:104E90000000000000000000000000000000000012
:104EA0000000000000000000000000000000000002
:104EB00000000000000000000000000000000000F2
:104EC00000000000000000000000000000000000E2
:104ED00000000000000000000000000000000000D2
:104EE00000000000000000000000000000000000C2
:104EF00000000000000000000000000000000000B2
:104F000000000000000000000000000000000000A1
:104F10000000000000000000000000000000000091
:104F20000000000000000000000000000000000081
:104F30000000000000000000000000000000000071
:104F40000000000000000000000000000000000061
:104F50000000000000000000000000000000000051
:104F60000000000000000000000000000000000041
:104F70000000000000000000000000000000000031
:104F8000000000000000008100000000000010018F
:104F90000000000000000000000000000000000011
:104FA0000000000000000000000000000000000001
:104FB00000000000000000000000000000000000F1
:104FC00000000000000000000000000000000000E1
:104FD00000000000000000000000000000000000D1
:104FE00000000000000000000000000000000000C1
:104FF00000000000000000000000000000000000B1
:1050000000000000000000000000000000000000A0
:105010000000000000000000000000000000000090
:105020000000000000000000000000000000000080
:105030000000000000000000000000000000000070
:105040000000000000000000000000000000000060
:1050500000000000000000000000008100000000CF
:10506000000000010000000000000000000000003F
:105070000000000000000000000000000000000030
:105080000000000000000000000000000000000020
:105090000000000000000000000000000000000010
:1050A0000000000000000000000000000000000000
:1050B00000000000000000000000000000000000F0
:1050C00000000000000000000000000000000000E0
:1050D00000000000000000000000000000000000D0
:1050E00000000000000000000000000000000000C0
:1050F00000000000000000000000000000000000B0
:10510000000000000000000000000000000000009F
:10511000000000000000000000000000000000008F
:10512000000000000000000000000000000000007F
:10513000000000000000000000000000000000006F
:10514000000000000000000000000000000000005F
:10515000000000000000000000000000000000004F
:10516000000000000000000000000000000000003F
:10517000000000000000000000000000000000002F
:10518000000000000000000000000000000000001F
:10519000000000000000000000000000000000000F
:1051A00000000000000000000000000000000000FF
:1051B00000000000000000000000000000000000EF
:1051C00000000000000000000000000000000000DF
:1051D00000000000000000000000000000000000CF
:1051E00000000000000000000000000000000000BF
:1051F00000000000000000000000000000000000AF
:10520000000000000000000000000000000000009E
:10521000000000000000000000000000000000008E
:10522000000000000000000000000000000000007E
:10523000000000000000000000000000000000006E
:10524000000000000000000000000000000000005E
:10525000000000000000000000000000000000004E
:10526000000000000000000000000000000000003E
:10527000000000000000000000000000000000002E
:10528000000000000000000000000000000000001E
:10529000000000000000000000000000000000000E
:1052A00000000000000000000000000000000000FE
:1052B00000000000000000000000000000000000EE
:1052C00000000000000000000000000000000000DE
:1052D00000000000000000000000000000000000CE
:1052E00000000000000000000000000000000000BE
:1052F00000000000000000000000000000000000AE
:10530000000000000000000000000000000000009D
:10531000000000000000000000000000000000008D
:10532000000000000000000000000000000000007D
:10533000000000000000000000000000000000006D
:10534000000000000000000000000000000000005D
:10535000000000000000000000000000000000004D
:10536000000000000000000000000000000000003D
:10537000000000000000000000000000000000002D
:10538000000000000000000000000000000000001D
:10539000000000000000000000000000000000000D
:1053A00000000000000000000000000000000000FD
:1053B00000000000000000000000000000000000ED
:1053C00000000000000000000000000000000000DD
:1053D00000000000000000000000000000000000CD
:1053E00000000000000000000000000000000000BD
:1053F00000000000000000000000000000000000AD
:10540000000000000000000000000000000000009C
:10541000000000000000000000000000000000008C
:10542000000000000000000000000000000000007C
:10543000000000000000000000000000000000006C
:10544000000000000000000000000000000000005C
:10545000000000000000000000000000000000004C
:10546000000000000000000000000000000000003C
:10547000000000000000000000000000000000002C
:10548000000000000000000000000000000000001C
:10549000000000000000000000000000000000000C
:1054A00000000000000000000000000000000000FC
:1054B00000000000000000000000000000000000EC
:1054C00000000000000000000000000000000000DC
:1054D00000000000000000000000000000000000CC
:1054E00000000000000000000000000000000000BC
:1054F00000000000000000000000000000000000AC
:10550000000000000000000000000000000000009B
:10551000000000000000000000000000000000008B
:10552000000000000000000000000000000000007B
:10553000000000000000000000000000000000006B
:10554000000000000000000000000000000000005B
:10555000000000000000000000000000000000004B
:10556000000000000000000000000000000000003B
:10557000000000000000000000000000000000002B
:10558000000000000000000000000000000000001B
:10559000000000000000000000000000000000000B
:1055A00000000000000000000000000000000000FB
:1055B00000000000000000000000000000000000EB
:1055C00000000000000000000000000000000000DB
:1055D00000000000000000000000000000000000CB
:1055E00000000000000000000000000000000000BB
:1055F00000000000000000000000000000000000AB
:10560000000000000000000000000000000000009A
:10561000000000000000000000000000000000008A
:105620000000000060000000000200000000000018
:105630000001000000000000000000000000000069
:10564000000000000000000000000000000000005A
:10565000000000000000000000000000000000004A
:10566000000000000000000000000000000000003A
:10567000000000000000000000000000000000002A
:10568000000000000000000000000000000000001A
:10569000000000000000000000000000000000000A
:1056A00000000000000000000000000000000000FA
:1056B00000000000000000000000000000000000EA
:1056C00000000000000000000000000000000000DA
:1056D00000000000000000000000000000000000CA
:1056E00000000000000000000000000000000000BA
:1056F00000000000000000000002000000000000A8
:1057000000000000A00000000000000000000000F9
:105710000000000000000000000000000000000089
:105720000000000000000000000000000000000079
:105730000000000000000000000000000000000069
:105740000000000000000000000000000000000059
:105750000000000000000000000000000000000049
:105760000000000000000000000000000000000039
:105770000000000000000000000000000000000029
:105780000000000000000000000000000000000019
:105790000000000000000000000000000000000009
:1057A00000000000000000000000000000000000F9
:1057B00000000000000000000000000000000000E9
:1057C00000000000000000000000000000000000D9
:1057D00004000000000000000000000000000000C5
:1057E00000000000000000000000000000000000B9
:1057F00000000000000000000000000000000000A9
:105800000000000000000000000000000000000098
:105810000000000000000000000000000000000088
:105820000000000000000000000000000000000078
:105830000000000000000000000000000000000068
:105840000000000000000000000000000000000058
:105850000000000000000000000000000000000048
:105860000000000000000000000000000000000038
:105870000000000000000000000000000000000028
:105880000000000000000000000000000000000018
:105890000000000000000000000000000000000008
:1058A00000020000C0000000000000000000000036
:1058B00000000000000000000000000000000000E8
:1058C00000000000000000000000000000000000D8
:1058D00000000000000000000000000000000000C8
:1058E00000000000000000000000000000000000B8
:1058F00000000000000000000000000000000000A8
:105900000000000000000000000000000000000097
:105910000000000000000000000000000000000087
:105920000000000000000000000000000000000077
:105930000000000000000000000000000000000067
:105940000000000000000000000000000000000057
:105950000000000000000000000000000000000047
:105960000000000000000000000000000000000037
:1059700000000000600000000000000000000000C7
:105980000000000000000000000000000000000017
:105990000000000000000000000000000000000007
:1059A00000000000000000000000000000000000F7
:1059B00000000000000000000000000000000000E7
:1059C00000000000000000000000000000000000D7
:1059D00000000000000000000000000000000000C7
:1059E00000000000000000000000000000000000B7
:1059F00000000000000000000000000000000000A7
:105A00000000000000000000000000000000000096
:105A10000000000000000000000000000000000086
:105A20000000000000000000000000000000000076
:105A30000000000000000000000000000000000066
:105A40000000000000000000000000000000000056
:105A500000400404000040000000000000000000BE
:105A60000000000000000000000000000000000036
:105A70000000000000000000000000000000000026
:105A80000000000000000000000000000000000016
:105A90000000000000000000000000000000000006
:105AA00000000000000000000000000000000000F6
:105AB00000000000080000000000000001000000DD
:105AC0000000000000800000000000000000000056
:105AD00000000000000000000000000000000000C6
:105AE00000000000000000000000000000000000B6
:105AF00000000000000000000000000000000000A6
:105B00000000000000000000000000000000000095
:105B10000000000000000000000000000000000085
:105B20000000000000000000000000000000000075
:105B3000000009000000000A000000000000000052
:105B40000000000000000000000000000000000055
:105B50000000000000000000000000000000000045
:105B60000000000000000000000000000000000035
:105B70000000000000000000000000000000000025
:105B80000000000000000000010000000000000014
:105B90000000000000000000000000000000000005
:105BA00000000000000000000000000000000000F5
:105BB00000000000000000000000000000000000E5
:105BC00000000000000000000000000000000000D5
:105BD00000000000000000000000000000000000C5
:105BE0000000000000000000000000600050000005
:105BF000000000000000000000300C080000100051
:105C00000000000000000000000000000000000094
:105C10000000000000000000000000000000000084
:105C20000000000000000000000000000000000074
:105C30000000000000000000000000000000000064
:105C40000000000000000000000000000000000054
:105C50000000000000000000000000000000000044
:105C60000000000000000000000000000000000034
:105C70000000000000000000000000000000000024
:105C80000000000000000000000000000000000014
:105C90000000000000000000000000000000000004
:105CA00000000000000000000000000000000000F4
:105CB00000000000000000000000000000000000E4
:105CC00000000000000000000400000000000000D0
:105CD00000000000000000000000000000000000C4
:105CE00000000000000000000000000000000000B4
:105CF00000000000000000000000000000000000A4
:105D00000000000000000000000000000000000093
:105D10000000000000000000000000000000000083
:105D20000000000000000000000000000000000073
:105D30000000000000000000000000000000000063
:105D40000000000000000000000000000000000053
:105D50000000000000000000000000000000000043
:105D60000000000000000000000000000000000033
:105D70000000000000000000000000000000000023
:105D80000000000000000000000000000000000013
:105D900000000000000000000000000001040000FE
:105DA00000000000000000000000000000000000F3
:105DB00000000000000000000000000000000000E3
:105DC00000000000000000000000000000000000D3
:105DD00000000000000000000000000000000000C3
:105DE00000000000000000000000000000000000B3
:105DF00000000000000000000000000000000000A3
:105E00000000000000000000000000000000000092
:105E10000000000000000000000000000000000082
:105E20000000000000000000000000000000000072
:105E30000000000000000000000000000000000062
:105E40000000000000000000000000000000000052
:105E50000000000000000000000000000000000042
:105E60000000000000000000000000000000000032
:105E7000000400000000000000000000000000001E
:105E80000000000000000000000000000000000012
:105E90000000000000000000000000000000000002
:105EA00000000000000000000000000000000000F2
:105EB00000000000000000000000000000000000E2
:105EC00000000000000000000000000000000000D2
:105ED00000000000000000000000000000000000C2
:105EE00000000000000000000000000000000000B2
:105EF00000000000000000000000000000000000A2
:105F00000000000000000000000000000000000091
:105F10000000000000000000000000000000000081
:105F20000000000000000000000000000000000071
:105F30000000000000000000000000000000000061
:105F40000000000000000000000000000000000051
:105F50000000000000000000000000000000000041
:105F60000000000000000000000000000000000031
:105F70000000000000000000000000000000000021
:105F80000000000000000000000000000000000011
:105F90000000000000000000000000000000000001
:105FA00000000000000000000000000000000000F1
:105FB00000000000000000000000000000000000E1
:105FC00000000000000000000000000000000000D1
:105FD00000000000000000000000000000000000C1
:105FE00000000000000000000000000000000000B1
:105FF00000000000000000000000000000000000A1
:106000000000000000000000000000000000000090
:106010000000050C86A005312818050C00A0000022
:106020000000000000000000000000000000000070
:106030000000000000000000000000000000000060
:106040000000000000000000000000000000000050
:106050000000000000000000000000000000000040
:106060000000000000000000000000000000000030
:106070000000000000000000000000000000000020
:106080000000000000000000000000000000000010
:106090000000000000000000000000000000000000
:1060A00000000000000000000000000000000000F0
:1060B00000000000000000000000000000000000E0
:1060C00000000000000000000000000000000000D0
:1060D00000000000000000000000000000000000C0
:1060E00000000000000000000000000000000000B0
:1060F00000000000000000000000000000000000A0
:10610000000000000000000000000000000000008F
:10611000000000000000000000000000000000007F
:10612000000000000000000000000000000000006F
:10613000000000000000000000000000000000005F
:10614000000000000000000000000000000000004F
:10615000000000000000000000000000000000003F
:10616000000000000000000000000000000000002F
:10617000000000000000000000000000000000001F
:10618000000000000000000000000000000000000F
:1061900000000000000000000000000000000000FF
:1061A00000000000000000000000000000000000EF
:1061B00000000000000000000000000000000000DF
:1061C00000000000000000000000000000000000CF
:1061D00000000000000000000000000000000000BF
:1061E00000000000000000000000000000000000AF
:1061F000000000000000000000000000000000009F
:10620000000000000000000000000000000000008E
:10621000000000000000000000000000000000007E
:10622000000000000000000000000000000000006E
:10623000000000000000000000000000000000005E
:10624000000000000000000000000000000000004E
:10625000000000000000000000000000000000003E
:10626000000000000000000000000000000000002E
:10627000000000000000000000000000000000001E
:10628000000000000000000000000000000000000E
:1062900000000000000000000000000000000000FE
:1062A00000000000000000000000000000000000EE
:1062B00000000000000000000000000000000000DE
:1062C00000000000000000000000000000000000CE
:1062D00000000000000000000000000000000000BE
:1062E00000000000000000000000000000000000AE
:1062F000000000000000000000000000000000009E
:10630000000000000000000000000000000000008D
:10631000000000000000000000000000000000007D
:10632000000000000000000000000000000000006D
:10633000000000000000000000000000000000005D
:10634000000000000000000000000000000000004D
:10635000000000000000000000000000000000003D
:10636000000000000000000000000000000000002D
:10637000000000000000000000000000000000001D
:10638000000000000000000000000000000000000D
:1063900000000000000000000000000000000000FD
:1063A00000000000000000000000000000000000ED
:1063B00000000000000000000000000000000000DD
:1063C00000000000000000000000000000000000CD
:1063D00000000000000000000000000000000000BD
:1063E00000000000000000000000000000000000AD
:1063F000000000000000000000000000000000009D
:10640000000000000000000000000000000000008C
:10641000000000000000000000000000000000007C
:10642000000000000000000000000000000000006C
:10643000000000000000000000000000000000005C
:10644000000000000000000000000000000000004C
:10645000000000000000000000000000000000003C
:10646000000000000000000000000000000000002C
:10647000000000000000000000000000000000001C
:10648000000000000000000000000000000000000C
:1064900000000000000000000000000000000000FC
:1064A00000000000000000000000000000000000EC
:1064B00000000000000000000000000000000000DC
:1064C00000000000000000000000000000000000CC
:1064D00000000000000000000000000000000000BC
:1064E00000000000000000000000000000000000AC
:1064F000000000000000000000000000000000009C
:10650000000000000000000000000000000000008B
:10651000000000000000000000000000000000007B
:10652000000000000000000000000000000000006B
:10653000000000000000000000000000000000005B
:10654000000000000000000000000000000000004B
:10655000000000000000000000000000000000003B
:10656000000000000000000000000000000000002B
:10657000000000000000000000000000000000001B
:10658000000000000000000000000000000000000B
:1065900000000000000000000000000000000000FB
:1065A00000000000000000000000000000000000EB
:1065B00000000000000000000000000000000000DB
:1065C00000000000000000000000000000000000CB
:1065D00000000000000000000000000000000000BB
:1065E00000000000000000000000000000000000AB
:1065F000000000000000000000000000000000009B
:10660000000000000000000000000000000000008A
:10661000000000000000000000000000000000007A
:10662000000000000000000000000000000000006A
:10663000000000000000000000000000000000005A
:10664000000000000000000000000000000000004A
:10665000000000000000000000000000000000003A
:10666000000000000000000000000000000000002A
:10667000000000000000000000000000000000001A
:10668000000000000000000000000000000000000A
:1066900000000000000000000000000000000000FA
:1066A00000000000000000000000000000000000EA
:1066B00000000000000000000000000000000000DA
:1066C00000000000000000000000000000000000CA
:1066D00000000000000000000000000000000000BA
:1066E00000000000000000000000000000000000AA
:1066F000000000000000000000000000000000009A
:106700000000000000000000000000000000000089
:106710000000000000000000000000000000000079
:106720000000000000000000000000000000000069
:106730000000000000000000000000000000000059
:106740000000000000000000000000000000000049
:106750000000000000000000000000000000000039
:106760000000000000000000000000000000000029
:106770000000000000000000000000000000000019
:106780000000000000000000000000000000000009
:1067900000000000000000000000000000000000F9
:1067A00000000000000000000000000000000000E9
:1067B00000000000000000000000000000000000D9
:1067C00000000000000000000000000000000000C9
:1067D00000000000000000000000000000000000B9
:1067E00000000000000000000000000000000000A9
:1067F0000000000000000000000000000000000099
:106800000000000000000000000000000000000088
:106810000000000000000000000000000000000078
:106820000000000000000000000000000000000068
:106830000000000000000000000000000000000058
:106840000000000000000000000000000000000048
:106850000000000000000000000000000000000038
:106860000000000000000000000000000000000028
:106870000000000000000000000000000000000018
:106880000000000000000000000000000000000008
:1068900000000000000000000000000000000000F8
:1068A00000000000000000000000000000000000E8
:1068B00000000000000000000000000000000000D8
:1068C00000000000000000000000000000000000C8
:1068D00000000000000000000000000000000000B8
:1068E00000000000000000000000000000000000A8
:1068F0000000000000000000000000000000000098
:106900000000000000000000000000000000000087
:106910000000000000000000000000000000000077
:106920000000000000000000000000000000000067
:106930000000000000000000000000000000000057
:106940000000000000000000000000000000000047
:106950000000000000000000000000000000000037
:106960000000000000000000000000000000000027
:106970000000000000000000000000000000000017
:106980000000000000000000000000000000000007
:1069900000000000000000000000000000000000F7
:1069A00000000000000000000000000000000000E7
:1069B00000000000000000000000000000000000D7
:1069C00000000000000000000000000000000000C7
:1069D00000000000000000000000000000000000B7
:1069E00000000000000000000000000000000000A7
:1069F0000000000000000000000000000000000097
:106A00000000000000000000000000000000000086
:106A10000000000000000000000000000000000076
:106A20000000000000000000000000000000000066
:106A30000000000000000000000000000000000056
:106A40000000000000000000000000000000000046
:106A50000000000000000000000000000000000036
:106A60000000000000000000000000000000000026
:106A70000000000000000000000000000000000016
:106A80000000000000000000000000000000000006
:106A900000000000000000000000000000000000F6
:106AA00000000000000000000000000000000000E6
:106AB00000000000000000000000000000000000D6
:106AC00000000000000000000000000000000000C6
:106AD00000000000000000000000000000000000B6
:106AE00000000000000000000000000000000000A6
:106AF0000000000000000000000000000000000096
:106B00000000000000000000000000000000000085
:106B10000000000000000000000000000000000075
:106B20000000000000000000000000000000000065
:106B30000000000000000000000000000000000055
:106B40000000000000000000000000000000000045
:106B50000000000000000000000000000000000035
:106B60000000000000000000000000000000000025
:106B70000000000000000000000000000000000015
:106B80000000000000000000000000000000000005
:106B900000000000000000000000000000000000F5
:106BA00000000000000000000000000000000000E5
:106BB00000000000000000000000000000000000D5
:106BC00000000000000000000000000000000000C5
:106BD00000000000000000000000000000000000B5
:106BE00000000000000000000000000000000000A5
:106BF0000000000000000000000000000000000095
:106C00000000000000000000000000000000000084
:106C10000000000000000000000000000000000074
:106C20000000000000000000000000000000000064
:106C30000000000000000000000000000000000054
:106C40000000000000000000000000000000000044
:106C50000000000000000000000000000000000034
:106C60000000000000000000000000000000000024
:106C70000000000000000000000000000000000014
:106C80000000000000000000000000000000000004
:106C900000000000000000000000000000000000F4
:106CA00000000000000000000000000000000000E4
:106CB00000000000000000000000000000000000D4
:106CC00000000000000000000000000000000000C4
:106CD00000000000000000000000000000000000B4
:106CE00000000000000000000000000000000000A4
:106CF0000000000000000000000000000000000094
:106D00000000000000000000000000000000000083
:106D10000000000000000000000000000000000073
:106D20000000000000000000000000000000000063
:106D30000000000000000000000000000000000053
:106D40000000000000000000000000000000000043
:106D50000000000000000000000000000000000033
:106D60000000000000000000000000000000000023
:106D70000000000000000000000000000000000013
:106D80000000000000000000000000000000000003
:106D900000000000000000000000000000000000F3
:106DA00000000000000000000000000000000000E3
:106DB00000000000000000000000000000000000D3
:106DC00000000000000000000000000000000000C3
:106DD00000000000000000000000000000000000B3
:106DE00000000000000000000000000000000000A3
:106DF0000000000000000000000000000000000093
:106E00000000000000000000000000000000000082
:106E10000000000000000000000000000000000072
:106E20000000000000000000000000000000000062
:106E30000000000000000000000000000000000052
:106E40000000000000000000000000000000000042
:106E50000000000000000000000000000000000032
:106E60000000000000000000000000000000000022
:106E70000000000000000000000000000000000012
:106E80000000000000000000000000000000000002
:106E900000000000000000000000000000000000F2
:106EA00000000000000000000000000000000000E2
:106EB00000000000000000000000000000000000D2
:106EC00000000000000000000000000000000000C2
:106ED00000000000000000000000000000000000B2
:106EE00000000000000000000000000000000000A2
:106EF0000000000000000000000000000000000092
:106F00000000000000000000000000000000000081
:106F10000000000000000000000000000000000071
:106F20000000000000000000000000000000000061
:106F30000000000000000000000000000000000051
:106F40000000000000000000000000000000000041
:106F50000000000000000000000000000000000031
:106F60000000000000000000000000000000000021
:106F70000000000000000000000000000000000011
:106F80000000000000000000000000000000000001
:106F900000000000000000000000000000000000F1
:106FA00000000000000000000000000000000000E1
:106FB00000000000000000000000000000000000D1
:106FC00000000000000000000000000000000000C1
:106FD00000000000000000000000000000000000B1
:106FE00000000000000000000000000000000000A1
:106FF0000000000000000000000000000000000091
:107000000000000000000000000000000000000080
:107010000000000000000000000000000000000070
:107020000000000000000000000000000000000060
:107030000000000000000000000000000000000050
:107040000000000000000000000000000000000040
:107050000000000000000000000000000000000030
:107060000000000000000000000000000000000020
:107070000000000000000000000000000000000010
:107080000000000000000000000000000000000000
:1070900000000000000000000000000000000000F0
:1070A00000000000000000000000000000000000E0
:1070B00000000000000000000000000000000000D0
:1070C00000000000000000000000000000000000C0
:1070D00000000000000000000000000000000000B0
:1070E00000000000000000000000000000000000A0
:1070F0000000000000000000000000000000000090
:10710000000000000000000000000000000000007F
:10711000000000000000000000000000000000006F
:10712000000000000000000000000000000000005F
:10713000000000000000000000000000000000004F
:10714000000000000000000000000000000000003F
:10715000000000000000000000000000000000002F
:10716000000000000000000000000000000000001F
:10717000000000000000000000000000000000000F
:1071800000000000000000000000000000000000FF
:1071900000000000000000000000000000000000EF
:1071A00000000000000000000000000000000000DF
:1071B00000000000000000000000000000000000CF
:1071C00000000000000000000000000000000000BF
:1071D00000000000000000000000000000000000AF
:1071E000000000000000000000000000000000009F
:1071F000000000000000000000000000000000008F
:10720000000000000000000000000000000000007E
:10721000000000000000000000000000000000006E
:10722000000000000000000000000000000000005E
:10723000000000000000000000000000000000004E
:10724000000000000000000000000000000000003E
:10725000000000000000000000000000000000002E
:10726000000000000000000000000000000000001E
:10727000000000000000000000000000000000000E
:1072800000000000000000000000000000000000FE
:1072900000000000000000000000000000000000EE
:1072A00000000000000000000000000000000000DE
:1072B00000000000000000000000000000000000CE
:1072C00000000000000000000000000000000000BE
:1072D00000000000000000000000000000000000AE
:1072E000000000000000000000000000000000009E
:1072F000000000000000000000000000000000008E
:10730000000000000000000000000000000000007D
:10731000000000000000000000000000000000006D
:10732000000000000000000000000000000000005D
:10733000000000000000000000000000000000004D
:10734000000000000000000000000000000000003D
:10735000000000000000000000000000000000002D
:10736000000000000000000000000000000000001D
:10737000000000000000000000000000000000000D
:1073800000000000000000000000000000000000FD
:1073900000000000000000000000000000000000ED
:1073A00000000000000000000000000000000000DD
:1073B00000000000000000000000000000000000CD
:1073C00000000000000000000000000000000000BD
:1073D00000000000000000000000000000000000AD
:1073E000000000000000000000000000000000009D
:1073F000000000000000000000000000000000008D
:10740000000000000000000000000000000000007C
:10741000000000000000000000000000000000006C
:10742000000000000000000000000000000000005C
:10743000000000000000000000000000000000004C
:10744000000000000000000000000000000000003C
:10745000000000000000000000000000000000002C
:10746000000000000000000000000000000000001C
:10747000000000000000000000000000000000000C
:1074800000000000000000000000000000000000FC
:1074900000000000000000000000000000000000EC
:1074A00000000000000000000000000000000000DC
:1074B00000000000000000000000000000000000CC
:1074C00000000000000000000000000000000000BC
:1074D00000000000000000000000000000000000AC
:1074E000000000000000000000000000000000009C
:1074F000000000000000000000000000000000008C
:10750000000000000000000000000000000000007B
:10751000000000000000000000000000000000006B
:10752000000000000000000000000000000000005B
:10753000000000000000000000000000000000004B
:10754000000000000000000000000000000000003B
:10755000000000000000000000000000000000002B
:10756000000000000000000000000000000000001B
:10757000000000000000000000000000000000000B
:1075800000000000000000000000000000000000FB
:1075900000000000000000000000000000000000EB
:1075A00000000000000000000000000000000000DB
:1075B00000000000000000000000000000000000CB
:1075C00000000000000000000000000000000000BB
:1075D00000000000000000000000000000000000AB
:1075E000000000000000000000000000000000009B
:1075F000000000000000000000000000000000008B
:10760000000000000000000000000000000000007A
:10761000000000000000000000000000000000006A
:10762000000000000000000000000000000000005A
:10763000000000000000000000000000000000004A
:10764000000000000000000000000000000000003A
:10765000000000000000000000000000000000002A
:10766000000000000000000000000000000000001A
:10767000000000000000000000000000000000000A
:1076800000000000000000000000000000000000FA
:1076900000000000000000000000000000000000EA
:1076A00000000000000000000000000000000000DA
:1076B00000000000000000000000000000000000CA
:1076C00000000000000000000000000000000000BA
:1076D00000000000000000000000000000000000AA
:1076E000000000000000000000000000000000009A
:1076F000000000000000000000000000000000008A
:107700000000000000000000000000000000000079
:107710000000000000000000000000000000000069
:107720000000000000000000000000000000000059
:107730000000000000000000000000000000000049
:107740000000000000000000000000000000000039
:107750000000000000000000000000000000000029
:107760000000000000000000000000000000000019
:107770000000000000000000000000000000000009
:1077800000000000000000000000000000000000F9
:1077900000000000000000000000000000000000E9
:1077A00000000000000000000000000000000000D9
:1077B00000000000000000000000000000000000C9
:1077C00000000000000000000000000000000000B9
:1077D00000000000000000000000000000000000A9
:1077E0000000000000000000000000000000000099
:1077F0000000000000000000000000000000000089
:107800000000000000000000000000000000000078
:107810000000000000000000000000000000000068
:107820000000000000000000000000000000000058
:107830000000000000000000000000000000000048
:107840000000000000000000000000000000000038
:107850000000000000000000000000000000000028
:107860000000000000000000000000000000000018
:107870000000000000000000000000000000000008
:1078800000000000000000000000000000000000F8
:1078900000000000000000000000000000000000E8
:1078A00000000000000000000000000000000000D8
:1078B00000000000000000000000000000000000C8
:1078C00000000000000000000000000000000000B8
:1078D00000000000000000000000000000000000A8
:1078E0000000000000000000000000000000000098
:1078F0000000000000000000000000000000000088
:107900000000000000000000000000000000000077
:107910000000000000000000000000000000000067
:107920000000000000000000000000000000000057
:107930000000000000000000000000000000000047
:107940000000000000000000000000000000000037
:107950000000000000000000000000000000000027
:107960000000000000000000000000000000000017
:107970000000000000000000000000000000000007
:1079800000000000000000000000000000000000F7
:1079900000000000000000000000000000000000E7
:1079A00000000000000000000000000000000000D7
:1079B00000000000000000000000000000000000C7
:1079C00000000000000000000000000000000000B7
:1079D00000000000000000000000000000000000A7
:1079E0000000000000000000000000000000000097
:1079F0000000000000000000000000000000000087
:107A00000000000000000000000000000000000076
:107A10000000000000000000000000000000000066
:107A20000000000000000000000000000000000056
:107A30000000000000000000000000000000000046
:107A40000000000000000000000000000000000036
:107A50000000000000000000000000000000000026
:107A60000000000000000000000000000000000016
:107A70000000000000000000000000000000000006
:107A800000000000000000000000000000000000F6
:107A900000000000000000000000000000000000E6
:107AA00000000000000000000000000000000000D6
:107AB00000000000000000000000000000000000C6
:107AC00000000000000000000000000000000000B6
:107AD00000000000000000000000000000000000A6
:107AE0000000000000000000000000000000000096
:107AF0000000000000000000000000000000000086
:107B00000000000000000000000000000000000075
:107B10000000000000000000000000000000000065
:107B20000000000000000000000000000000000055
:107B30000000000000000000000000000000000045
:107B40000000000000000000000000000000000035
:107B50000000000000000000000000000000000025
:107B60000000000000000000000000000000000015
:107B70000000000000000000000000000000000005
:107B800000000000000000000000000000000000F5
:107B900000000000000000000000000000000000E5
:107BA00000000000000000000000000000000000D5
:107BB00000000000000000000000000000000000C5
:107BC00000000000000000000000000000000000B5
:107BD00000000000000000000000000000000000A5
:107BE0000000000000000000000000000000000095
:107BF0000000000000000000000000000000000085
:107C00000000000000000000000000000000000074
:107C10000000000000000000000000000000000064
:107C20000000000000000000000000000000000054
:107C30000000000000000000000000000000000044
:107C40000000000000000000000000000000000034
:107C50000000000000000000000000000000000024
:107C60000000000000000000000000000000000014
:107C70000000000000000000000000000000000004
:107C800000000000000000000000000000000000F4
:107C900000000000000000000000000000000000E4
:107CA00000000000000000000000000000000000D4
:107CB00000000000000000000000000000000000C4
:107CC00000000000000000000000000000000000B4
:107CD00000000000000000000000000000000000A4
:107CE0000000000000000000000000000000000094
:107CF0000000000000000000000000000000000084
:107D00000000000000000000000000000000000073
:107D10000000000000000000000000000000000063
:107D20000000000000000000000000000000000053
:107D30000000000000000000000000000000000043
:107D40000000000000000000000000000000000033
:107D50000000000000000000000000000000000023
:107D60000000000000000000000000000000000013
:107D70000000000000000000000000000000000003
:107D800000000000000000000000000000000000F3
:107D900000000000000000000000000000000000E3
:107DA00000000000000000000000000000000000D3
:107DB00000000000000000000000000000000000C3
:107DC00000000000000000000000000000000000B3
:107DD00000000000000000000000000000000000A3
:107DE0000000000000000000000000000000000093
:107DF0000000000000000000000000000000000083
:107E00000000000000000000000000000000000072
:107E10000000000000000000000000000000000062
:107E20000000000000000000000000000000000052
:107E30000000000000000000000000000000000042
:107E40000000000000000000000000000000000032
:107E50000000000000000000000000000000000022
:107E60000000000000000000000000000000000012
:107E70000000000000000000000000000000000002
:107E800000000000000000000000000000000000F2
:107E900000000000000000000000000000000000E2
:107EA00000000000000000000000000000000000D2
:107EB00000000000000000000000000000000000C2
:107EC00000000000000000000000000000000000B2
:107ED00000000000000000000000000000000000A2
:107EE0000000000000000000000000000000000092
:107EF0000000000000000000000000000000000082
:107F00000000000000000000000000000000000071
:107F10000000000000000000000000000000000061
:107F20000000000000000000000000000000000051
:107F30000000000000000000000000000000000041
:107F40000000000000000000000000000000000031
:107F50000000000000000000000000000000000021
:107F60000000000000000000000000000000000011
:107F70000000000000000000000000000000000001
:107F800000000000000000000000000000000000F1
:107F900000000000000000000000000000000000E1
:107FA00000000000000000000000000000000000D1
:107FB00000000000000000000000000000000000C1
:107FC00000000000000000000000000000000000B1
:107FD00000000000000000000000000000000000A1
:107FE0000000000000000000000000000000000091
:107FF0000000000000000000000000000000000081
:108000000000000000000000000000000000000070
:108010000000000000000000000000000000000060
:108020000000000000000000000000000000000050
:108030000000000000000000000000000000000040
:108040000000000000000000000000000000000030
:108050000000000000000000000000000000000020
:108060000000000000000000000000000000000010
:108070000000000000000000000000000000000000
:1080800000000000000000000000000000000000F0
:1080900000000000000000000000000000000000E0
:1080A00000000000000000000000000000000000D0
:1080B00000000000000000000000000000000000C0
:1080C00000000000000000000000000000000000B0
:1080D00000000000000000000000000000000000A0
:1080E0000000000000000000000000000000000090
:1080F0000000000000000000000000000000000080
:10810000000000000000000000000000000000006F
:10811000000000000000000000000000000000005F
:10812000000000000000000000000000000000004F
:10813000000000000000000000000000000000003F
:10814000000000000000000000000000000000002F
:10815000000000000000000000000000000000001F
:10816000000000000000000000000000000000000F
:1081700000000000000000000000000000000000FF
:1081800000000000000000000000000000000000EF
:1081900000000000000000000000000000000000DF
:1081A00000000000000000000000000000000000CF
:1081B00000000000000000000000000000000000BF
:1081C00000000000000000000000000000000000AF
:1081D000000000000000000000000000000000009F
:1081E000000000000000000000000000000000008F
:1081F000000000000000000000000000000000007F
:10820000000000000000000000000000000000006E
:10821000000000000000000000000000000000005E
:10822000000000000000000000000000000000004E
:10823000000000000000000000000000000000003E
:10824000000000000000000000000000000000002E
:10825000000000000000000000000000000000001E
:10826000000000000000000000000000000000000E
:1082700000000000000000000000000000000000FE
:1082800000000000000000000000000000000000EE
:1082900000000000000000000000000000000000DE
:1082A00000000000000000000000000000000000CE
:1082B00000000000000000000000000000000000BE
:1082C00000000000000000000000000000000000AE
:1082D000000000000000000000000000000000009E
:1082E000000000000000000000000000000000008E
:1082F000000000000000000000000000000000007E
:10830000000000000000000000000000000000006D
:10831000000000000000000000000000000000005D
:10832000000000000000000000000000000000004D
:10833000000000000000000000000000000000003D
:10834000000000000000000000000000000000002D
:10835000000000000000000000000000000000001D
:10836000000000000000000000000000000000000D
:1083700000000000000000000000000000000000FD
:1083800000000000000000000000000000000000ED
:1083900000000000000000000000000000000000DD
:1083A00000000000000000000000000000000000CD
:1083B00000000000000000000000000000000000BD
:1083C00000000000000000000000000000000000AD
:1083D000000000000000000000000000000000009D
:1083E000000000000000000000000000000000008D
:1083F000000000000000000000000000000000007D
:10840000000000000000000000000000000000006C
:10841000000000000000000000000000000000005C
:10842000000000000000000000000000000000004C
:10843000000000000000000000000000000000003C
:10844000000000000000000000000000000000002C
:10845000000000000000000000000000000000001C
:10846000000000000000000000000000000000000C
:1084700000000000000000000000000000000000FC
:1084800000000000000000000000000000000000EC
:1084900000000000000000000000000000000000DC
:1084A00000000000000000000000000000000000CC
:1084B00000000000000000000000000000000000BC
:1084C00000000000000000000000000000000000AC
:1084D000000000000000000000000000000000009C
:1084E000000000000000000000000000000000008C
:1084F000000000000000000000000000000000007C
:10850000000000000000000000000000000000006B
:10851000000000000000000000000000000000005B
:10852000000000000000000000000000000000004B
:10853000000000000000000000000000000000003B
:10854000000000000000000000000000000000002B
:10855000000000000000000000000000000000001B
:10856000000000000000000000000000000000000B
:1085700000000000000000000000000000000000FB
:1085800000000000000000000000000000000000EB
:1085900000000000000000000000000000000000DB
:1085A00000000000000000000000000000000000CB
:1085B00000000000000000000000000000000000BB
:1085C00000000000000000000000000000000000AB
:1085D000000000000000000000000000000000009B
:1085E000000000000000000000000000000000008B
:1085F000000000000000000000000000000000007B
:10860000000000000000000000000000000000006A
:10861000000000000000000000000000000000005A
:10862000000000000000000000000000000000004A
:10863000000000000000000000000000000000003A
:10864000000000000000000000000000000000002A
:10865000000000000000000000000000000000001A
:10866000000000000000000000000000000000000A
:1086700000000000000000000000000000000000FA
:1086800000000000000000000000000000000000EA
:1086900000000000000000000000000000000000DA
:1086A00000000000000000000000000000000000CA
:1086B00000000000000000000000000000000000BA
:1086C00000000000000000000000000000000000AA
:1086D000000000000000000000000000000000009A
:1086E000000000000000000000000000000000008A
:1086F000000000000000000000000000000000007A
:108700000000000000000000000000000000000069
:108710000000000000000000000000000000000059
:108720000000000000000000000000000000000049
:108730000000000000000000000000000000000039
:108740000000000000000000000000000000000029
:108750000000000000000000000000000000000019
:108760000000000000000000000000000000000009
:1087700000000000000000000000000000000000F9
:1087800000000000000000000000000000000000E9
:1087900000000000000000000000000000000000D9
:1087A00000000000000000000000000000000000C9
:1087B00000000000000000000000000000000000B9
:1087C00000000000000000000000000000000000A9
:1087D0000000000000000000000000000000000099
:1087E0000000000000000000000000000000000089
:1087F0000000000000000000000000000000000079
:108800000000000000000000000000000000000068
:108810000000000000000000000000000000000058
:108820000000000000000000000000000000000048
:108830000000000000000000000000000000000038
:108840000000000000000000000000000000000028
:108850000000000000000000000000000000000018
:108860000000000000000000000000000000000008
:1088700000000000000000000000000000000000F8
:1088800000000000000000000000000000000000E8
:1088900000000000000000000000000000000000D8
:1088A00000000000000000000000000000000000C8
:1088B00000000000000000000000000000000000B8
:1088C00000000000000000000000000000000000A8
:1088D0000000000000000000000000000000000098
:1088E0000000000000000000000000000000000088
:1088F0000000000000000000000000000000000078
:108900000000000000000000000000000000000067
:108910000000000000000000000000000000000057
:108920000000000000000000000000000000000047
:108930000000000000000000000000000000000037
:108940000000000000000000000000000000000027
:108950000000000000000000000000000000000017
:108960000000000000000000000000000000000007
:1089700000000000000000000000000000000000F7
:1089800000000000000000000000000000000000E7
:1089900000000000000000000000000000000000D7
:1089A00000000000000000000000000000000000C7
:1089B00000000000000000000000000000000000B7
:1089C00000000000000000000000000000000000A7
:1089D0000000000000000000000000000000000097
:1089E0000000000000000000000000000000000087
:1089F0000000000000000000000000000000000077
:108A00000000000000000000000000000000000066
:108A10000000000000000000000000000000000056
:108A20000000000000000000000000000000000046
:108A30000000000000000000000000000000000036
:108A40000000000000000000000000000000000026
:108A50000000000000000000000000000000000016
:108A60000000000000000000000000000000000006
:108A700000000000000000000000000000000000F6
:108A800000000000000000000000000000000000E6
:108A900000000000000000000000000000000000D6
:108AA00000000000000000000000000000000000C6
:108AB00000000000000000000000000000000000B6
:108AC00000000000000000000000000000000000A6
:108AD0000000000000000000000000000000000096
:108AE0000000000000000000000000000000000086
:108AF0000000000000000000000000000000000076
:108B00000000000000000000000000000000000065
:108B10000000000000000000000000000000000055
:108B20000000000000000000000000000000000045
:108B30000000000000000000000000000000000035
:108B40000000000000000000000000000000000025
:108B50000000000000000000000000000000000015
:108B60000000000000000000000000000000000005
:108B700000000000000000000000000000000000F5
:108B800000000000000000000000000000000000E5
:108B900000000000000000000000000000000000D5
:108BA00000000000000000000000000000000000C5
:108BB00000000000000000000000000000000000B5
:108BC00000000000000000000000000000000000A5
:108BD0000000000000000000000000000000000095
:108BE0000000000000000000000000000000000085
:108BF0000000000000000000000000000000000075
:108C00000000000000000000000000000000000064
:108C10000000000000000000000000000000000054
:108C20000000000000000000000000000000000044
:108C30000000000000000000000000000000000034
:108C40000000000000000000000000000000000024
:108C50000000000000000000000000000000000014
:108C60000000000000000000000000000000000004
:108C700000000000000000000000000000000000F4
:108C800000000000000000000000000000000000E4
:108C900000000000000000000000000000000000D4
:108CA00000000000000000000000000000000000C4
:108CB00000000000000000000000000000000000B4
:108CC00000000000000000000000000000000000A4
:108CD0000000000000000000000000000000000094
:108CE0000000000000000000000000000000000084
:108CF0000000000000000000000000000000000074
:108D00000000000000000000000000000000000063
:108D10000000000000000000000000000000000053
:108D20000000000000000000000000000000000043
:108D30000000000000000000000000000000000033
:108D40000000000000000000000000000000000023
:108D50000000000000000000000000000000000013
:108D60000000000000000000000000000000000003
:108D700000000000000000000000000000000000F3
:108D800000000000000000000000000000000000E3
:108D900000000000000000000000000000000000D3
:108DA00000000000000000000000000000000000C3
:108DB00000000000000000000000000000000000B3
:108DC00000000000000000000000000000000000A3
:108DD0000000000000000000000000000000000093
:108DE0000000000000000000000000000000000083
:108DF0000000000000000000000000000000000073
:108E00000000000000000000000000000000000062
:108E10000000000000000000000000000000000052
:108E20000000000000000000000000000000000042
:108E30000000000000000000000000000000000032
:108E40000000000000000000000000000000000022
:108E50000000000000000000000000000000000012
:108E60000000000000000000000000000000000002
:108E700000000000000000000000000000000000F2
:108E800000000000000000000000000000000000E2
:108E900000000000000000000000000000000000D2
:108EA00000000000000000000000000000000000C2
:108EB00000000000000000000000000000000000B2
:108EC00000000000000000000000000000000000A2
:108ED0000000000000000000000000000000000092
:108EE0000000000000000000000000000000000082
:108EF0000000000000000000000000000000000072
:108F00000000000000000000000000000000000061
:108F10000000000000000000000000000000000051
:108F20000000000000000000000000000000000041
:108F30000000000000000000000000000000000031
:108F40000000000000000000000000000000000021
:108F50000000000000000000000000000000000011
:108F60000000000000000000000000000000000001
:108F700000000000000000000000000000000000F1
:108F800000000000000000000000000000000000E1
:108F900000000000000000000000000000000000D1
:108FA00000000000000000000000000000000000C1
:108FB00000000000000000000000000000000000B1
:108FC00000000000000000000000000000000000A1
:108FD0000000000000000000000000000000000091
:108FE0000000000000000000000000000000000081
:108FF0000000000000000000000000000000000071
:109000000000000000000000000000000000000060
:109010000000000000000000000000000000000050
:109020000000000000000000000000000000000040
:109030000000000000000000000000000000000030
:109040000000000000000000000000000000000020
:109050000000000000000000000000000000000010
:109060000000000000000000000000000000000000
:1090700000000000000000000000000000000000F0
:1090800000000000000000000000000000000000E0
:1090900000000000000000000000000000000000D0
:1090A00000000000000000000000000000000000C0
:1090B00000000000000000000000000000000000B0
:1090C00000000000000000000000000000000000A0
:1090D0000000000000000000000000000000000090
:1090E0000000000000000000000000000000000080
:1090F0000000000000000000000000000000000070
:10910000000000000000000000000000000000005F
:10911000000000000000000000000000000000004F
:10912000000000000000000000000000000000003F
:10913000000000000000000000000000000000002F
:10914000000000000000000000000000000000001F
:10915000000000000000000000000000000000000F
:1091600000000000000000000000000000000000FF
:1091700000000000000000000000000000000000EF
:1091800000000000000000000000000000000000DF
:1091900000000000000000000000000000000000CF
:1091A00000000000000000000000000000000000BF
:1091B00000000000000000000000000000000000AF
:1091C000000000000000000000000000000000009F
:1091D000000000000000000000000000000000008F
:1091E000000000000000000000000000000000007F
:1091F000000000000000000000000000000000006F
:10920000000000000000000000000000000000005E
:10921000000000000000000000000000000000004E
:10922000000000000000000000000000000000003E
:10923000000000000000000000000000000000002E
:10924000000000000000000000000000000000001E
:10925000000000000000000000000000000000000E
:1092600000000000000000000000000000000000FE
:1092700000000000000000000000000000000000EE
:1092800000000000000000000000000000000000DE
:1092900000000000000000000000000000000000CE
:1092A00000000000000000000000000000000000BE
:1092B00000000000000000000000000000000000AE
:1092C000000000000000000000000000000000009E
:1092D000000000000000000000000000000000008E
:1092E000000000000000000000000000000000007E
:1092F000000000000000000000000000000000006E
:10930000000000000000000000000000000000005D
:10931000000000000000000000000000000000004D
:10932000000000000000000000000000000000003D
:10933000000000000000000000000000000000002D
:10934000000000000000000000000000000000001D
:10935000000000000000000000000000000000000D
:1093600000000000000000000000000000000000FD
:1093700000000000000000000000000000000000ED
:1093800000000000000000000000000000000000DD
:1093900000000000000000000000000000000000CD
:1093A00000000000000000000000000000000000BD
:1093B00000000000000000000000000000000000AD
:1093C000000000000000000000000000000000009D
:1093D000000000000000000000000000000000008D
:1093E000000000000000000000000000000000007D
:1093F000000000000000000000000000000000006D
:10940000000000000000000000000000000000005C
:10941000000000000000000000000000000000004C
:10942000000000000000000000000000000000003C
:10943000000000000000000000000000000000002C
:10944000000000000000000000000000000000001C
:10945000000000000000000000000000000000000C
:1094600000000000000000000000000000000000FC
:1094700000000000000000000000000000000000EC
:1094800000000000000000000000000000000000DC
:1094900000000000000000000000000000000000CC
:1094A00000000000000000000000000000000000BC
:1094B00000000000000000000000000000000000AC
:1094C000000000000000000000000000000000009C
:1094D000000000000000000000000000000000008C
:1094E000000000000000000000000000000000007C
:1094F000000000000000000000000000000000006C
:10950000000000000000000000000000000000005B
:10951000000000000000000000000000000000004B
:10952000000000000000000000000000000000003B
:10953000000000000000000000000000000000002B
:10954000000000000000000000000000000000001B
:10955000000000000000000000000000000000000B
:1095600000000000000000000000000000000000FB
:1095700000000000000000000000000000000000EB
:1095800000000000000000000000000000000000DB
:1095900000000000000000000000000000000000CB
:1095A00000000000000000000000000000000000BB
:1095B00000000000000000000000000000000000AB
:1095C000000000000000000000000000000000009B
:1095D000000000000000000000000000000000008B
:1095E000000000000000000000000000000000007B
:1095F000000000000000000000000000000000006B
:10960000000000000000000000000000000000005A
:10961000000000000000000000000000000000004A
:10962000000000000000000000000000000000003A
:10963000000000000000000000000000000000002A
:10964000000000000000000000000000000000001A
:10965000000000000000000000000000000000000A
:1096600000000000000000000000000000000000FA
:1096700000000000000000000000000000000000EA
:1096800000000000000000000000000000000000DA
:1096900000000000000000000000000000000000CA
:1096A00000000000000000000000000000000000BA
:1096B00000000000000000000000000000000000AA
:1096C000000000000000000000000000000000009A
:1096D000000000000000000000000000000000008A
:1096E000000000000000000000000000000000007A
:1096F000000000000000000000000000000000006A
:109700000000000000000000000000000000000059
:109710000000000000000000000000000000000049
:109720000000000000000000000000000000000039
:109730000000000000000000000000000000000029
:109740000000000000000000000000000000000019
:109750000000000000000000000000000000000009
:1097600000000000000000000000000000000000F9
:1097700000000000000000000000000000000000E9
:1097800000000000000000000000000000000000D9
:1097900000000000000000000000000000000000C9
:1097A00000000000000000000000000000000000B9
:1097B00000000000000000000000000000000000A9
:1097C0000000000000000000000000000000000099
:1097D0000000000000000000000000000000000089
:1097E0000000000000000000000000000000000079
:1097F0000000000000000000000000000000000069
:109800000000000000000000000000000000000058
:109810000000000000000000000000000000000048
:109820000000000000000000000000000000000038
:109830000000000000000000000000000000000028
:109840000000000000000000000000000000000018
:109850000000000000000000000000000000000008
:1098600000000000000000000000000000000000F8
:1098700000000000000000000000000000000000E8
:1098800000000000000000000000000000000000D8
:1098900000000000000000000000000000000000C8
:1098A00000000000000000000000000000000000B8
:1098B00000000000000000000000000000000000A8
:1098C0000000000000000000000000000000000098
:1098D0000000000000000000000000000000000088
:1098E0000000000000000000000000000000000078
:1098F0000000000000000000000000000000000068
:109900000000000000000000000000000000000057
:109910000000000000000000000000000000000047
:109920000000000000000000000000000000000037
:109930000000000000000000000000000000000027
:109940000000000000000000000000000000000017
:109950000000000000000000000000000000000007
:1099600000000000000000000000000000000000F7
:1099700000000000000000000000000000000000E7
:1099800000000000000000000000000000000000D7
:1099900000000000000000000000000000000000C7
:1099A00000000000000000000000000000000000B7
:1099B00000000000000000000000000000000000A7
:1099C0000000000000000000000000000000000097
:1099D0000000000000000000000000000000000087
:1099E0000000000000000000000000000000000077
:1099F0000000000000000000000000000000000067
:109A00000000000000000000000000000000000056
:109A10000000000000000000000000000000000046
:109A20000000000000000000000000000000000036
:109A30000000000000000000000000000000000026
:109A40000000000000000000000000000000000016
:109A50000000000000000000000000000000000006
:109A600000000000000000000000000000000000F6
:109A700000000000000000000000000000000000E6
:109A800000000000000000000000000000000000D6
:109A900000000000000000000000000000000000C6
:109AA00000000000000000000000000000000000B6
:109AB00000000000000000000000000000000000A6
:109AC0000000000000000000000000000000000096
:109AD0000000000000000000000000000000000086
:109AE0000000000000000000000000000000000076
:109AF0000000000000000000000000000000000066
:109B00000000000000000000000000000000000055
:109B10000000000000000000000000000000000045
:109B20000000000000000000000000000000000035
:109B30000000000000000000000000000000000025
:109B40000000000000000000000000000000000015
:109B50000000000000000000000000000000000005
:109B600000000000000000000000000000000000F5
:109B700000000000000000000000000000000000E5
:109B800000000000000000000000000000000000D5
:109B900000000000000000000000000000000000C5
:109BA00000000000000000000000000000000000B5
:109BB00000000000000000000000000000000000A5
:109BC0000000000000000000000000000000000095
:109BD0000000000000000000000000000000000085
:109BE0000000000000000000000000000000000075
:109BF0000000000000000000000000000000000065
:109C00000000000000000000000000000000000054
:109C10000000000000000000000000000000000044
:109C20000000000000000000000000000000000034
:109C30000000000000000000000000000000000024
:109C40000000000000000000000000000000000014
:109C50000000000000000000000000000000000004
:109C600000000000000000000000000000000000F4
:109C700000000000000000000000000000000000E4
:109C800000000000000000000000000000000000D4
:109C900000000000000000000000000000000000C4
:109CA00000000000000000000000000000000000B4
:109CB00000000000000000000000000000000000A4
:109CC0000000000000000000000000000000000094
:109CD0000000000000000000000000000000000084
:109CE0000000000000000000000000000000000074
:109CF0000000000000000000000000000000000064
:109D00000000000000000000000000000000000053
:109D10000000000000000000000000000000000043
:109D20000000000000000000000000000000000033
:109D30000000000000000000000000000000000023
:109D40000000000000000000000000000000000013
:109D50000000000000000000000000000000000003
:109D600000000000000000000000000000000000F3
:109D700000000000000000000000000000000000E3
:109D800000000000000000000000000000000000D3
:109D900000000000000000000000000000000000C3
:109DA00000000000000000000000000000000000B3
:109DB00000000000000000000000000000000000A3
:109DC0000000000000000000000000000000000093
:109DD0000000000000000000000000000000000083
:109DE0000000000000000000000000000000000073
:109DF0000000000000000000000000000000000063
:109E00000000000000000000000000000000000052
:109E10000000000000000000000000000000000042
:109E20000000000000000000000000000000000032
:109E30000000000000000000000000000000000022
:109E40000000000000000000000000000000000012
:109E50000000000000000000000000000000000002
:109E600000000000000000000000000000000000F2
:109E700000000000000000000000000000000000E2
:109E800000000000000000000000000000000000D2
:109E900000000000000000000000000000000000C2
:109EA00000000000000000000000000000000000B2
:109EB00000000000000000000000000000000000A2
:109EC0000000000000000000000000000000000092
:109ED0000000000000000000000000000000000082
:109EE0000000000000000000000000000000000072
:109EF0000000000000000000000000000000000062
:109F00000000000000000000000000000000000051
:109F10000000000000000000000000000000000041
:109F20000000000000000000000000000000000031
:109F30000000000000000000000000000000000021
:109F40000000000000000000000000000000000011
:109F50000000000000000000000000000000000001
:109F600000000000000000000000000000000000F1
:109F700000000000000000000000000000000000E1
:109F800000000000000000000000000000000000D1
:109F900000000000000000000000000000000000C1
:109FA00000000000000000000000000000000000B1
:109FB00000000000000000000000000000000000A1
:109FC0000000000000000000000000000000000091
:109FD0000000000000000000000000000000000081
:109FE0000000000000000000000000000000000071
:109FF0000000000000000000000000000000000061
:10A000000000000000000000000000000000000050
:10A010000000000000000000000000000000000040
:10A020000000000000000000000000000000000030
:10A030000000000000000000000000000000000020
:10A040000000000000000000000000000000000010
:10A050000000000000000000000000000000000000
:10A0600000000000000000000000000000000000F0
:10A0700000000000000000000000000000000000E0
:10A0800000000000000000000000000000000000D0
:10A0900000000000000000000000000000000000C0
:10A0A00000000000000000000000000000000000B0
:10A0B00000000000000000000000000000000000A0
:10A0C0000000000000000000000000000000000090
:10A0D0000000000000000000000000000000000080
:10A0E0000000000000000000000000000000000070
:10A0F0000000000000000000000000000000000060
:10A10000000000000000000000000000000000004F
:10A11000000000000000000000000000000000003F
:10A12000000000000000000000000000000000002F
:10A13000000000000000000000000000000000001F
:10A14000000000000000000000000000000000000F
:10A1500000000000000000000000000000000000FF
:10A1600000000000000000000000000000000000EF
:10A1700000000000000000000000000000000000DF
:10A1800000000000000000000000000000000000CF
:10A1900000000000000000000000000000000000BF
:10A1A00000000000000000000000000000000000AF
:10A1B000000000000000000000000000000000009F
:10A1C000000000000000000000000000000000008F
:10A1D000000000000000000000000000000000007F
:10A1E000000000000000000000000000000000006F
:10A1F000000000000000000000000000000000005F
:10A20000000000000000000000000000000000004E
:10A21000000000000000000000000000000000003E
:10A22000000000000000000000000000000000002E
:10A23000000000000000000000000000000000001E
:10A24000000000000000000000000000000000000E
:10A2500000000000000000000000000000000000FE
:10A2600000000000000000000000000000000000EE
:10A2700000000000000000000000000000000000DE
:10A2800000000000000000000000000000000000CE
:10A2900000000000000000000000000000000000BE
:10A2A00000000000000000000000000000000000AE
:10A2B000000000000000000000000000000000009E
:10A2C000000000000000000000000000000000008E
:10A2D000000000000000000000000000000000007E
:10A2E000000000000000000000000000000000006E
:10A2F000000000000000000000000000000000005E
:10A30000000000000000000000000000000000004D
:10A31000000000000000000000000000000000003D
:10A32000000000000000000000000000000000002D
:10A33000000000000000000000000000000000001D
:10A34000000000000000000000000000000000000D
:10A3500000000000000000000000000000000000FD
:10A3600000000000000000000000000000000000ED
:10A3700000000000000000000000000000000000DD
:10A3800000000000000000000000000000000000CD
:10A3900000000000000000000000000000000000BD
:10A3A00000000000000000000000000000000000AD
:10A3B000000000000000000000000000000000009D
:10A3C000000000000000000000000000000000008D
:10A3D000000000000000000000000000000000007D
:10A3E000000000000000000000000000000000006D
:10A3F000000000000000000000000000000000005D
:10A40000000000000000000000000000000000004C
:10A41000000000000000000000000000000000003C
:10A42000000000000000000000000000000000002C
:10A43000000000000000000000000000000000001C
:10A44000000000000000000000000000000000000C
:10A4500000000000000000000000000000000000FC
:10A4600000000000000000000000000000000000EC
:10A4700000000000000000000000000000000000DC
:10A4800000000000000000000000000000000000CC
:10A4900000000000000000000000000000000000BC
:10A4A00000000000000000000000000000000000AC
:10A4B000000000000000000000000000000000009C
:10A4C000000000000000000000000000000000008C
:10A4D000000000000000000000000000000000007C
:10A4E000000000000000000000000000000000006C
:10A4F000000000000000000000000000000000005C
:10A50000000000000000000000000000000000004B
:10A51000000000000000000000000000000000003B
:10A52000000000000000000000000000000000002B
:10A53000000000000000000000000000000000001B
:10A54000000000000000000000000000000000000B
:10A5500000000000000000000000000000000000FB
:10A5600000000000000000000000000000000000EB
:10A5700000000000000000000000000000000000DB
:10A5800000000000000000000000000000000000CB
:10A5900000000000000000000000000000000000BB
:10A5A00000000000000000000000000000000000AB
:10A5B000000000000000000000000000000000009B
:10A5C000000000000000000000000000000000008B
:10A5D000000000000000000000000000000000007B
:10A5E000000000000000000000000000000000006B
:10A5F000000000000000000000000000000000005B
:10A60000000000000000000000000000000000004A
:10A61000000000000000000000000000000000003A
:10A62000000000000000000000000000000000002A
:10A63000000000000000000000000000000000001A
:10A64000000000000000000000000000000000000A
:10A6500000000000000000000000000000000000FA
:10A6600000000000000000000000000000000000EA
:10A6700000000000000000000000000000000000DA
:10A6800000000000000000000000000000000000CA
:10A6900000000000000000000000000000000000BA
:10A6A00000000000000000000000000000000000AA
:10A6B000000000000000000000000000000000009A
:10A6C000000000000000000000000000000000008A
:10A6D000000000000000000000000000000000007A
:10A6E000000000000000000000000000000000006A
:10A6F000000000000000000000000000000000005A
:10A700000000000000000000000000000000000049
:10A710000000000000000000000000000000000039
:10A720000000000000000000000000000000000029
:10A730000000000000000000000000000000000019
:10A740000000000000000000000000000000000009
:10A7500000000000000000000000000000000000F9
:10A7600000000000000000000000000000000000E9
:10A7700000000000000000000000000000000000D9
:10A7800000000000000000000000000000000000C9
:10A7900000000000000000000000000000000000B9
:10A7A00000000000000000000000000000000000A9
:10A7B0000000000000000000000000000000000099
:10A7C0000000000000000000000000000000000089
:10A7D0000000000000000000000000000000000079
:10A7E0000000000000000000000000000000000069
:10A7F0000000000000000000000000000000000059
:10A800000000000000000000000000000000000048
:10A810000000000000000000000000000000000038
:10A820000000000000000000000000000000000028
:10A830000000000000000000000000000000000018
:10A840000000000000000000000000000000000008
:10A8500000000000000000000000000000000000F8
:10A8600000000000000000000000000000000000E8
:10A8700000000000000000000000000000000000D8
:10A8800000000000000000000000000000000000C8
:10A8900000000000000000000000000000000000B8
:10A8A00000000000000000000000000000000000A8
:10A8B0000000000000000000000000000000000098
:10A8C0000000000000000000000000000000000088
:10A8D0000000000000000000000000000000000078
:10A8E0000000000000000000000000000000000068
:10A8F0000000000000000000000000000000000058
:10A900000000000000000000000000000000000047
:10A910000000000000000000000000000000000037
:10A920000000000000000000000000000000000027
:10A930000000000000000000000000000000000017
:10A940000000000000000000000000000000000007
:10A9500000000000000000000000000000000000F7
:10A9600000000000000000000000000000000000E7
:10A9700000000000000000000000000000000000D7
:10A9800000000000000000000000000000000000C7
:10A9900000000000000000000000000000000000B7
:10A9A00000000000000000000000000000000000A7
:10A9B0000000000000000000000000000000000097
:10A9C0000000000000000000000000000000000087
:10A9D0000000000000000000000000000000000077
:10A9E0000000000000000000000000000000000067
:10A9F0000000000000000000000000000000000057
:10AA00000000000000000000000000000000000046
:10AA10000000000000000000000000000000000036
:10AA20000000000000000000000000000000000026
:10AA30000000000000000000000000000000000016
:10AA40000000000000000000000000000000000006
:10AA500000000000000000000000000000000000F6
:10AA600000000000000000000000000000000000E6
:10AA700000000000000000000000000000000000D6
:10AA800000000000000000000000000000000000C6
:10AA900000000000000000000000000000000000B6
:10AAA00000000000000000000000000000000000A6
:10AAB0000000000000000000000000000000000096
:10AAC0000000000000000000000000000000000086
:10AAD0000000000000000000000000000000000076
:10AAE0000000000000000000000000000000000066
:10AAF0000000000000000000000000000000000056
:10AB00000000000000000000000000000000000045
:10AB10000000000000000000000000000000000035
:10AB20000000000000000000000000000000000025
:10AB30000000000000000000000000000000000015
:10AB40000000000000000000000000000000000005
:10AB500000000000000000000000000000000000F5
:10AB600000000000000000000000000000000000E5
:10AB700000000000000000000000000000000000D5
:10AB800000000000000000000000000000000000C5
:10AB900000000000000000000000000000000000B5
:10ABA00000000000000000000000000000000000A5
:10ABB0000000000000000000000000000000000095
:10ABC0000000000000000000000000000000000085
:10ABD0000000000000000000000000000000000075
:10ABE0000000000000000000000000000000000065
:10ABF0000000000000000000000000000000000055
:10AC00000000000000000000000000000000000044
:10AC10000000000000000000000000000000000034
:10AC20000000000000000000000000000000000024
:10AC30000000000000000000000000000000000014
:10AC40000000000000000000000000000000000004
:10AC500000000000000000000000000000000000F4
:10AC600000000000000000000000000000000000E4
:10AC700000000000000000000000000000000000D4
:10AC800000000000000000000000000000000000C4
:10AC900000000000000000000000000000000000B4
:10ACA00000000000000000000000000000000000A4
:10ACB0000000000000000000000000000000000094
:10ACC0000000000000000000000000000000000084
:10ACD0000000000000000000000000000000000074
:10ACE0000000000000000000000000000000000064
:10ACF0000000000000000000000000000000000054
:10AD00000000000000000000000000000000000043
:10AD10000000000000000000000000000000000033
:10AD20000000000000000000000000000000000023
:10AD30000000000000000000000000000000000013
:10AD40000000000000000000000000000000000003
:10AD500000000000000000000000000000000000F3
:10AD600000000000000000000000000000000000E3
:10AD700000000000000000000000000000000000D3
:10AD800000000000000000000000000000000000C3
:10AD900000000000000000000000000000000000B3
:10ADA00000000000000000000000000000000000A3
:10ADB0000000000000000000000000000000000093
:10ADC0000000000000000000000000000000000083
:10ADD0000000000000000000000000000000000073
:10ADE0000000000000000000000000000000000063
:10ADF0000000000000000000000000000000000053
:10AE00000000000000000000000000000000000042
:10AE10000000000000000000000000000000000032
:10AE20000000000000000000000000000000000022
:10AE30000000000000000000000000000000000012
:10AE40000000000000000000000000000000000002
:10AE500000000000000000000000000000000000F2
:10AE600000000000000000000000000000000000E2
:10AE700000000000000000000000000000000000D2
:10AE800000000000000000000000000000000000C2
:10AE900000000000000000000000000000000000B2
:10AEA00000000000000000000000000000000000A2
:10AEB0000000000000000000000000000000000092
:10AEC0000000000000000000000000000000000082
:10AED0000000000000000000000000000000000072
:10AEE0000000000000000000000000000000000062
:10AEF0000000000000000000000000000000000052
:10AF00000000000000000000000000000000000041
:10AF10000000000000000000000000000000000031
:10AF20000000000000000000000000000000000021
:10AF30000000000000000000000000000000000011
:10AF40000000000000000000000000000000000001
:10AF500000000000000000000000000000000000F1
:10AF600000000000000000000000000000000000E1
:10AF700000000000000000000000000000000000D1
:10AF800000000000000000000000000000000000C1
:10AF900000000000000000000000000000000000B1
:10AFA00000000000000000000000000000000000A1
:10AFB0000000000000000000000000000000000091
:10AFC0000000000000000000000000000000000081
:10AFD0000000000000000000000000000000000071
:10AFE0000000000000000000000000000000000061
:10AFF0000000000000000000000000000000000051
:10B000000000000000000000000000000000000040
:10B010000000000000000000000000000000000030
:10B020000000000000000000000000000000000020
:10B030000000000000000000000000000000000010
:10B040000000000000000000000000000000000000
:10B0500000000000000000000000000000000000F0
:10B0600000000000000000000000000000000000E0
:10B0700000000000000000000000000000000000D0
:10B0800000000000000000000000000000000000C0
:10B0900000000000000000000000000000000000B0
:10B0A00000000000000000000000000000000000A0
:10B0B0000000000000000000000000000000000090
:10B0C0000000000000000000000000000000000080
:10B0D0000000000000000000000000000000000070
:10B0E0000000000000000000000000000000000060
:10B0F0000000000000000000000000000000000050
:10B10000000000000000000000000000000000003F
:10B11000000000000000000000000000000000002F
:10B12000000000000000000000000000000000001F
:10B13000000000000000000000000000000000000F
:10B1400000000000000000000000000000000000FF
:10B1500000000000000000000000000000000000EF
:10B1600000000000000000000000000000000000DF
:10B1700000000000000000000000000000000000CF
:10B1800000000000000000000000000000000000BF
:10B1900000000000000000000000000000000000AF
:10B1A000000000000000000000000000000000009F
:10B1B000000000000000000000000000000000008F
:10B1C000000000000000000000000000000000007F
:10B1D000000000000000000000000000000000006F
:10B1E000000000000000000000000000000000005F
:10B1F000000000000000000000000000000000004F
:10B20000000000000000000000000000000000003E
:10B21000000000000000000000000000000000002E
:10B22000000000000000000000000000000000001E
:10B23000000000000000000000000000000000000E
:10B2400000000000000000000000000000000000FE
:10B2500000000000000000000000000000000000EE
:10B2600000000000000000000000000000000000DE
:10B2700000000000000000000000000000000000CE
:10B2800000000000000000000000000000000000BE
:10B2900000000000000000000000000000000000AE
:10B2A000000000000000000000000000000000009E
:10B2B000000000000000000000000000000000008E
:10B2C000000000000000000000000000000000007E
:10B2D000000000000000000000000000000000006E
:10B2E000000000000000000000000000000000005E
:10B2F000000000000000000000000000000000004E
:10B30000000000000000000000000000000000003D
:10B31000000000000000000000000000000000002D
:10B32000000000000000000000000000000000001D
:10B33000000000000000000000000000000000000D
:10B3400000000000000000000000000000000000FD
:10B3500000000000000000000000000000000000ED
:10B3600000000000000000000000000000000000DD
:10B3700000000000000000000000000000000000CD
:10B3800000000000000000000000000000000000BD
:10B3900000000000000000000000000000000000AD
:10B3A000000000000000000000000000000000009D
:10B3B000000000000000000000000000000000008D
:10B3C000000000000000000000000000000000007D
:10B3D000000000000000000000000000000000006D
:10B3E000000000000000000000000000000000005D
:10B3F000000000000000000000000000000000004D
:10B40000000000000000000000000000000000003C
:10B41000000000000000000000000000000000002C
:10B42000000000000000000000000000000000001C
:10B43000000000000000000000000000000000000C
:10B4400000000000000000000000000000000000FC
:10B4500000000000000000000000000000000000EC
:10B4600000000000000000000000000000000000DC
:10B4700000000000000000000000000000000000CC
:10B4800000000000000000000000000000000000BC
:10B4900000000000000000000000000000000000AC
:10B4A000000000000000000000000000000000009C
:10B4B000000000000000000000000000000000008C
:10B4C000000000000000000000000000000000007C
:10B4D000000000000000000000000000000000006C
:10B4E000000000000000000000000000000000005C
:10B4F000000000000000000000000000000000004C
:10B50000000000000000000000000000000000003B
:10B51000000000000000000000000000000000002B
:10B52000000000000000000000000000000000001B
:10B53000000000000000000000000000000000000B
:10B5400000000000000000000000000000000000FB
:10B5500000000000000000000000000000000000EB
:10B5600000000000000000000000000000000000DB
:10B5700000000000000000000000000000000000CB
:10B5800000000000000000000000000000000000BB
:10B5900000000000000000000000000000000000AB
:10B5A000000000000000000000000000000000009B
:10B5B000000000000000000000000000000000008B
:10B5C000000000000000000000000000000000007B
:10B5D000000000000000000000000000000000006B
:10B5E000000000000000000000000000000000005B
:10B5F000000000000000000000000000000000004B
:10B60000000000000000000000000000000000003A
:10B61000000000000000000000000000000000002A
:10B62000000000000000000000000000000000001A
:10B63000000000000000000000000000000000000A
:10B6400000000000000000000000000000000000FA
:10B6500000000000000000000000000000000000EA
:10B6600000000000000000000000000000000000DA
:10B6700000000000000000000000000000000000CA
:10B6800000000000000000000000000000000000BA
:10B6900000000000000000000000000000000000AA
:10B6A000000000000000000000000000000000009A
:10B6B000000000000000000000000000000000008A
:10B6C000000000000000000000000000000000007A
:10B6D000000000000000000000000000000000006A
:10B6E000000000000000000000000000000000005A
:10B6F000000000000000000000000000000000004A
:10B700000000000000000000000000000000000039
:10B710000000000000000000000000000000000029
:10B720000000000000000000000000000000000019
:10B730000000000000000000000000000000000009
:10B7400000000000000000000000000000000000F9
:10B7500000000000000000000000000000000000E9
:10B7600000000000000000000000000000000000D9
:10B7700000000000000000000000000000000000C9
:10B7800000000000000000000000000000000000B9
:10B7900000000000000000000000000000000000A9
:10B7A0000000000000000000000000000000000099
:10B7B0000000000000000000000000000000000089
:10B7C0000000000000000000000000000000000079
:10B7D0000000000000000000000000000000000069
:10B7E0000000000000000000000000000000000059
:10B7F0000000000000000000000000000000000049
:10B800000000000000000000000000000000000038
:10B810000000000000000000000000000000000028
:10B820000000000000000000000000000000000018
:10B830000000000000000000000000000000000008
:10B8400000000000000000000000000000000000F8
:10B8500000000000000000000000000000000000E8
:10B8600000000000000000000000000000000000D8
:10B8700000000000000000000000000000000000C8
:10B8800000000000000000000000000000000000B8
:10B8900000000000000000000000000000000000A8
:10B8A0000000000000000000000000000000000098
:10B8B0000000000000000000000000000000000088
:10B8C0000000000000000000000000000000000078
:10B8D0000000000000000000000000000000000068
:10B8E0000000000000000000000000000000000058
:10B8F0000000000000000000000000000000000048
:10B900000000000000000000000000000000000037
:10B910000000000000000000000000000000000027
:10B920000000000000000000000000000000000017
:10B930000000000000000000000000000000000007
:10B9400000000000000000000000000000000000F7
:10B9500000000000000000000000000000000000E7
:10B9600000000000000000000000000000000000D7
:10B9700000000000000000000000000000000000C7
:10B9800000000000000000000000000000000000B7
:10B9900000000000000000000000000000000000A7
:10B9A0000000000000000000000000000000000097
:10B9B0000000000000000000000000000000000087
:10B9C0000000000000000000000000000000000077
:10B9D0000000000000000000000000000000000067
:10B9E0000000000000000000000000000000000057
:10B9F0000000000000000000000000000000000047
:10BA00000000000000000000000000000000000036
:10BA10000000000000000000000000000000000026
:10BA20000000000000000000000000000000000016
:10BA30000000000000000000000000000000000006
:10BA400000000000000000000000000000000000F6
:10BA500000000000000000000000000000000000E6
:10BA600000000000000000000000000000000000D6
:10BA700000000000000000000000000000000000C6
:10BA800000000000000000000000000000000000B6
:10BA900000000000000000000000000000000000A6
:10BAA0000000000000000000000000000000000096
:10BAB0000000000000000000000000000000000086
:10BAC0000000000000000000000000000000000076
:10BAD0000000000000000000000000000000000066
:10BAE0000000000000000000000000000000000056
:10BAF0000000000000000000000000000000000046
:10BB00000000000000000000000000000000000035
:10BB10000000000000000000000000000000000025
:10BB20000000000000000000000000000000000015
:10BB30000000000000000000000000000000000005
:10BB400000000000000000000000000000000000F5
:10BB500000000000000000000000000000000000E5
:10BB600000000000000000000000000000000000D5
:10BB700000000000000000000000000000000000C5
:10BB800000000000000000000000000000000000B5
:10BB900000000000000000000000000000000000A5
:10BBA0000000000000000000000000000000000095
:10BBB0000000000000000000000000000000000085
:10BBC0000000000000000000000000000000000075
:10BBD0000000000000000000000000000000000065
:10BBE0000000000000000000000000000000000055
:10BBF0000000000000000000000000000000000045
:10BC00000000000000000000000000000000000034
:10BC10000000000000000000000000000000000024
:10BC20000000000000000000000000000000000014
:10BC30000000000000000000000000000000000004
:10BC400000000000000000000000000000000000F4
:10BC500000000000000000000000000000000000E4
:10BC600000000000000000000000000000000000D4
:10BC700000000000000000000000000000000000C4
:10BC800000000000000000000000000000000000B4
:10BC900000000000000000000000000000000000A4
:10BCA0000000000000000000000000000000000094
:10BCB0000000000000000000000000000000000084
:10BCC0000000000000000000000000000000000074
:10BCD0000000000000000000000000000000000064
:10BCE0000000000000000000000000000000000054
:10BCF0000000000000000000000000000000000044
:10BD00000000000000000000000000000000000033
:10BD10000000000000000000000000000000000023
:10BD20000000000000000000000000000000000013
:10BD30000000000000000000000000000000000003
:10BD400000000000000000000000000000000000F3
:10BD500000000000000000000000000000000000E3
:10BD600000000000000000000000000000000000D3
:10BD700000000000000000000000000000000000C3
:10BD800000000000000000000000000000000000B3
:10BD900000000000000000000000000000000000A3
:10BDA0000000000000000000000000000000000093
:10BDB0000000000000000000000000000000000083
:10BDC0000000000000000000000000000000000073
:10BDD0000000000000000000000000000000000063
:10BDE0000000000000000000000000000000000053
:10BDF0000000000000000000000000000000000043
:10BE00000000000000000000000000000000000032
:10BE10000000000000000000000000000000000022
:10BE20000000000000000000000000000000000012
:10BE30000000000000000000000000000000000002
:10BE400000000000000000000000000000000000F2
:10BE500000000000000000000000000000000000E2
:10BE600000000000000000000000000000000000D2
:10BE700000000000000000000000000000000000C2
:10BE800000000000000000000000000000000000B2
:10BE900000000000000000000000000000000000A2
:10BEA0000000000000000000000000000000000092
:10BEB0000000000000000000000000000000000082
:10BEC0000000000000000000000000000000000072
:10BED0000000000000000000000000000000000062
:10BEE0000000000000000000000000000000000052
:10BEF0000000000000000000000000000000000042
:10BF00000000000000000000000000000000000031
:10BF10000000000000000000000000000000000021
:10BF20000000000000000000000000000000000011
:10BF30000000000000000000000000000000000001
:10BF400000000000000000000000000000000000F1
:10BF500000000000000000000000000000000000E1
:10BF600000000000000000000000000000000000D1
:10BF700000000000000000000000000000000000C1
:10BF800000000000000000000000000000000000B1
:10BF900000000000000000000000000000000000A1
:10BFA0000000000000000000000000000000000091
:10BFB0000000000000000000000000000000000081
:10BFC0000000000000000000000000000000000071
:10BFD0000000000000000000000000000000000061
:10BFE0000000000000000000000000000000000051
:10BFF0000000000000000000000000000000000041
:10C000000000000000000000000000000000000030
:10C010000000000000000000000000000000000020
:10C020000000000000000000000000000000000010
:10C030000000000000000000000000000000000000
:10C0400000000000000000000000000000000000F0
:10C0500000000000000000000000000000000000E0
:10C0600000000000000000000000000000000000D0
:10C0700000000000000000000000000000000000C0
:10C0800000000000000000000000000000000000B0
:10C0900000000000000000000000000000000000A0
:10C0A0000000000000000000000000000000000090
:10C0B0000000000000000000000000000000000080
:10C0C0000000000000000000000000000000000070
:10C0D0000000000000000000000000000000000060
:10C0E0000000000000000000000000000000000050
:10C0F0000000000000000000000000000000000040
:10C10000000000000000000000000000000000002F
:10C11000000000000000000000000000000000001F
:10C12000000000000000000000000000000000000F
:10C1300000000000000000000000000000000000FF
:10C1400000000000000000000000000000000000EF
:10C1500000000000000000000000000000000000DF
:10C1600000000000000000000000000000000000CF
:10C1700000000000000000000000000000000000BF
:10C1800000000000000000000000000000000000AF
:10C19000000000000000000000000000000000009F
:10C1A000000000000000000000000000000000008F
:10C1B000000000000000000000000000000000007F
:10C1C000000000000000000000000000000000006F
:10C1D000000000000000000000000000000000005F
:10C1E000000000000000000000000000000000004F
:10C1F000000000000000000000000000000000003F
:10C20000000000000000000000000000000000002E
:10C21000000000000000000000000000000000001E
:10C22000000000000000000000000000000000000E
:10C2300000000000000000000000000000000000FE
:10C2400000000000000000000000000000000000EE
:10C2500000000000000000000000000000000000DE
:10C2600000000000000000000000000000000000CE
:10C2700000000000000000000000000000000000BE
:10C2800000000000000000000000000000000000AE
:10C29000000000000000000000000000000000009E
:10C2A000000000000000000000000000000000008E
:10C2B000000000000000000000000000000000007E
:10C2C000000000000000000000000000000000006E
:10C2D000000000000000000000000000000000005E
:10C2E000000000000000000000000000000000004E
:10C2F000000000000000000000000000000000003E
:10C30000000000000000000000000000000000002D
:10C31000000000000000000000000000000000001D
:10C32000000000000000000000000000000000000D
:10C3300000000000000000000000000000000000FD
:10C3400000000000000000000000000000000000ED
:10C3500000000000000000000000000000000000DD
:10C3600000000000000000000000000000000000CD
:10C3700000000000000000000000000000000000BD
:10C3800000000000000000000000000000000000AD
:10C39000000000000000000000000000000000009D
:10C3A000000000000000000000000000000000008D
:10C3B000000000000000000000000000000000007D
:10C3C000000000000000000000000000000000006D
:10C3D000000000000000000000000000000000005D
:10C3E000000000000000000000000000000000004D
:10C3F000000000000000000000000000000000003D
:10C40000000000000000000000000000000000002C
:10C41000000000000000000000000000000000001C
:10C42000000000000000000000000000000000000C
:10C4300000000000000000000000000000000000FC
:10C4400000000000000000000000000000000000EC
:10C4500000000000000000000000000000000000DC
:10C4600000000000000000000000000000000000CC
:10C4700000000000000000000000000000000000BC
:10C4800000000000000000000000000000000000AC
:10C49000000000000000000000000000000000009C
:10C4A000000000000000000000000000000000008C
:10C4B000000000000000000000000000000000007C
:10C4C000000000000000000000000000000000006C
:10C4D000000000000000000000000000000000005C
:10C4E000000000000000000000000000000000004C
:10C4F000000000000000000000000000000000003C
:10C50000000000000000000000000000000000002B
:10C51000000000000000000000000000000000001B
:10C52000000000000000000000000000000000000B
:10C5300000000000000000000000000000000000FB
:10C5400000000000000000000000000000000000EB
:10C5500000000000000000000000000000000000DB
:10C5600000000000000000000000000000000000CB
:10C5700000000000000000000000000000000000BB
:10C5800000000000000000000000000000000000AB
:10C59000000000000000000000000000000000009B
:10C5A000000000000000000000000000000000008B
:10C5B000000000000000000000000000000000007B
:10C5C000000000000000000000000000000000006B
:10C5D000000000000000000000000000000000005B
:10C5E000000000000000000000000000000000004B
:10C5F000000000000000000000000000000000003B
:10C60000000000000000000000000000000000002A
:10C61000000000000000000000000000000000001A
:10C62000000000000000000000000000000000000A
:10C6300000000000000000000000000000000000FA
:10C6400000000000000000000000000000000000EA
:10C6500000000000000000000000000000000000DA
:10C6600000000000000000000000000000000000CA
:10C6700000000000000000000000000000000000BA
:10C6800000000000000000000000000000000000AA
:10C69000000000000000000000000000000000009A
:10C6A000000000000000000000000000000000008A
:10C6B000000000000000000000000000000000007A
:10C6C000000000000000000000000000000000006A
:10C6D000000000000000000000000000000000005A
:10C6E000000000000000000000000000000000004A
:10C6F000000000000000000000000000000000003A
:10C700000000000000000000000000000000000029
:10C710000000000000000000000000000000000019
:10C720000000000000000000000000000000000009
:10C7300000000000000000000000000000000000F9
:10C7400000000000000000000000000000000000E9
:10C7500000000000000000000000000000000000D9
:10C7600000000000000000000000000000000000C9
:10C7700000000000000000000000000000000000B9
:10C7800000000000000000000000000000000000A9
:10C790000000000000000000000000000000000099
:10C7A0000000000000000000000000000000000089
:10C7B0000000000000000000000000000000000079
:10C7C0000000000000000000000000000000000069
:10C7D0000000000000000000000000000000000059
:10C7E0000000000000000000000000000000000049
:10C7F0000000000000000000000000000000000039
:10C800000000000000000000000000000000000028
:10C810000000000000000000000000000000000018
:10C820000000000000000000000000000000000008
:10C8300000000000000000000000000000000000F8
:10C8400000000000000000000000000000000000E8
:10C8500000000000000000000000000000000000D8
:10C8600000000000000000000000000000000000C8
:10C8700000000000000000000000000000000000B8
:10C8800000000000000000000000000000000000A8
:10C890000000000000000000000000000000000098
:10C8A0000000000000000000000000000000000088
:10C8B0000000000000000000000000000000000078
:10C8C0000000000000000000000000000000000068
:10C8D0000000000000000000000000000000000058
:10C8E0000000000000000000000000000000000048
:10C8F0000000000000000000000000000000000038
:10C900000000000000000000000000000000000027
:10C910000000000000000000000000000000000017
:10C920000000000000000000000000000000000007
:10C9300000000000000000000000000000000000F7
:10C9400000000000000000000000000000000000E7
:10C9500000000000000000000000000000000000D7
:10C9600000000000000000000000000000000000C7
:10C9700000000000000000000000000000000000B7
:10C9800000000000000000000000000000000000A7
:10C990000000000000000000000000000000000097
:10C9A0000000000000000000000000000000000087
:10C9B0000000000000000000000000000000000077
:10C9C0000000000000000000000000000000000067
:10C9D0000000000000000000000000000000000057
:10C9E0000000000000000000000000000000000047
:10C9F0000000000000000000000000000000000037
:10CA00000000000000000000000000000000000026
:10CA10000000000000000000000000000000000016
:10CA20000000000000000000000000000000000006
:10CA300000000000000000000000000000000000F6
:10CA400000000000000000000000000000000000E6
:10CA500000000000000000000000000000000000D6
:10CA600000000000000000000000000000000000C6
:10CA700000000000000000000000000000000000B6
:10CA800000000000000000000000000000000000A6
:10CA90000000000000000000000000000000000096
:10CAA0000000000000000000000000000000000086
:10CAB0000000000000000000000000000000000076
:10CAC0000000000000000000000000000000000066
:10CAD0000000000000000000000000000000000056
:10CAE0000000000000000000000000000000000046
:10CAF0000000000000000000000000000000000036
:10CB00000000000000000000000000000000000025
:10CB10000000000000000000000000000000000015
:10CB20000000000000000000000000000000000005
:10CB300000000000000000000000000000000000F5
:10CB400000000000000000000000000000000000E5
:10CB500000000000000000000000000000000000D5
:10CB600000000000000000000000000000000000C5
:10CB700000000000000000000000000000000000B5
:10CB800000000000000000000000000000000000A5
:10CB90000000000000000000000000000000000095
:10CBA0000000000000000000000000000000000085
:10CBB0000000000000000000000000000000000075
:10CBC0000000000000000000000000000000000065
:10CBD0000000000000000000000000000000000055
:10CBE0000000000000000000000000000000000045
:10CBF0000000000000000000000000000000000035
:10CC00000000000000000000000000000000000024
:10CC10000000000000000000000000000000000014
:10CC20000000000000000000000000000000000004
:10CC300000000000000000000000000000000000F4
:10CC400000000000000000000000000000000000E4
:10CC500000000000000000000000000000000000D4
:10CC600000000000000000000000000000000000C4
:10CC700000000000000000000000000000000000B4
:10CC800000000000000000000000000000000000A4
:10CC90000000000000000000000000000000000094
:10CCA0000000000000000000000000000000000084
:10CCB0000000000000000000000000000000000074
:10CCC0000000000000000000000000000000000064
:10CCD0000000000000000000000000000000000054
:10CCE0000000000000000000000000000000000044
:10CCF0000000000000000000000000000000000034
:10CD00000000000000000000000000000000000023
:10CD10000000000000000000000000000000000013
:10CD20000000000000000000000000000000000003
:10CD300000000000000000000000000000000000F3
:10CD400000000000000000000000000000000000E3
:10CD500000000000000000000000000000000000D3
:10CD600000000000000000000000000000000000C3
:10CD700000000000000000000000000000000000B3
:10CD800000000000000000000000000000000000A3
:10CD90000000000000000000000000000000000093
:10CDA0000000000000000000000000000000000083
:10CDB0000000000000000000000000000000000073
:10CDC0000000000000000000000000000000000063
:10CDD0000000000000000000000000000000000053
:10CDE0000000000000000000000000000000000043
:10CDF0000000000000000000000000000000000033
:10CE00000000000000000000000000000000000022
:10CE10000000000000000000000000000000000012
:10CE20000000000000000000000000000000000002
:10CE300000000000000000000000000000000000F2
:10CE400000000000000000000000000000000000E2
:10CE500000000000000000000000000000000000D2
:10CE600000000000000000000000000000000000C2
:10CE700000000000000000000000000000000000B2
:10CE800000000000000000000000000000000000A2
:10CE90000000000000000000000000000000000092
:10CEA0000000000000000000000000000000000082
:10CEB0000000000000000000000000000000000072
:10CEC0000000000000000000000000000000000062
:10CED0000000000000000000000000000000000052
:10CEE0000000000000000000000000000000000042
:10CEF0000000000000000000000000000000000032
:10CF00000000000000000000000000000000000021
:10CF10000000000000000000000000000000000011
:10CF20000000000000000000000000000000000001
:10CF300000000000000000000000000000000000F1
:10CF400000000000000000000000000000000000E1
:10CF500000000000000000000000000000000000D1
:10CF600000000000000000000000000000000000C1
:10CF700000000000000000000000000000000000B1
:10CF800000000000000000000000000000000000A1
:10CF90000000000000000000000000000000000091
:10CFA0000000000000000000000000000000000081
:10CFB0000000000000000000000000000000000071
:10CFC0000000000000000000000000000000000061
:10CFD0000000000000000000000000000000000051
:10CFE0000000000000000000000000000000000041
:10CFF0000000000000000000000000000000000031
:10D000000000000000000000000000000000000020
:10D010000000000000000000000000000000000010
:10D020000000000000000000000000000000000000
:10D0300000000000000000000000000000000000F0
:10D0400000000000000000000000000000000000E0
:10D0500000000000000000000000000000000000D0
:10D0600000000000000000000000000000000000C0
:10D0700000000000000000000000000000000000B0
:10D0800000000000000000000000000000000000A0
:10D090000000000000000000000000000000000090
:10D0A0000000000000000000000000000000000080
:10D0B0000000000000000000000000000000000070
:10D0C0000000000000000000000000000000000060
:10D0D0000000000000000000000000000000000050
:10D0E0000000000000000000000000000000000040
:10D0F0000000000000000000000000000000000030
:10D10000000000000000000000000000000000001F
:10D11000000000000000000000000000000000000F
:10D1200000000000000000000000000000000000FF
:10D1300000000000000000000000000000000000EF
:10D1400000000000000000000000000000000000DF
:10D1500000000000000000000000000000000000CF
:10D1600000000000000000000000000000000000BF
:10D1700000000000000000000000000000000000AF
:10D18000000000000000000000000000000000009F
:10D19000000000000000000000000000000000008F
:10D1A000000000000000000000000000000000007F
:10D1B000000000000000000000000000000000006F
:10D1C000000000000000000000000000000000005F
:10D1D000000000000000000000000000000000004F
:10D1E000000000000000000000000000000000003F
:10D1F000000000000000000000000000000000002F
:10D20000000000000000000000000000000000001E
:10D21000000000000000000000000000000000000E
:10D2200000000000000000000000000000000000FE
:10D2300000000000000000000000000000000000EE
:10D2400000000000000000000000000000000000DE
:10D2500000000000000000000000000000000000CE
:10D2600000000000000000000000000000000000BE
:10D2700000000000000000000000000000000000AE
:10D28000000000000000000000000000000000009E
:10D29000000000000000000000000000000000008E
:10D2A000000000000000000000000000000000007E
:10D2B000000000000000000000000000000000006E
:10D2C000000000000000000000000000000000005E
:10D2D000000000000000000000000000000000004E
:10D2E000000000000000000000000000000000003E
:10D2F000000000000000000000000000000000002E
:10D30000000000000000000000000000000000001D
:10D31000000000000000000000000000000000000D
:10D3200000000000000000000000000000000000FD
:10D3300000000000000000000000000000000000ED
:10D3400000000000000000000000000000000000DD
:10D3500000000000000000000000000000000000CD
:10D3600000000000000000000000000000000000BD
:10D3700000000000000000000000000000000000AD
:10D38000000000000000000000000000000000009D
:10D39000000000000000000000000000000000008D
:10D3A000000000000000000000000000000000007D
:10D3B000000000000000000000000000000000006D
:10D3C000000000000000000000000000000000005D
:10D3D000000000000000000000000000000000004D
:10D3E000000000000000000000000000000000003D
:10D3F000000000000000000000000000000000002D
:10D40000000000000000000000000000000000001C
:10D41000000000000000000000000000000000000C
:10D4200000000000000000000000000000000000FC
:10D4300000000000000000000000000000000000EC
:10D4400000000000000000000000000000000000DC
:10D4500000000000000000000000000000000000CC
:10D4600000000000000000000000000000000000BC
:10D4700000000000000000000000000000000000AC
:10D48000000000000000000000000000000000009C
:10D49000000000000000000000000000000000008C
:10D4A000000000000000000000000000000000007C
:10D4B000000000000000000000000000000000006C
:10D4C000000000000000000000000000000000005C
:10D4D000000000000000000000000000000000004C
:10D4E000000000000000000000000000000000003C
:10D4F000000000000000000000000000000000002C
:10D50000000000000000000000000000000000001B
:10D51000000000000000000000000000000000000B
:10D5200000000000000000000000000000000000FB
:10D5300000000000000000000000000000000000EB
:10D5400000000000000000000000000000000000DB
:10D5500000000000000000000000000000000000CB
:10D5600000000000000000000000000000000000BB
:10D5700000000000000000000000000000000000AB
:10D58000000000000000000000000000000000009B
:10D59000000000000000000000000000000000008B
:10D5A000000000000000000000000000000000007B
:10D5B000000000000000000000000000000000006B
:10D5C000000000000000000000000000000000005B
:10D5D000000000000000000000000000000000004B
:10D5E000000000000000000000000000000000003B
:10D5F000000000000000000000000000000000002B
:10D60000000000000000000000000000000000001A
:10D61000000000000000000000000000000000000A
:10D6200000000000000000000000000000000000FA
:10D6300000000000000000000000000000000000EA
:10D6400000000000000000000000000000000000DA
:10D6500000000000000000000000000000000000CA
:10D6600000000000000000000000000000000000BA
:10D6700000000000000000000000000000000000AA
:10D68000000000000000000000000000000000009A
:10D69000000000000000000000000000000000008A
:10D6A000000000000000000000000000000000007A
:10D6B000000000000000000000000000000000006A
:10D6C000000000000000000000000000000000005A
:10D6D000000000000000000000000000000000004A
:10D6E000000000000000000000000000000000003A
:10D6F000000000000000000000000000000000002A
:10D700000000000000000000000000000000000019
:10D710000000000000000000000000000000000009
:10D7200000000000000000000000000000000000F9
:10D7300000000000000000000000000000000000E9
:10D7400000000000000000000000000000000000D9
:10D7500000000000000000000000000000000000C9
:10D7600000000000000000000000000000000000B9
:10D7700000000000000000000000000000000000A9
:10D780000000000000000000000000000000000099
:10D790000000000000000000000000000000000089
:10D7A0000000000000000000000000000000000079
:10D7B0000000000000000000000000000000000069
:10D7C0000000000000000000000000000000000059
:10D7D0000000000000000000000000000000000049
:10D7E0000000000000000000000000000000000039
:10D7F0000000000000000000000000000000000029
:10D800000000000000000000000000000000000018
:10D810000000000000000000000000000000000008
:10D8200000000000000000000000000000000000F8
:10D8300000000000000000000000000000000000E8
:10D8400000000000000000000000000000000000D8
:10D8500000000000000000000000000000000000C8
:10D8600000000000000000000000000000000000B8
:10D8700000000000000000000000000000000000A8
:10D880000000000000000000000000000000000098
:10D890000000000000000000000000000000000088
:10D8A0000000000000000000000000000000000078
:10D8B0000000000000000000000000000000000068
:10D8C0000000000000000000000000000000000058
:10D8D0000000000000000000000000000000000048
:10D8E0000000000000000000000000000000000038
:10D8F0000000000000000000000000000000000028
:10D900000000000000000000000000000000000017
:10D910000000000000000000000000000000000007
:10D9200000000000000000000000000000000000F7
:10D9300000000000000000000000000000000000E7
:10D9400000000000000000000000000000000000D7
:10D9500000000000000000000000000000000000C7
:10D9600000000000000000000000000000000000B7
:10D9700000000000000000000000000000000000A7
:10D980000000000000000000000000000000000097
:10D990000000000000000000000000000000000087
:10D9A0000000000000000000000000000000000077
:10D9B0000000000000000000000000000000000067
:10D9C0000000000000000000000000000000000057
:10D9D0000000000000000000000000000000000047
:10D9E0000000000000000000000000000000000037
:10D9F0000000000000000000000000000000000027
:10DA00000000000000000000000000000000000016
:10DA10000000000000000000000000000000000006
:10DA200000000000000000000000000000000000F6
:10DA300000000000000000000000000000000000E6
:10DA400000000000000000000000000000000000D6
:10DA500000000000000000000000000000000000C6
:10DA600000000000000000000000000000000000B6
:10DA700000000000000000000000000000000000A6
:10DA80000000000000000000000000000000000096
:10DA90000000000000000000000000000000000086
:10DAA0000000000000000000000000000000000076
:10DAB0000000000000000000000000000000000066
:10DAC0000000000000000000000000000000000056
:10DAD0000000000000000000000000000000000046
:10DAE0000000000000000000000000000000000036
:10DAF0000000000000000000000000000000000026
:10DB00000000000000000000000000000000000015
:10DB10000000000000000000000000000000000005
:10DB200000000000000000000000000000000000F5
:10DB300000000000000000000000000000000000E5
:10DB400000000000000000000000000000000000D5
:10DB500000000000000000000000000000000000C5
:10DB600000000000000000000000000000000000B5
:10DB700000000000000000000000000000000000A5
:10DB80000000000000000000000000000000000095
:10DB90000000000000000000000000000000000085
:10DBA0000000000000000000000000000000000075
:10DBB0000000000000000000000000000000000065
:10DBC0000000000000000000000000000000000055
:10DBD0000000000000000000000000000000000045
:10DBE0000000000000000000000000000000000035
:10DBF0000000000000000000000000000000000025
:10DC00000000000000000000000000000000000014
:10DC10000000000000000000000000000000000004
:10DC200000000000000000000000000000000000F4
:10DC300000000000000000000000000000000000E4
:10DC400000000000000000000000000000000000D4
:10DC500000000000000000000000000000000000C4
:10DC600000000000000000000000000000000000B4
:10DC700000000000000000000000000000000000A4
:10DC80000000000000000000000000000000000094
:10DC90000000000000000000000000000000000084
:10DCA0000000000000000000000000000000000074
:10DCB0000000000000000000000000000000000064
:10DCC0000000000000000000000000000000000054
:10DCD0000000000000000000000000000000000044
:10DCE0000000000000000000000000000000000034
:10DCF0000000000000000000000000000000000024
:10DD00000000000000000000000000000000000013
:10DD10000000000000000000000000000000000003
:10DD200000000000000000000000000000000000F3
:10DD300000000000000000000000000000000000E3
:10DD400000000000000000000000000000000000D3
:10DD500000000000000000000000000000000000C3
:10DD600000000000000000000000000000000000B3
:10DD700000000000000000000000000000000000A3
:10DD80000000000000000000000000000000000093
:10DD90000000000000000000000000000000000083
:10DDA0000000000000000000000000000000000073
:10DDB0000000000000000000000000000000000063
:10DDC0000000000000000000000000000000000053
:10DDD0000000000000000000000000000000000043
:10DDE0000000000000000000000000000000000033
:10DDF0000000000000000000000000000000000023
:10DE00000000000000000000000000000000000012
:10DE10000000000000000000000000000000000002
:10DE200000000000000000000000000000000000F2
:10DE300000000000000000000000000000000000E2
:10DE400000000000000000000000000000000000D2
:10DE500000000000000000000000000000000000C2
:10DE600000000000000000000000000000000000B2
:10DE700000000000000000000000000000000000A2
:10DE80000000000000000000000000000000E3F1BE
:10DE9000783C1E8FC7E3F1783C1E8FC7E3318CC7F7
:10DEA000E3F1783C1E8FC7E3F1783C1E8FC700007A
:10DEB0000000000000000000000000000000000062
:10DEC0000000000000000000000000000000000052
:10DED0000000000000000000000000000000000042
:10DEE0000000000000000000000000000000000032
:10DEF0000000000000000000000000000000000022
:10DF00000000000000000000000000000000000011
:10DF10000000000000000000000000000000000001
:10DF200000000000000000000000000000000000F1
:10DF300000000000000000000000000000000000E1
:10DF400000000000000000000000000000000000D1
:10DF500000000000000000000000000000000000C1
:10DF600000000000000000000000000000000000B1
:10DF7000020000400000000000000000000000005F
:10DF80000000000000000000000000000000000091
:10DF90000000000000000000000000000000000081
:10DFA0000000000000000000000000000000000071
:10DFB0000000000000000000000000000000000061
:10DFC0000000000000000000000000000000000051
:10DFD0000000000000000000000000000000000041
:10DFE0000000000000000000000000000000000031
:10DFF0000000000000000000000000000000000021
:10E000000000000000000000000000000000000010
:10E010000000000000000000000000000000000000
:10E0200000000000000000000000000000000000F0
:10E0300000000000000000000000000000000000E0
:10E0400000000000000000000000000000000000D0
:10E0500000000000000000000000000000000000C0
:10E0600000000000000000000000000000000000B0
:10E0700000000000000000000000000000000000A0
:10E080000000000000000000000000000000000090
:10E090000000000000000000000000000000008000
:10E0A0000000000000000000000000000000000070
:10E0B0000000000000000000000000000000000060
:10E0C0000000000000000000000000000000000050
:10E0D0000000000000000000000000000000000040
:10E0E0000000000000000000000000000000000030
:10E0F0000000000000000000000000000000000020
:10E10000000000000000000000000000000000000F
:10E1100000000000000000000000000000000000FF
:10E1200000000000000000000000000000000000EF
:10E1300000000000000000000000000000000000DF
:10E1400000000000000000000000000000000000CF
:10E1500000000000000000000000000000000000BF
:10E1600000000000000000000000000000000000AF
:10E17000000000000000000000000000000000009F
:10E18000000000000000000000000000000000008F
:10E19000000000000000000000000000000000007F
:10E1A000000000000000000000000000000000006F
:10E1B000000000000000000000000000000000005F
:10E1C000000000000000000000000000000000004F
:10E1D000000000000000000000000000000000003F
:10E1E0000000000000000000000000009007000098
:10E1F0000402402004400000000000000000000075
:10E20000000000000000000000000000000000000E
:10E2100000000000000000000000000000000000FE
:10E2200000000000000000000000000000000000EE
:10E2300000000000000000000000000000000000DE
:10E2400000000000000000000000000000000000CE
:10E2500000000000000000000000000000000000BE
:10E2600000000000000000000000000000000000AE
:10E27000000000000000000000000000000000009E
:10E28000000000000000000000000000000000008E
:10E29000000000000000000000000000000000007E
:10E2A000000000000000000000000000000000006E
:10E2B000000000000000000000000000000000005E
:10E2C000002311200000000014C000000000000026
:10E2D000000000000000000000000000000000003E
:10E2E000000000000000000000000000000000002E
:10E2F000000000000000000000000000000000001E
:10E30000000000000000000000000000000000000D
:10E3100000000000000000000000000000000000FD
:10E3200000000000000000000000000000000000ED
:10E3300000000000000000000000000000000000DD
:10E3400000000000000000000000000000000000CD
:10E3500000000000000000000000000000000000BD
:10E3600000000000000000000000000000000000AD
:10E37000000000000000000000000000000000009D
:10E380000000000000000000000000004400000049
:10E39000000000000000000000000000000000007D
:10E3A000000000000000000000000000000000006D
:10E3B000000000000000000000000000000000005D
:10E3C000000000000000000000000000000000004D
:10E3D000000000000000000000000000000000003D
:10E3E000000000000000000000000000000000002D
:10E3F000000000000000000000000000000000001D
:10E40000000000000000000000000000000000000C
:10E4100000000000000000000000000000000000FC
:10E4200000000000000000000000000000000000EC
:10E4300000000000000000000000000000000000DC
:10E4400000000000000000000000000000000000CC
:10E4500000000000000000000000000000000000BC
:10E4600000000000000000000000000000000000AC
:10E47000000000000000000000000000000000009C
:10E48000000000000000000000000000000000008C
:10E49000000000000000000000000000000000007C
:10E4A000000000000000000000000000000000006C
:10E4B000000000000000000000000000000000005C
:10E4C000000000000000000000000000000000004C
:10E4D000000000000000000000000000000000003C
:10E4E000000000000000000000000000000000002C
:10E4F000000000000000000000000000000000001C
:10E50000000000000000000000000000000000000B
:10E5100000000000000000000000000000000000FB
:10E5200000000000000000000000000000000000EB
:10E530002000000A006006005000000000300800C3
:10E5400060000000003000006000000600000000D5
:10E5500000000000000000000000000000000000BB
:10E5600000000000000000000000000000000000AB
:10E57000000000000000000000000000000000009B
:10E58000000000000000000000000000000000008B
:10E59000000000000000000000000000000000007B
:10E5A000000000000000000000000000000000006B
:10E5B000000000000000000000000000000000005B
:10E5C000000000000000000000000000000000004B
:10E5D000000000000000000000000000000000003B
:10E5E000000000000000000000000000000000002B
:10E5F000000000000000000000000000000000001B
:10E60000000000000002400000E42700100040006D
:10E6100000C208000000000000E00000000240000E
:10E62000C002000000000000000000000000000028
:10E6300000000000000000000000000000000000DA
:10E6400000000000000000000000000000000000CA
:10E6500000000000000000000000000000000000BA
:10E6600000000000000000000000000000000000AA
:10E67000000000000000000000000000000000009A
:10E68000000000000000000000000000000000008A
:10E69000000000000000000000000000000000007A
:10E6A000000000000000000000000000000000006A
:10E6B000000000000000000000000000000000005A
:10E6C000000000000000000000000000000000004A
:10E6D0000000000000000000000000000004200016
:10E6E000000000000009700040000003004400002A
:10E6F000000000000000000000000000000000001A
:10E700000000000000000000000000000000000009
:10E7100000000000000000000000000000000000F9
:10E7200000000000000000000000000000000000E9
:10E7300000000000000000000000000000000000D9
:10E7400000000000000000000000000000000000C9
:10E7500000000000000000000000000000000000B9
:10E7600000000000000000000000000000000000A9
:10E770000000000000000000000000000000000099
:10E780000000000000000000000000000000000089
:10E790000000000000000000000000000000000079
:10E7A0000000000000000000000000001000000059
:10E7B000007816001000400000001C00000200005D
:10E7C00000C0000010000000000000000000000079
:10E7D0000000000000000000000000000000000039
:10E7E0000000000000000000000000000000000029
:10E7F0000000000000000000000000000000000019
:10E800000000000000000000000000000000000008
:10E8100000000000000000000000000000000000F8
:10E8200000000000000000000000000000000000E8
:10E8300000000000000000000000000000000000D8
:10E8400000000000000000000000000000000000C8
:10E8500000000000000000000000000000000000B8
:10E8600000000000000000000000000000000000A8
:10E870000000000000000000000000000000000098
:10E8800060000016007006005000000000E002006A
:10E8900010000000001000007000001600000000D2
:10E8A0000000000000000000000000000000000068
:10E8B0000000000000000000000000000000000058
:10E8C0000000000000000000000000000000000048
:10E8D0000000000000000000000000000000000038
:10E8E0000000000000000000000000000000000028
:10E8F0000000000000000000000000000000000018
:10E900000000000000000000000000000000000007
:10E9100000000000000000000000000000000000F7
:10E9200000000000000000000000000000000000E7
:10E9300000000000000000000000000000000000D7
:10E9400000000000000000000000000000000000C7
:10E950000000000004000200800000000000000031
:10E960000000000040000000000000000200000065
:10E970000000000000000000000000000000000097
:10E980000000000000000000000000000000000087
:10E990000000000000000000000000000000000077
:10E9A0000000000000000000000000000000000067
:10E9B0000000000000000000000000000000000057
:10E9C0000000000000000000000000000000000047
:10E9D0000000000000000000000000000000000037
:10E9E0000000000000000000000000000000000027
:10E9F0000000000000000000000000000000000017
:10EA00000000000000000000000000000000000006
:10EA100000000000000000000000000000000000F6
:10EA200000000000000000000000000000000000E6
:10EA30000000000000000000000000500000007016
:10EA400000307000709000300000000000000000F6
:10EA500000000000000000000000000000000000B6
:10EA600000000000000000000000000000000000A6
:10EA70000000000000000000000000000000000096
:10EA80000000000000000000000000000000000086
:10EA90000000000000000000000000000000000076
:10EAA0000000000000000000000000000000000066
:10EAB0000000000000000000000000000000000056
:10EAC0000000000000000000000000000000000046
:10EAD0000000000000000000000000000000000036
:10EAE0000000000000000000000000000000000026
:10EAF0000000000000000000000000000C0000000A
:10EB00003000000000500000000000003000000055
:10EB10000E000000048000000000008000000000E3
:10EB200000000000000000000000000000000000E5
:10EB300000000000000000000000000000000000D5
:10EB400000000000000000000000000000000000C5
:10EB500000000000000000000000000000000000B5
:10EB600000000000000000000000000000000000A5
:10EB70000000000000000000000000000000000095
:10EB80000000000000000000000000000000000085
:10EB90000000000000000000000000000000000075
:10EBA0000000000000000000000000000000000065
:10EBB0000000000000000000000000000000000055
:10EBC0000000000000000000000000000000000045
:10EBD000000000000000020000040000000000002F
:10EBE0000000000000040000000000000000000021
:10EBF0000000000000000000000000000000000015
:10EC00000000000000000000000000000000000004
:10EC100000000000000000000000000000000000F4
:10EC200000000000000000000000000000000000E4
:10EC300000000000000000000000000000000000D4
:10EC400000000000000000000000000000000000C4
:10EC500000000000000000000000000000000000B4
:10EC600000000000000000000000000000000000A4
:10EC70000000000000000000000000000000000094
:10EC80000000000000000000000000000000000084
:10EC90000000000000000000000000000000000074
:10ECA0000000000000000000040004000401000057
:10ECB0000400000004000000040100000001000046
:10ECC0000000000000000000000000000000000044
:10ECD0000000000000000000000000000000000034
:10ECE0000000000000000000000000000000000024
:10ECF0000000000000000000000000000000000014
:10ED00000000000000000000000000000000000003
:10ED100000000000000000000000000000000000F3
:10ED200000000000000000000000000000000000E3
:10ED300000000000000000000000000000000000D3
:10ED400000000000000000000000000000000000C3
:10ED500000000000000000000000000000000000B3
:10ED600000000000000000000000000000000000A3
:10ED7000000000000000040000000000040000008B
:10ED80000400040004000400040000000400040067
:10ED90000000000000000000000000000000000073
:10EDA0000000000000000000000000000000000063
:10EDB0000000000000000000000000000000000053
:10EDC0000000000000000000000000000000000043
:10EDD0000000000000000000000000000000000033
:10EDE00000000000000000000000E3F1783C1E8FEE
:10EDF000C7E3F1783C1E8FC7E3318CC7E3F1783C61
:10EE00001E8FC7E3F1783C1E8FC7E3F1783C1E8F5D
:10EE1000C7E3F1783C1E8FC7E3318CC7E3F1783C40
:10EE20001E8FC7E3F1783C1E8FC700000000000072
:10EE300000000000000000000000000000000000D2
:10EE400000000000000000000000000000000000C2
:10EE500000000000000000000000000000000000B2
:10EE600000000000000000000000000000000000A2
:10EE70000000000000000000000000000000000092
:10EE80000000000000000000000000000000000082
:10EE90000000000000000000000000000000000072
:10EEA0000000000000000000000000000000000062
:10EEB000000000000800000000000000000000004A
:10EEC0000000000000000000000000001400002806
:10EED0000000000000000000000000000000000032
:10EEE0000000000000000000000000000000000022
:10EEF0000000000000000000000000000000000012
:10EF00000000000000000000000000000000000001
:10EF100000000000000000000000000000000000F1
:10EF200000000000000000000000000000000000E1
:10EF300000000000000000000000000000000000D1
:10EF400000000000000000000000000000000000C1
:10EF500000000000000000000000000000000000B1
:10EF600000000000000000000000000000000000A1
:10EF70000000000000000000000000000000000091
:10EF80000000000000000000080000000000000079
:10EF90000000000000000000000000000000000071
:10EFA0000000000000000000000000000000000061
:10EFB0000000000000000000000000000000000051
:10EFC0000000000000000000000000000000000041
:10EFD0000000000000000000000000000000000031
:10EFE0000000000000000000000000000000000021
:10EFF0000000000000000000000000000000000011
:10F000000000000000000000000000000000000000
:10F0100000000000000000000000000000000000F0
:10F0200000000000000000000000000000000000E0
:10F0300000000000000000000000000000000000D0
:10F0400000000000000000000000000000000000C0
:10F0500000000000000000000000000008000000A8
:10F0600000000000000000000000000000000000A0
:10F070000000000000000000000000000000000090
:10F080000000000000000000000000000000000080
:10F090000000000000000000000000000000000070
:10F0A0000000000000000000000000000000000060
:10F0B0000000000000000000000000000000000050
:10F0C0000000000000000000000000000000000040
:10F0D0000000000000000000000000000000000030
:10F0E0000000000000000000000000000000000020
:10F0F0000000000000000000000000000000000010
:10F1000000000000000000000000000000000000FF
:10F1100000000000000000000000000000000000EF
:10F1200000000000000000000000000000000000DF
:10F1300000000000000000000000000000000000CF
:10F1400000000000000000009000000004024020C9
:10F15000048000000000000000000000000000002B
:10F1600000000000000000009000000004004020AB
:10F17000008000000000000000000000000000000F
:10F18000000000000000000000000000000000007F
:10F19000000000000000000000000000000000006F
:10F1A000000000000000000000000000000000005F
:10F1B000000000000000000000000000000000004F
:10F1C000000000000000000000000000000000003F
:10F1D000000000000000000000000000000000002F
:10F1E000000000000000000000000000000000001F
:10F1F000000000000000000000000000000000000F
:10F2000000000000000000000000000000000000FE
:10F21000000000000000000000000000002311209A
:10F220000000000014C0000000000000000000000A
:10F23000000000000000000000000000002311207A
:10F240002000000014C000000000000000000000CA
:10F2500000000000000000000000000000000000AE
:10F26000000000000000000000000000000000009E
:10F27000000000000000000000000000000000008E
:10F28000000000000000000000000000000000007E
:10F29000000000000000000000000000000000006E
:10F2A000000000000000000000000000000000005E
:10F2B000000000000000000000000000000000004E
:10F2C000000000000000000000000000000000003E
:10F2D000000000000000000000000000000000002E
:10F2E000000000000000000000000000000000001E
:10F2F000000000000000000000000000000000000E
:10F3000000000000000000000000000000000000FD
:10F3100000000000000000000000000000000000ED
:10F3200000000000000000000000000000000000DD
:10F3300000000000000000000000000000000000CD
:10F3400000000000000000000000000000000000BD
:10F3500000000000000000000000000000000000AD
:10F36000000000000000000000000000000000009D
:10F37000000000000000000000000000000000008D
:10F38000000000000000000000000000000000007D
:10F39000000000000000000000000000000000006D
:10F3A000000000000000000000000000000000005D
:10F3B000000000000000000000000000000000004D
:10F3C000000000000000000000000000000000003D
:10F3D000000000000000000000000000000000002D
:10F3E000000000000000000000000000000000001D
:10F3F000000000000000000000000000000000000D
:10F4000000000000000000000000000000000000FC
:10F4100000000000000000000000000000000000EC
:10F4200000000000000000000000000000000000DC
:10F4300000000000000000000000000000000000CC
:10F4400000000000000000000000000000000000BC
:10F4500000000000000000000000000000000000AC
:10F46000000000000000000000000000000000009C
:10F47000000000000000000000000000000000008C
:10F48000000000000000000000000000000000007C
:10F49000006006000000000000080C8001000080F1
:10F4A000016400C001000080E300000000000000D3
:10F4B000006006000000000000600800000000007E
:10F4C00000080800000000010040000000000000EB
:10F4D000000000000000000000000000000000002C
:10F4E000000000000000000000000000000000001C
:10F4F000000000000000000000000000000000000C
:10F5000000000000000000000000000000000000FB
:10F5100000000000000000000000000000000000EB
:10F5200000000000000000000000000000000000DB
:10F5300000000000000000000000000000000000CB
:10F5400000000000000000000000000000000000BB
:10F5500000000000000000000000000000000000AB
:10F560000000000000E427000000000000402C40E4
:10F570000000000000300000000000000201000058
:10F580000000000000E4270000000000003002003E
:10F590000000000000300200000000000038000001
:10F5A000000000000000000000000000000000005B
:10F5B000000000000000000000000000000000004B
:10F5C000000000000000000000000000000000003B
:10F5D000000000000000000000000000000000002B
:10F5E000000000000000000000000000000000001B
:10F5F000000000000000000000000000000000000B
:10F6000000000000000000000000000000000000FA
:10F6100000000000000000000000000000000000EA
:10F6200000000000000000000000000000000000DA
:10F6300000000000000000000004200000000000A6
:10F640000008C0000000000001302080020000001F
:10F650000000000000000000000420000000000086
:10F660000042430000000000004043000000000092
:10F67000004000000000000000000000000000004A
:10F68000000000000000000000000000000000007A
:10F69000000000000000000000000000000000006A
:10F6A000000000000000000000000000000000005A
:10F6B000000000000000000000000000000000004A
:10F6C000000000000000000000000000000000003A
:10F6D000000000000000000000000000000000002A
:10F6E000000000000000000000000000000000001A
:10F6F000000000000000000000000000000000000A
:10F70000000000000000000000000000007816006B
:10F710000000000000B000000000000000400D00EC
:10F72000000000100000000000000000007816003B
:10F730000000000000341600000000000034070044
:10F7400000000000003C000000000000000000007D
:10F7500000000000000000000000000000000000A9
:10F760000000000000000000000000000000000099
:10F770000000000000000000000000000000000089
:10F780000000000000000000000000000000000079
:10F790000000000000000000000000000000000069
:10F7A0000000000000000000000000000000000059
:10F7B0000000000000000000000000000000000049
:10F7C0000000000000000000000000000000000039
:10F7D0000000000000000000000000000000000029
:10F7E000007006000000000000140300020000404A
:10F7F00002B00880010000000100000000000000CD
:10F80000007006000000000000680C00000000000E
:10F8100000680E0000000000000000000000000072
:10F8200000000000000000000000000000000000D8
:10F8300000000000000000000000000000000000C8
:10F8400000000000000000000000000000000000B8
:10F8500000000000000000000000000000000000A8
:10F860000000000000000000000000000000000098
:10F870000000000000000000000000000000000088
:10F880000000000000000000000000000000000078
:10F890000000000000000000000000000000000068
:10F8A0000000000000000000000000000000000058
:10F8B0000000004100004000000000004000000087
:10F8C00000000400010100000000000040000000F2
:10F8D00000500040408000800040008040000080D8
:10F8E0004000002000040000000040004400000030
:10F8F00021000000000010001002000400000000C1
:10F9000000000000000000000000100010000000D7
:10F9100000004000000000000000000000000000A7
:10F9200000000000000000000000000000000000D7
:10F9300000000000000000000000000000000000C7
:10F9400000000000100000040000000000000001A2
:10F95000000000001010000000080008000008204F
:10F960000814000014400000000400000000000023
:10F970000000000000000000000000000000000087
:10F980000000000000000000000000000000000077
:10F990000000000000000050000000000000000017
:10F9A0000000000000000A000000780000000000D5
:10F9B0000000000000000009000000BA0070020012
:10F9C00000000C010C000019500030003009000943
:10F9D0000D000D00000D0D008100000050B0300141
:10F9E00010000000000000000E00000000000900F0
:10F9F0008000000000000000000000000000000087
:10FA000000000000000000000000000000000000F6
:10FA100000000000000000001800000000000000CE
:10FA20000000000008000000101000700008000C2A
:10FA30000000080A0C0000001E70000E0000000A02
:10FA40000C0E00000000000070000000000000002C
:10FA50000000000000000000000000300000300046
:10FA6000000000003000000000000C00080800004A
:10FA700000000000100000000030003010300130A5
:10FA8000003000301000003030000030000C00006A
:10FA9000000000002800010021500080000000004C
:10FAA000000C000800000000000000000000000042
:10FAB0000000000000000000000010000000000036
:10FAC0000000000000000000000000000000000036
:10FAD0000000000000000000000000000000000026
:10FAE000000000000E000000000000000B00000CF1
:10FAF000000000000E70000C010000000A00000071
:10FB0000005000000E00001000000000083000004F
:10FB1000000000000F0000000000000000000000D6
:10FB200000000000000000000000000000000000D5
:10FB300000000000000000000000000004000000C1
:10FB400000000000040000000400000000000000AD
:10FB500000000000000000000000000000000000A5
:10FB60000000000000000000000000000000000095
:10FB70000000000000000000800000000000000005
:10FB80000000000000000000000000000000000075
:10FB90000000000000000000000000000000000065
:10FBA0000000000000000000000000000000000055
:10FBB0000000000000000000000000000000000045
:10FBC00000000000000000008000000000000000B5
:10FBD0000000000000000000000000000000000025
:10FBE0000000000000000000000000000000000015
:10FBF0000000000000000000000000000000000005
:10FC000000000000000000000000000000000100F3
:10FC100001000100000000000104010001000000DB
:10FC200000000000000000000000000000000000D4
:10FC30000000000000000000000080000004000040
:10FC400000000000000000000000000000000000B4
:10FC500000000000000000000000000000000000A4
:10FC60000000000000000000000000000000000094
:10FC70000000000000000000000000000000000084
:10FC80000000000000000000000000000000000074
:10FC90000000000000000000000000001000000054
:10FCA0000000000000000000000000000000000054
:10FCB0000000000000000000000000000000000044
:10FCC0000000000000000000000000000000000034
:10FCD0000000000000000000000000000000000024
:10FCE000000000000004000000000000000400000C
:10FCF0000000000000000000000000000000000004
:10FD000000000000000000000000000000000000F3
:10FD100000040000000000000000000000000000DF
:10FD200000000000000000000000000000000000D3
:10FD300000000000000000000000000000000000C3
:10FD400000000000000000000000000000000000B3
:10FD500000000000000000000000000000000000A3
:10FD60000000000000000000000000000000000093
:10FD70000000000000000000000000000000000083
:10FD80000000000000000000000000000000000073
:10FD90000000000000000000000000000000000063
:10FDA0000000000000000000000000000000000053
:10FDB0000000000000000000000000000000000043
:10FDC0000000000000000000000000000000000033
:10FDD0000000000000000000000000000000000023
:10FDE0000000000000000000000000000000000013
:10FDF0000000000000000000000000000000000003
:10FE000000000000000000000000000000000000F2
:10FE100000000000000000000000000000000000E2
:10FE200000000000000000000000000000000000D2
:10FE300000000000000000000000000000000000C2
:10FE400000000000000000000000000000000000B2
:10FE500000000000000000000000000000000000A2
:10FE60000000000000000000000000000000000092
:10FE70000000A9510C000180000000500C0001801E
:10FE8000000000C0040000000400000004000000A6
:10FE90000400000004000000040000000400000052
:10FEA0000400000004000000040000000400000042
:10FEB0000400000004000000040000000400000032
:10FEC0000400000004000000040000000400000022
:10FED0000400000004000000040000000400000012
:10FEE0000400000004000000040000000400000002
:10FEF00004000000040000000400000004000000F2
:10FF000004000000040000000400000004000000E1
:10FF100004000000040000000400000004000000D1
:10FF200004000000040000000400000004000000C1
:10FF300004000000040000000400000004000000B1
:10FF400004000000040000000400000004000000A1
:10FF500004000000040000000C000180000000A06C
:10FF60000C000580000000000C0000800000FAEA90
:10FF70000C000180000000B004000000040000003C
:08FF8000040000000400000071
:00000001FF
