:100000000C9446000C9452370C9478370C949E371D
:100010000C94C4370C94EA370C9410380C9436388E
:100020000C945C380C9482380C94A8380C94CE381C
:100030000C94F4380C941A390C9440390C946639A9
:100040000C948C390C94B2390C94243A0C94FE39EB
:100050000C94D8390C944A3A0C94703A0C94963A11
:100060000C94BC3A0C94E23A0C94083B0C942E3B52
:100070000C94543B0C947A3B0C94A03B0C94C63BE0
:100080000C94EC3B0C94123C0C94383C11241FBE95
:10009000CFEFD0E1DEBFCDBF15E0A0E0B1E0EAEFE9
:1000A000F9E900E00BBF02C007900D92AA3EB1072C
:1000B000D9F71DE0AAEEB5E001C01D92A03BB10743
:1000C000E1F70C942C030C9400000E947B25DC01CA
:1000D000CB01BC01CD0108950E94A105009711F04C
:1000E0008FEF9FEF0895AF92BF92CF92DF92EF9282
:1000F000FF920F931F935C018B016A01790141E02C
:1001000050E00E949B06C8010E949C3F80E091E065
:100110000E949C3FDF92CF9283E091E09F938F9368
:10012000FF92EF920E94DB3DC7010E945A3F41E0DF
:1001300050E0B801C5010E949B062DB73EB72A5F6B
:100140003F4F0FB6F8943EBF0FBE2DBF892F9927A2
:1001500087FD9095809590958827990F881F9927FE
:1001600001971F910F91FF90EF90DF90CF90BF907C
:10017000AF900895EF92FF920F931F937B01890137
:100180005F934F938EE091E09F938F933F932F93D4
:100190000E94DB3DC8010E945A3F41E050E0B70198
:1001A000C8010E94BA422DB73EB72A5F3F4F0FB633
:1001B000F8943EBF0FBE2DBF892F992787FD9095DC
:1001C000809590958827990F881F992701971F91EF
:1001D0000F91FF90EF900895EF92FF920F931F936E
:1001E0007B0189015F934F9380E291E09F938F930E
:1001F0003F932F930E94DB3DC8010E945A3F41E08C
:1002000050E0B701C8010E94BA422DB73EB72A5F3D
:100210003F4F0FB6F8943EBF0FBE2DBF892F9927D1
:1002200087FD9095809590958827990F881F99272D
:1002300001971F910F91FF90EF900895CF92DF9259
:10024000EF92FF920F931F937B016A01890160E394
:1002500071E0C9010E94C93CC8010E945A3F41E0B7
:1002600050E0B701C8010E94BA42C7010E949C3FFA
:10027000DF92CF9288E391E09F938F931F930F9328
:100280000E94DB3DC8010E945A3F41E050E0B701A7
:10029000C8010E94BA422DB73EB72A5F3F4F0FB642
:1002A000F8943EBF0FBE2DBF892F992787FD9095EB
:1002B000809590958827990F881F992701971F91FE
:1002C0000F91FF90EF90DF90CF900895CF92DF9243
:1002D000EF92FF920F931F936C017B018A0162E4FE
:1002E00071E0CA010E94C93CC8010E945A3F41E026
:1002F00050E0B701C6010E949B06892F992787FD10
:100300009095809590958827990F881F9927019738
:100310001F910F91FF90EF90DF90CF900895CF93B2
:10032000DF93CDB7DEB7C854D2400FB6F894DEBF26
:100330000FBECDBF8E010B5B1D4F80E092ECA1E0A4
:10034000B0E0F80180839183A283B38385E1DE016D
:100350001196E0E5F1E001900D928A95E1F783E1D5
:10036000FE01769611928A95E9F782E1FE01B9962F
:100370003F01A8E7B1E00D9001928A95E1F786E18F
:10038000FE01FB9611928A95E9F7E1E58E2E912CFC
:100390008C0E9D1E88E3D401E0EAF1E001900D92FD
:1003A0008A95E1F78CEB91E0F401F89611920197B0
:1003B000E9F740E060E070E086E195E00E944542A8
:1003C00084E993E00E946F42A80161E071E00E941D
:1003D000FE428AE993E00E949C3F80EC93E00E94F9
:1003E0009C3F45E060E073E884E595E00E9445426B
:1003F00081EE93E00E94C4147B018C018FEE93E0A8
:100400000E94C414DC01CB019C01AD016AE471E0DF
:100410008DEF93E00E94C01882E094E00E94C41423
:10042000DC01CB0174E5C72E75E0D72E7C018D0170
:1004300020E030E040E050E0CA01B9010E94A11381
:1004400080E194E00E94C414DC01CB019C01AD0169
:1004500060E070E0CB010E941E258CE194E00E94D8
:1004600065005B016C01611571058105910509F459
:1004700095C00E949A047C01892B09F485C009E18A
:1004800010E01F930F93C601B5010E9413159F93AF
:100490008F9381E394E09F938F930E9498409801FB
:1004A000B601A501C7010E946C002DB73EB72A5FB7
:1004B0003F4F0FB6F8943EBF0FBE2DBF892B09F0FA
:1004C00048C08AE494E00E949C3FC7010E94BD039B
:1004D0008C01009709F45FC09C014CE154E06AEE86
:1004E00075E0C7010E9473008AEE95E00E949C3F70
:1004F0008BE594E00E949C3F9801AE014F5F5F4FF7
:100500006AEE75E0C7010E94BA008AEE95E00E948B
:100510009C3F9801A3016AEE75E0C7010E94EC00C0
:100520008AEE95E00E949C3F9801A4016AEE75E076
:10053000C7010E941E018AEE95E00E949C3FA8011F
:100540006AEE75E0C7010E9466018AEE95E00E949E
:100550009C3F89E190E09F938F93C601B5010E9473
:1005600013159F938F938CE794E09F938F930E9432
:100570009840C7010E943B078DB79EB706960FB6FD
:10058000F8949EBF0FBE8DBF68EE73E080E090E0F0
:100590000E941047FFCF81EA94E0D9CF8CE194E02C
:1005A0009F938F9381EC94E09F938F930E94984048
:1005B0000F900F900F900F90E7CF0E94214820E0FE
:1005C00033E040E050E06FE871E084ED94E00E9499
:1005D000814A8FEF0E94404A0E94FA49FDCF43E0D2
:1005E00050E060E070E084E89DE00E944E4C809115
:1005F000840D833021F48091850D8F3419F08FEFB5
:100600009FEF06C08091860D8335C9F780E090E0AA
:1006100008950F931F93CF93DF9383E08093840D0E
:100620008FE48093850D83E58093860D04E81DE0BB
:10063000C0E0D0E0F80181918F01682FCE010E94C7
:100640005F4C2196C330D105A8F380E090E0DF91A4
:10065000CF911F910F910895CFEFD0E1DEBFCDBFB5
:100660000E94EF02892B41F580EC85BF8FEF90E16E
:10067000805B9D4081589140ACF485E58093FE7F7E
:100680008AEA8093FF7F8091FE7F8535C1F4809157
:10069000FF7F8A3AA1F460E07FE680E091E10E946A
:1006A000424C0DC08FEF9FE0805B9D40BC0180EB12
:1006B0009DE00E94424CE1CF0E940903D5CF20E883
:1006C00031E040E050E06DED72E089ED94E00E9491
:1006D000814A80E090E00C94FC4CCF93DF93FC01C6
:1006E000C785D0891F8221893289CE010C9640E0CE
:1006F00051E0BC01C9010E949B061816190624F49A
:100700008E8380E090E001C01E82DF91CF9108953A
:10071000EF92FF921F93CF93DF93FC01C785D0899F
:100720002985222331F0E188F28810E0121720F0A9
:10073000198680E090E018C03327812F9927281B65
:10074000390B8C0F9D1F845F9E4FA901BC01C7010F
:100750000E942F0697FF03C08FEF9FEF05C0180F71
:100760002985121748F3E4CFDF91CF911F91FF90B5
:10077000EF9008950E94880308950F931F93CF93DD
:10078000DF938C0187E190E00E94B44BEC01892B50
:10079000F9F082E08B87098B1A8B8CE092E00E9443
:1007A000B44B8C018F87988B892B71F08DE693E089
:1007B000F8018083918388E893E0828393838AEBB6
:1007C00093E08483958304C0CE010E94C94BE80165
:1007D000CE01DF91CF911F910F9108950F931F9339
:1007E0008C010E94BA03F801878590890E94C94B49
:1007F000C8010E94C94B80E090E01F910F910895BD
:10080000CF93DF93EC01E091EA09F091EB09AAEEB6
:10081000B9E0309749F0EC17FD07D1F1DF01019005
:10082000F081E02D3097B9F7EF2BB9F189AD9AAD92
:10083000009739F5EFA1F8A5309759F080819181A3
:100840008FA398A7CF010E941F28EFA1F8A530978A
:10085000A9F7EDADFEAD309759F0808191818DAF54
:100860009EAFCF010E941F28EDADFEAD3097A9F7D6
:1008700085E6FE0111928A95E9F7CE010E94C94BE7
:100880000CC00E94C94B1DAA1EAA19AE1AAED2CF27
:10089000888199818D939C93C7CFDF91CF910895E3
:1008A0000F931F93CF93DF938C01EB0160E070E017
:1008B000E091EA09F091EB09309751F0878190853A
:1008C00080179107F1F00190F081E02D3097B1F79A
:1008D0006115710549F5E091EA09F091EB0930974E
:1008E00019F18281813031F00190F081E02D309753
:1008F000C1F71AC08781908580179107A9F7BF01BA
:10090000F3CF81859285A385B48582179307A407C9
:10091000B507C9F6858596858C179D07A1F6828156
:10092000882389F2BF01D4CFCB01DF91CF911F91F2
:100930000F9108951F93CF93DF93C0E0D0E0809193
:10094000EC09882351F4182F0E94E20F892B09F437
:1009500011E01093EC091123E1F185E690E00E948B
:10096000B44BEC01892BA9F11A8280E492E4AFE048
:10097000B0E0888B998BAA8BBB8B8C8B9D8BAE8BBD
:10098000BF8B888F998FAA8FBB8F80E99CE08BAB40
:100990009CAB8FAB98AFEF9688E192E089939993E7
:1009A00083E090E0A0E0B0E088839983AA83BB83D2
:1009B000289688839983AA83BB83C954D0408091A9
:1009C000EA099091EB0988839983D093EB09C0934E
:1009D000EA09CE01DF91CF911F910895FC01DA0160
:1009E0004FEF5FEF892B09F451C080E16230780747
:1009F00009F440C080E163307807E4F462307105A7
:100A000039F0ED5AFF4F8AE397E2808391833EC02D
:100A1000109719F02230310529F0ED5AFF4F86E189
:100A200090E0F3CFFF968D919C918083918340E07D
:100A300050E02CC080E165307807A1F0665070412D
:100A400001F7109751F32430310539F7E75AFF4F7A
:100A50008D919D910D90BC91A02D80839183A28357
:100A6000B383E5CF1097C9F224303105B1F6E35ACC
:100A7000FF4FEECF109789F22230310571F68D913C
:100A80009C9187AB90AF83AB94ABD1CFCA01089553
:100A9000CF93DF93FC01EA014FEF5FEF892B09F45D
:100AA0004CC080E16230780709F43FC080E16330D8
:100AB0007807E4F46230710539F0ED5AFF4F8AE3AC
:100AC00097E28083918339C0209719F02230310555
:100AD00029F0ED5AFF4F86E190E0F3CFFF96808139
:100AE00091818883998340E050E027C080E16530A0
:100AF000780799F06650704101F7209751F3243040
:100B0000310539F7E75AFF4F80819181A281B38186
:100B100088839983AA83BB83E6CF2097D1F22430C0
:100B20003105B9F6E35AFF4FEFCF209791F222300B
:100B3000310579F687A990ADD4CFCA01DF91CF9165
:100B40000895EF92FF920F931F93CF93DF93EC01E1
:100B50007A018B01A901892B09F462C08A81813055
:100B600009F466C08A81882309F05DC08091DE04A3
:100B70009091DF0401969093DF048093DE048091CE
:100B8000DE049091DF04892B31F480E090E19093B2
:100B9000DF048093DE04E091EA09F091EB093097DD
:100BA00071F0278130858091DE049091DF04281751
:100BB000390729F00190F081E02D309791F73097B7
:100BC000A9F68091DE049091DF04082E892F902DE4
:100BD0008F839887042E452F502D4D875E87E98699
:100BE000FA860B871C87AF01C801B7010E949314D6
:100BF000FC01892B79F00784F089E02D81859285AD
:100C0000A385B4858B839C83AD83BE83CE010E9474
:100C1000020A13C0CD5ADF4F81E597E2888399839A
:100C20008FEF9FEF0AC0CD5ADF4F88E497E2F6CFEF
:100C3000CD5ADF4F8DE397E2F1CFDF91CF911F9136
:100C40000F91FF90EF900895FC01CB01082E892FA2
:100C5000902D87839087CF010E94E3090895CF925A
:100C6000DF92EF92FF920F931F93CF93DF93EC01EC
:100C70006B018A01892B09F443C08A818430D1F544
:100C8000672B09F440C041155105E9F19FE3E92EB6
:100C9000F12CEC0EFD1EF7018081918184179507E0
:100CA00008F48C01488D598D8C899D89481B590BFE
:100CB0009A013695279536952795F7018081918180
:100CC0008217930738F08CA19DA1841B950B801788
:100CD0009107E0F4FE01E35AFF4F408151816281A8
:100CE0007381CE0189960E944B48892B61F48A81D9
:100CF0008430C1F2CD5ADF4F89E497E2888399832B
:100D00004FEF5FEF0EC040E050E00BC08F85806179
:100D10008F87A801B601CE010E94FD0F892B81F7B4
:100D2000A801CA01DF91CF911F910F91FF90EF9021
:100D3000DF90CF900895EF92FF920F931F93CF9380
:100D4000DF93EC018B017A01892B09F48AC08A8137
:100D5000843021F08A81853009F07DC001151105AC
:100D600009F476C0E114F10409F472C08DA99EA9BA
:100D7000892BB1F48A81843009F06DC0FE01E75AF5
:100D8000FF4F4081518162817381CE01CB960E94D9
:100D90004B48892B09F05CC08DA99EA9892B51F382
:100DA0008DA99EA98E159F0508F47C01E114F1041C
:100DB00011F4A70158C089AD9AADA701BC01C801C3
:100DC0000E946A4C0DA91EA90E191F090DAB1EAB7E
:100DD00001151105B1F120E030E02017310798F43A
:100DE000A701E9ADFAADDF01A20FB31FE40FF51FB4
:100DF00080818C934F5F5F4F2F5F3F4F8DA99EA9DE
:100E00002817390770F38A81843099F62BA93CA9F9
:100E1000A9012E0D3F1D8FA998AD8217930708F4E5
:100E20009C01EF9688819981EF974817590718F030
:100E30002BAB3CABBECF2BAB3CABCE010E944B0AE5
:100E4000B8CF89AD9AAD0E94C94B09AF1AAFDBCFBD
:100E500040E050E008C0CD5ADF4F89E497E2888334
:100E600099834FEF5FEFCA01DF91CF911F910F91EF
:100E7000FF90EF9008950E941D0A0895FC01892BB0
:100E800029F0ED5AFF4F8081918102C086E397E2FD
:100E900008950895EF92FF920F931F93CF93DF93DE
:100EA000EC018B01FB01E188F2888DA99EA9E80E77
:100EB000F91E8FA998ADE816F90608F066C089AD4D
:100EC0009AAD892B09F44FC0A9ADBAAD109709F4BA
:100ED0005CC08DA99EA9A80FB91FF801278530898C
:100EE00081899289AC01B901CD010E946A4CEDAAB9
:100EF000FEAAF801618972899B01442755278FA5B5
:100F000098A9A9A9BAA9820F931FA41FB51F8FA7DB
:100F100098ABA9ABBAAB8BA99CA968177907F0F07D
:100F20001BAA1CAAF80180819181892BA1F48091D0
:100F3000890D90918A0D892B71F48F8588618F8737
:100F4000CE01CB960E94FB4840E050E0BA01CE01B2
:100F50000E94FD0F1AC08F858061F1CF861B970B11
:100F60008BAB9CABDFCF0E94494C9C014FA958AD85
:100F7000CA018050984F8217930708F0A5CFCA0185
:100F80000E94404B89AF9AAF9FCFDF91CF911F91C5
:100F90000F91FF90EF900895CF93DF93EC01FB0149
:100FA00080899189A289B3898B839C83AD83BE8319
:100FB000FA01808191818D879E87FB0184859585CB
:100FC000A685B78589879A87AB87BC87FA01848114
:100FD0009581A681B781082E8B2FB02D092E9A2FCF
:100FE000A02D8BA79CA7ADA7BEA78C8F9D8FAE8F82
:100FF000BF8F0196A11DB11D8FA798ABA9ABBAAB4E
:1010000086859785082E892F902D8CA39DA340E07F
:1010100050E0FB0164857585868597850E94931451
:10102000FC01892B91F00784F089E02D858D968D48
:101030008897FE01FF96208131812115310519F035
:101040008217930710F480839183DF91CF910895E5
:10105000AF92BF92CF92DF92EF92FF920F931F93C6
:10106000CF93DF93EC01FB01BA01E084F1840285A8
:1010700013850E2CE12E102D0F2CF02E002D888DB7
:10108000998DAA8DBB8D8E159F05A007B10720F401
:101090008F8588618F87AAC02481358146815781D9
:1010A000022E252F502D032E342F402DAC88BD88C5
:1010B000CE88DF88EA14FB040C051D0509F46DC019
:1010C000EA14FB040C051D0508F456C0EA14FB04E1
:1010D0000C051D0509F43CC01EA2EC8AFD8A0E8B8E
:1010E0001F8B6FA178A56115710549F1FB01A385DF
:1010F000B48514968D919D910D90BC91A02D082ED4
:101100008B2FB02D092E9A2FA02DFB01218932891A
:1011100044275527820F931FA41FB51FE816F90611
:101120000A071B0760F0808191818FA398A7CB01EC
:101130000E941F286FA178A561157105B9F6CF5AD5
:10114000DF4F18821982A897CE010E94FB484EC03B
:101150002FA138A52115310579F0672B69F4858514
:10116000682F7727637070706115710529F48EA15F
:101170008F5F8EA3833010F4A996E6CFCF5ADF4F4E
:1011800068837983C155D0401EA249855A856B85F5
:101190007C8586E00E940F12EFCF8C8D9D8DAE8DE9
:1011A000BF8D82179307A407B50780F0281739076A
:1011B0004A075B0709F084CF88A199A1AAA1BBA126
:1011C000E816F9060A071B0708F47ACF8685978583
:1011D000082E892F902D8CA39DA32C8F3D8F4E8F91
:1011E0005F8FE8A2F9A20AA31BA36ACFDF91CF9178
:1011F0001F910F91FF90EF90DF90CF90BF90AF9035
:101200000895FF920F931F93CF93DF93EC01F62E77
:1012100000E010E08A8199278530910509F4C7C064
:10122000863091050CF095C08230910509F482C09A
:1012300083309105E4F50097C9F0019731F001156D
:10124000110509F0B9C0FA82B7C083E0681719F038
:101250000FEF1FEFF4CF8F8582618F8740E050E062
:1012600060E070E0CE010E94FD0FE9CF862F992744
:101270008130910521F3029759F78F8582608F871E
:10128000A801B801CE010E94FD0F892BC1F20FEF1A
:101290001FEFCD5ADF4F80E597E288839983C355CE
:1012A000D040CE01895A9F4F0E94FB48C8CF83305F
:1012B000910539F1049719F6862F99278530910504
:1012C00029F0069729F68F858161C7CF8F858861C0
:1012D0008F87A801B801CE010E94FD0FCE01CB96E9
:1012E0000E942B49CE0189960E942B49CE018B5A30
:1012F0009F4F0E942B49CE01895A9F4F0E942B4934
:101300009ECF862F99278430910581F085309105F5
:1013100024F4019709F09CCF92CF8530910599F282
:10132000069709F095CF8F85816097CFCE018B5AB4
:101330009F4FBACF862F99278330910509F48BCF21
:101340008430910534F3049709F082CF8F8588614A
:1013500084CF8830910509F47BCF89309105D4F48E
:101360008630910541F0079709F069CF8AE0681748
:1013700009F06ECF64CF862F99278730910509F445
:101380005ECF873091050CF463CF0997029708F47C
:1013900056CF5ECF8930910521F00A9709F04FCFE3
:1013A00057CF8AE0681791F20FEF1FEFCFCF88E099
:1013B000681709F04DCF87CFC801DF91CF911F91FA
:1013C0000F91FF900895CF93DF93EC018A818823DA
:1013D00081F461E0CE010E940109CB5ADF4F40E069
:1013E00050E060E070E0CE010E944B4880E090E069
:1013F00006C0CD5ADF4F88E497E288839983DF9156
:10140000CF9108950F931F938C0162E00E94010910
:10141000C801895A9F4F40E050E060E070E00E94B0
:101420004B48F8018281843019F480E090E002C0DA
:101430008FEF9FEF1F910F910895FC01892BB1F061
:101440008281992785309105CCF4833091058CF405
:10145000019734F0CF010E94000480E090E01AC0B0
:10146000ED5AFF4F89E497E2808391838FEF9FEFDE
:1014700011C066E0CF010E940109EFCF85309105D0
:1014800039F00B976CF7ED5AFF4F85E397E2ECCFFD
:1014900068E0F0CF0895FC01892B61F087858861B1
:1014A000878740E050E0BA01CF010E94FD0F80E045
:1014B00090E002C08FEF9FEF0895CF93DF93EC0190
:1014C000CF5ADF4F88819981C155D0408D529140CC
:1014D00088F42FA138A549855A856B857C8586E0DF
:1014E0000E940F12892BF9F0EFA1F8A5808191815C
:1014F0008FA398A7C15BDF4F18821982CF54D040C9
:1015000085E08A83C95ADF4FCE010E942B496C9730
:10151000CE010E942B496297CE010E942B49AC96C6
:10152000CE010E942B49DF91CF9108950F931F9315
:10153000CF93DF938C01862FE901992786719070F4
:10154000029721F0C9010E944E110CC06F8178856D
:10155000C8010E94CC0763E0C8010E940109CE01C6
:101560000E941F28DF91CF911F910F9108958F92B4
:101570009F92AF92BF92CF92DF92EF92FF920F9322
:101580001F93CF93DF93EC015A014901C62EDD244E
:10159000C4FC3DC0C2FE1DC0C4FE12C0CB5ADF4F0A
:1015A00088819981C555D040892B71F4CD5ADF4F80
:1015B0008DE497E288839983C355D04085E08A8380
:1015C000C4010E941F2844C061E0CE010E940109AD
:1015D000F7CFC1FEF5CFA501F40167817085CE017B
:1015E0000E94CC07C4FE11C0F40141895289B501A3
:1015F000CE010E94280864E0CE010E940109C95A68
:10160000DF4FCE010E94FB48DBCF63E0DECFFA0163
:1016100080859185A285B385082E8B2FB02D092E4C
:101620009A2FA02D288939894A895B892F5F3F4FDE
:101630004F4F5F4FE88CF98C0A8D1B8DBC01CD019B
:101640000E94E611892B09F0A5CFC4010E944E111A
:10165000DF91CF911F910F91FF90EF90DF90CF908E
:10166000BF90AF909F908F9008958F929F92AF926E
:10167000BF92CF92DF92EF92FF920F931F93CF937F
:10168000DF936C014A01E901A62EBB24A2FC51C0E4
:10169000A4FC04C0CE010E941F2850C0FA0180851E
:1016A0009185A285B385082E8B2FB02D092E9A2FF8
:1016B000A02DF60124893589468957892F5F3F4F30
:1016C0004F4F5F4FE08CF18C028D138DBC01CD012B
:1016D0000E94E611892B11F0A1FE04C0CE010E94E8
:1016E0004E112CC049895A89B401C6010E942808AC
:1016F00089899A89892BC1F4CE010E941F28A0FEF6
:1017000011C0F60187A590A9A1A9B2A90196A11DB2
:10171000B11D87A790ABA1ABB2AB65E0C6010E943B
:1017200001090CC064E0FACFBE01C6010E944A075D
:10173000E3CF61E0C6010E940109ACCFDF91CF91F8
:101740001F910F91FF90EF90DF90CF90BF90AF90DF
:101750009F908F9008954F925F926F927F928F9299
:101760009F92AF92BF92CF92DF92EF92FF920F9330
:101770001F93CF93DF936C01F62E4A015901862FF8
:10178000992782FD3DC184FF37C18C010270107022
:1017900081FF1AC0EA018C819D81AE81BF81082E34
:1017A0008B2FB02D092E9A2FA02DF60123A534A53D
:1017B00045A556A582179307A407B50709F442C1AA
:1017C000C5010E944E113EC1E90149895A89B401FF
:1017D000C6010E942808F401248135814681578181
:1017E000DA01C901082E8B2FB02D092E9A2FA02DBA
:1017F000E6014FA458A869A87AA8481659066A06AF
:101800007B0608F06DC0F50181899289892B09F466
:101810005CC06DAD7EAD8DE3682E712C6C0C7D1CB3
:101820006115710509F43CC0EB01EB85FC85E40111
:10183000EC80FD800E811F81A8019701022E252FCB
:10184000502D032E342F402DC481D5810680F78181
:10185000E02DCE01DF01082E8B2FB02D092E9A2FFF
:10186000A02D281739074A075B0708F432C00E2C51
:10187000E12E102D0F2CF02E002D0C2ECF2FF02D41
:101880000D2EDE2FE02DEC16FD060E071F07E9F0EA
:101890003B01FB01608171816115710509F0C4CFC5
:1018A0006115710559F0E6018F8588618F8740E0E9
:1018B00050E0BA01C6010E94FD0FC4C0E301A88236
:1018C000B982F50160837183EECFC5010E941F28A4
:1018D000EACFE301A882B982F50160837183E0CF8A
:1018E000022E252F502D032E342F402D2415350583
:1018F0004605570561F1F6018F8588618F87EF599D
:10190000FF4F80819181A281B3810196A11DB11DFC
:1019100080839183A283B383C5010E941F28A801FD
:10192000B801C6010E94FD0FF0FE8CC0F60187A52C
:1019300090A9A1A9B2A90196A11DB11D87A790AB3D
:10194000A1ABB2AB65E0C6010E9401097BC0F50105
:1019500081899289892B09F44BC0B501C6010E9487
:101960004A07C5010E941F28E601ADACBEACA11418
:10197000B104D1F2F50183849484E4018C819D81CA
:10198000AE81BF819C01AD01082E8B2FB02D092E99
:101990009A2FA02DF60147A450A861A872A8481656
:1019A00059066A067B0608F4BFCFE5018881998154
:1019B00085AF96AF022E252F502D032E342F402DAC
:1019C000241535054605570558F4C5010E941F2802
:1019D000E601ADACBEACA114B10409F0CBCFA4CFED
:1019E000B501C6010E944A07F4018585F82AEDCFAA
:1019F000C5010E941F2898CFC9010E941F2822C03C
:101A000085E0E6018A83C9010E941F28EBE3F0E02C
:101A1000CE0EDF1EC6010E942B498EEE9FEFC80E30
:101A2000D91EC6010E942B49CCE2D0E0CC0EDD1EAF
:101A3000C6010E942B49E2E0F0E0CE0EDF1EC60197
:101A40000E942B49DF91CF911F910F91FF90EF9052
:101A5000DF90CF90BF90AF909F908F907F906F90CE
:101A60005F904F900895CF92DF92EF92FF920F9385
:101A70001F93CF93DF938C01862FBA01E901E82EE3
:101A8000FF24E2FC40C0E4FE3AC092E0C92ED12C13
:101A9000CE20DF20E1FE04C0C9010E944E1139C0F2
:101AA00049895A89C8010E94280869E0C8010E9432
:101AB000010989899A89892BE9F4CE010E941F289E
:101AC000E0FE27C0F80187A590A9A1A9B2A90196B7
:101AD000A11DB11D87A790ABA1ABB2AB015B1F4F9E
:101AE000F801C082D1820F5410406AE0C8010E9400
:101AF00001090FC0BE01C8010E944A07DECFC9011B
:101B00000E941F2806C0C9010E941F28C8010E9408
:101B10000004DF91CF911F910F91FF90EF90DF9024
:101B2000CF900895CF92DF92EF92FF920F931F9381
:101B3000CF93DF938C01862FBA01E901E82EFF24B1
:101B4000E2FC3CC0E4FE36C022E0C22ED12CCE2006
:101B5000DF20E1FE04C0CE010E944E1135C049894C
:101B60005A89C8010E94280889899A89892BE9F431
:101B7000CE010E941F28E0FE27C0F80187A590A98A
:101B8000A1A9B2A90196A11DB11D87A790ABA1ABD8
:101B9000B2AB015B1F4FF801C082D1820F541040DD
:101BA0006AE0C8010E9401090FC0BE01C8010E947D
:101BB0004A07DECFC9010E941F2806C0C9010E9442
:101BC0001F28C8010E940004DF91CF911F910F913F
:101BD000FF90EF90DF90CF900895CF93DF93FC01BB
:101BE000862FBA01E901282F332722FD0DC024FFDB
:101BF0000BC021FF04C0CE010E944E1108C04989CC
:101C00005A89CF010E942808CE010E941F28DF9127
:101C1000CF910895EF92FF920F931F93CF93DF938D
:101C2000EC01862FBA018901992782FD21C084FF2A
:101C30001BC032E0E32EF12CE822F92281FF04C020
:101C4000C8010E944E111AC0F80141895289CE0183
:101C50000E942808C15BDF4FE882F982CF54D04050
:101C60006AE0CE010E940109C8010E941F2806C037
:101C7000C9010E941F28CE010E940004DF91CF916C
:101C80001F910F91FF90EF9008950F931F93CF93A3
:101C9000DF938C01862FBA01E901992782FD0DC0DF
:101CA00084FF12C081FF04C0C9010E944E110FC001
:101CB00049895A89C8010E942808CE010E941F281C
:101CC000C8010E94000403C0C9010E941F28DF91BF
:101CD000CF911F910F9108950F931F93CF93DF938F
:101CE0008C01FB01A385B4851D966C911D97EC01B9
:101CF0008A8199278530910509F458C0863091056D
:101D00007CF58230910531F18330910594F4009790
:101D100061F0019721F0CF010E941F284CC09F0164
:101D2000AD01C8010E94960A46C0CF010E944E1123
:101D300042C08330910541F0049769F79F01AD01DE
:101D4000C8010E94AB0B37C09F01AD01C8010E94C2
:101D5000350B31C09F01AD01C8010E94B70A2BC0ED
:101D600088309105E9F0893091058CF48630910531
:101D700041F0079781F69F01AD01C8010E940A0E4C
:101D80001AC09F01AD01C8010E94330D14C009970C
:101D900009F0C1CF9F01AD01C8010E94920D0BC097
:101DA0009F01AD01C8010E94450E05C09F01AD0114
:101DB000C8010E94ED0DDF91CF911F910F91089501
:101DC00048EC50E060E070E08BE89DE00E944B48FA
:101DD000892B09F466C0C091EA09D091EB092097DC
:101DE00079F38F8584FF08C088608F8740E050E0DA
:101DF000BA01CE010E94FD0F8FA198A5892B99F001
:101E00008A81843009F442C0FE01EF5AFF4F80817D
:101E100091810196808391838F709070892B19F442
:101E2000CE010E945D0A8A818A3001F18A81863062
:101E3000E9F08A818930D1F08A81833031F00990CC
:101E4000D881C02D209769F6BBCFFE01E15BFF4F23
:101E5000808191819C010196808391832D3231058F
:101E600070F381E08A8310821182E9CFFE01E15B89
:101E7000FF4F808191819C0101968083918329305D
:101E80003105E8F2CE010E9400049ACFFE01EF5A1C
:101E9000FF4F808191810196808391838370907040
:101EA000BDCF0091890D10918A0D10928A0D10926C
:101EB000890D1092880D1092870D0115110509F4F6
:101EC0007FCFE801EF81F885AB85BC85248535851A
:101ED000468557856D917C91119712968D919C91B5
:101EE00013970E945004EC01F801E080F180009704
:101EF00059F0B8010E944907B801CE010E946C0E4A
:101F00008701EF28F1F65CCFC8010E944E11F8CF8F
:101F1000CF92DF92EF92FF920F931F93CF93DF93B5
:101F2000EC0118821982C090890DD0908A0DC114DD
:101F3000D104D1F1E984FA848D859E85E80EF91EDD
:101F400089899A89E80EF91E0091870D1091880DF4
:101F50000E0D1F1D0050184F0E94494C08171907FD
:101F6000F8F48091870D9091880D8E0D9F1D9093B0
:101F7000880D8093870DF60180819181892B41F036
:101F8000F601C080D180F60180819181892BC1F753
:101F9000F601C083D1838BE89DE00E94FB4809C015
:101FA000CE010E941F2805C090938A0D8093890D51
:101FB000F2CFDF91CF911F910F91FF90EF90DF90C3
:101FC000CF9008954091ED095091EE0941155105CA
:101FD00019F080E090E010C020E034E060EE7EE098
:101FE00080EE94E00E94814A9093EE098093ED097F
:101FF000892B79F78FEF9FEF08958F929F92AF9281
:10200000BF92CF92DF92EF92FF920F93CF93DF9325
:10201000EC017B014A014115510539F48F8599275F
:102020008B709070892B09F42CC104E18F8581FDA0
:1020300008E1802F9927AC0160E480E090E00E94E5
:10204000AE265C01009709F40EC1FC01C384D48460
:102050008F819885F601808391838D859E8582830B
:102060009383000F000F84858F70802B84878F856A
:10207000877F8F87888D998DAA8DBB8D082E8B2F9A
:10208000B02D092E9A2FA02D84839583A683B78324
:102090008F8584FFEFC080E185878F858F7E8F8756
:1020A0008FA598A9A9A9BAA9082E8B2FB02D092E02
:1020B0009A2FA02D80879187A287B3878F85992734
:1020C00081FF96C0F6018585826085878F858D7F2B
:1020D0008F87888D998DAA8DBB8D0196A11DB11D0D
:1020E000888F998FAA8FBB8F82E0848B84E0858B49
:1020F000EF9688819981EF97082E892F902D868BF6
:10210000978B2BA93CA9EF9688819981EF97281787
:10211000390708F066C0F60116861786F601108AA0
:10212000118A128A138AF50185859685218932895B
:10213000820F931F082E892F902D7C0106E02985A0
:102140003A854B855C856B817C818D819E810E9467
:102150005E13F50145855685B6010E941E13F501F3
:1021600041895289678570890E945913F601808BD5
:10217000918B950149855A856B857C85802F0E94BE
:102180000F129C01892B39F5892839F4F6018585D0
:10219000992783709070892BD1F0F50120833183CA
:1021A000EFA1F8A5309781F080819181892B39F0DA
:1021B0000190F081E02D80819181892BC9F7A08267
:1021C000B18240E050E05DC0AFA2B8A6FACFC50131
:1021D0000E941F28F6CFC5010E941F284FEF5FEF16
:1021E00050C0022E232F302DF6012687378796CF39
:1021F00081149104A9F480FF84CFF6018585816064
:1022000085878F858E7F8F87888D998DAA8DBB8DD1
:102210000196A11DB11D888F998FAA8FBB8F71CF99
:10222000A40160E8C5010E94AE265C010097D9F0C8
:10223000FC0187859089A401B7010E946A4C940132
:1022400044275527888D998DAA8DBB8D820F931FAA
:10225000A41FB51F888F998FAA8FBB8FF601858524
:10226000886085874ECFCD5ADF4F87E497E2888319
:102270009983B4CFF60115861086118612861386CF
:102280001DCFCA01DF91CF910F91FF90EF90DF90AA
:10229000CF90BF90AF909F908F900895AF92BF92D4
:1022A000CF92DF92EF92FF920F93CF93DF936C0167
:1022B000FC01A780B084C385D4858D8599279C01B6
:1022C0002470307082FD73C0F601218B328B84E163
:1022D00090E085879687288139818A819B818883D0
:1022E00099832A833B838D85992784FF3BC084E0B3
:1022F0008D8788859985AA85BB858C839D83AE83D0
:10230000BF83188619861A861B8680E58C871E86F1
:102310001F861A8A1B8A188A198AF601858596856E
:10232000082E892F902D7C0106E0F5012485358546
:102330004685578560897189828993890E945E13D9
:10234000F60145855685BE010E945913888B998BED
:102350009601F5014485558566857785802F0E9415
:102360000F1225C081FF1EC08C819D81AE81BF816F
:10237000082E8B2FB02D092E9A2FA02D0196A11D6E
:10238000B11D082E8B2FB02D092E9A2FA02D8887D6
:102390009987AA87BB871C821D821E821F8284E1C7
:1023A0008D87B3CF8C819D81AE81BF81F0CFC60177
:1023B0000E941F2880E090E0DF91CF910F91FF9065
:1023C000EF90DF90CF90BF90AF900895EF92FF9283
:1023D0000F931F93E216F3060407150780F06217A8
:1023E00073078407950740F0E616F70608071907F4
:1023F00018F081E090E00EC080E090E00BC026175E
:10240000370748075907C0F36E157F058007910706
:1024100098F3EFCF1F910F91FF90EF9008956F9277
:102420007F928F929F92AF92BF92CF92DF92EF9264
:10243000FF920F931F93CF93DF93CDB7DEB72A9709
:102440000FB6F894DEBF0FBECDBF182F3A014B0177
:1024500044E150E060E2C9010E94AE265C010097B1
:1024600009F46AC0FC01E780F08485E4F701808309
:102470001182F5018185928525853685820F931F0E
:1024800021893289820F931F082E892F902DF70101
:10249000828393831682178280E480871187608A03
:1024A000718A828A938AFFEF6F16FFEF7F06FFEF34
:1024B0008F06FFEF9F0609F45FC0AE01495F5F4FD3
:1024C000C401B3010E9493146C010097A9F1FC01AF
:1024D00007851089F801878D90A19C010196878F4F
:1024E00090A3022E232F302DF70124833583F8018A
:1024F00081859285A385B485F70184879587A68712
:10250000B78712861386F5014185528567817085EC
:1025100080E090E00E945913F70182879387F801C9
:102520008081863061F0873139F4A50161E270E085
:10253000C6010E94782A6DC08FEF9FEF6AC04F815D
:10254000588569857A85411551056105710511F434
:10255000B401A3019E012F5F3F4FC6010E94931655
:10256000892B51F79501AE014F5F5F4F60E078E036
:10257000C6010E9411174DC046E050E06FEF70E0B9
:10258000CE0101960E94734CC090690DD0906A0DE7
:10259000C114D10451F0F6018385833049F0F6016E
:1025A000C080D180C114D104B1F780E090E031C087
:1025B00007851089F801878D90A19C010196878F6E
:1025C00090A3022E232F302DF70124833583F801A9
:1025D00081859285A385B485F70184879587A68731
:1025E000B78712861386F50141855285678170850C
:1025F00080E090E00E945913F7018287938795014C
:10260000AE014F5F5F4F60E078E0C6010E94111796
:10261000C6CF2A960FB6F894DEBF0FBECDBFDF91AE
:10262000CF911F910F91FF90EF90DF90CF90BF90CF
:10263000AF909F908F907F906F900895CF93DF938E
:102640009B01FA01AC0166277727E901E230F10529
:1026500060F089919991AA27BB27480F591F6A1FDB
:102660007B1F3297E230F105A0F7EF2B29F088812C
:10267000480F511D611D711DCB01AA27BB27009773
:10268000A105B10591F0DB01CA01A070B070AB01EA
:1026900066277727480F591F6A1F7B1FCB01AA2780
:1026A000BB270097A105B10571F7CA01DF91CF9152
:1026B00008950E941E13809590950895EF92FF92C1
:1026C0000F93CF93DF93CDB7DEB72C970FB6F89467
:1026D000DEBF0FBECDBFDC01CB0189839A83AB8304
:1026E000BC832D833E834F83588719860A87EB86E8
:1026F000FC864CE050E0BE016F5F7F4F80E090E0D1
:102700000E941E132C960FB6F894DEBF0FBECDBFED
:10271000DF91CF910F91FF90EF900895AF92BF920C
:10272000CF92DF92EF92FF920F930E945E138095FB
:1027300090950F91FF90EF90DF90CF90BF90AF906A
:1027400008952F923F924F925F926F927F928F9255
:102750009F92AF92BF92CF92DF92EF92FF920F9330
:102760001F93CF93DF93CDB7DEB724970FB6F894BE
:10277000DEBF0FBECDBF2B013C0149015A01E982EA
:10278000FA820B831C838FEFE82EF82EE1EFF9E03D
:102790000FB6F89480818F5F80830FBE0FB60F92C3
:1027A000F8948091F109813009F049C02090EF0937
:1027B0003090F0090FEE19E021143104D9F0F10145
:1027C00086819781A085B185281739074A075B075D
:1027D00088F48101D1012D903C902114310451F0F5
:1027E000F10186819781A085B18588169906AA0690
:1027F000BB0678F380E190E00E94404B9C0100977B
:10280000F1F0482059206A207B20FC01428253824B
:102810006482758286829782A086B18689819A8138
:10282000AB81BC8182879387A487B587C686D7860C
:1028300020823182D8012D933C93EE24FF240F9007
:102840000FBEE1EFF9E00FB6F894808181508083EC
:102850000FBEC70124960FB6F894DEBF0FBECDBFE2
:10286000DF91CF911F910F91FF90EF90DF90CF906C
:10287000BF90AF909F908F907F906F905F904F90A0
:102880003F902F900895EF92FF920F931F93CF9355
:10289000DF937B018C01EA01622FE0E0F0E024305D
:1028A000D0F5E091EF09F091F0093097B1F0868111
:1028B0009781A085B1858E219F21A023B1232281FC
:1028C00033814481558182179307A407B50729F006
:1028D0000190F081E02D309751F73097E1F020978B
:1028E00061F082859385A485B5850097A105B10522
:1028F00021F088839983AA83BB8386859785892B5A
:1029000051F46F5F262FAE016285738584859585AE
:102910000E944314FC01CF01DF91CF911F910F91D1
:10292000FF90EF9008950F931F93CF93DF93EC01E7
:10293000DB014115510529F0FA0110821182128242
:10294000138201EF19E0F8010FB6F89480818F5FD0
:1029500080830FBE20E0BD01CE010E944314DC0144
:10296000F8010FB6F8948081815080830FBE1097D4
:1029700029F01E968D919C911F9701C0CD01DF918A
:10298000CF911F910F910895CF93DF93CDB7DEB70D
:1029900024970FB6F894DEBF0FBECDBFFC0119829D
:1029A0001A821B821C8240E0DE01119680818053D6
:1029B0008A3028F520E030E0C90153E0880F991FE4
:1029C0005A95E1F7820F931F280F391F8191280F25
:1029D000311D205330408081803330F08A3320F421
:1029E0002F3F310549F340F32F3F310509F038F40B
:1029F0004F5F2D938E3241F431964430B8F26FEF31
:102A00007FEF8FEF9FEF06C04430C9F769817A816D
:102A10008B819C8124960FB6F894DEBF0FBECDBF8C
:102A2000DF91CF910895CF92DF92FF920F931F9382
:102A3000CF93DF93CDB7DEB727970FB6F894DEBFFD
:102A40000FBECDBF6C837D838E839F8362EFC62EC6
:102A500069E0D62ED6018E010C5F1F4FFF2450E097
:102A6000F80130814AE0832F642F0E94CE4C292F39
:102A7000832F0E94CE4C8083BE016F5F7F4FFB018E
:102A8000E50FF11D205D20835F5FF80180818823C1
:102A900039F751505F3F39F0FB01E50FF11D80819F
:102AA0008D935150C8F78EE28D930F5F1F4FF394B3
:102AB000F3E0FF15A0F611971C92C60127960FB6FA
:102AC000F894DEBF0FBECDBFDF91CF911F910F9164
:102AD000FF90DF90CF900895CF93DF93CDB7DEB70F
:102AE00026970FB6F894DEBF0FBECDBF1B821C82A7
:102AF00060E67AEE80E090E00E9410470091690D58
:102B000010916A0D0115110599F3F8018385833041
:102B100039F0F8010081118101151105B1F7E8CFF5
:102B2000A785B08991968D919C91929789839A837C
:102B30009196AD83BE8389819A81892B51F3E98176
:102B4000FA818585982F8F5F8587993060F0AD81F8
:102B5000BE81E981FA81808191818D939C938981E5
:102B60009A818B839C838B819C81892B21F4898121
:102B70009A818D839E83E981FA8180819181898305
:102B80009A838B819C81892B31F08B819C810E945F
:102B9000C94B1B821C8289819A81892B81F6B9CF0E
:102BA000CF93DF93CDB7DEB722970FB6F894DEBF91
:102BB0000FBECDBFFC0181A192A189839A83898137
:102BC0009A81892BA9F0E981FA8182819381A4817C
:102BD000B58184179507A607B70751F0E981FA81F7
:102BE0008081918189839A8389819A81892B59F780
:102BF00089819A8122960FB6F894DEBF0FBECDBFB1
:102C0000DF91CF9108958F929F92AF92BF92CF9212
:102C1000DF92EF92FF920F93CF93DF934C016A0103
:102C20007B01590180E190E00E94B44BFC01892BAB
:102C3000E1F0C282D382E482F582A114B10441F0B2
:102C400086E0EF012696D5010D9009928A95E1F76D
:102C500004870FB60F92F894E40189A19AA18083AA
:102C60009183E9A3FAA30F900FBECF01DF91CF911B
:102C70000F91FF90EF90DF90CF90BF90AF909F901B
:102C80008F900895AF92BF92CF92DF92EF92FF9212
:102C90000F93CF93DF93EC016A017B0159014091BF
:102CA000020A5091030A4115510531F1B701A601FD
:102CB0008F8598890E94D015FC01892BA1F084850D
:102CC00082FD0CC0158686E0EF012696D5010D9099
:102CD00009928A95E1F78485826084873E96CF01C8
:102CE0000E942B4916C002E09501B701A6018F850D
:102CF00098890E9403160DC020E831E06CE675E16A
:102D000086EE94E00E94814A9093030A8093020A1F
:102D1000CDCFDF91CF910F91FF90EF90DF90CF90CB
:102D2000BF90AF9008954F925F926F927F928F9273
:102D30009F92AF92BF92CF92DF92EF92FF920F934A
:102D4000CF93DF935C016A017B01290188249924D8
:102D50008FEF682E782EF501878590890E94D01517
:102D6000EC01892B09F43FC08C8581FF0AC086E005
:102D7000D201FE01369601900D928A95E1F79401F9
:102D80003FC020E030E0B701A60181E090E00E9462
:102D90007B194C01892B21F103E0B401C5010E948C
:102DA000D7199C01892B69F48C8581FD0FC044EFF4
:102DB00051E060E070E0CE010E960E944B48015059
:102DC00060F7C4010E941F2893011AC086E0D20157
:102DD000FE01369601900D928A95E1F73901F1CF07
:102DE0002FEF3FEF0DC000E09401B701A601F50100
:102DF000878590890E940316EC01892B11F6E4CF98
:102E0000C901DF91CF910F91FF90EF90DF90CF90AC
:102E1000BF90AF909F908F907F906F905F904F90FA
:102E200008958F929F92AF92BF92CF92DF92EF92CE
:102E3000FF920F931F93CF93DF934C017B015A01B5
:102E400089014EE050E060E1C9010E94AE26892B65
:102E500069F1F801C381D481F401C784D08886E088
:102E6000DE011696F601319601900D928A95E1F7F2
:102E7000A114B10499F086E0DE01F50101900D92F4
:102E80008A95E1F70E2CEF2CF02CEC86FD86E601FE
:102E9000EDA1FEA1B801C40109950AC046E050E0C9
:102EA0006FEF70E0CE010E94734CECCF8FEF9FEF7D
:102EB000DF91CF911F910F91FF90EF90DF90CF9016
:102EC000BF90AF909F908F900895CF93DF93EC01C8
:102ED00040E250E060E470E08DE89DE00E944E4CDE
:102EE00080918D0D803239F4BE018EE89DE00E9404
:102EF000874C009789F186E0A7E9BDE0ECEEF4E0AD
:102F000001900D928A95E1F710929D0D10929E0D01
:102F100010929F0D1092A00D82EF94E00E94C414B5
:102F2000DC01CB018093A10D9093A20DA093A30D82
:102F3000B093A40D1092A90D1092AA0D1092AB0D92
:102F40001092AC0D1092A50D1092A60D1092A70D27
:102F50001092A80D8FEF9FEFDF91CF910895EF9220
:102F6000FF920F931F93CF93DF9380E280938D0D99
:102F70008DE8E82E8DE0F82E00E010E0C0E4D0E00F
:102F8000F70181917F01682FCE010E945F4C21964D
:102F90000F5F1F4F0032110598F380E090E0DF9142
:102FA000CF911F910F91FF90EF9008952F923F9234
:102FB0004F925F926F927F928F929F92AF92BF9249
:102FC000CF92DF92EF92FF920F931F93CF93DF93F5
:102FD000CDB7DEB72A970FB6F894DEBF0FBECDBFD0
:102FE00089879A872A013B0148015901C982DA82FF
:102FF000EB82FC82FC012784308841155105610574
:10300000710571F440909D0D50909E0D60909F0D44
:103010007090A00D411451046104710409F495C02D
:10302000F101418652866386748681149104A1045D
:10303000B10409F483C0F101818A928AA38AB48A17
:10304000A3019201282139214A215B212D833E834E
:103050004F835887C984DA84EE24FF248701A501B1
:1030600094016D817E818F8198850E94A113898151
:103070009A81AB81BC810097A105B10509F051C0CF
:103080008EE89DE029E0DC01E985FA853296019021
:103090000D922A95E1F726E0FC013996D1011196AF
:1030A0000D9001922A95E1F740929D0D50929E0D50
:1030B00060929F0D7092A00D8092A10D9092A20D32
:1030C000A092A30DB092A40D29813A814B815C811D
:1030D0002115310541055105A9F48091A50D909167
:1030E000A60DA091A70DB091A80D88219921AA2124
:1030F000BB212D813E814F81588582179307A407FC
:10310000B50761F089819A81AB81BC818093A50D5F
:103110009093A60DA093A70DB093A80D0E94AF1792
:1031200016C0C984DA847C018D0120E030E040E0E3
:1031300050E0CA01B9010E94A113A2CF82EF94E02E
:103140000E94C4144B015C0176CF8FEF9FEF2A964B
:103150000FB6F894DEBF0FBECDBFDF91CF911F91A8
:103160000F91FF90EF90DF90CF90BF90AF909F9026
:103170008F907F906F905F904F903F902F90089529
:103180002F923F924F925F926F927F928F929F9277
:10319000AF92BF92CF92DF92EF92FF920F931F9365
:1031A000CF93DF936B0119012A01370148010E9477
:1031B0006F425C010097E1F1EC018B858330C1F532
:1031C0000F84D889C02D28812630A9F1273181F5B7
:1031D000F5010189128986E09EE28BA39CA3CF8230
:1031E000D88623893489C501F9010995892B01F510
:1031F00040E050E060E070E0C8010E944B48F801F8
:1032000081A18F30A1F480E095E00E94C414DC011C
:10321000CB01C984DA84EB84FC848C019D01B70165
:10322000A601C5010E94D61780E090E02CC011A233
:103230008FEF9FEF28C082E09AE18BA39CA3822F9F
:10324000DE011196F60101900D928A95E1F7E501F4
:10325000EB89FC89C5010995892B51F7D201C10180
:103260008E219F21A023B1230097A105B10541F034
:10327000CC24DD24760194018301B201A101D1CFD8
:10328000C5010E944922DF91CF911F910F91FF90BC
:10329000EF90DF90CF90BF90AF909F908F907F90F6
:1032A0006F905F904F903F902F900895CF92DF9254
:1032B000EF92FF920F931F936C010E946517E090AD
:1032C000A10DF090A20D0091A30D1091A40D2091DD
:1032D000A90D3091AA0D4091AB0D5091AC0D67E94D
:1032E0007DE0C6010E94C0181F910F91FF90EF90E2
:1032F000DF90CF9008958F929F92AF92BF92CF921E
:10330000DF92EF92FF920F931F93CF93DF938C0185
:103310004A015B0169014CE150E060E280E090E02D
:103320000E94AE267C01009709F434C0FC01C781DD
:10333000D08581E090E0082E892F902D8883998395
:1033400080E098E0082E892F902D8A839B8396E059
:103350009C8384E08D83002E012F102D0E831F830C
:10336000C114D10471F0892FDE015296F60101904B
:103370000D928A95E1F7888E998EAA8EBB8EC70131
:1033800009C0CE01429646E050E06FEF70E00E9427
:10339000734CF1CFDF91CF911F910F91FF90EF9080
:1033A000DF90CF90BF90AF909F908F9008950F9334
:1033B0001F93CF93DF938C019B01EB01EF81F88585
:1033C000EC016F85788946E0CF010896EB012196E4
:1033D000DC0109900D924A95E1F7EB0189859A8508
:1033E000AB85BC8586879787A08BB18B7296AF0122
:1033F00066E078E0C8010E941117DF91CF911F911C
:103400000F910895CF93DF939C01DB011396ED910B
:10341000FC9114973E961796ED93FC9318973E9760
:1034200015968D919C9116970E9719968D939C9356
:103430001A978EE090E015968D939C93169784854D
:103440009585082E892F902D48E08030940759F0FB
:103450008650984021F0CB010E941F2807C0C90167
:103460000E942C1B03C0C9010E94391ADF91CF9121
:1034700008952F923F924F925F926F927F928F9218
:103480009F92AF92BF92CF92DF92EF92FF920F93F3
:103490001F93CF93DF93CDB7DEB725970FB6F89480
:1034A000DEBF0FBECDBF89839A836C837D83FB0112
:1034B00067807084F3012081822F807F803429F01F
:1034C0008C819D810E941F28AEC086819781082E25
:1034D000892F902D9F73892B99F72F70222E3324DB
:1034E000220C331C220C331CF30180889188A288A3
:1034F000B388E981FA8147845088FFEF8F16FFEF88
:103500009F06FFEFAF06FFEFBF0609F489C0F20187
:1035100001851285238534850115110521053105A5
:1035200071F081899289A389B48988299929AA2966
:10353000BB298F5F9F4FAF4FBF4F09F471C01B82F4
:10354000011511052105310529F4F301818581302B
:1035500009F44AC081149104A104B10409F4B0CF64
:10356000F20181859285A385B48588169906AA06FD
:10357000BB0609F0A5CFEC81FD8121863286C3010F
:10358000820D931D83879487F30182819381082E96
:10359000892F902D82199309EC81FD81858796876B
:1035A000F3018185992786309105A9F0873091052F
:1035B00054F4019709F084CF6C817D8189819A81CF
:1035C0000E94261C30C0419709F07ACF8C819D81E2
:1035D0000E94CB1B28C0FB81FF2309F071CF8C8197
:1035E0009D810E94941B1FC0D501C4018070907002
:1035F000A0708030F0E09F07F0E0AF07FFEFBF075B
:1036000009F4A8CF0097A105B10509F4A3CF68017B
:103610007901B501A40189819A810E94D6179ACFB8
:1036200041E04B83A8CF25960FB6F894DEBF0FBEBE
:10363000CDBFDF91CF911F910F91FF90EF90DF9061
:10364000CF90BF90AF909F908F907F906F905F9042
:103650004F903F902F900895CF92DF92EF92FF927C
:103660000F931F93CF93DF936C017B01FB01C78105
:10367000D08588819981082E892F902D019709F096
:1036800047C08A819B81082E892F902D80509840B9
:1036900009F03EC08C81863009F03AC08D818430BB
:1036A000B9F5F601A785B089288D398D4A8D5B8DD6
:1036B00019968D919D910D90BC91A02D28173907D9
:1036C0004A075B0729F58E01085F1F4F98014E8559
:1036D0005F8568897989C6010E9442168E819F8123
:1036E000082E892F902D019799F498014E855F85BA
:1036F0006889798982E090E00E947B19EC0100974B
:1037000039F0BC01C6010E94D719CE010E941F28C2
:10371000C7010E941F28DF91CF911F910F91FF9049
:10372000EF90DF90CF900895CF93DF93FC01A385B6
:10373000B4851C968C911C9782958F70282F332707
:10374000220F331F220F331F85859685821B930B13
:10375000818B928B892B71F01C968C911C97829592
:103760008F709927880F991F880F991F8A0F9B1FA9
:103770008787908B1C968C9182958F709927880FE4
:10378000991F880F991F85879687CF010E94880F00
:10379000DF91CF9108950F931F93CF93DF93EC01A7
:1037A000EB85FC853896EF87F88B38978D859E855D
:1037B0000897898B9A8B88E090E08D879E8782811D
:1037C00093810E94C61D8C01009789F0FC018481C1
:1037D0009581009749F4F801C483D5830A5F1F4F90
:1037E000C8010E94FB4806C00E941F28F4CFCE01EA
:1037F0000E941F28DF91CF911F910F910895FF9292
:103800000F931F93CF93DF93FC01F62E8A01EA01F9
:103810002F813885E9014C855D856E857F8507841C
:10382000F089E02D81859285A385B4858C879D875D
:10383000AE87BF878FEF888798018F2D0E943E1C2F
:10384000DF91CF911F910F91FF900895CF93DF9358
:103850009C01EB018D859E85099750F0EB85FC85D9
:103860008081883029F4AB0160E0C9010E94FF1B10
:10387000CE010E941F28DF91CF910895AF92BF9291
:10388000CF92DF92EF92FF920F931F935A016B0139
:103890008901F901E384F484F701808312821382A1
:1038A000F901458556856385748580E090E00E9426
:1038B0005913F701828393839801B601A50181E032
:1038C0000E940F121F910F91FF90EF90DF90CF9009
:1038D000BF90AF9008952F923F924F925F926F9258
:1038E0007F928F929F92AF92BF92CF92DF92EF9290
:1038F000FF920F931F93CF93DF93382E262E49010B
:103900005A012701380148E050E060E4C6010E94F6
:10391000AE26EC010B851C85F80130822182848261
:103920009582A682B782128213824D855E856B8551
:103930007C8580E090E00E941E1349895A896F853A
:1039400078890E945913F801828393839E01B30101
:10395000A20181E00E940F12DF91CF911F910F9180
:10396000FF90EF90DF90CF90BF90AF909F908F909F
:103970007F906F905F904F903F902F900895CF93DE
:10398000DF93EC01892B59F580910A0590910B0585
:10399000019690930B0580930A05892B31F480E002
:1039A00090E190930B0580930A05E091040AF09151
:1039B000050A309771F020910A0530910B0582813C
:1039C00093818217930729F00190F081E02D3097C1
:1039D000B1F7EF2BC9F6C0910A05D0910B0588E02D
:1039E00090E00E94B44BFC01892B79F00C2ECD2F76
:1039F000D02DC283D3838091040A9091050A8083DD
:103A00009183F093050AE093040ACF01DF91CF91EF
:103A100008956F927F928F929F92AF92BF92CF92B2
:103A2000DF92EF92FF920F931F93CF93DF933C01AE
:103A30005A016B014901A70160E880E090E00E9413
:103A4000AE26EC01892B91F08F859889A701B801EA
:103A50000E946A4C8E019401B601A501C3010E9427
:103A6000DD1D8C01CE010E941F2802C00FEF1FEF49
:103A7000C801DF91CF911F910F91FF90EF90DF90E0
:103A8000CF90BF90AF909F908F907F906F90089550
:103A90004F925F926F927F928F929F92AF92BF925E
:103AA000CF92DF92EF92FF920F931F93CF93DF930A
:103AB0005C014B013A012901FC0184819581892B2C
:103AC00069F1F501C481D581209731F1F5011482A6
:103AD0001582EF81F88584859585A685B785F401E3
:103AE00080839183A283B383EB85FC858081918160
:103AF000F3018083918389899A898017910708F45B
:103B00008C018F859889A801BC01C2010E946A4C72
:103B1000CE010E941F2809C08E0107C0C50106966C
:103B2000B701A6010E944B48CCCFC801DF91CF91CD
:103B30001F910F91FF90EF90DF90CF90BF90AF90CB
:103B40009F908F907F906F905F904F9008952FEF90
:103B50003FEFA4E0BAE0E091040AF091050A309743
:103B600099F0E817F90739F0DF010190F081E02DB5
:103B70003097B9F709C0808191818D939C93CF01D3
:103B80000E94C94B20E030E0C90108959C0140E04B
:103B900050E0E091040AF091050A309761F08281CB
:103BA00093818217930731F00190F081E02D3097D7
:103BB000B1F701C0AF01CA0108954F925F926F92B1
:103BC0007F928F929F92AF92BF92CF92DF92EF92AD
:103BD000FF920F931F93CF93DF93CDB7DEB7249758
:103BE0000FB6F894DEBF0FBECDBF2C013A014B01DA
:103BF000790148E050E060E4C8010E94AE266C0103
:103C0000009709F459C0FC01A384B484F2018281B5
:103C10009381F501808391830E2CEF2CF02CE282AE
:103C2000F382F6018585968521893289820F931F5B
:103C3000082E892F902DF50184839583AE014F5F67
:103C40005F4FC401B3010E949314FC01892B79F1E9
:103C50000784F089E02D81859285A385B4858983C9
:103C60009A83AB83BC83F50116821782E480F580CA
:103C700001E1A401930169817A818B819C810E9479
:103C80005E1348E050E0B5010E941E13F601418921
:103C90005289678570890E945913F501868397833D
:103CA0009601B401A301802F0E940F1207C0198250
:103CB0001A821B821C82D7CF8FEF9FEF24960FB6FC
:103CC000F894DEBF0FBECDBFDF91CF911F910F9152
:103CD000FF90EF90DF90CF90BF90AF909F908F902C
:103CE0007F906F905F904F900895EF92FF920F93A7
:103CF0001F93CF93DF938C017B01EA01DC018D914F
:103D00009C91009771F4CE0101960E94404BF801FE
:103D100080839183209741F0AE01B7010E946A4CE5
:103D200003C00E94C94BEFCFD801ED91FC91EC0F7D
:103D3000FD1F1082DF91CF911F910F91FF90EF90A7
:103D40000895AF92BF92CF92DF92EF92FF920F93BE
:103D50001F93CF93DF938C01FB016A0181E3D801AC
:103D60001D928A95E9F7AA24BB2480899189A289AA
:103D7000B389E80189839A83AB83BC83848195816D
:103D8000A681B781898F9A8FAB8FBC8F20EFE22EEF
:103D9000F12CE60EF71EE0E1FFEFCE0EDF1E1C1445
:103DA0001D040CF0DDC0E70128812F3F09F4D8C0C5
:103DB000222371F40894E11CF11C0894C108D10875
:103DC000A114B10409F0CCC01C141D0464F3C8C0D4
:103DD0008981C82FDD27CC16DD060CF4BEC0F701A3
:103DE00082819381A481B58133272C31310509F477
:103DF000AAC02D3131050CF04FC02630310509F431
:103E000042C0273031054CF521303105E9F023302F
:103E1000310569F0EC0EFD1E82E090E0E80EF91E1F
:103E2000CC1ADD0ACEEFDFEFCC0EDD1EC9CFC430D9
:103E3000D10534F0F80185879687A787B08BEACF44
:103E40008FEFA82EB82EE6CFC430D105CCF3F80101
:103E500085839683A783B087DDCF2C30310561F051
:103E60002F303105B9F6C7010296AE01BC01C80179
:103E70008F960E94751ECECFC7010296AE01BC017F
:103E8000C8018D96F6CFC430D105D4F2F801818BEC
:103E9000928BA38BB48BBECF2633310509F449C076
:103EA00027333105FCF42333310561F02533310527
:103EB00009F0B0CFC130D10519F6F7018281F801C0
:103EC0008083A8CFC430D1050CF4BACF082E8B2F35
:103ED000B02D092E9A2FA02DF801858F968FA78FD0
:103EE000B0A398CF2A333105A1F02B33310509F067
:103EF00091CFC430D1050CF4A3CF082E8B2FB02D59
:103F0000092E9A2FA02DF80181A392A3A3A3B4A3F5
:103F100081CFC430D1050CF493CF082E8B2FB02D58
:103F2000092E9A2FA02DF80185A396A3A7A3B0A7C9
:103F300071CFC430D1050CF483CFF801858B968BFB
:103F4000A78BB08F67CFC430D1050CF479CFF801BF
:103F500081879287A387B4875DCF9FEFA92EB92E63
:103F6000C501DF91CF911F910F91FF90EF90DF90EE
:103F7000CF90BF90AF9008958F929F92AF92BF92D3
:103F8000CF92DF92EF92FF920F931F93CF93DF9325
:103F9000CDB7DEB726970FB6F894DEBF0FBECDBF04
:103FA0004C015B01CA01B90128EE33E040E050E06A
:103FB0000E94AF4CDC01CB016C017D0104E212E0F8
:103FC0009501AE014F5F5F4FBE016D5F7F4FC40132
:103FD0000E94481D26960FB6F894DEBF0FBECDBFD7
:103FE000DF91CF911F910F91FF90EF90DF90CF90D5
:103FF000BF90AF909F908F900895EF92FF920F9394
:104000001F938C01E62EDA01C90124E232E0F801A7
:10401000119221503040E1F731E0F32EF801F082A7
:1040200084839583A683B783F18286E08283045ECE
:104030001F4F46E050E066E07AE0C8010E946A4CFB
:10404000F801E053FF4F80910C0590910D05A09170
:104050000E05B0910F0581939193A193B19385E3E0
:104060008193F192E192CF011F910F91FF90EF9018
:1040700008954F925F926F927F928F929F92AF922C
:10408000BF92CF92DF92EF92FF920F931F93CF9345
:10409000DF932C014A015B013901680181E0E701EE
:1040A0008883298D3A8D4B8D5C8D682FC6010E94C7
:1040B000FD1FFC0189A59AA5082E892F902DE601E8
:1040C000888799878FEF8193EC19FD097F0186011D
:1040D0009301B501A401C2010E94091DDF91CF9196
:1040E0001F910F91FF90EF90DF90CF90BF90AF9016
:1040F0009F908F907F906F905F904F9008954F9218
:104100005F926F927F928F929F92AF92BF92CF9267
:10411000DF92EF92FF920F931F93CF93DF932C01C7
:104120004A015B013901680183E0E7018883298D39
:104130003A8D4B8D5C8D682FC6010E94FD1FFC01DE
:1041400082E3819324E0219389819A81AB81BC81B0
:1041500081939193A193B19386E3819321938D8968
:104160009E89AF89B88D81939193A193B1938FEF7D
:104170008193EC19FD097F0186019301B501A4012A
:10418000C2010E94091DDF91CF911F910F91FF90F5
:10419000EF90DF90CF90BF90AF909F908F907F90E7
:1041A0006F905F904F9008954F925F926F927F92C1
:1041B0008F929F92AF92BF92CF92DF92EF92FF9237
:1041C0000F931F93CF93DF932C014A015B013901B9
:1041D000680187E0E7018883298D3A8D4B8D5C8DDE
:1041E000682FC6010E94FD1FFC0189819A81AB8165
:1041F000BC81E601888B998BAA8BBB8B86E381936C
:1042000084E08193E7018D899E89AF89B88D819380
:104210009193A193B1938FEF8193EC19FD097F01E5
:1042200086019301B501A401C2010E94091DDF911D
:10423000CF911F910F91FF90EF90DF90CF90BF90A3
:10424000AF909F908F907F906F905F904F90089568
:10425000CF93DF93CDB7DEB72C970FB6F894DEBFC0
:104260000FBECDBF8F839887FC010784F089E02DB6
:10427000E987FA875F01CC24DD241B821C8220E0C1
:1042800030E029833A8384E490E00E94BF1C4C0113
:1042900081E390E00E94404B2C0181E390E00E947A
:1042A000404B8B879C8784E292E00E94404B3C010C
:1042B00084E292E00E94404B8D839E83811491049E
:1042C00009F486C01B821C822224332481E3EB85FF
:1042D000FC8511928A95E9F7EB85FC85A18EB28E5B
:1042E000C38ED48E29813A81C901AA27BB2781A711
:1042F00092A7A3A7B4A77F010D811E8123E430E01C
:104300004FEF5FEF6FEF7FEFC4010E9439209923D9
:1043100064F123E030E040E050E0B301C4010E94CA
:10432000BC1FAC01892B09F4ADC0F30184819581D8
:10433000A681B7818A159B05AC05BD0551F7B30170
:10434000C2010E94A11E892B21F721E030E02B83BE
:104350003C838B819C81892B41F40894211C311C66
:104360009AE0291631040CF4B1CFEB81FC81EF2BDC
:1043700079F11B821C8281E3AB85BC85F20101903F
:104380000D928A95E1F7EB84FC840D811E8123E474
:1043900030E04FEF5FEF6FEF7FEFC4010E947F20AF
:1043A00097FD6BC025E030E040E050E0B301C40170
:1043B0000E94BC1FAC0197FD0BC0F3018481958165
:1043C000A681B7818A159B05AC05BD0509F449C0D6
:1043D0008B819C81892BE9F1F201C584D684E78425
:1043E000F088058116812781308541815281638162
:1043F00074818F8198850E94D6172B813C81232B55
:1044000021F08CE09AE00E94FB48E985FA858185DD
:104410009285A385B4850097A105B10561F40E943A
:10442000FA49E985FA8581859285A385B485009747
:10443000A105B105A1F38CE09AE00E94FB488EEF44
:104440000E94404A60E67AEE80E090E00E941047C9
:10445000F9CFCC24DD24760197018601B701A601AE
:10446000C8CFB301C2010E94A11E892B09F0B0CFB1
:1044700021E030E02B833C83ABCF8114910409F021
:1044800021CFA6CF29813A812D5F3F4F29833A83DF
:1044900060CFCF93DF93FC01A785B08986E0C6E0AB
:1044A000DAE011960D9009928A95E1F720E032E06A
:1044B000AF0168E271E280E195E00E94814A40E04C
:1044C00050E060E070E08CE09AE00E944B48DF91A1
:1044D000CF910895FC01872F99278193608382E013
:1044E00090E00895CF93DF93DC01EB01FB01019095
:1044F0000020E9F79F0121503040261B370B2E5F2B
:104500003F4FFC01AC01119610828881882399F0FD
:1045100088818E3251F08D932196FA0180818F5FD0
:10452000808388818823A1F706C0FD01AD01119623
:1045300010822196F6CF1C92C901DF91CF91089588
:10454000FC01DB0181919927382F22272D933C9381
:10455000119780819927282B392B2D933C9382E04A
:1045600090E00895FC0181919927AA27BB27222773
:10457000382F492F5A2FDB012D933D934D935C9398
:10458000139781919927AA27BB27282B392B4A2BD0
:104590005B2B542F432F322F2227DB012D933D938A
:1045A0004D935C93139781919927AA27BB27282BBA
:1045B000392B4A2B5B2B542F432F322F2227DB0121
:1045C0002D933D934D935C93139780819927AA2750
:1045D000BB27282B392B4A2B5B2BFB0120833183F4
:1045E0004283538384E090E00895EF92FF920F930B
:1045F0001F93CF93DF93EC018B01FB0180819181AD
:10460000009761F588819927807C9070803C9105A6
:1046100011F1FE0101900020E9F77F01EC1AFD0A7B
:10462000C7010E94404BF80180839183FC0199915E
:10463000992371F091509F3F21F08991819391507E
:10464000E0F79991992311F08EE28193992391F7E4
:104650001082C70109C082E090E006C00E94C94BE9
:10466000F80110821182CECFDF91CF911F910F916F
:10467000FF90EF900895EF92FF920F931F93CF93C7
:10468000DF937C018B01EA01FB018081918100971E
:1046900011F00E94C94BCE010E94404BF80180836B
:1046A0009183AE01B7010E946A4CCE01DF91CF9198
:1046B0001F910F91FF90EF900895CF93DF93FC012E
:1046C000EB01892B69F0309789F0C083D18380E0BA
:1046D00091E08283938381E090E08483958306C098
:1046E0008CE090E00E94B44BFC01EDCFCF01DF9154
:1046F000CF910895009711F00E94C94B0895CF9271
:10470000DF92EF92FF920F931F937C016B01FB01ED
:10471000608171810E946A228C01C701800F911F04
:10472000F601628173810E946A22080F191FC70176
:10473000800F911FF601648175810E946A22080F23
:10474000191FC701800F911FF601668177810E94B2
:104750006A22080F191FC701800F911FF60160859B
:1047600071850E946A22080F191FE00EF11EF601E2
:1047700062857385C7010E946A22080F191FC8014C
:104780001F910F91FF90EF90DF90CF900895CF92FF
:10479000DF92EF92FF920F931F937C016B01BC019C
:1047A000C6010E94A0228C0182E090E0E80EF91E72
:1047B000C601800F911FB7010E94A022080F191F88
:1047C00082E090E0E80EF91EC601800F911FB7014C
:1047D0000E94A022080F191F82E090E0E80EF91E47
:1047E000C601800F911FB7010E94A022080F191F58
:1047F00082E090E0E80EF91EC601800F911FB7011C
:104800000E94A022080F191F82E090E0E80EF91E16
:10481000C00ED11EB701C6010E94A022080F191FA9
:10482000C8011F910F91FF90EF90DF90CF900895F6
:104830000F931F93CF93DF93EC018B01892BB9F07A
:104840002097D9F0F80101900020E9F7E01BF10B67
:10485000CF010E94404B88839983B8010E94914CFC
:1048600081E090E08A839B838C839D8306C086E0F1
:1048700090E00E94B44BEC01E3CFCE01DF91CF91E9
:104880001F910F910895CF93DF93EC01892B59F07D
:1048900088819981009721F4CE010E94C94B03C001
:1048A0000E94C94BF9CFDF91CF910895CF92DF924B
:1048B000EF92FF920F931F937C016B01FB016081CC
:1048C00071810E9472228C01C701800F911FF60135
:1048D000628173810E946A22080F191FE00EF11E87
:1048E000F60164817581C7010E946A22080F191FB1
:1048F000C8011F910F91FF90EF90DF90CF90089526
:10490000CF92DF92EF92FF920F931F937C016B0186
:10491000BC01C6010E94F5228C0182E090E0E80E05
:10492000F91EC601800F911FB7010E94A022080F37
:10493000191F82E090E0E80EF91EC00ED11EB701EB
:10494000C6010E94A022080F191FC8011F910F91D4
:10495000FF90EF90DF90CF900895009721F48EE0C4
:1049600090E00E94B44B0895CF93DF93EC01892B24
:1049700091F088819981009759F48C859D850097E5
:1049800021F4CE010E94C94B06C00E94C94BF9CF49
:104990000E94C94BF2CFDF91CF910895CF92DF9261
:1049A000EF92FF920F931F937C016B01BC01C60134
:1049B0000E94F5228C01C70102969601200F311F3B
:1049C000BC01C9010E94A022080F191FC70104964B
:1049D0009601200F311FBC01C9010E94A022080FBF
:1049E000191FC70106969601200F311FBC01C9018E
:1049F0000E94B222080F191FC7010A969601200FC4
:104A0000311FBC01C9010E94A022080F191FC00E4E
:104A1000D11EF701428553858CE090E0E80EF91E27
:104A2000B701C6010E943B23080F191FC8011F913F
:104A30000F91FF90EF90DF90CF900895CF92DF928B
:104A4000EF92FF920F931F93CF93DF93EC018B01B3
:104A500069017A0180910E0A90910F0A009799F5E9
:104A60008091100A9091110A009731F5209781F0FA
:104A7000FE0101900020E9F7EC1BFD0BCF010E9425
:104A8000404B90930F0A80930E0ABE010E94914CF6
:104A900001151105F9F0F80101900020E9F7E01B7C
:104AA000F10BCF010E94404B9093110A8093100AA2
:104AB000B8010E94914C0EC00E94C94B1092110A7D
:104AC0001092100AD3CF0E94C94B10920F0A109275
:104AD0000E0AC6CFC092120AD092130AE092140AAC
:104AE000F092150ADF91CF911F910F91FF90EF90F7
:104AF000DF90CF9008952F923F924F925F926F92E6
:104B00007F928F929F92AF92BF92CF92DF92EF925D
:104B1000FF920F931F93CF93DF93CDB7DEB76297CA
:104B20000FB6F894DEBF0FBECDBF8F83988719866E
:104B30001A861B861C86662477246D867E86230152
:104B40006F86788A8091120A9091130AA091140AB4
:104B5000B091150A0097A105B10529F460E070E055
:104B600080E090E0B7C0C3010E94BF1C1C01892BEC
:104B700009F480C080E092E00E94404B4C01698AB9
:104B80007A8AED85FE853196ED87FE87BF01C301E8
:104B90000E945D233C016F8178858F8598890E94F2
:104BA00018248F87988BB301C4010E947F235C0176
:104BB000C4018A0D9B1D6F8578890E945624A80E1A
:104BC000B91E7501840125E330E04091120A50912D
:104BD000130A6091140A7091150AC1010E94091DFF
:104BE0009923C4F1AA24BB2438EEC32E33E0D32E7C
:104BF000E12CF12C00E012E09401AE014F5F5F4F19
:104C0000BE016D5F7F4FC1010E94481D1816190635
:104C10007CF40D973CF3B401C3010E94C7235C01EF
:104C2000D3018D919C91ED85FE858E179F07D1F65E
:104C3000A114B10429F0F301848195810197F9F061
:104C400029893A892F5F3F4F298B3A8B25303105CF
:104C50000CF497CFC3010E947A238F8598890E9414
:104C60004324C2010E94B424C4010E94C94BC10163
:104C70000E94A71D69857A858B859C852BC0C40100
:104C80008A0D9B1DBC018F8598890E948024A80EE7
:104C9000B91EF30186819781892BE1F2C2010E943E
:104CA000AD242C01A80CB91CB5010E94CE24F20140
:104CB00082859385049721F6F20124853585D901F3
:104CC0008D919D910D90BC91A02D89879A87AB877E
:104CD000BC87C0CF62960FB6F894DEBF0FBECDBFC3
:104CE000DF91CF911F910F91FF90EF90DF90CF90C8
:104CF000BF90AF909F908F907F906F905F904F90FC
:104D00003F902F9008950F931F93CF93DF93EC0163
:104D10008B01CB010E94404B88839983009729F037
:104D20000A831B8380E090E004C08A839B838FEF1B
:104D30009FEFDF91CF911F910F9108950F931F93D4
:104D40008C01FC01808191810E94C94BF801108285
:104D50001182128213821F910F910895BF92CF92F8
:104D6000DF92EF92FF920F931F93CF93DF93EC01AB
:104D7000B62E7A01892B09F4C7C0209709F442C0E6
:104D8000BB2009F43FC0E114F10409F49AC0CB2C14
:104D9000DD24C4FE0DC08A8199278C01007110703A
:104DA00084FF86C08D819E818E159F0508F472C098
:104DB000C5FE0DC08A8199278C010072107085FF95
:104DC00060C089859A858E159F0508F44CC0C6FE83
:104DD0000CC08A8199278C010074107086FF37C03F
:104DE0008D859E858E159F0528F1B7FE08C08A81A6
:104DF00087FF1CC089899A898E159F0528F08A81B2
:104E00008B298A83CE0186C08E01015F1F4FC801A6
:104E10000E949E26B701C8010E948326892B79F340
:104E2000CE010E941F2880E090E074C0CE010F9652
:104E3000B701F2CF8E01055F1F4FC8010E949E2669
:104E4000B701C8010E948326892B79F2E9CFCE01F0
:104E50000B96B7010E948326892B39F2CE010E945E
:104E60001F28C80157C08E01095F1F4FC8010E944B
:104E70009E26B701C8010E948326892B09F4A7CF7B
:104E8000CFCFCE010796B7010E948326892B09F464
:104E90009ECFE4CF8E010D5F1F4FC8010E949E265A
:104EA000B701C8010E948326892B09F481CFB8CFAE
:104EB000CE010396B7010E948326892B09F478CF8F
:104EC000CDCF8A81B8220B2D112704FD18C005FD16
:104ED00011C006FD0AC0B7FE04C0CE010F960E94A5
:104EE0009E26B0948A818B218CCFCE010B960E9496
:104EF0009E26F1CFCE0107960E949E26EACFCE01D4
:104F000003960E949E26E3CF83E190E00E94B44B7B
:104F1000EC0133CFDF91CF911F910F91FF90EF9074
:104F2000DF90CF90BF9008950F931F93CF93DF939F
:104F30008C0183E190E00E94B44BEC01009709F4EE
:104F400079C0F801658176816115710509F05DC050
:104F5000F801618572856115710509F040C0F8019D
:104F6000658576856115710521F5F801618972897C
:104F70006115710511F4CE015DC0CE010F960E943E
:104F80008326892B81F4AF85B889F801278530897C
:104F900081899289AC01B901CD010E946A4C8A8154
:104FA00080688A83E8CFCE010E941F2880E090E0CD
:104FB00041C0CE010B960E948326892BA1F7AB85B9
:104FC000BC85F8012385348585859685AC01B901BA
:104FD000CD010E946A4C8A8180648A83C6CFCE014B
:104FE00007960E948326892BF1F6AF81B885F801D8
:104FF0002781308581859285AC01B901CD010E9460
:105000006A4C8A8180628A83AACF03960E94832693
:10501000892B49F6AB81BC81F801238134818581DC
:105020009681AC01B901CD010E946A4C8A818061F0
:105030008A838ECFDF91CF911F910F9108950F93A7
:105040001F938C0140E050E0FC0162810E94AE267B
:10505000C8010E94C94B009711F08FEF9FEF1F917D
:105060000F910895FC010188F289E02D11A20895A5
:10507000FC010188F289E02D81A1992708950F9301
:10508000CF93DF93EB01E989FA8901A1013039F06F
:105090000F30B9F011A2CF010E94D94812C082A1ED
:1050A000982F8F5F82A3933098F79B014FE358E2CC
:1050B00068E97AE380E090E00E947046CE010E94A9
:1050C000DD2ADF91CF910F9108959C01307047E068
:1050D00020FF0AC03695279588E094E828273927CD
:1050E000415047FFF5CF03C036952795F9CFC90149
:1050F00008957F928F929F92AF92BF92CF92DF924C
:10510000EF92FF920F931F93CF93DF93CDB7DEB74C
:10511000C258D0400FB6F894DEBF0FBECDBFFC0121
:105120007B016A0181889288A784B0887724452B07
:1051300009F488C090E0F401828D882319F081A1E0
:1051400082FD52C0F7012081203268F5FE013196C0
:10515000DF01A90FB11D8DE78C939F5FE90FF11D52
:1051600080E2282720830894E11CF11C73949F5F40
:10517000072D11270C151D0511F097FFDCCF892F86
:105180009927AC01BE016F5F7F4FF5018781908544
:105190000E944944F501878190850E946C450C1559
:1051A0001D0540F24FC02E3799F02D3729F0FE0132
:1051B000E90FF11D2183D7CFFE013196DF01A90F41
:1051C000B11D2C939F5FE90FF11D8DE58083CBCF3F
:1051D000FE013196DF01A90FB11D8DE78C939F5F12
:1051E000E90FF11D8EE5F2CFF70180818D30F1F0EE
:1051F0008A3081F08D3739F08E3751F3FE01E90F97
:10520000F11D8183B0CFFE013196DF01A90FB11DE1
:105210008C93D8CFFE013196DF01A90FB11D8DE728
:105220008C939F5FE90FF11D8AE2D0CFFE0131968A
:10523000DF01A90FB11D8DE78C939F5FE90FF11D71
:105240008DE2C4CFCE57DF4F0FB6F894DEBF0FBE4E
:10525000CDBFDF91CF911F910F91FF90EF90DF9025
:10526000CF90BF90AF909F908F907F9008958F9236
:105270009F92AF92BF92CF92DF92EF92FF920F93E5
:105280001F93CF93DF93CDB7DEB723970FB6F89474
:10529000DEBF0FBECDBF5C018B018EE78983F501B8
:1052A000A189B2898784908881E08093AD0DFB014C
:1052B0004581568181859285840F951F2585368588
:1052C000820F931F21893289820F931F53962D914C
:1052D0003C9154978217930708F0F2C08FEF9FEF2D
:1052E0008A839B83FB01E380F480CC24DD24C416F5
:1052F000D50608F4C8C0F801E780F084CC24DD248A
:1053000081859285C816D90608F4A0C0F801E38407
:10531000F484CC24DD2485859685C816D90608F446
:1053200078C0F801E784F088CC24DD248189928953
:10533000C816D90608F450C041E050E0BE01640F21
:10534000751FF401878190850E944944F8014581C9
:10535000568163817481C5010E947928F8014185D5
:10536000528567817085C5010E947928F8014585BD
:10537000568563857485C5010E947928F8014189A5
:10538000528967857089C5010E9479288A819B812D
:10539000809590958A839B8342E050E0BE01640F24
:1053A000751FC5010E94792841E050E0BE01640FDD
:1053B000751FF401878190850E944944F40187811B
:1053C00090850E946C451092AD0D8EEA9DE00E9482
:1053D000164980E090E079C0F70181917F0199271B
:1053E0002A813B81822793270E9465289C018A811C
:1053F0009B81892F9927822793278A839B830894EF
:10540000C11CD11CF80181899289C816D90620F3E4
:1054100093CFF70181917F0199272A813B818227D0
:1054200093270E9465289C018A819B81892F992757
:10543000822793278A839B830894C11CD11CF8017F
:1054400085859685C816D90620F36BCFF701819123
:105450007F0199272A813B81822793270E94652813
:105460009C018A819B81892F9927822793278A8390
:105470009B830894C11CD11CF80181859285C816B4
:10548000D90620F343CFF70181917F0199272A8123
:105490003B81822793270E9465289C018A819B81FA
:1054A000892F9927822793278A839B830894C11C7D
:1054B000D11CF80185819681C816D90620F31BCF2F
:1054C000CB010E941F288FEF9FEF23960FB6F89411
:1054D000DEBF0FBECDBFDF91CF911F910F91FF9027
:1054E000EF90DF90CF90BF90AF909F908F900895F6
:1054F000EF92FF920F931F93CF93DF937C01EB0109
:105500008A0144E050E060E1C8010E94AE26892B88
:10551000D1F0F801A381B4818FEF8C9383E01196D1
:105520008C9311970C2ECD2FD02D1296CD93DC930A
:105530001397E701EF85F88905A0F6A1E02DB801E2
:10554000C701099502C08FEF9FEFDF91CF911F91A7
:105550000F91FF90EF900895FC010188F289E02DF2
:10556000118E128E138E148E158E168E178E10A21B
:105570008FEF9FEFAFEFBFEF858B968BA78BB08F31
:105580008CED95E0838B948B11A20895EF92FF929E
:105590000F931F937C018B01FB0181819927AC0143
:1055A000C7010E946A4CF8018181E80EF11CC70115
:1055B0001F910F91FF90EF900895CF92DF92EF929D
:1055C000FF920F931F93CF93DF937C01EC01098926
:1055D0001A894AE050E060E280E090E00E94AE2646
:1055E0006C01EC01EF81F88581E08083E8018A8914
:1055F00081838F5F8A8B82E0848386E08583168235
:105600001782108611863A96E6018F8198859F0150
:10561000281B390BC9013A9729873A87082E892F09
:10562000902D82839383A60161E270ECC7010E94F2
:10563000782A892B19F4C6010E941F28DF91CF9187
:105640001F910F91FF90EF90DF90CF9008953F92C0
:105650004F925F926F927F928F929F92AF92BF9282
:10566000CF92DF92EF92FF920F931F93CF93DF932E
:105670003C012B01FC01C189D289FB01A780B084C8
:10568000F50182819381082E892F902D8283938347
:10569000808199278130910509F43AC0029709F079
:1056A000FEC089A1826089A346E050E060E280E00C
:1056B00090E00E94AE266C01FC010781108581E01C
:1056C000F80180838A8981838F5F8A8B1482158297
:1056D0000A5F1F4FE6018F819885F801E81BF90BDF
:1056E000CF0106501040E987FA87082E892F902DA8
:1056F000E8018A839B83A60163E270ECC3010E94E8
:10570000782A892B09F0CBC0C6010E941F28C7C088
:105710001D8A1E8A1F8A188E198E1A8E398CF501E1
:105720004281538160E280E090E00E94AE266C01ED
:10573000FC0107811085F5018181F801818382E0F8
:1057400090E0082E892F902D82839383F4E08F2E92
:10575000912C800E911EF50182819381059748F16D
:10576000E4E0EE2EF12CEA0CFB1CF7018081992776
:105770008330910509F47EC0843091050CF06EC031
:105780008130910509F455C0029709F444C0B7016E
:10579000C4010E94C62A4C013394F7018181E80EAE
:1057A000F11CF501828193818A0D9B1DE816F90693
:1057B000E0F23320E1F4E601EF81F885E2012F8188
:1057C000388589859A85AC01B901CF010E946A4C60
:1057D00082E0F8018083E60189859A85082E892F69
:1057E000902D82839383A60161E270EC87CFC30181
:1057F0000E94AC2A84E0E8018883F60187819085C5
:10580000881A990AC40181869286082E892F902DC4
:105810008A839B83E8CFF7018181992702979701BB
:105820002E5F3F4FAC01B901CE0145960E946A4CF4
:10583000B4CFF70181819927029797012E5F3F4FDF
:10584000AC01B901CE0143960E946A4C8B899C89B8
:10585000082E892F902D8B8B9C8B9FCF87309105A5
:1058600031F0089709F093CF81E08A8F96CF81E0DD
:10587000898F93CFF70181819927029797012E5F36
:105880003F4FAC01B901CE014B960E946A4C8B8D03
:105890009C8D082E892F902D8B8F9C8F7ECFC201DF
:1058A0000E941F28DF91CF911F910F91FF90EF90E1
:1058B000DF90CF90BF90AF909F908F907F906F9030
:1058C0005F904F903F9008952F923F924F925F923A
:1058D0006F927F928F929F92AF92BF92CF92DF9200
:1058E000EF92FF920F931F93CF93DF934C011B0115
:1058F000EC016F847888A988BA88FB01078110853C
:10590000E8018A819B81082E892F902D8A839B83B1
:10591000AC0160E280E090E00E94AE266C01EC01F8
:10592000EF80F884F8018181E701898382E090E0CB
:10593000082E892F902D8A839B83A4E04A2E512C18
:105940004E0C5F1CE801888199278230910509F48B
:105950008CC0833091050CF053C0019709F0CAC088
:10596000BB24E8018A819B810597A8F02496888151
:105970008330C9F1BE01C2010E94C62A2C01B39432
:105980008981C80FD11DF80182819381800F911FF9
:10599000C817D90760F3BB2009F0ACC0E601EF815E
:1059A000F885E1012F81388589859A85AC01B90197
:1059B000CF010E946A4C82E0F7018083E60189856D
:1059C0009A85082E892F902D82839383A60161E208
:1059D00070E8C4010E94782A892B09F08BC0C601A7
:1059E0000E941F2887C08981992702979E012E5FF8
:1059F0003F4FAC01B901C3010D960E946A4CC0CF64
:105A000083309105C9F0049709F074C0E8012A8138
:105A10003B812530310550F024968981C80FD11D76
:105A2000C801820F931FC817D907B8F3F50111A257
:105A3000C5010E94D9485EC08A819B81059708F400
:105A400059C0E601EF81F885E1012F81388589850C
:105A50009A85AC01B901CF010E946A4C81E0F7013F
:105A6000808381818F5F8183A9CF8A819B81059704
:105A7000B8F0E8012496888199278138910579F159
:105A800082389105F4F4039779F08981C80FD11D0C
:105A9000F80182819381800F911FC817D90758F3AD
:105AA0008FE0E50189A3C4CF8981992702979E01E0
:105AB0002E5F3F4FAC01B901C30109960E946A4CA9
:105AC000E4CF8338910509F78981992702979E01D0
:105AD0002E5F3F4FAC01B901C3014996EFCF8981D9
:105AE000992702979E012E5F3F4FAC01B901C30178
:105AF0004596E4CFC1010E941F28DF91CF911F91ED
:105B00000F91FF90EF90DF90CF90BF90AF909F905C
:105B10008F907F906F905F904F903F902F9008955F
:105B2000AF92BF92CF92DF92EF92FF920F931F93AB
:105B3000CF93DF937C016B01EC01A988BA88FB014C
:105B4000A781B08512968D919C911397082E892F6D
:105B5000902D12968D939C9313978C91823009F01F
:105B600047C0E50189A1846089A348E150E060E273
:105B700080E090E00E94AE268C01EC01EF81F88578
:105B800081E08083E5018A8981838F5F8A8B83E04E
:105B9000848396E09583168217821086118681E8A9
:105BA00082879387148615861686178683E8808BEE
:105BB000918B128A138A148A158A7696E8018F814E
:105BC00098859F01281B390BC901769729873A8749
:105BD000082E892F902D82839383A80161E270E8BB
:105BE000C7010E94782A892B19F4C8010E941F2836
:105BF000C6010E941F28DF91CF911F910F91FF9046
:105C0000EF90DF90CF90BF90AF900895CF93DF9348
:105C1000AC01DB011396ED91FC9114972281338145
:105C200034961796ED93FC93189715968D919C9149
:105C30001697049719968D939C931A9784E090E099
:105C400015968D939C931697022E232F302DE0E806
:105C500021323E07F1F0F0E822323F0758F42132BA
:105C6000310521F0CD010E941F2816C0CA010E94F3
:105C7000391A12C080EC2132380739F02352304CE7
:105C800089F7CA010E94902D07C0CA010E94272BE4
:105C900003C0CA010E94642CDF91CF910895CF9375
:105CA000DF93CDB7DEB721970FB6F894DEBF0FBEF6
:105CB000CDBF3C01FC01A784B088C188D2888CED9F
:105CC00095E00E94404B4C01892B09F49CC082E175
:105CD0000E94404AF60181A1882339F464E670E00D
:105CE00080E090E00E941047F5CF41E050E0BE0117
:105CF000640F751FF501878190850E949742892B5B
:105D000049F389818E3731F741E050E0BE01640FDD
:105D1000751FF501878190850E94974289818E3792
:105D200099F355240FEF1FEFEE24FF2499819E373E
:105D300089F19D3749F1F401EE0DFF1D9083552047
:105D400021F080E29827908355248081992780272D
:105D500091270E946528012F11270827192741E064
:105D600050E0BE01640F751FF501878190850E9488
:105D70009742892BA1F30894E11CF11CFCEDEF166E
:105D8000F5E0FF069CF2A6CF81E0582E0894E108CA
:105D9000F108E5CF085B104F69F0F601868597851D
:105DA000A089B1890196A11DB11D86879787A08B17
:105DB000B18B90CF8EEF9FEFE80EF91EA70160E147
:105DC00080E090E00E94AE268C01009709F482CF1B
:105DD000FC0183819481A701B4010E946A4CF60101
:105DE00086819781A085B1850196A11DB11D86830D
:105DF0009783A087B187F50123A134A1B801C3011E
:105E0000F901099567CF68EE73E080E090E00E94A9
:105E10001047F9CFEF92FF920F931F93CF93DF9329
:105E2000EC018B01E988FA888091AD0D8130A1F0F9
:105E3000B801CE010E9437299C01892BB1F4F701EA
:105E400082859385A485B5850196A11DB11D8287A4
:105E50009387A487B58709C040E050E060E070E018
:105E60008EEA9DE00E944B48E3CFC901DF91CF91BC
:105E70001F910F91FF90EF900895EF92FF920F9373
:105E80001F93CF93DF93EC011092AD0DE988FA8850
:105E900087E2F70111928A95E9F7CE010E94AC2AB8
:105EA00011E0F70111A368EC70E080E090E00E943F
:105EB0001047012F9E014FE358E268E97AE380E042
:105EC00090E00E947046CE010E94DD2A8BE695E0AC
:105ED0000E94204B892B61F420E032E0AE016FE498
:105EE0007EE28BE695E00E94814AF70185A396A3A6
:105EF00080E090E0DF91CF911F910F91FF90EF90A4
:105F000008952F923F924F925F926F927F928F925D
:105F10009F92AF92BF92CF92DF92EF92FF920F9338
:105F20001F93CF93DF93CDB7DEB7C450D1400FB6E8
:105F3000F894DEBF0FBECDBF4C01FB0101900020E5
:105F4000E9F73197E61BF70BE038F10508F082C05E
:105F5000CE0101960E94914CFE01EF5FFE4F80EA58
:105F600096E8A1E0B0E080839183A283B383AF0180
:105F70006BE071E0C4010E94FE4240E050E0BA01D3
:105F8000C4010E941343442455248E010F5F1F4F08
:105F900018016AE370E0C8010E947A4C6C01009716
:105FA00009F45AC0D6011C921F930F9381E795E024
:105FB0009F938F939F928F920E94DB3DC4010E941A
:105FC0006C4586010F5F1F4F6AE370E0C8010E94B5
:105FD0007A4C7C013C01FC0110828DB79EB706967D
:105FE0000FB6F8949EBF0FBE8DBF91E8A92EB12CBD
:105FF000AC0EBD1E4FE750E0B501C4010E94BA428D
:10600000FC019FEFEF3FF90799F0EA0DFB1D1082AD
:10601000F80101900020E9F73197E01BF10BAF0187
:10602000B801C5010E94A14C892BF9F68701AECFBA
:106030008AE3D6018C93D3018C9371010894E10813
:10604000F1080894411C511CB5E04B16510471F73E
:10605000CF0102C08FEF9FEFCC5FDE4F0FB6F894F9
:10606000DEBF0FBECDBFDF91CF911F910F91FF908B
:10607000EF90DF90CF90BF90AF909F908F907F90E8
:106080006F905F904F903F902F900895FC015F9923
:1060900003C080E090E004C08CB1808381E090E098
:1060A0000895482F8BB199279C012072307085FD8F
:1060B00002C0C90103C04CB981E090E00895CF93BC
:1060C000DF93FC01A785B08918969C9118971996C3
:1060D0008C911997981709F184859585892B91F0F2
:1060E00018968C911897FD01E80FF11DE45FFE4FA3
:1060F000808180939C0018968C9118978F5F1896DA
:106100008C9312C0FD0118968C911897E80FF11D21
:10611000E45FFE4F80818CB9EECF1A961C92818984
:10612000928909960E94D948DF91CF910895CF9323
:10613000DF93EC01AF85B8898C859D85892BD9F0DB
:10614000FD0116968C911697E80FF11D80919C0029
:10615000848716968C911697982F8F5F16968C933E
:10616000169717968C91981771F489899A890B96CE
:106170000E94D94808C0FD0116968C911697E80F29
:10618000F11D8CB1E5CFDF91CF9108950F931F934F
:10619000CF93DF93FC0120E030E0C785D0890FB6B4
:1061A0000F92F8949F818E81981791F4018912893A
:1061B000F8014181528163817481C8010B960E946C
:1061C0004B489C01892B21F49F818E81981781F384
:1061D0000F900FBEC901DF91CF911F910F910895CC
:1061E000CF93DF93FC01A785B0891A968C911A97FB
:1061F000882369F518969C91189719968C91199790
:10620000981729F181E01A968C931A9784859585C1
:10621000892B91F018968C911897FD01E80FF11DCC
:10622000E45FFE4F808180939C0018968C911897B4
:106230008F5F18968C930BC0FD0118968C91189760
:10624000E80FF11DE45FFE4F80818CB9EECF80E056
:1062500090E0DF91CF910895EF92FF920F931F93FB
:10626000CF93DF93FC0107851089C189D2890E94F1
:10627000F0307C01892BA1F40FB60F92F894F8014D
:1062800090858185981741F0299640E050E060E0C4
:1062900070E0CE010E944B480F900FBEC70102C0B4
:1062A0008FEF9FEFDF91CF911F910F91FF90EF90B4
:1062B0000895BF92CF92DF92EF92FF920F931F93B8
:1062C0006C017A018B01B22E0E94B547DC01CB0133
:1062D000880F991FAA1FBB1F34E0EE0CFF1C001F84
:1062E000111F3A95D1F7BC01CD01A80197010E9479
:1062F000DA4CDA01C9010196A11DB11DB695A79529
:10630000979587958150F6018083BB2019F0809383
:10631000990001C089B980E090E01F910F91FF9032
:10632000EF90DF90CF90BF900895AF92BF92CF9241
:10633000DF92EF92FF920F931F936C015B010E941B
:10634000B5477B018C01F6018081992744E0880FD5
:10635000991F4A95E1F740969C01442737FD4095E7
:10636000542FC801B7010E94DA4CF5012083318314
:106370004283538380E090E01F910F91FF90EF9054
:10638000DF90CF90BF90AF900895CF93DF93FC0143
:10639000EB0147855089188219821A821B828485F5
:1063A0009585892BD1F180919B00282F332722FFDF
:1063B00009C088819981AA81BB8181608883998382
:1063C000AA83BB8323703070232B49F08881998185
:1063D000AA81BB81826088839983AA83BB83FA01E7
:1063E00090858185981779F0FA01978186819817B1
:1063F000B1F488819981AA81BB8184608883998363
:10640000AA83BB830CC088819981AA81BB818860E3
:1064100088839983AA83BB83E7CF8BB1C6CF80E003
:1064200090E0DF91CF910895EF92FF920F931F9329
:10643000CF93DF93DC01FA010FEF1FEF892B09F4F3
:10644000A8C05196ED90FC90529781E06730780794
:1064500009F496C0C1E068307C070CF04CC081E0C4
:106460006330780709F43DC0C1E064307C07C4F4B0
:1064700081E06130780751F06250714009F08CC0C2
:10648000BF01C7010E9495318C0186C01C962C91DA
:106490004081518162817381C7010E945931F4CFDB
:1064A00081E06530780799F0665071405CF488E0CF
:1064B00090E0A0E0B0E080839183A283B38300E00A
:1064C00010E06AC01082118212821382F8CF80819C
:1064D0009181A281B3810097A105B10509F05CC04B
:1064E000EECF80819181A281B3810897A105B1058A
:1064F00009F052C0E4CF81E06B307807B9F1C1E018
:106500006C307C0794F481E06930780709F444C06A
:106510006A5071402CF481E090E0A0E0B0E0CBCF75
:10652000BF01CD010E94C53137C081E06D307807D1
:1065300099F0C1E06D307C074CF06E50714061F510
:10654000E7018D819E81AF81B885B5CFE701898153
:106550009A81AB81BC81AFCF80819181A281B381CF
:10656000F70185839683A783B087A9CF8081918126
:10657000A281B381F70181839283A383B4839FCFE8
:1065800080819181A281B3810197A105B10521F498
:1065900096CFA6E1B5E055CFC801DF91CF911F910D
:1065A0000F91FF90EF9008950F931F93CF93DF9378
:1065B000EC018B85823009F052C08E85882309F06A
:1065C0004EC08C859D85029708F049C0EF85F889FB
:1065D0008CE092E0DF011D920197E9F786EC90E3F1
:1065E0008083918380EF90E3828393838CE291E3B5
:1065F0008483958309891A898DE0F80111928A951F
:10660000E9F781E0F80180838C859D85892B51F124
:10661000AE0167E970E38DE190E00E945E3C892B5A
:10662000F1F4AE016FE570E38FE190E00E945E3C13
:10663000892BA9F42C8540E855E260E070E0C801A0
:106640000E9459318C859D85892B31F088ED80938E
:106650009A0080E090E015C088ED8AB9FACF8FEFFC
:106660009FEF0FC0AE0167E970E381E190E00E9407
:106670005E3C892BA1F7AE016FE570E383E190E00A
:10668000D5CFDF91CF911F910F9108950F931F9355
:10669000CF93DF93EC0100E01F8D85E00E94AA47B5
:1066A0001F8F10E082E30E94AA478F8187FF03C0FB
:1066B0008A858035C1F01F5F1431A0F30A3031F0B4
:1066C0000F5F043148F38FEF9FEF12C0149A1C9AAA
:1066D00084E60E94AA471C988AEF0E94AA478AEF84
:1066E0000E94AA47EDCF8B85803729F780E090E0A4
:1066F000DF91CF911F910F910895EF92FF920F9329
:106700001F93CF93DF93EC017B0189B78F7D89BF06
:10671000CE010E944633892B09F04BC01F860FEF34
:106720000F8381EE888380EC89831E8210E21D83B3
:10673000198264EF71E080E090E00E94104781E2EE
:10674000888388E48E871A861B861C8782E08D8763
:1067500080E48C838FE58B838CE4898380E68A8355
:106760000F8381E6888390E0D701FE018D918183BC
:1067700031969F5F9630D0F390E0FE0110863196FF
:106780009F5F9830D8F38CE48F8381E2888384E024
:106790008C878FEF8F838FE18F8782E288831D86BE
:1067A00064EF71E080E090E00E94104780E090E0AC
:1067B00002C08FEF9FEFDF91CF911F910F91FF905C
:1067C000EF900895FC0182E2808390E0878186FD4E
:1067D00003C09F5F9531D0F380E487830895EF92E3
:1067E000FF920F931F93CF93DF93EC01FB0140E0E7
:1067F0000581168181859285080F191F85859685EB
:10680000080F191F81899289080F191F85E00F3E13
:10681000180708F071C00C33110520F44CE3401B3D
:106820000CE310E00A87E12EFF24EB86188680E453
:10683000898782E18883A381B48120E030E085816B
:1068400096812817390748F48D91888B2F5F3F4F29
:106850008581968128173907B8F3A781B08520E094
:1068600030E0818592852817390748F48D91888B0F
:106870002F5F3F4F8185928528173907B8F3A3858D
:10688000B48520E030E0858596852817390748F4DF
:106890008D91888B2F5F3F4F858596852817390707
:1068A000B8F3A785B08920E030E081899289281764
:1068B000390748F48D91888B2F5F3F4F81899289EA
:1068C00028173907B8F320E030E0842F99272817DC
:1068D000390730F4188A2F5F3F4F28173907D0F354
:1068E000CE010E94E2330D83EE8280E48C8386E247
:1068F000888380E090E002C08FEF9FEFDF91CF911F
:106900001F910F91FF90EF9008959F92AF92BF92C9
:10691000CF92DF92EF92FF920F931F93CF93DF936B
:10692000CDB7DEB724970FB6F894DEBF0FBECDBF4C
:106930008C01962EAA24BB2489B78F7D89BF82E65D
:10694000D8018C9317969C91179782E28C9313969B
:10695000CC90C394FFE5FC1510F45CE4C52EC91679
:1069600009F4A3C084E0F801828713861086C186EB
:10697000AE014F5F5F4F7A018AE080839501F80195
:106980008089DA018D93AD012F5F3F4F24303105AF
:10699000B0F3C8010E94E233F70122813381C901BB
:1069A00080549040835B9540D8F4232F33272C0DDF
:1069B000311DF7018281882311F02F5F3F4FD22EC6
:1069C000FFE5F21710F44CEED40EF7019181D916C1
:1069D00099F08D2D8F5F803608F08451891759F01A
:1069E00089B7806289BF992019F48FEF9FEF61C04A
:1069F00080E090E05EC0D82E898199278F709070DA
:106A0000019791F0DA94FBE4FD1510F09FE5D92E83
:106A1000F801D38289B7806289BF992019F0892D46
:106A2000992747C0C50145C0F701E280F3808CEF8C
:106A30009FEFE80EF91E992081F1F801E2868F2D73
:106A40009927838784E08087C1868AE08083A114A8
:106A5000B104B1F0F5014381548120E030E02E15FE
:106A60003F0550F4F8018089DA018D93AD012F5F65
:106A70003F4F2E153F05B0F3C8010E94E233C2CF4D
:106A800020E030E02E153F05B8F7F80180892F5F30
:106A90003F4F2E153F05C8F3EFCFA70160E180E01F
:106AA00090E00E94AE265C01C8CF89B7806289BFA2
:106AB000B9CF24960FB6F894DEBF0FBECDBFDF91DD
:106AC000CF911F910F91FF90EF90DF90CF90BF90EB
:106AD000AF909F9008950F931F93CF93DF93EC0196
:106AE000188181E2888385E00E94AA471A861B8666
:106AF00000E012FF07C08F8199278A709070892B60
:106B000009F401E082E08D8782E2888361E0CE01B2
:106B10000E948534892BD1F71D86002311F086E26F
:106B20008883802F9927DF91CF911F910F9108952E
:106B3000EF92FF920F931F93CF93DF93FC01E484B6
:106B4000F584C189D2898E899F89A88DB98D0196D6
:106B5000A11DB11D8E8B9F8BA88FB98FF7018781E7
:106B60008783082F112704FD48C0C8018A709070E0
:106B7000892BE9F500FD2BC002FF63C0F7012585D5
:106B80008E8D9F8DA8A1B9A1820F911DA11DB11D50
:106B90008E8F9F8FA8A3B9A326858AA19BA1ACA1A4
:106BA000BDA1820F911DA11DB11D8AA39BA3ACA302
:106BB000BDA327858EA19FA1A8A5B9A5820F911D70
:106BC000A11DB11D8EA39FA3A8A7B9A73AC08A850E
:106BD0009B85AC85BD850196A11DB11D8A879B87CC
:106BE000AC87BD87CE0101960E94D948C5CF1882D7
:106BF000CE0103960E94D948BDCF8A859B85AC857E
:106C0000BD850196A11DB11D8A879B87AC87BD8775
:106C1000C7010E946B35892B79F088818F5F88834B
:106C20008A8D9B8DAC8DBD8D0196A11DB11D8A8F66
:106C30009B8FAC8FBD8F05C0CE0103960E94D948B3
:106C4000EFCFDF91CF911F910F91FF90EF900895BB
:106C50008C01FC01E784F088C189D28989E00E9417
:106C6000404A8A859B85AC85BD850B97A105B105FA
:106C7000B0F089B78F7D89BFB7016F5F7F4FF80193
:106C8000848595850E947D33892B21F41A861B8685
:106C90001C861D868CE4898789B7806289BF40ED98
:106CA00057E060E070E0CE0101960E944B48DD2481
:106CB0008D2DD3948A30A8F660E0F80184859585FF
:106CC0000E948534BC01892B61F2FFEF6F3F7F0783
:106CD000B1F01A861B861C861D868E859F85A88925
:106CE000B9890196A11DB11D8E879F87A88BB98B8D
:106CF000F70123A134A1C801F9010995D9CF89B7BA
:106D00008F7D89BFB7016F5F7F4FF80184859585BF
:106D10000E947D33892B21F41A861B861C861D86D2
:106D20008CE489871A861B861C861D8689B780623B
:106D300089BFBECFAF92BF92CF92DF92FF920F93E7
:106D40001F93CF93DF938C016B017FEFA72EB72E9C
:106D5000FC01C189D28988818823F9F069E0F62E87
:106D600048EC50E060E070E0CE0103960E944B4892
:106D7000892B61F0F801A485B58589B78F7D89BF1E
:106D80008C9182FF188289B7806289BF88818823AD
:106D900021F0FA94FFEFFF1619F789B78F7D89BFAD
:106DA00088818823C1F488818F5F8883B601F801C8
:106DB000848595850E94EF339C01892B61F48A8933
:106DC0009B89AC89BD890196A11DB11D8A8B9B8BC6
:106DD000AC8BBD8B590189B7806289BFC501DF913A
:106DE000CF911F910F91FF90DF90CF90BF90AF9008
:106DF00008950F931F93CF93DF93EC012F8538896C
:106E000009891A898AE2F80111928A95E9F74C8575
:106E10005D8589B78F7D89BF2F5F3F4FB901CA015B
:106E20000E947D33892B09F58CE4F801818720E8E5
:106E300032E0AE0168E276E386E795E00E94814A9F
:106E400064EF71E080E090E00E941047AE0168E9D5
:106E500075E385E090E00E945E3C9C01892B29F45B
:106E600089B7806289BFC90102C08FEF9FEFDF91B0
:106E7000CF911F910F910895FC0180819181A28192
:106E8000B3810196A11DB11D80839183A283B38339
:106E9000268137812115310521F084819581F90101
:106EA000099508951F920F920FB60F9211242F93F8
:106EB0003F934F935F936F937F938F939F93AF9382
:106EC000BF93EF93FF9389E59CE00E943C37FF91CD
:106ED000EF91BF91AF919F918F917F916F915F9152
:106EE0004F913F912F910F900FBE0F901F901895CB
:106EF0001F920F920FB60F9211242F933F934F932F
:106F00005F936F937F938F939F93AF93BF93EF9311
:106F1000FF9381E69CE00E943C37FF91EF91BF9187
:106F2000AF919F918F917F916F915F914F913F9121
:106F30002F910F900FBE0F901F9018951F920F92D8
:106F40000FB60F9211242F933F934F935F936F933C
:106F50007F938F939F93AF93BF93EF93FF9389E6B4
:106F60009CE00E943C37FF91EF91BF91AF919F91C0
:106F70008F917F916F915F914F913F912F910F90E2
:106F80000FBE0F901F9018951F920F920FB60F9281
:106F900011242F933F934F935F936F937F938F931E
:106FA0009F93AF93BF93EF93FF9381E79CE00E9481
:106FB0003C37FF91EF91BF91AF919F918F917F915E
:106FC0006F915F914F913F912F910F900FBE0F9056
:106FD0001F9018951F920F920FB60F9211242F93A6
:106FE0003F934F935F936F937F938F939F93AF9351
:106FF000BF93EF93FF9389E79CE00E943C37FF919A
:10700000EF91BF91AF919F918F917F916F915F9120
:107010004F913F912F910F900FBE0F901F90189599
:107020001F920F920FB60F9211242F933F934F93FD
:107030005F936F937F938F939F93AF93BF93EF93E0
:10704000FF9381E89CE00E943C37FF91EF91BF9154
:10705000AF919F918F917F916F915F914F913F91F0
:107060002F910F900FBE0F901F9018951F920F92A7
:107070000FB60F9211242F933F934F935F936F930B
:107080007F938F939F93AF93BF93EF93FF9389E881
:107090009CE00E943C37FF91EF91BF91AF919F918F
:1070A0008F917F916F915F914F913F912F910F90B1
:1070B0000FBE0F901F9018951F920F920FB60F9250
:1070C00011242F933F934F935F936F937F938F93ED
:1070D0009F93AF93BF93EF93FF9381E99CE00E944E
:1070E0003C37FF91EF91BF91AF919F918F917F912D
:1070F0006F915F914F913F912F910F900FBE0F9025
:107100001F9018951F920F920FB60F9211242F9374
:107110003F934F935F936F937F938F939F93AF931F
:10712000BF93EF93FF9389E99CE00E943C37FF9166
:10713000EF91BF91AF919F918F917F916F915F91EF
:107140004F913F912F910F900FBE0F901F90189568
:107150001F920F920FB60F9211242F933F934F93CC
:107160005F936F937F938F939F93AF93BF93EF93AF
:10717000FF9381EA9CE00E943C37FF91EF91BF9121
:10718000AF919F918F917F916F915F914F913F91BF
:107190002F910F900FBE0F901F9018951F920F9276
:1071A0000FB60F9211242F933F934F935F936F93DA
:1071B0007F938F939F93AF93BF93EF93FF9389EA4E
:1071C0009CE00E943C37FF91EF91BF91AF919F915E
:1071D0008F917F916F915F914F913F912F910F9080
:1071E0000FBE0F901F9018951F920F920FB60F921F
:1071F00011242F933F934F935F936F937F938F93BC
:107200009F93AF93BF93EF93FF9381EB9CE00E941A
:107210003C37FF91EF91BF91AF919F918F917F91FB
:107220006F915F914F913F912F910F900FBE0F90F3
:107230001F9018951F920F920FB60F9211242F9343
:107240003F934F935F936F937F938F939F93AF93EE
:10725000BF93EF93FF9389EB9CE00E943C37FF9133
:10726000EF91BF91AF919F918F917F916F915F91BE
:107270004F913F912F910F900FBE0F901F90189537
:107280001F920F920FB60F9211242F933F934F939B
:107290005F936F937F938F939F93AF93BF93EF937E
:1072A000FF9381EC9CE00E943C37FF91EF91BF91EE
:1072B000AF919F918F917F916F915F914F913F918E
:1072C0002F910F900FBE0F901F9018951F920F9245
:1072D0000FB60F9211242F933F934F935F936F93A9
:1072E0007F938F939F93AF93BF93EF93FF9389EC1B
:1072F0009CE00E943C37FF91EF91BF91AF919F912D
:107300008F917F916F915F914F913F912F910F904E
:107310000FBE0F901F9018951F920F920FB60F92ED
:1073200011242F933F934F935F936F937F938F938A
:107330009F93AF93BF93EF93FF9381ED9CE00E94E7
:107340003C37FF91EF91BF91AF919F918F917F91CA
:107350006F915F914F913F912F910F900FBE0F90C2
:107360001F9018951F920F920FB60F9211242F9312
:107370003F934F935F936F937F938F939F93AF93BD
:10738000BF93EF93FF9389ED9CE00E943C37FF9100
:10739000EF91BF91AF919F918F917F916F915F918D
:1073A0004F913F912F910F900FBE0F901F90189506
:1073B0001F920F920FB60F9211242F933F934F936A
:1073C0005F936F937F938F939F93AF93BF93EF934D
:1073D000FF9381EF9CE00E943C37FF91EF91BF91BA
:1073E000AF919F918F917F916F915F914F913F915D
:1073F0002F910F900FBE0F901F9018951F920F9214
:107400000FB60F9211242F933F934F935F936F9377
:107410007F938F939F93AF93BF93EF93FF9389EEE7
:107420009CE00E943C37FF91EF91BF91AF919F91FB
:107430008F917F916F915F914F913F912F910F901D
:107440000FBE0F901F9018951F920F920FB60F92BC
:1074500011242F933F934F935F936F937F938F9359
:107460009F93AF93BF93EF93FF9381EE9CE00E94B5
:107470003C37FF91EF91BF91AF919F918F917F9199
:107480006F915F914F913F912F910F900FBE0F9091
:107490001F9018951F920F920FB60F9211242F93E1
:1074A0003F934F935F936F937F938F939F93AF938C
:1074B000BF93EF93FF9389EF9CE00E943C37FF91CD
:1074C000EF91BF91AF919F918F917F916F915F915C
:1074D0004F913F912F910F900FBE0F901F901895D5
:1074E0001F920F920FB60F9211242F933F934F9339
:1074F0005F936F937F938F939F93AF93BF93EF931C
:10750000FF9381E09DE00E943C37FF91EF91BF9196
:10751000AF919F918F917F916F915F914F913F912B
:107520002F910F900FBE0F901F9018951F920F92E2
:107530000FB60F9211242F933F934F935F936F9346
:107540007F938F939F93AF93BF93EF93FF9389E0C4
:107550009DE00E943C37FF91EF91BF91AF919F91C9
:107560008F917F916F915F914F913F912F910F90EC
:107570000FBE0F901F9018951F920F920FB60F928B
:1075800011242F933F934F935F936F937F938F9328
:107590009F93AF93BF93EF93FF9381E19DE00E9490
:1075A0003C37FF91EF91BF91AF919F918F917F9168
:1075B0006F915F914F913F912F910F900FBE0F9060
:1075C0001F9018951F920F920FB60F9211242F93B0
:1075D0003F934F935F936F937F938F939F93AF935B
:1075E000BF93EF93FF9389E19DE00E943C37FF91A9
:1075F000EF91BF91AF919F918F917F916F915F912B
:107600004F913F912F910F900FBE0F901F901895A3
:107610001F920F920FB60F9211242F933F934F9307
:107620005F936F937F938F939F93AF93BF93EF93EA
:10763000FF9381E29DE00E943C37FF91EF91BF9163
:10764000AF919F918F917F916F915F914F913F91FA
:107650002F910F900FBE0F901F9018951F920F92B1
:107660000FB60F9211242F933F934F935F936F9315
:107670007F938F939F93AF93BF93EF93FF9389E291
:107680009DE00E943C37FF91EF91BF91AF919F9198
:107690008F917F916F915F914F913F912F910F90BB
:1076A0000FBE0F901F9018951F920F920FB60F925A
:1076B00011242F933F934F935F936F937F938F93F7
:1076C0009F93AF93BF93EF93FF9381E39DE00E945D
:1076D0003C37FF91EF91BF91AF919F918F917F9137
:1076E0006F915F914F913F912F910F900FBE0F902F
:1076F0001F9018951F920F920FB60F9211242F937F
:107700003F934F935F936F937F938F939F93AF9329
:10771000BF93EF93FF9389E39DE00E943C37FF9175
:10772000EF91BF91AF919F918F917F916F915F91F9
:107730004F913F912F910F900FBE0F901F90189572
:107740001F920F920FB60F9211242F933F934F93D6
:107750005F936F937F938F939F93AF93BF93EF93B9
:10776000FF9381E49DE00E943C37FF91EF91BF9130
:10777000AF919F918F917F916F915F914F913F91C9
:107780002F910F900FBE0F901F9018951F920F9280
:107790000FB60F9211242F933F934F935F936F93E4
:1077A0007F938F939F93AF93BF93EF93FF9389E45E
:1077B0009DE00E943C37FF91EF91BF91AF919F9167
:1077C0008F917F916F915F914F913F912F910F908A
:1077D0000FBE0F901F9018951F920F920FB60F9229
:1077E00011242F933F934F935F936F937F938F93C6
:1077F0009F93AF93BF93EF93FF9381E59DE00E942A
:107800003C37FF91EF91BF91AF919F918F917F9105
:107810006F915F914F913F912F910F900FBE0F90FD
:107820001F9018951F920F920FB60F9211242F934D
:107830003F934F935F936F937F938F939F93AF93F8
:10784000BF93EF93FF9389E59DE00E943C37FF9142
:10785000EF91BF91AF919F918F917F916F915F91C8
:107860004F913F912F910F900FBE0F901F90189541
:107870001F920F920FB60F9211242F933F934F93A5
:107880005F936F937F938F939F93AF93BF93EF9388
:10789000FF9381E69DE00E943C37FF91EF91BF91FD
:1078A000AF919F918F917F916F915F914F913F9198
:1078B0002F910F900FBE0F901F901895FC01CA01D9
:1078C0000FB60F92F89443E0EE0FFF1F4A95E1F7D1
:1078D000E75AF34F84839583668377830F900FBEB7
:1078E00080E090E00895CF92DF92EF92FF920F93A5
:1078F0001F93CF93DF936C018B01EA01EE24FF24E9
:10790000452B91F0AE01B801C6010E94C54297FF18
:1079100004C08FEFE82EF82E07C0080F191FE80EDD
:10792000F91EC81BD90B71F7C701DF91CF911F91C9
:107930000F91FF90EF90DF90CF900895CF92DF925C
:10794000EF92FF920F931F93CF93DF936C018B0104
:10795000EA01EE24FF24452B91F0AE01B801C601E7
:107960000E94E94297FF04C09FEFE92EF92E07C05D
:10797000080F191FE80EF91EC81BD90B71F7C701B4
:10798000DF91CF911F910F91FF90EF90DF90CF90FB
:107990000895FB0101900020E9F73197E61BF70BF2
:1079A000AF010E94733C0895EF92FF920F931F93D3
:1079B0007C018B01CB010E94984CAC01B801C7013E
:1079C0000E949E3C1F910F91FF90EF9008952F927F
:1079D0003F924F925F926F927F928F929F92AF925F
:1079E000BF92CF92DF92EF92FF920F931F93CF93AC
:1079F000DF93CDB7DEB765970FB6F894DEBF0FBE45
:107A0000CDBF8A8B9B8B4A015B01222EC02E81E069
:107A1000821710F02AE0222E44245524198A6E2C55
:107A2000772462FE02C08BE2898B61FE0CC0B7FE38
:107A30000AC08DE2898BB094A09490948094811CAC
:107A4000911CA11CB11C64FE99C08BE795E08C8B46
:107A50009D8B3324E22CFF2400271127C501B4019C
:107A6000A80197010E94DA4CDC01CB01D82EC50198
:107A7000B401A80197010E94DA4C49015A018E0114
:107A80000F5F1F4FD801A30DB11DEC89FD89ED0DCE
:107A9000F11D80818C9333942115310541055105E9
:107AA000C9F63C1408F068C089898111CA94C318CA
:107AB000C30189709070892B19F4CC2009F04EC055
:107AC0008989882309F03DC099E06922772481E003
:107AD0006816710439F1832D3A94882389F4CC20F7
:107AE00009F44FC041E050E06CE875E08A899B8959
:107AF0000E94733C0894411C511CCA9499F741C0E0
:107B0000C801830D911D41E050E0BC018A899B8929
:107B10000E94733C0894411C511C832D3A94882385
:107B200079F7DDCF4C0C511CCC20A9F241E050E09C
:107B30006EE875E08A899B890E94733CCA94B1F70C
:107B4000CACF41E050E0BE016F5E7F4F8A899B89BA
:107B50000E94733C0894411C511CB6CF41E050E098
:107B60006CE875E08A899B890E94733C0894411CEB
:107B7000511CCA9499F7A4CFCC249ACF80E995E000
:107B800066CFC20165960FB6F894DEBF0FBECDBFBB
:107B9000DF91CF911F910F91FF90EF90DF90CF90E9
:107BA000BF90AF909F908F907F906F905F904F901D
:107BB0003F902F9008954F925F926F927F928F9295
:107BC0009F92AF92BF92CF92DF92EF92FF920F936C
:107BD0001F93CF93DF93CDB7DEB721970FB6F894FD
:107BE000DEBF0FBECDBF4C885D88CE88DF88E8E160
:107BF0008E2E912C8C0E9D1E66247724F60180819A
:107C00008823C9F0F60180818532B9F041E050E067
:107C1000B601C2010E94733C97FF03C08FEF9FEF34
:107C200032C10894611C711C0894C11CD11CF6015E
:107C30008081882339F7C30126C130E00894C11C34
:107C4000D11CF60180818D3209F41BC18B3209F4FD
:107C500016C1803311F43160F1CF8A3209F4FEC0CD
:107C600000E010E080538A30C0F4C80173E0880F50
:107C7000991F7A95E1F7800F911F080F191FF601E0
:107C800081916F01992787FD9095080F191F005367
:107C90001040808180538A3040F393E7F601808161
:107CA0008C3609F4D6C0F6018081833609F463C0AE
:107CB000833709F460C02AE08F3609F45AC088354A
:107CC00009F451C0883709F44EC0843609F449C01C
:107CD0008537D9F0853251F041E050E061EA75E036
:107CE000C2010E94733C0894611C711CF6018081E2
:107CF000882321F40894C108D10896CF41E050E0D0
:107D0000B601C2010E94733C8CCF9C3601F131FF59
:107D100013C0F40182E090E0880E991E8081918169
:107D2000AC01662757FD6095762FE32EC2010E94B5
:107D3000E73C680E791E78CFF40182E090E0880E6F
:107D4000991E80819181AC0166277727EECFF401DF
:107D500084E090E0880E991E408151816281738198
:107D6000E4CF3260D2CF883511F020E1CECF306140
:107D7000FCCF28E0CACFAA24BB24833709F449C02A
:107D800041E0E42EF12C33FD03C0E016F1068CF146
:107D9000A114B104D9F0A701B501C2010E94733C3E
:107DA0006E0C7F1CE016F1060CF03ECF41E050E077
:107DB0006CE875E0C2010E94733C0894611C711C60
:107DC00001501040E016F1068CF32ECFF40182E052
:107DD00090E0880E991E8081898341E050E0BE01C9
:107DE000640F751FC2010E94733C0894611C711CD2
:107DF000D9CF41E050E06CE875E0C2010E94733CCD
:107E00000894611C711C01501040E016F1068CF3BF
:107E1000BFCFF40182E090E0880E991EA080B1806F
:107E2000A114B10471F0EE24FF24F501819188239F
:107E300009F4A9CF0894E11CF11C81918823D1F7A2
:107E4000A2CF63EAA62E65E0B62E56E0E52EF12C11
:107E50009ACF982F0894C11CD11C25CF0894C11C1F
:107E6000D11CF40182E090E0880E991E00811181FE
:107E700017FF13CF109501951F4F38600ECF346058
:107E8000DDCE3860DBCE21960FB6F894DEBF0FBE94
:107E9000CDBFDF91CF911F910F91FF90EF90DF90B9
:107EA000CF90BF90AF909F908F907F906F905F909A
:107EB0004F9008958F3F910539F030F040E050E049
:107EC000BA010E94C54202C08FEF9FEF0895FC01E6
:107ED00020E030E00FB60F92F8946115710569F05B
:107EE0008BB199278095909585FDFACF81918CB9BA
:107EF0002F5F3F4F6150704099F70F900FBEC9013F
:107F00000895FC0120E030E00FB60F92F89461155F
:107F1000710571F08BB199278095909585FDFACF09
:107F200084918CB931962F5F3F4F6150704091F72B
:107F30000F900FBEC9010895DC010D900020E9F7F4
:107F40001197A81BB90BBD010E94673F08950F93BD
:107F50001F938C010E94984CBC01C8010E94813F74
:107F60001F910F9108952F923F924F925F926F92BF
:107F70007F928F929F92AF92BF92CF92DF92EF92B9
:107F8000FF920F931F93CF93DF93CDB7DEB7639725
:107F90000FB6F894DEBF0FBECDBF4B015C01242E9F
:107FA000C22E81E0841710F08AE0282E4424552444
:107FB000198A602E772462FE02C08BE2898B61FEF3
:107FC0000CC0B7FE0AC08DE2898BB094A094909447
:107FD0008094811C911CA11CB11C64FE8CC08AEA97
:107FE00095E08A8B9B8B3324E22CFF2400271127FA
:107FF000C501B401A80197010E94DA4CDC01CB0154
:10800000D82EC501B401A80197010E94DA4C49019C
:108010005A018E010F5F1F4FD801A30DB11DEA89D0
:10802000FB89ED0DF11D80818C9333942115310571
:1080300041055105C9F63C1408F05BC089898111DE
:10804000CA94C318C30189709070892B19F4CC208D
:1080500009F043C089898823B1F599E06922772422
:1080600081E06816710411F1832D3A94882379F424
:10807000CC2009F443C061E070E08BEB95E00E94F6
:10808000673F0894411C511CCA94A9F737C0C80126
:10809000830D911D61E070E00E94673F0894411CD0
:1080A000511C832D3A94882391F7E2CF4C0C511C3C
:1080B000CC20D1F261E070E08DEB95E00E94673F4B
:1080C000CA94C1F7D1CF61E070E0CE0141960E9421
:1080D000673F0894411C511CC0CF61E070E08BEBFE
:1080E00095E00E94673F0894411C511CCA94A9F76F
:1080F000B1CFCC24A7CF8FEB95E073CFC2016396AD
:108100000FB6F894DEBF0FBECDBFDF91CF911F91A8
:108110000F91FF90EF90DF90CF90BF90AF909F9026
:108120008F907F906F905F904F903F902F90089529
:108130002F923F924F925F926F927F928F929F9277
:10814000AF92BF92CF92DF92EF92FF920F931F9365
:10815000CF93DF93CDB7DEB721970FB6F894DEBF8C
:108160000FBECDBF86E1A82EB12CAC0EBD1EF50111
:10817000C190D1905F0166247724F6018081882325
:10818000C1F0F60180818532B1F061E070E0C60196
:108190000E94673F97FF03C08FEF9FEF40C1089495
:1081A000611C711C0894C11CD11CF60180818823BC
:1081B00041F7C30134C120E00894C11CD11CF60171
:1081C00080818D3209F429C18B3209F424C18033B6
:1081D00011F42160F1CF8A3209F40AC1EE24FF24A0
:1081E00080538A30E0F4C70113E0880F991F1A9575
:1081F000E1F78E0D9F1DE80EF91EF60181916F01CA
:10820000992787FD9095E80EF91EB0ED2B2EBFEF54
:108210003B2EE20CF31C808180538A3020F393E7DD
:10822000F60180818C3609F4DEC0F6018081833648
:1082300009F46EC0833709F46BC04AE08F3609F445
:1082400065C0883509F45CC0883709F459C08436A4
:1082500009F454C08537C9F0853249F061E070E017
:1082600080ED95E00E94673F0894611C711CF60147
:108270008081882321F40894C108D10893CF61E05C
:1082800070E0C6010E94673F8ACF9C3619F121FF3A
:1082900015C0F50182E090E0A80EB91E80819181A1
:1082A0001C01442437FC4094542CC201B101022F1C
:1082B0002E2D0E94B33F680E791E74CFF50192E017
:1082C000492E512CA40CB51C808191811C014424A1
:1082D0005524EBCF21FF0BC0F50154E0252E312CA6
:1082E000A20CB31C6081718182819381E0CFF50182
:1082F00034E0432E512CA40CB51CF4CF2260C5CF22
:10830000883511F040E1C1CF2061FCCF48E0BDCFFE
:1083100088249924833709F447C001E010E023FD45
:1083200003C00E151F0584F181149104D1F0B8012A
:10833000C4010E94673F600E711E0E151F050CF0F0
:1083400031CF61E070E08BEB95E00E94673F0894CD
:10835000611C711C0894E108F1080E151F058CF3CF
:1083600021CFF50162E0462E512CA40CB51C808172
:10837000898361E070E0CE01860F971F0E94673FFE
:108380000894611C711CD9CF61E070E08BEB95E023
:108390000E94673F0894611C711C0894E108F10871
:1083A0000E151F058CF3C0CFF501A2E02A2E312C4B
:1083B000A20CB31C808091808114910469F000E0CC
:1083C00010E0F4018191882309F4A9CF0F5F1F4FBA
:1083D00081918823D9F7A3CF72ED872E75E0972E70
:1083E00006E010E09CCF982F0894C11CD11C1DCF33
:1083F0000894C11CD11CF50102E0202E312CA20CE6
:10840000B31CE080F180F7FE0ACFF094E194F1080C
:10841000F394286004CF2460CFCE2860CDCE21967F
:108420000FB6F894DEBF0FBECDBFDF91CF911F9185
:108430000F91FF90EF90DF90CF90BF90AF909F9003
:108440008F907F906F905F904F903F902F90089506
:108450000F931F93CF93DF938C01C091690DD0913F
:108460006A0D209761F0CE010296B8010E94874CF8
:10847000892B29F00990D881C02D2097A1F7CE0132
:10848000DF91CF911F910F9108950F931F93CF9379
:10849000DF93EC010FEF1FEF8F3F9105D1F0C8F094
:1084A0006115710511F06C877D8741114E87CE01F2
:1084B00002960E9428429C01892B59F48091690DF3
:1084C00090916A0D88839983D0936A0DC093690D4A
:1084D0008901C801DF91CF911F910F910895CF932A
:1084E000DF930E942842EC01892B19F08B858230A2
:1084F00011F0CE010EC0EB89FC89CE010995BC01BB
:10850000009729F4AC01CE010E949742F2CF80E09F
:1085100090E0DF91CF910895FC018385823021F4B2
:10852000CF010E946C4502C08FEF9FEF0895FC01C0
:10853000892B51F08385823019F08FEF9FEF0EC0A9
:10854000CF010E9413430AC06F3F7105B1F3A8F336
:108550001416150694F7CB010E9446300895FC01CD
:108560008385823021F4CF010E94604302C08FEFE7
:108570009FEF0895FC018385823021F4CF010E9492
:10858000E74302C08FEF9FEF0895FC01DB01892BC9
:1085900051F08385823019F08FEF9FEF0EC0CF012D
:1085A0000E9449440AC06F3F7105B1F3A8F3141645
:1085B000150694F78C910E9451300895FC01838533
:1085C000823021F4CF010E949A4402C08FEF9FEFC6
:1085D0000895FC01892B51F08385823019F08FEFCB
:1085E0009FEF0BC0CF010E94264507C01416150649
:1085F000B4F7FB0184910E9451300895FC0100976B
:1086000079F08F3F910531F028F0258936892115C1
:10861000310519F48FEF9FEF05C0F901099502C0EC
:108620000E9414320895EF92FF920F931F93CF93FD
:10863000DF93FC018B017A018F3F910599F190F155
:10864000C785D089288139812115310559F16115F6
:10865000710559F16F3F710529F120F19F818E81DC
:108660009817C1F060E070E06E157F050CF52F8162
:108670008E812817E9F0FE01E20FF11D8485F801D3
:1086800081938F012F5F2F836F5F7F4F6E157F0563
:1086900074F30EC0CF01F9010995892B19F360E03D
:1086A00070E006C06FEF7FEF03C08E818F83F7CF3E
:1086B000CB01DF91CF911F910F91FF90EF90089523
:1086C000CF92DF92EF92FF920F931F93CF93DF939E
:1086D000DC01EB017A01CC24DD241F960D911C9165
:1086E0005097F801208131812115310509F464C0CA
:1086F000672B11F0452B29F4F80186818783C60189
:108700005DC0F80197818681981709F44EC00894DE
:10871000E108F10820E030E02E153F05ECF4F80107
:10872000978186819817C1F0E90FF11D4485842F48
:1087300081528E35E0F44232D1F04C3579F04993D4
:108740002F5F3F4FF80187818F5F87830894C11C9B
:10875000D11C2E153F051CF31882D1CFC9010296FA
:108760008E159F05CCF749932F5F3F4FE8CFB90196
:108770006C5F7F4F6E157F057CF78CE5899388E7EA
:108780008993842F82958F7029ED35E0F901E80FE8
:10879000F11D80818993E42FFF27EF70F070E20FC5
:1087A000F31F808189939B01CDCFCD01F9010995FC
:1087B000892B09F0A4CFABCF8FEF9FEFDF91CF9143
:1087C0001F910F91FF90EF90DF90CF900895AF929F
:1087D000BF92CF92DF92EF92FF920F931F93CF93AE
:1087E000DF936C017B018FEFC816D10409F008F408
:1087F00043C0F601C785D08988819981892BE1F131
:108800006F3F7105C9F1C0F100E010E05A01089412
:10881000A108B1080A151B05C4F49F818E81981721
:10882000F9F08F81FE01E80FF11D94858F5F8F8332
:108830009D3079F09A3069F01B86F70191937F01A2
:108840000F5F1F4F0A151B0544F3F7011082C80183
:1088500015C08B85882311F08917A1F79B87F5CF69
:10886000E881F981C6010995892BD9F20115110515
:1088700061F70FEF1FEFE9CF8FEF9FEFDF91CF9100
:108880001F910F91FF90EF90DF90CF90BF90AF902E
:108890000895CF92DF92EF92FF921F93CF93DF93D1
:1088A000FC017B016A018F3F910599F190F1C78529
:1088B000D0892A813B812115310559F16115710556
:1088C00059F16F3F710529F120F119851F5F8885E6
:1088D0001817D1F060E070E06C157D0514F58885FF
:1088E0001817F9F08985FE01E80FF11DE45FFE4FCE
:1088F000D7018D917D01808319871F5F6F5F7F4F47
:108900006C157D0564F30DC0CF01F901099597FF42
:10891000E1CF6FEF7FEF05C0F90109959923CCF303
:10892000B701CB01DF91CF911F91FF90EF90DF90C6
:10893000CF900895EF92FF920F931F93CF93DF9301
:10894000DC01EB01EE24FF241F960D911C91509742
:10895000F801428153814115510509F460C0672B2C
:1089600009F460C0F8018185282F33272F5F3F4F1E
:10897000808599272817390709F44CC0F8014185EB
:108980004F5F8085481709F442C088818823C9F069
:10899000F80180854817A9F088818C35A1F0982FBF
:1089A0002196F8018185E80FF11DE45FFE4F908369
:1089B000F80141874F5F0894E11CF11C88818823EE
:1089C00039F7C7013CC021968881883741F7219645
:1089D00088818A33D4F0982F97539295907F21966F
:1089E000292F332788818A3344F0992787FD909572
:1089F000280F391F922F9753D3CF992787FD909532
:108A0000280F391F922F9053CBCF982FE6CF80E0BD
:108A100090E015C0CD01FA01099597FFAFCF8FEF18
:108A20009FEF0DC0FA010995892F992787FD909531
:108A3000809590958827990F881F99270197DF9136
:108A4000CF911F910F91FF90EF900895CF92DF92F9
:108A5000EF92FF921F93CF93DF93FC017B016A019A
:108A60008F3F910579F170F1C785D0892A813B81CB
:108A70002115310539F119851F5F88851817E9F02F
:108A800020E030E02C153D05B4F48885181799F0E6
:108A90008985DE01A80FB11DA45FBE4FF701849147
:108AA0008C930894E11CF11C19871F5F2F5F3F4FC7
:108AB0002C153D0554F3C90107C0CF01F9010995F3
:108AC00097FFDECF8FEF9FEFDF91CF911F91FF9048
:108AD000EF90DF90CF900895CF93DF93FC018F3F0D
:108AE000910571F068F0A785B089AF3FB10541F0FD
:108AF00038F014962D913C9115972115310519F4F4
:108B00008FEF9FEF02C0F9010995DF91CF91089592
:108B1000CF93DF93EC016BE67DE0E0916B0DF0917C
:108B20006C0D309721F12E813F81488559858681D2
:108B30009781A085B185281739074A075B0778F028
:108B4000281B390B4A0B5B0B2E833F8348875987C1
:108B5000BF010190F081E02D309729F708C0821BFA
:108B6000930BA40BB50B86839783A087B187E8830B
:108B7000F983DB01CD93DC93DF91CF910895CF93FF
:108B8000DF938091730D8F5F8093730D8091730DD0
:108B90008031A8F01092730D80916F0D9091700D3F
:108BA000A091710DB091720D0196A11DB11D809320
:108BB0006F0D9093700DA093710DB093720D809115
:108BC0006B0D90916C0D892B09F487C0E0916B0DB2
:108BD000F0916C0D86819781A085B1850097A105E4
:108BE000B10579F0E0916B0DF0916C0D8681978164
:108BF000A085B1850197A109B10986839783A087D4
:108C0000B18780916B0D90916C0D892B09F465C033
:108C1000E0916B0DF0916C0D86819781A085B185F7
:108C20000097A105B10509F058C0E0916B0DF091D6
:108C30006C0D82859385892BD9F5C0916B0DD091F0
:108C40006C0DE0916B0DF0916C0D80819181909392
:108C50006C0D80936B0D8A819B81AC81BD818E836D
:108C60009F83A887B9870097A105B105E9F4809192
:108C70006D0D90916E0D88839983D0936E0DC09386
:108C80006D0D80916B0D90916C0D892B31F1E09100
:108C90006B0DF0916C0D86819781A085B185009751
:108CA000A105B10511F219C0CE010E948845E9CF96
:108CB000E0916B0DF0916C0DA0916B0DB0916C0D6E
:108CC0000284F385E02D1C966D917C911D97809117
:108CD0006B0D90916C0D0995B0CFDF91CF910895F8
:108CE0002F923F924F925F926F927F928F929F92BC
:108CF000AF92BF92CF92DF92EF92FF920F931F93AA
:108D0000CF93DF93CDB7DEB723970FB6F894DEBFCE
:108D10000FBECDBF3B014C012A01190109830FB6DB
:108D20000F92F89480916D0D90916E0D8A839B83C4
:108D3000892B09F451C0E0916D0DF0916E0D808189
:108D4000918190936E0D80936D0DEA81FB81EF2BE5
:108D500009F449C08DE7E82EF12C012D112DC40135
:108D6000B301A80197010E94DA4C59016A01A20ED1
:108D7000B31EC41ED51EC401B301A80197010E94F1
:108D8000DA4CDC01CB01CF97A105B10528F008949E
:108D9000A11CB11CC11CD11CEA81FB81A682B78237
:108DA000C086D186F981F0FF10C0EA81FB81128272
:108DB000138214821582EA81FB81428653862486BF
:108DC0003586CF010E9488450EC0EA81FB81A282D0
:108DD000B382C482D582EFCF8EE090E00E94404BF8
:108DE0008A839B83B2CF0F900FBE8A819B8123968B
:108DF0000FB6F894DEBF0FBECDBFDF91CF911F91AC
:108E00000F91FF90EF90DF90CF90BF90AF909F9029
:108E10008F907F906F905F904F903F902F9008952C
:108E2000EF92FF920F93611571058105910549F14C
:108E30000FB60F92F894E0907A0DF0907B0D01E060
:108E400020917A0D30917B0D43EF59E40E947046DA
:108E5000F701838B948B892B19F40F900FBE13C0ED
:108E60006EE77DE080917A0D90917B0D0E94C7495D
:108E7000E0917A0DF0917B0D83E085870E9448494F
:108E8000ECCF0E94FA490F91FF90EF900895CF9395
:108E9000DF93EBE6FDE0C0916B0DD0916C0D209758
:108EA00079F1C817D90739F0FE010990D881C02D92
:108EB0002097B9F725C0888199818083918380812B
:108EC0009181892B99F00190F081E02D8681978125
:108ED000A085B1852E813F8148855985820F931FDA
:108EE000A41FB51F86839783A087B18780916D0DDE
:108EF00090916E0D88839983D0936E0DC0936D0D04
:108F0000DF91CF9108950FB60F92F8940E944747D2
:108F100020916D0D30916E0D20916D0D30916E0D83
:108F200021153105A1F0E0916D0DF0916E0D80815C
:108F3000918190936E0D80936D0DC9010E94C94B74
:108F400020916D0D30916E0D2115310561F70F9057
:108F50000FBE08952091780D3091790DE22FF32FF7
:108F60003197F1F78A95D1F708958091740D90911A
:108F7000750DA091760DB091770DBC01CD010895CE
:108F8000EF92FF920F931F9387B78E7F87BF87B7AC
:108F90008D7F87BF80B7886080BF12BE82E083BFAD
:108FA00040E050E06FEB75E48FE090E00E945E3CA3
:108FB00000B601FCFDCF87B7816087BF80E19927AC
:108FC000AA27B091730DB230E0F3000000000196C3
:108FD000A11DB091730DB330C0F38093740D9093C5
:108FE000750DA093760D87B78E7F87BF8091740D26
:108FF0009091750DA091760DB091770DBC01CD01CA
:1090000020EA30E040E050E00E94AF4C7B018C0150
:109010006093740D7093750D8093760D9093770D1A
:1090200020EA3FE040E050E00E94DA4C3093790DB6
:109030002093780DC801B7011F910F91FF90EF9019
:1090400008950E94C04787B7816087BF08959C013B
:10905000DB01ED91FC9111978FEFEF3FF807D1F015
:109060003097C1F0838994898217930741F0DF011B
:1090700012960280F381E02D3097A1F70BC0828118
:1090800093818D939C9312821382138A148ACF0149
:109090000E94E1490895AF92BF92CF92DF92EF9282
:1090A000FF920F93CF93DF93EC015A016B010FB640
:1090B0000F92F894888199818F5F9F4F09F44FC078
:1090C0006EE77DE080917A0D90917B0D0E94C749FB
:1090D000E0917A0DF0917B0D83E08587BE01809150
:1090E0007A0D90917B0D0E94A749A114B104C1048F
:1090F000D10429F5E0917A0DF0917B0D138A148A41
:109100000E944849E0917A0DF0917B0D8389948902
:10911000892B59F0E0917A0DF0917B0D138A148A16
:109120000F900FBE80E090E029C0A114B104C104EB
:10913000D104B1F30F900FBE8FEF9FEF1FC0E090EF
:109140007A0DF0907B0D01E09E0147E258E4C601E4
:10915000B5010E947046F701838B948BD1CF0F909D
:109160000FBE0E94FA490FB60F92F8948881998138
:109170008F5F9F4FA9F618821982D2CFDF91CF91CE
:109180000F91FF90EF90DF90CF90BF90AF90089538
:10919000FC010FB60F92F894808191818F5F9F4FF1
:1091A00011F410821182CF010E944B480F900FBE24
:1091B0000895CF93DF93FC01808191818F5F9F4F52
:1091C000B9F0C081D181209779F0BF01CE010E9412
:1091D000C7498B899C89009721F4CE010E94E149FF
:1091E00007C00E944747F9CF8FEF9FEF808391839D
:1091F000DF91CF9108950FB60F92F8940E94D9484D
:1092000020917A0D30917B0D80917E0D90917F0D94
:109210002817390741F0E0917A0DF0917B0D82E03B
:1092200085870E9448490F900FBE0895CF93DF9322
:10923000EC01888199812FEF8F3F920749F0892BAC
:1092400039F0CE010E94D94888819981892BC9F7CC
:10925000DF91CF910895CF93DF93EC0188819981BD
:109260002FEF8F3F920749F0892B39F0CE010E94F2
:10927000FB4888819981892BC9F7DF91CF910895A7
:109280009F918F910F900BBE0F900FBE1F9018955E
:109290000F921F922F923F924F925F926F927F9206
:1092A0008F929F92AF92BF92CF92DF92EF92FF92F6
:1092B0000F931F932F933F934F935F936F937F93DE
:1092C0008F939F93AF93BF93CF93DF93EF93FF93CE
:1092D0008DB79EB7E0917A0DF0917B0D86879787C9
:1092E00080917E0D90917F0D90937B0D80937A0DF0
:1092F000E0917A0DF0917B0D81E08587E0917A0D08
:10930000F0917B0D868597858DBF9EBFFF91EF9174
:10931000DF91CF91BF91AF919F918F917F916F918D
:109320005F914F913F912F911F910F91FF90EF907F
:10933000DF90CF90BF90AF909F908F907F906F9075
:109340005F904F903F902F901F900F900895CF9374
:10935000DF93EC01DB016D8B7E8BED91FC9111971E
:10936000309771F080899889981750F0DF01129634
:109370000280F381E02D309719F080899817B0F7BB
:10938000EA83FB83CD93DC93DF91CF910895DB01DA
:10939000ED91FC911197309799F0E817F90741F09A
:1093A000DF0112960280F381E02D3097B1F708C0FB
:1093B000828193818D939C9312821382158A168ADF
:1093C0000895CF93DF93EC01892B51F08D85833085
:1093D00039F46EE77DE0CE010E94A74982E08D87D7
:1093E000DF91CF910895FB01138A148ACB010E946B
:1093F000E14908950FB60F92F89420917A0D3091BB
:109400007B0D80917E0D90917F0D28173907A1F07B
:1094100020917A0D30917B0D80917E0D90917F0D82
:109420002817390751F1E0917A0DF0917B0D82E018
:1094300085870E94484921C0E0917A0DF0917B0D0B
:1094400082819381892B21F3E0917A0DF0917B0D3C
:109450008281938190937F0D80937E0DE0917A0DB0
:10946000F0917B0D128213826EE77DE080917A0D80
:1094700090917B0D0E94A749CBCF0F900FBE08950E
:109480001F93CF93182FE0917A0DF0917B0DC08937
:109490000FB60F92F8946EE77DE080917A0D90916F
:1094A0007B0D0E94C749E0917A0DF0917B0D108BE6
:1094B0006EE77DE080917A0D90917B0D0E94A74927
:1094C00020917A0D30917B0D80917E0D90917F0DD2
:1094D0002817390749F0E0917A0DF0917B0D82E071
:1094E00085870E94484906C0E0917A0DF0917B0D76
:1094F00081E085870F900FBE8C2F9927CF911F9108
:109500000895AF92BF92CF92DF92EF92FF920F93A6
:109510001F93CF93DF937C016B015A0189010FB632
:109520000F92F894C90147960E94404BEC010097B6
:1095300009F47BC0080F191FB80167507040A801DB
:109540004952504028E0C8010496DC01F70101901F
:109550000D922A95E1F7C8018A97F80186879787C7
:10956000C18BD28B8FEE9EEBADEABEED88839983E3
:10957000AA83BB838C839D83AE83BF8388879987AF
:10958000AA87BB878C879D87AE87BF8780E4808B47
:109590008D2D9927FB018583C68280E88383128203
:1095A0001482A1828B2D9927808320E439E4832FB4
:1095B0009927FA0180A321A380917C0D90917D0DC4
:1095C000D8018D939C93119710937D0D00937C0D82
:1095D000C2E01D96CC931D9753961D921C925497F2
:1095E00055961D921C9256976EE77DE0C8010E9429
:1095F000A74980917A0D90917B0D892B09F470CE4B
:1096000020917A0D30917B0D80917E0D90917F0D90
:109610002817390739F0E0917A0DF0917B0DC58755
:109620000E9448490F900FBEC801DF91CF911F9152
:109630000F91FF90EF90DF90CF90BF90AF90089583
:109640000F931F93CF93DF938C01C0917C0DD0912A
:109650007D0D209761F0CE010496B8010E94874CE1
:10966000892B41F00990D881C02D2097A1F780E087
:1096700090E001C0CE01DF91CF911F910F9108952D
:10968000CF93DF93AC01C0E0D0E0DE018091820D8A
:109690009091830D4817590708F062C04A5F5F4FE9
:1096A0004430510510F444E050E0E091800DF09119
:1096B000810D60E87DE03097D1F020813181241761
:1096C000350768F02417350709F447C0209729F0BB
:1096D000888199812817390710F4EF01DB01BF0158
:1096E0006E5F7F4F0280F381E02D309731F7209736
:1096F000B9F1CA010A96288139818217930740F58A
:10970000FE01E40FF51F241B350B208331838A8172
:109710009B818283938348835983ED93FC9380914B
:10972000820D9091830DE881F9818E1B9F0B9093A0
:10973000830D8093820DEC0FFD1F34978FEE9EEB0F
:10974000ADEABEED80839183A283B383229608C0E5
:109750008A819B818D939C93E2CFEF01DB01C7CF80
:10976000CE01DF91CF9108950F931F93CF93DF9395
:109770008C010E94404BEC01009729F0A80160E0A9
:1097800070E00E94734CCE01DF91CF911F910F9139
:109790000895CF93DF93DC0112978091820D909111
:1097A000830D2D913C911197820F931F9093830D00
:1097B0008093820DE091800DF091810D60E87DE055
:1097C0003097B1F040815181CF01840F951F8A17E6
:1097D0009B07D9F1AE17BF07D8F0A817B907A8F0B3
:1097E000BF016E5F7F4F0280F381E02D309751F70C
:1097F000309719F080E090E042C01296ED93FC9310
:109800001397FB01A083B183F5CF8FEF9FEF37C094
:10981000EB01A883B9832D913C911197CD01820F63
:10982000931F8E179F0729F01296ED93FC931397C1
:10983000DFCF240F351F2D933C93119782819381A5
:1098400012968D939C931397D3CF2D913C911197A2
:10985000240F351F20833183EF01C20FD31F828174
:109860009381C817D90721F688819981280F391F5C
:10987000208331838A819B8182839383B9CFDF9157
:10988000CF910895FC0161937193CF010E94C94B60
:1098900008958091820D9091830D08954115510591
:1098A00069F0DC01E199FECF7FBB6EBBE09A6F5F90
:1098B0007F4F0DB20D9241505040B1F70895E1999C
:1098C000FECF9FBB8EBB6DBB0FB6F894E29AE19AB8
:1098D0000FBE0895FB01DC0102C001900D924150C2
:1098E0005040D8F70895DC0101C06D9341505040BD
:1098F000E0F70895FC010190061629F00020D9F741
:1099000088279927089531978E2F9F2F0895FB015F
:10991000DC018D910190801911F40020D1F7990B91
:109920000895FB01DC0101900D920020E1F70895FC
:10993000FC0105900020E9F7809590958E0F9F1F00
:109940000895FB01DC014150504030F08D910190B1
:10995000801919F40020B9F7881B990B0895629FAC
:10996000D001739FF001829FE00DF11D649FE00D17
:10997000F11D929FF00D839FF00D749FF00D659F78
:10998000F00D9927729FB00DE11DF91F639FB00D77
:10999000E11DF91FBD01CF0111240895991B79E044
:1099A00004C0991F961708F0961B881F7A95C9F76F
:1099B00080950895A1E21A2EAA1BBB1BFD010DC0C4
:1099C000AA1FBB1FEE1FFF1FA217B307E407F5076F
:1099D00020F0A21BB30BE40BF50B661F771F881F4B
:1099E000991F1A9469F760957095809590959B01E1
:0A99F000AC01BD01CF010895FFCFC7
:1099FA000D0A0045484C4F202573200D0A004D41A1
:109A0A00494C2046726F6D3A3C25733E200D0A0080
:109A1A005243505420546F3A3C25733E200D0A009D
:109A2A0044415441200D0A00257320200D0A2E0DB1
:109A3A000A0051554954200D0A00000698200000DA
:109A4A007332303130343339406B6D69746C2E6146
:109A5A00632E74680000000000000000000000008F
:109A6A00000000000000000061746179615F7040CD
:109A7A007961686F6F2E636F6D000000000000004F
:109A8A0000000000000000000000000000000000CC
:109A9A0068656C6C6F20776F7264200D0A20746899
:109AAA006973206973206120746573742066726F0C
:109ABA006D2045746865726E75740D0A20427920AE
:109ACA0041544159412050000000000000000000AC
:109ADA00000000000000000000000000000000007C
:109AEA00000000000000000000000000000000006C
:109AFA00000000000000000000000000000000005C
:109B0A00000000000000000000000000000000004B
:109B1A00000000000000000000000000000000003B
:109B2A00000000000000000000000000000000002B
:109B3A00000000000000000000000000000000001B
:109B4A00000000000000000000000000000000000B
:109B5A0000000000000000000000000000000000FB
:109B6A0000000000000000000000000000000000EB
:109B7A0000000000000000000000000000000000DB
:109B8A0000000000000000000000000000000000CB
:109B9A0000000000000000000000000000000000BB
:109BAA0000000000000000000000000000000000AB
:109BBA00000000000000000000000000000000009B
:109BCA00000000000000000000000000000000008B
:109BDA00000000000000000000000000000000007B
:109BEA00000000000000000000000000000000006B
:109BFA00000000000000000000000000000000005B
:109C0A00000000000000000000000000000000004A
:109C1A00000000000000000000000000000000003A
:109C2A00000000000000000000000000000000002A
:109C3A00000000000000000000000000000000001A
:109C4A00000000000000000000000000000000000A
:109C5A0000000000000000000000000000000000FA
:109C6A0000000000000000000000000000000000EA
:109C7A0000000000000000000000000000000000DA
:109C8A00000000007561727430000D0A3D3D3D3DD3
:109C9A0020285E5F5E2920415441206D61696C2055
:109CAA007665722020312E30203D3D3D3D0D0A0063
:109CBA00436F6E6669677572696E67204574686579
:109CCA00726E657420696E746572666163650D0AE9
:109CDA00003235352E3235352E3235352E300031BB
:109CEA0036312E3234362E352E31333500657468CE
:109CFA0030003136312E3234362E352E323534009C
:109D0A003136312E3234362E342E33006368616F89
:109D1A006B68756E2E6B6D69746C2E61632E746838
:109D2A0000436F6E6E656374696E6720746F2025D9
:109D3A0073206F6E2025750D0A0054435020636FFF
:109D4A006E6E656374206F6B0D0A000A0D0A203D62
:109D5A003D3D3D204E4F572073656E64696E672006
:109D6A006D61696C203D3D3D3D0D0A003D3D3D3D27
:109D7A0020282D5F2D29204469736F6E6E656374E8
:109D8A00696E672025733A2575203D3D3D3D0D0AD4
:109D9A00004372656174696E672073747265616DE0
:109DAA0020646576696365206661696C65640D0A7D
:109DBA000043616E2774207265736F6C7665202587
:109DCA00730D0A006D61696E0069646C65000010AC
:109DDA00746370736D006172706578000006980094
:109DEA0000003235352E3235352E3235352E3000DB
:109DFA003235352E302E302E3000001063825363F8
:109E0A00646863706300000075617274300000005A
:109E1A000002000000230A160AD432143206000097
:109E2A000000000000000000000000000000000028
:109E3A0000000000000000000000DC050000000037
:109E4A0000009A36000065746830000000000003C4
:109E5A000000002D052F0CF9360000707070727822
:109E6A000025730D0A0072786935003031323334B7
:109E7A0035363738394142434445460020003000E0
:109E8A003031323334353637383961626364656666
:109E9A00002500284E554C4C2900303132333435D8
:109EAA0036373839414243444546002000300030B5
:109EBA003132333435363738396162636465660066
:109ECA002500284E554C4C29003031323334353672
:0A9EDA003738394142434445460041
:00000001FF
