Time :Thu Mar 20 14:08:52 2003
HostName :isag21.ce.kmitl.ac.th
UserID :501
ProcessID 2379	 ProcessName :ls
Hamming Distance :0
Number of Anomall Sequence :0
<----------------------------------------------------------------------->

Time :Thu Mar 20 14:08:54 2003
HostName :isag21.ce.kmitl.ac.th
UserID :501
ProcessID 2382	 ProcessName :ps
Hamming Distance :0
Number of Anomall Sequence :0
<----------------------------------------------------------------------->

Time :Thu Mar 20 14:09:05 2003
HostName :isag21.ce.kmitl.ac.th
UserID :501
ProcessID 2385	 ProcessName :ls
Hamming Distance :0
Number of Anomall Sequence :0
<----------------------------------------------------------------------->

Time :Thu Mar 20 14:09:09 2003
HostName :isag21.ce.kmitl.ac.th
UserID :501
ProcessID 2388	 ProcessName :ls
Hamming Distance :0
Number of Anomall Sequence :0
<----------------------------------------------------------------------->

Time :Thu Mar 20 18:41:45 2003
HostName :isag21.ce.kmitl.ac.th
UserID :501
ProcessID 2509	 ProcessName :ls
Hamming Distance :0
Number of Anomall Sequence :0
<----------------------------------------------------------------------->

Time :Thu Mar 20 18:41:47 2003
HostName :isag21.ce.kmitl.ac.th
UserID :501
ProcessID 2512	 ProcessName :ls
Hamming Distance :0
Number of Anomall Sequence :0
<----------------------------------------------------------------------->

Time :Thu Mar 20 18:41:49 2003
HostName :isag21.ce.kmitl.ac.th
UserID :501
ProcessID 2515	 ProcessName :ls
Hamming Distance :0
Number of Anomall Sequence :0
<----------------------------------------------------------------------->

Time :Thu Mar 20 18:41:51 2003
HostName :isag21.ce.kmitl.ac.th
UserID :501
ProcessID 2518	 ProcessName :ls
Hamming Distance :0
Number of Anomall Sequence :0
<----------------------------------------------------------------------->

Time :Thu Mar 20 18:42:13 2003
HostName :isag21.ce.kmitl.ac.th
UserID :501
ProcessID 2523	 ProcessName :ls
Hamming Distance :0
Number of Anomall Sequence :0
<----------------------------------------------------------------------->

Time :Thu Mar 20 18:42:15 2003
HostName :isag21.ce.kmitl.ac.th
UserID :501
ProcessID 2526	 ProcessName :ls
Hamming Distance :0
Number of Anomall Sequence :0
<----------------------------------------------------------------------->

Time :Thu Mar 20 18:42:18 2003
HostName :isag21.ce.kmitl.ac.th
UserID :501
ProcessID 2529	 ProcessName :ls
Hamming Distance :0
Number of Anomall Sequence :0
<----------------------------------------------------------------------->

Time :Thu Mar 20 18:42:25 2003
HostName :isag21.ce.kmitl.ac.th
UserID :501
ProcessID 2532	 ProcessName :ls
Hamming Distance :0
Number of Anomall Sequence :0
<----------------------------------------------------------------------->

Time :Thu Mar 20 18:42:28 2003
HostName :isag21.ce.kmitl.ac.th
UserID :501
ProcessID 2535	 ProcessName :ls
Hamming Distance :0
Number of Anomall Sequence :0
<----------------------------------------------------------------------->

Time :Thu Mar 20 18:42:30 2003
HostName :isag21.ce.kmitl.ac.th
UserID :501
ProcessID 2538	 ProcessName :ls
Hamming Distance :0
Number of Anomall Sequence :0
<----------------------------------------------------------------------->

Time :Thu Mar 20 18:42:31 2003
HostName :isag21.ce.kmitl.ac.th
UserID :501
ProcessID 2541	 ProcessName :ls
Hamming Distance :0
Number of Anomall Sequence :0
<----------------------------------------------------------------------->

Time :Thu Mar 20 18:42:34 2003
HostName :isag21.ce.kmitl.ac.th
UserID :501
ProcessID 2544	 ProcessName :ls
Hamming Distance :0
Number of Anomall Sequence :0
<----------------------------------------------------------------------->

Time :Thu Mar 20 18:42:35 2003
HostName :isag21.ce.kmitl.ac.th
UserID :501
ProcessID 2547	 ProcessName :ls
Hamming Distance :0
Number of Anomall Sequence :0
<----------------------------------------------------------------------->

Time :Thu Mar 20 18:42:38 2003
HostName :isag21.ce.kmitl.ac.th
UserID :501
ProcessID 2550	 ProcessName :ls
Hamming Distance :0
Number of Anomall Sequence :0
<----------------------------------------------------------------------->

Time :Thu Mar 20 18:42:39 2003
HostName :isag21.ce.kmitl.ac.th
UserID :501
ProcessID 2553	 ProcessName :ls
Hamming Distance :0
Number of Anomall Sequence :0
<----------------------------------------------------------------------->

Time :Thu Mar 20 18:42:43 2003
HostName :isag21.ce.kmitl.ac.th
UserID :501
ProcessID 2557	 ProcessName :ls
Hamming Distance :0
Number of Anomall Sequence :0
<----------------------------------------------------------------------->

Time :Thu Mar 20 18:42:46 2003
HostName :isag21.ce.kmitl.ac.th
UserID :501
ProcessID 2560	 ProcessName :ls
Hamming Distance :0
Number of Anomall Sequence :0
<----------------------------------------------------------------------->

Time :Thu Mar 20 18:42:55 2003
HostName :isag21.ce.kmitl.ac.th
UserID :501
ProcessID 2563	 ProcessName :ls
Hamming Distance :0
Number of Anomall Sequence :0
<----------------------------------------------------------------------->

Time :Thu Mar 20 18:42:56 2003
HostName :isag21.ce.kmitl.ac.th
UserID :501
ProcessID 2566	 ProcessName :ls
Hamming Distance :0
Number of Anomall Sequence :0
<----------------------------------------------------------------------->

Time :Thu Mar 20 18:43:10 2003
HostName :isag21.ce.kmitl.ac.th
UserID :501
ProcessID 2569	 ProcessName :ls
Hamming Distance :0
Number of Anomall Sequence :0
<----------------------------------------------------------------------->

Time :Thu Mar 20 18:43:13 2003
HostName :isag21.ce.kmitl.ac.th
UserID :501
ProcessID 2572	 ProcessName :ls
Hamming Distance :0
Number of Anomall Sequence :0
<----------------------------------------------------------------------->

Time :Thu Mar 20 18:43:16 2003
HostName :isag21.ce.kmitl.ac.th
UserID :501
ProcessID 2575	 ProcessName :ls
Hamming Distance :0
Number of Anomall Sequence :0
<----------------------------------------------------------------------->

Time :Thu Mar 20 18:43:20 2003
HostName :isag21.ce.kmitl.ac.th
UserID :501
ProcessID 2578	 ProcessName :ls
Hamming Distance :0
Number of Anomall Sequence :0
<----------------------------------------------------------------------->

Time :Thu Mar 20 18:43:31 2003
HostName :isag21.ce.kmitl.ac.th
UserID :501
ProcessID 2581	 ProcessName :ls
Hamming Distance :0
Number of Anomall Sequence :0
<----------------------------------------------------------------------->

Time :Thu Mar 20 18:43:33 2003
HostName :isag21.ce.kmitl.ac.th
UserID :501
ProcessID 2584	 ProcessName :ls
Hamming Distance :0
Number of Anomall Sequence :0
<----------------------------------------------------------------------->

Time :Thu Mar 20 18:43:36 2003
HostName :isag21.ce.kmitl.ac.th
UserID :501
ProcessID 2587	 ProcessName :ls
Hamming Distance :0
Number of Anomall Sequence :0
<----------------------------------------------------------------------->

Time :Thu Mar 20 18:43:41 2003
HostName :isag21.ce.kmitl.ac.th
UserID :501
ProcessID 2590	 ProcessName :ls
Hamming Distance :0
Number of Anomall Sequence :0
<----------------------------------------------------------------------->

Time :Thu Mar 20 18:43:46 2003
HostName :isag21.ce.kmitl.ac.th
UserID :501
ProcessID 2593	 ProcessName :ls
Hamming Distance :0
Number of Anomall Sequence :0
<----------------------------------------------------------------------->

Time :Thu Mar 20 18:43:51 2003
HostName :isag21.ce.kmitl.ac.th
UserID :501
ProcessID 2596	 ProcessName :ls
Hamming Distance :0
Number of Anomall Sequence :0
<----------------------------------------------------------------------->

Time :Thu Mar 20 18:43:52 2003
HostName :isag21.ce.kmitl.ac.th
UserID :501
ProcessID 2599	 ProcessName :ls
Hamming Distance :0
Number of Anomall Sequence :0
<----------------------------------------------------------------------->

Time :Thu Mar 20 18:43:55 2003
HostName :isag21.ce.kmitl.ac.th
UserID :501
ProcessID 2602	 ProcessName :ls
Hamming Distance :0
Number of Anomall Sequence :0
<----------------------------------------------------------------------->

Time :Thu Mar 20 18:44:02 2003
HostName :isag21.ce.kmitl.ac.th
UserID :501
ProcessID 2605	 ProcessName :ls
Hamming Distance :0
Number of Anomall Sequence :0
<----------------------------------------------------------------------->

Time :Thu Mar 20 18:44:05 2003
HostName :isag21.ce.kmitl.ac.th
UserID :501
ProcessID 2608	 ProcessName :ls
Hamming Distance :0
Number of Anomall Sequence :0
<----------------------------------------------------------------------->

Time :Thu Mar 20 18:44:10 2003
HostName :isag21.ce.kmitl.ac.th
UserID :501
ProcessID 2611	 ProcessName :ls
Hamming Distance :0
Number of Anomall Sequence :0
<----------------------------------------------------------------------->

Time :Thu Mar 20 18:44:13 2003
HostName :isag21.ce.kmitl.ac.th
UserID :501
ProcessID 2614	 ProcessName :ls
Hamming Distance :0
Number of Anomall Sequence :0
<----------------------------------------------------------------------->

Time :Thu Mar 20 18:45:24 2003
HostName :isag21.ce.kmitl.ac.th
UserID :501
ProcessID 2648	 ProcessName :ls
Hamming Distance :0
Number of Anomall Sequence :0
<----------------------------------------------------------------------->

Time :Thu Mar 20 18:45:39 2003
HostName :isag21.ce.kmitl.ac.th
UserID :501
ProcessID 2656	 ProcessName :ls
Hamming Distance :3
Number of Anomall Sequence :7
write write write write write open 
write write write write open fcntl64 
write write write open fcntl64 fcntl64 
write write open fcntl64 fcntl64 fstat64 
write open fcntl64 fcntl64 fstat64 old_mmap 
old_mmap read close munmap open fcntl64 
read close munmap open fcntl64 fcntl64 
<----------------------------------------------------------------------->

Time :Mon Mar 24 03:49:14 2003
HostName :isag21.ce.kmitl.ac.th
UserID :501
ProcessID 2555	 ProcessName :ls
Hamming Distance :0
Number of Anomall Sequence :0
<----------------------------------------------------------------------->

Time :Mon Mar 24 03:50:48 2003
HostName :isag21.ce.kmitl.ac.th
UserID :501
ProcessID 2566	 ProcessName :ls
Hamming Distance :0
Number of Anomall Sequence :0
<----------------------------------------------------------------------->

Time :Mon Mar 24 03:50:58 2003
HostName :isag21.ce.kmitl.ac.th
UserID :501
ProcessID 2572	 ProcessName :ls
Hamming Distance :0
Number of Anomall Sequence :0
<----------------------------------------------------------------------->

Time :Mon Mar 24 03:54:08 2003
HostName :isag21.ce.kmitl.ac.th
UserID :501
ProcessID 2595	 ProcessName :ls
Hamming Distance :0
Number of Anomall Sequence :0
<----------------------------------------------------------------------->

Time :Mon Mar 24 03:55:48 2003
HostName :isag21.ce.kmitl.ac.th
UserID :501
ProcessID 2608	 ProcessName :ls
Hamming Distance :0
Number of Anomall Sequence :0
<----------------------------------------------------------------------->

Time :Mon Mar 24 03:58:34 2003
HostName :isag21.ce.kmitl.ac.th
UserID :501
ProcessID 2686	 ProcessName :cmd
Hamming Distance :0
Number of Anomall Sequence :0
<----------------------------------------------------------------------->

Time :Mon Mar 24 03:58:44 2003
HostName :isag21.ce.kmitl.ac.th
UserID :501
ProcessID 2690	 ProcessName :cmd
Hamming Distance :0
Number of Anomall Sequence :0
<----------------------------------------------------------------------->

Time :Mon Mar 24 03:59:04 2003
HostName :isag21.ce.kmitl.ac.th
UserID :501
ProcessID 2693	 ProcessName :cmd
Hamming Distance :0
Number of Anomall Sequence :0
<----------------------------------------------------------------------->

Time :Mon Mar 24 03:59:52 2003
HostName :isag21.ce.kmitl.ac.th
UserID :501
ProcessID 2704	 ProcessName :cmd
Hamming Distance :0
Number of Anomall Sequence :0
<----------------------------------------------------------------------->

Time :Mon Mar 24 03:59:57 2003
HostName :isag21.ce.kmitl.ac.th
UserID :501
ProcessID 2711	 ProcessName :cmd
Hamming Distance :0
Number of Anomall Sequence :0
<----------------------------------------------------------------------->

Time :Mon Mar 24 04:00:06 2003
HostName :isag21.ce.kmitl.ac.th
UserID :501
ProcessID 2719	 ProcessName :cmd
Hamming Distance :0
Number of Anomall Sequence :0
<----------------------------------------------------------------------->

Time :Mon Mar 24 23:13:13 2003
HostName :isag21.ce.kmitl.ac.th
UserID :501
ProcessID 2505	 ProcessName :ls
Hamming Distance :0
Number of Anomall Sequence :0
<----------------------------------------------------------------------->

Time :Mon Mar 24 23:13:24 2003
HostName :isag21.ce.kmitl.ac.th
UserID :501
ProcessID 2512	 ProcessName :ls
Hamming Distance :2
Number of Anomall Sequence :4
open open fstat64 fcntl64 getdents64 getdents64 
open fstat64 fcntl64 getdents64 getdents64 close 
fstat64 fcntl64 getdents64 getdents64 close open 
fcntl64 getdents64 getdents64 close open fstat64 
<----------------------------------------------------------------------->

Time :Tue Mar 25 17:01:25 2003
HostName :isag21.ce.kmitl.ac.th
UserID :501
ProcessID 2584	 ProcessName :ls
Hamming Distance :6
Number of Anomall Sequence :197
execve uname brk open open fstat64 
uname brk open open fstat64 old_mmap 
brk open open fstat64 old_mmap close 
open open fstat64 old_mmap close open 
open fstat64 old_mmap close open read 
fstat64 old_mmap close open read fstat64 
old_mmap close open read fstat64 old_mmap 
close open read fstat64 old_mmap mprotect 
open read fstat64 old_mmap mprotect old_mmap 
read fstat64 old_mmap mprotect old_mmap close 
fstat64 old_mmap mprotect old_mmap close open 
old_mmap mprotect old_mmap close open read 
mprotect old_mmap close open read fstat64 
old_mmap close open read fstat64 old_mmap 
close open read fstat64 old_mmap mprotect 
open read fstat64 old_mmap mprotect old_mmap 
read fstat64 old_mmap mprotect old_mmap old_mmap 
fstat64 old_mmap mprotect old_mmap old_mmap close 
old_mmap mprotect old_mmap old_mmap close munmap 
mprotect old_mmap old_mmap close munmap brk 
old_mmap old_mmap close munmap brk brk 
old_mmap close munmap brk brk brk 
close munmap brk brk brk open 
munmap brk brk brk open fstat64 
brk brk brk open fstat64 old_mmap 
brk brk open fstat64 old_mmap read 
brk open fstat64 old_mmap read read 
open fstat64 old_mmap read read close 
fstat64 old_mmap read read close munmap 
old_mmap read read close munmap open 
read read close munmap open fstat64 
read close munmap open fstat64 old_mmap 
close munmap open fstat64 old_mmap close 
munmap open fstat64 old_mmap close brk 
open fstat64 old_mmap close brk open 
fstat64 old_mmap close brk open fstat64 
old_mmap close brk open fstat64 old_mmap 
close brk open fstat64 old_mmap close 
brk open fstat64 old_mmap close open 
open fstat64 old_mmap close open fstat64 
fstat64 old_mmap close open fstat64 old_mmap 
old_mmap close open fstat64 old_mmap close 
close open fstat64 old_mmap close open 
open fstat64 old_mmap close open fstat64 
fstat64 old_mmap close open fstat64 old_mmap 
old_mmap close open fstat64 old_mmap close 
close open fstat64 old_mmap close open 
open fstat64 old_mmap close open fstat64 
fstat64 old_mmap close open fstat64 old_mmap 
old_mmap close open fstat64 old_mmap close 
close open fstat64 old_mmap close open 
open fstat64 old_mmap close open fstat64 
fstat64 old_mmap close open fstat64 old_mmap 
old_mmap close open fstat64 old_mmap close 
close open fstat64 old_mmap close open 
open fstat64 old_mmap close open fstat64 
fstat64 old_mmap close open fstat64 close 
old_mmap close open fstat64 close open 
close open fstat64 close open fstat64 
open fstat64 close open fstat64 old_mmap 
fstat64 close open fstat64 old_mmap close 
close open fstat64 old_mmap close open 
open fstat64 old_mmap close open fstat64 
fstat64 old_mmap close open fstat64 old_mmap 
old_mmap close open fstat64 old_mmap close 
close open fstat64 old_mmap close open 
open fstat64 old_mmap close open fstat64 
fstat64 old_mmap close open fstat64 old_mmap 
old_mmap close open fstat64 old_mmap close 
close open fstat64 old_mmap close open 
open fstat64 old_mmap close open fstat64 
fstat64 old_mmap close open fstat64 old_mmap 
old_mmap close open fstat64 old_mmap close 
close open fstat64 old_mmap close open 
open fstat64 old_mmap close open fstat64 
fstat64 old_mmap close open fstat64 old_mmap 
old_mmap close open fstat64 old_mmap close 
close open fstat64 old_mmap close open 
open fstat64 old_mmap close open fstat64 
fstat64 old_mmap close open fstat64 old_mmap 
old_mmap close open fstat64 old_mmap close 
close open fstat64 old_mmap close rt_sigaction 
open fstat64 old_mmap close rt_sigaction rt_sigaction 
fstat64 old_mmap close rt_sigaction rt_sigaction rt_sigaction 
old_mmap close rt_sigaction rt_sigaction rt_sigaction ioctl 
close rt_sigaction rt_sigaction rt_sigaction ioctl ioctl 
rt_sigaction rt_sigaction rt_sigaction ioctl ioctl ioctl 
rt_sigaction rt_sigaction ioctl ioctl ioctl open 
rt_sigaction ioctl ioctl ioctl open fstat64 
ioctl ioctl ioctl open fstat64 old_mmap 
ioctl ioctl open fstat64 old_mmap _llseek 
ioctl open fstat64 old_mmap _llseek read 
open fstat64 old_mmap _llseek read read 
fstat64 old_mmap _llseek read read read 
old_mmap _llseek read read read read 
_llseek read read read read read 
read read read read read read 
read read read read read read 
read read read read read read 
read read read read read read 
read read read read read read 
read read read read read read 
read read read read read read 
read read read read read read 
read read read read read read 
read read read read read read 
read read read read read read 
read read read read read read 
read read read read read read 
read read read read read read 
read read read read read read 
read read read read read read 
read read read read read _llseek 
read read read read _llseek read 
read read read _llseek read read 
read read _llseek read read read 
read _llseek read read read read 
_llseek read read read read read 
read read read read read read 
read read read read read read 
read read read read read read 
read read read read read read 
read read read read read read 
read read read read read read 
read read read read read read 
read read read read read read 
read read read read read read 
read read read read read read 
read read read read read read 
read read read read read read 
read read read read read read 
read read read read read read 
read read read read read read 
read read read read read read 
read read read read read brk 
read read read read brk _llseek 
read read read brk _llseek read 
read read brk _llseek read read 
read brk _llseek read read read 
brk _llseek read read read read 
_llseek read read read read read 
read read read read read read 
read read read read read read 
read read read read read read 
read read read read read read 
read read read read read read 
read read read read read read 
read read read read read read 
read read read read read read 
read read read read read read 
read read read read read read 
read read read read read read 
read read read read read read 
read read read read read read 
read read read read read read 
read read read read read read 
read read read read read close 
read read read read close munmap 
read read read close munmap ioctl 
read read close munmap ioctl brk 
read close munmap ioctl brk fstat64 
close munmap ioctl brk fstat64 old_mmap 
munmap ioctl brk fstat64 old_mmap brk 
ioctl brk fstat64 old_mmap brk open 
brk fstat64 old_mmap brk open open 
fstat64 old_mmap brk open open fstat64 
old_mmap brk open open fstat64 fcntl64 
brk open open fstat64 fcntl64 getdents64 
open open fstat64 fcntl64 getdents64 lstat64 
open fstat64 fcntl64 getdents64 lstat64 lstat64 
fstat64 fcntl64 getdents64 lstat64 lstat64 lstat64 
fcntl64 getdents64 lstat64 lstat64 lstat64 lstat64 
getdents64 lstat64 lstat64 lstat64 lstat64 lstat64 
lstat64 lstat64 lstat64 lstat64 lstat64 lstat64 
lstat64 lstat64 lstat64 lstat64 lstat64 lstat64 
lstat64 lstat64 lstat64 lstat64 lstat64 lstat64 
lstat64 lstat64 lstat64 lstat64 lstat64 lstat64 
lstat64 lstat64 lstat64 lstat64 lstat64 getdents64 
lstat64 lstat64 lstat64 lstat64 getdents64 close 
lstat64 lstat64 lstat64 getdents64 close open 
lstat64 lstat64 getdents64 close open fstat64 
lstat64 getdents64 close open fstat64 old_mmap 
getdents64 close open fstat64 old_mmap read 
close open fstat64 old_mmap read close 
open fstat64 old_mmap read close munmap 
fstat64 old_mmap read close munmap open 
old_mmap read close munmap open fstat64 
read close munmap open fstat64 old_mmap 
close munmap open fstat64 old_mmap read 
munmap open fstat64 old_mmap read close 
open fstat64 old_mmap read close munmap 
fstat64 old_mmap read close munmap write 
old_mmap read close munmap write write 
read close munmap write write write 
close munmap write write write close 
munmap write write write close munmap 
write write write close munmap _exit 
<----------------------------------------------------------------------->

Time :Tue Mar 25 17:01:46 2003
HostName :isag21.ce.kmitl.ac.th
UserID :501
ProcessID 2595	 ProcessName :ls
Hamming Distance :0
Number of Anomall Sequence :0
<----------------------------------------------------------------------->

Time :Tue Mar 25 17:03:17 2003
HostName :isag21.ce.kmitl.ac.th
UserID :501
ProcessID 2612	 ProcessName :ls
Hamming Distance :0
Number of Anomall Sequence :0
<----------------------------------------------------------------------->

Time :Wed Mar 26 00:05:05 2003
HostName :isag21.ce.kmitl.ac.th
UserID :501
ProcessID 2468	 ProcessName :ls
Hamming Distance :0
Number of Anomall Sequence :0
<----------------------------------------------------------------------->

Time :Wed Mar 26 00:05:49 2003
HostName :isag21.ce.kmitl.ac.th
UserID :501
ProcessID 2531	 ProcessName :cat
Hamming Distance :0
Number of Anomall Sequence :0
<----------------------------------------------------------------------->

Time :Wed Mar 26 00:06:06 2003
HostName :isag21.ce.kmitl.ac.th
UserID :501
ProcessID 2536	 ProcessName :ls
Hamming Distance :0
Number of Anomall Sequence :0
<----------------------------------------------------------------------->

Time :Wed Mar 26 00:14:04 2003
HostName :isag21.ce.kmitl.ac.th
UserID :501
ProcessID 2557	 ProcessName :ls
Hamming Distance :0
Number of Anomall Sequence :0
<----------------------------------------------------------------------->

Time :Wed Mar 26 00:14:17 2003
HostName :isag21.ce.kmitl.ac.th
UserID :501
ProcessID 2560	 ProcessName :ls
Hamming Distance :0
Number of Anomall Sequence :0
<----------------------------------------------------------------------->

Time :Wed Mar 26 00:14:20 2003
HostName :isag21.ce.kmitl.ac.th
UserID :501
ProcessID 2563	 ProcessName :ls
Hamming Distance :0
Number of Anomall Sequence :0
<----------------------------------------------------------------------->

Time :Wed Mar 26 00:14:23 2003
HostName :isag21.ce.kmitl.ac.th
UserID :501
ProcessID 2566	 ProcessName :ls
Hamming Distance :0
Number of Anomall Sequence :0
<----------------------------------------------------------------------->

Time :Wed Mar 26 00:14:28 2003
HostName :isag21.ce.kmitl.ac.th
UserID :501
ProcessID 2569	 ProcessName :ls
Hamming Distance :0
Number of Anomall Sequence :0
<----------------------------------------------------------------------->

Time :Wed Mar 26 00:14:35 2003
HostName :isag21.ce.kmitl.ac.th
UserID :501
ProcessID 2572	 ProcessName :ls
Hamming Distance :0
Number of Anomall Sequence :0
<----------------------------------------------------------------------->

Time :Wed Mar 26 00:14:50 2003
HostName :isag21.ce.kmitl.ac.th
UserID :501
ProcessID 2575	 ProcessName :ls
Hamming Distance :0
Number of Anomall Sequence :0
<----------------------------------------------------------------------->

Time :Wed Mar 26 00:14:55 2003
HostName :isag21.ce.kmitl.ac.th
UserID :501
ProcessID 2578	 ProcessName :ls
Hamming Distance :0
Number of Anomall Sequence :0
<----------------------------------------------------------------------->

Time :Wed Mar 26 00:14:58 2003
HostName :isag21.ce.kmitl.ac.th
UserID :501
ProcessID 2581	 ProcessName :ls
Hamming Distance :0
Number of Anomall Sequence :0
<----------------------------------------------------------------------->

Time :Wed Mar 26 00:15:15 2003
HostName :isag21.ce.kmitl.ac.th
UserID :501
ProcessID 2584	 ProcessName :ls
Hamming Distance :0
Number of Anomall Sequence :0
<----------------------------------------------------------------------->

Time :Wed Mar 26 00:15:18 2003
HostName :isag21.ce.kmitl.ac.th
UserID :501
ProcessID 2587	 ProcessName :ls
Hamming Distance :0
Number of Anomall Sequence :0
<----------------------------------------------------------------------->

Time :Wed Mar 26 00:15:21 2003
HostName :isag21.ce.kmitl.ac.th
UserID :501
ProcessID 2590	 ProcessName :ls
Hamming Distance :0
Number of Anomall Sequence :0
<----------------------------------------------------------------------->

Time :Wed Mar 26 00:16:03 2003
HostName :isag21.ce.kmitl.ac.th
UserID :501
ProcessID 2593	 ProcessName :ls
Hamming Distance :0
Number of Anomall Sequence :0
<----------------------------------------------------------------------->

Time :Wed Mar 26 00:16:05 2003
HostName :isag21.ce.kmitl.ac.th
UserID :501
ProcessID 2596	 ProcessName :ls
Hamming Distance :0
Number of Anomall Sequence :0
<----------------------------------------------------------------------->

Time :Wed Mar 26 00:16:08 2003
HostName :isag21.ce.kmitl.ac.th
UserID :501
ProcessID 2599	 ProcessName :ls
Hamming Distance :0
Number of Anomall Sequence :0
<----------------------------------------------------------------------->

Time :Wed Mar 26 00:16:11 2003
HostName :isag21.ce.kmitl.ac.th
UserID :501
ProcessID 2602	 ProcessName :ls
Hamming Distance :0
Number of Anomall Sequence :0
<----------------------------------------------------------------------->

Time :Wed Mar 26 00:16:12 2003
HostName :isag21.ce.kmitl.ac.th
UserID :501
ProcessID 2605	 ProcessName :ls
Hamming Distance :0
Number of Anomall Sequence :0
<----------------------------------------------------------------------->

Time :Wed Mar 26 00:18:03 2003
HostName :isag21.ce.kmitl.ac.th
UserID :501
ProcessID 2610	 ProcessName :ls
Hamming Distance :0
Number of Anomall Sequence :0
<----------------------------------------------------------------------->

Time :Wed Mar 26 00:20:38 2003
HostName :isag21.ce.kmitl.ac.th
UserID :501
ProcessID 2629	 ProcessName :ls
Hamming Distance :0
Number of Anomall Sequence :0
<----------------------------------------------------------------------->

Time :Wed Mar 26 00:20:41 2003
HostName :isag21.ce.kmitl.ac.th
UserID :501
ProcessID 2632	 ProcessName :ls
Hamming Distance :0
Number of Anomall Sequence :0
<----------------------------------------------------------------------->

Time :Wed Mar 26 00:20:52 2003
HostName :isag21.ce.kmitl.ac.th
UserID :501
ProcessID 2635	 ProcessName :ls
Hamming Distance :0
Number of Anomall Sequence :0
<----------------------------------------------------------------------->

Time :Wed Mar 26 00:21:10 2003
HostName :isag21.ce.kmitl.ac.th
UserID :501
ProcessID 2638	 ProcessName :ls
Hamming Distance :0
Number of Anomall Sequence :0
<----------------------------------------------------------------------->

Time :Wed Mar 26 00:21:24 2003
HostName :isag21.ce.kmitl.ac.th
UserID :501
ProcessID 2641	 ProcessName :ls
Hamming Distance :0
Number of Anomall Sequence :0
<----------------------------------------------------------------------->

Time :Wed Mar 26 00:21:33 2003
HostName :isag21.ce.kmitl.ac.th
UserID :501
ProcessID 2644	 ProcessName :ls
Hamming Distance :0
Number of Anomall Sequence :0
<----------------------------------------------------------------------->

Time :Wed Mar 26 00:21:35 2003
HostName :isag21.ce.kmitl.ac.th
UserID :501
ProcessID 2647	 ProcessName :ls
Hamming Distance :0
Number of Anomall Sequence :0
<----------------------------------------------------------------------->

Time :Wed Mar 26 00:21:42 2003
HostName :isag21.ce.kmitl.ac.th
UserID :501
ProcessID 2650	 ProcessName :ls
Hamming Distance :0
Number of Anomall Sequence :0
<----------------------------------------------------------------------->

Time :Wed Mar 26 00:22:15 2003
HostName :isag21.ce.kmitl.ac.th
UserID :501
ProcessID 2653	 ProcessName :ls
Hamming Distance :0
Number of Anomall Sequence :0
<----------------------------------------------------------------------->

Time :Wed Mar 26 00:23:59 2003
HostName :isag21.ce.kmitl.ac.th
UserID :501
ProcessID 2659	 ProcessName :ls
Hamming Distance :0
Number of Anomall Sequence :0
<----------------------------------------------------------------------->

Time :Wed Mar 26 00:24:31 2003
HostName :isag21.ce.kmitl.ac.th
UserID :501
ProcessID 2662	 ProcessName :ls
Hamming Distance :0
Number of Anomall Sequence :0
<----------------------------------------------------------------------->

Time :Wed Mar 26 00:25:26 2003
HostName :isag21.ce.kmitl.ac.th
UserID :501
ProcessID 2665	 ProcessName :ls
Hamming Distance :0
Number of Anomall Sequence :0
<----------------------------------------------------------------------->

Time :Wed Mar 26 00:25:35 2003
HostName :isag21.ce.kmitl.ac.th
UserID :501
ProcessID 2668	 ProcessName :ls
Hamming Distance :0
Number of Anomall Sequence :0
<----------------------------------------------------------------------->

Time :Wed Mar 26 00:25:50 2003
HostName :isag21.ce.kmitl.ac.th
UserID :501
ProcessID 2671	 ProcessName :ls
Hamming Distance :0
Number of Anomall Sequence :0
<----------------------------------------------------------------------->

Time :Wed Mar 26 00:25:54 2003
HostName :isag21.ce.kmitl.ac.th
UserID :501
ProcessID 2674	 ProcessName :ls
Hamming Distance :0
Number of Anomall Sequence :0
<----------------------------------------------------------------------->

Time :Wed Mar 26 00:26:11 2003
HostName :isag21.ce.kmitl.ac.th
UserID :501
ProcessID 2677	 ProcessName :cat
Hamming Distance :0
Number of Anomall Sequence :0
<----------------------------------------------------------------------->

Time :Wed Mar 26 00:26:52 2003
HostName :isag21.ce.kmitl.ac.th
UserID :501
ProcessID 2680	 ProcessName :ls
Hamming Distance :0
Number of Anomall Sequence :0
<----------------------------------------------------------------------->

Time :Wed Mar 26 00:27:01 2003
HostName :isag21.ce.kmitl.ac.th
UserID :501
ProcessID 2683	 ProcessName :ls
Hamming Distance :0
Number of Anomall Sequence :0
<----------------------------------------------------------------------->

Time :Wed Mar 26 00:27:09 2003
HostName :isag21.ce.kmitl.ac.th
UserID :501
ProcessID 2686	 ProcessName :cat
Hamming Distance :0
Number of Anomall Sequence :0
<----------------------------------------------------------------------->

Time :Wed Mar 26 00:27:19 2003
HostName :isag21.ce.kmitl.ac.th
UserID :501
ProcessID 2689	 ProcessName :netstat
Hamming Distance :0
Number of Anomall Sequence :0
<----------------------------------------------------------------------->

Time :Wed Mar 26 00:31:02 2003
HostName :isag21.ce.kmitl.ac.th
UserID :501
ProcessID 2715	 ProcessName :ls
Hamming Distance :0
Number of Anomall Sequence :0
<----------------------------------------------------------------------->

Time :Wed Mar 26 00:31:25 2003
HostName :isag21.ce.kmitl.ac.th
UserID :501
ProcessID 2718	 ProcessName :ls
Hamming Distance :0
Number of Anomall Sequence :0
<----------------------------------------------------------------------->

Time :Wed Mar 26 00:31:44 2003
HostName :isag21.ce.kmitl.ac.th
UserID :501
ProcessID 2721	 ProcessName :ls
Hamming Distance :0
Number of Anomall Sequence :0
<----------------------------------------------------------------------->

Time :Wed Mar 26 00:35:02 2003
HostName :isag21.ce.kmitl.ac.th
UserID :501
ProcessID 2731	 ProcessName :ls
Hamming Distance :0
Number of Anomall Sequence :0
<----------------------------------------------------------------------->

Time :Wed Mar 26 00:35:13 2003
HostName :isag21.ce.kmitl.ac.th
UserID :501
ProcessID 2734	 ProcessName :ls
Hamming Distance :0
Number of Anomall Sequence :0
<----------------------------------------------------------------------->

Time :Wed Mar 26 00:35:25 2003
HostName :isag21.ce.kmitl.ac.th
UserID :501
ProcessID 2737	 ProcessName :ls
Hamming Distance :0
Number of Anomall Sequence :0
<----------------------------------------------------------------------->

Time :Wed Mar 26 00:35:35 2003
HostName :isag21.ce.kmitl.ac.th
UserID :501
ProcessID 2740	 ProcessName :ls
Hamming Distance :0
Number of Anomall Sequence :0
<----------------------------------------------------------------------->

Time :Wed Mar 26 00:36:21 2003
HostName :isag21.ce.kmitl.ac.th
UserID :501
ProcessID 2745	 ProcessName :ls
Hamming Distance :0
Number of Anomall Sequence :0
<----------------------------------------------------------------------->

Time :Wed Mar 26 00:37:15 2003
HostName :isag21.ce.kmitl.ac.th
UserID :501
ProcessID 2764	 ProcessName :ls
Hamming Distance :0
Number of Anomall Sequence :0
<----------------------------------------------------------------------->

Time :Wed Mar 26 00:37:16 2003
HostName :isag21.ce.kmitl.ac.th
UserID :501
ProcessID 2767	 ProcessName :ls
Hamming Distance :0
Number of Anomall Sequence :0
<----------------------------------------------------------------------->

Time :Wed Mar 26 00:37:18 2003
HostName :isag21.ce.kmitl.ac.th
UserID :501
ProcessID 2770	 ProcessName :ls
Hamming Distance :0
Number of Anomall Sequence :0
<----------------------------------------------------------------------->

Time :Wed Mar 26 00:37:20 2003
HostName :isag21.ce.kmitl.ac.th
UserID :501
ProcessID 2773	 ProcessName :ls
Hamming Distance :0
Number of Anomall Sequence :0
<----------------------------------------------------------------------->

Time :Wed Mar 26 00:37:22 2003
HostName :isag21.ce.kmitl.ac.th
UserID :501
ProcessID 2776	 ProcessName :ls
Hamming Distance :0
Number of Anomall Sequence :0
<----------------------------------------------------------------------->

Time :Wed Mar 26 00:37:22 2003
HostName :isag21.ce.kmitl.ac.th
UserID :501
ProcessID 2779	 ProcessName :ls
Hamming Distance :0
Number of Anomall Sequence :0
<----------------------------------------------------------------------->

Time :Wed Mar 26 00:37:24 2003
HostName :isag21.ce.kmitl.ac.th
UserID :501
ProcessID 2782	 ProcessName :ls
Hamming Distance :0
Number of Anomall Sequence :0
<----------------------------------------------------------------------->

Time :Wed Mar 26 00:37:26 2003
HostName :isag21.ce.kmitl.ac.th
UserID :501
ProcessID 2785	 ProcessName :ls
Hamming Distance :0
Number of Anomall Sequence :0
<----------------------------------------------------------------------->

Time :Wed Mar 26 00:37:26 2003
HostName :isag21.ce.kmitl.ac.th
UserID :501
ProcessID 2788	 ProcessName :ls
Hamming Distance :0
Number of Anomall Sequence :0
<----------------------------------------------------------------------->

Time :Wed Mar 26 00:37:28 2003
HostName :isag21.ce.kmitl.ac.th
UserID :501
ProcessID 2791	 ProcessName :ls
Hamming Distance :0
Number of Anomall Sequence :0
<----------------------------------------------------------------------->

Time :Wed Mar 26 00:37:29 2003
HostName :isag21.ce.kmitl.ac.th
UserID :501
ProcessID 2794	 ProcessName :ls
Hamming Distance :0
Number of Anomall Sequence :0
<----------------------------------------------------------------------->

Time :Wed Mar 26 00:37:38 2003
HostName :isag21.ce.kmitl.ac.th
UserID :501
ProcessID 2797	 ProcessName :ls
Hamming Distance :0
Number of Anomall Sequence :0
<----------------------------------------------------------------------->

Time :Wed Mar 26 00:37:40 2003
HostName :isag21.ce.kmitl.ac.th
UserID :501
ProcessID 2800	 ProcessName :ls
Hamming Distance :0
Number of Anomall Sequence :0
<----------------------------------------------------------------------->

Time :Wed Mar 26 00:37:44 2003
HostName :isag21.ce.kmitl.ac.th
UserID :501
ProcessID 2803	 ProcessName :ls
Hamming Distance :0
Number of Anomall Sequence :0
<----------------------------------------------------------------------->

Time :Wed Mar 26 00:37:49 2003
HostName :isag21.ce.kmitl.ac.th
UserID :501
ProcessID 2806	 ProcessName :ls
Hamming Distance :0
Number of Anomall Sequence :0
<----------------------------------------------------------------------->

Time :Wed Mar 26 00:37:52 2003
HostName :isag21.ce.kmitl.ac.th
UserID :501
ProcessID 2809	 ProcessName :ls
Hamming Distance :0
Number of Anomall Sequence :0
<----------------------------------------------------------------------->

Time :Wed Mar 26 00:37:57 2003
HostName :isag21.ce.kmitl.ac.th
UserID :501
ProcessID 2812	 ProcessName :ls
Hamming Distance :0
Number of Anomall Sequence :0
<----------------------------------------------------------------------->

Time :Wed Mar 26 00:38:02 2003
HostName :isag21.ce.kmitl.ac.th
UserID :501
ProcessID 2815	 ProcessName :ls
Hamming Distance :0
Number of Anomall Sequence :0
<----------------------------------------------------------------------->

Time :Wed Mar 26 00:38:05 2003
HostName :isag21.ce.kmitl.ac.th
UserID :501
ProcessID 2818	 ProcessName :ls
Hamming Distance :0
Number of Anomall Sequence :0
<----------------------------------------------------------------------->

Time :Wed Mar 26 00:38:06 2003
HostName :isag21.ce.kmitl.ac.th
UserID :501
ProcessID 2821	 ProcessName :ls
Hamming Distance :0
Number of Anomall Sequence :0
<----------------------------------------------------------------------->

Time :Wed Mar 26 00:38:08 2003
HostName :isag21.ce.kmitl.ac.th
UserID :501
ProcessID 2824	 ProcessName :ls
Hamming Distance :0
Number of Anomall Sequence :0
<----------------------------------------------------------------------->

Time :Wed Mar 26 00:38:09 2003
HostName :isag21.ce.kmitl.ac.th
UserID :501
ProcessID 2827	 ProcessName :ls
Hamming Distance :0
Number of Anomall Sequence :0
<----------------------------------------------------------------------->

Time :Wed Mar 26 00:38:10 2003
HostName :isag21.ce.kmitl.ac.th
UserID :501
ProcessID 2830	 ProcessName :ls
Hamming Distance :0
Number of Anomall Sequence :0
<----------------------------------------------------------------------->

Time :Wed Mar 26 00:38:14 2003
HostName :isag21.ce.kmitl.ac.th
UserID :501
ProcessID 2833	 ProcessName :ls
Hamming Distance :0
Number of Anomall Sequence :0
<----------------------------------------------------------------------->

Time :Wed Mar 26 00:38:14 2003
HostName :isag21.ce.kmitl.ac.th
UserID :501
ProcessID 2836	 ProcessName :ls
Hamming Distance :0
Number of Anomall Sequence :0
<----------------------------------------------------------------------->

Time :Wed Mar 26 00:38:16 2003
HostName :isag21.ce.kmitl.ac.th
UserID :501
ProcessID 2839	 ProcessName :ls
Hamming Distance :0
Number of Anomall Sequence :0
<----------------------------------------------------------------------->

Time :Wed Mar 26 00:38:25 2003
HostName :isag21.ce.kmitl.ac.th
UserID :501
ProcessID 2842	 ProcessName :ls
Hamming Distance :0
Number of Anomall Sequence :0
<----------------------------------------------------------------------->

Time :Wed Mar 26 00:38:29 2003
HostName :isag21.ce.kmitl.ac.th
UserID :501
ProcessID 2845	 ProcessName :ls
Hamming Distance :0
Number of Anomall Sequence :0
<----------------------------------------------------------------------->

Time :Wed Mar 26 00:38:30 2003
HostName :isag21.ce.kmitl.ac.th
UserID :501
ProcessID 2848	 ProcessName :ls
Hamming Distance :0
Number of Anomall Sequence :0
<----------------------------------------------------------------------->

Time :Wed Mar 26 00:38:32 2003
HostName :isag21.ce.kmitl.ac.th
UserID :501
ProcessID 2851	 ProcessName :ls
Hamming Distance :0
Number of Anomall Sequence :0
<----------------------------------------------------------------------->

Time :Wed Mar 26 00:38:36 2003
HostName :isag21.ce.kmitl.ac.th
UserID :501
ProcessID 2854	 ProcessName :ls
Hamming Distance :0
Number of Anomall Sequence :0
<----------------------------------------------------------------------->

Time :Wed Mar 26 00:38:41 2003
HostName :isag21.ce.kmitl.ac.th
UserID :501
ProcessID 2857	 ProcessName :ls
Hamming Distance :0
Number of Anomall Sequence :0
<----------------------------------------------------------------------->

Time :Wed Mar 26 00:38:42 2003
HostName :isag21.ce.kmitl.ac.th
UserID :501
ProcessID 2860	 ProcessName :ls
Hamming Distance :0
Number of Anomall Sequence :0
<----------------------------------------------------------------------->

Time :Wed Mar 26 00:38:46 2003
HostName :isag21.ce.kmitl.ac.th
UserID :501
ProcessID 2863	 ProcessName :ls
Hamming Distance :0
Number of Anomall Sequence :0
<----------------------------------------------------------------------->

Time :Wed Mar 26 00:38:48 2003
HostName :isag21.ce.kmitl.ac.th
UserID :501
ProcessID 2866	 ProcessName :ls
Hamming Distance :0
Number of Anomall Sequence :0
<----------------------------------------------------------------------->

Time :Wed Mar 26 00:38:49 2003
HostName :isag21.ce.kmitl.ac.th
UserID :501
ProcessID 2869	 ProcessName :ls
Hamming Distance :0
Number of Anomall Sequence :0
<----------------------------------------------------------------------->

Time :Wed Mar 26 00:39:10 2003
HostName :isag21.ce.kmitl.ac.th
UserID :501
ProcessID 2874	 ProcessName :ps
Hamming Distance :0
Number of Anomall Sequence :0
<----------------------------------------------------------------------->

Time :Wed Mar 26 00:39:15 2003
HostName :isag21.ce.kmitl.ac.th
UserID :501
ProcessID 2877	 ProcessName :ps
Hamming Distance :0
Number of Anomall Sequence :0
<----------------------------------------------------------------------->

Time :Wed Mar 26 00:39:18 2003
HostName :isag21.ce.kmitl.ac.th
UserID :501
ProcessID 2880	 ProcessName :ls
Hamming Distance :0
Number of Anomall Sequence :0
<----------------------------------------------------------------------->

Time :Wed Mar 26 00:39:22 2003
HostName :isag21.ce.kmitl.ac.th
UserID :501
ProcessID 2885	 ProcessName :ps
Hamming Distance :0
Number of Anomall Sequence :0
<----------------------------------------------------------------------->

Time :Wed Mar 26 00:39:39 2003
HostName :isag21.ce.kmitl.ac.th
UserID :501
ProcessID 2904	 ProcessName :ps
Hamming Distance :0
Number of Anomall Sequence :0
<----------------------------------------------------------------------->

Time :Wed Mar 26 00:39:41 2003
HostName :isag21.ce.kmitl.ac.th
UserID :501
ProcessID 2907	 ProcessName :ps
Hamming Distance :0
Number of Anomall Sequence :0
<----------------------------------------------------------------------->

Time :Wed Mar 26 00:39:44 2003
HostName :isag21.ce.kmitl.ac.th
UserID :501
ProcessID 2910	 ProcessName :ps
Hamming Distance :0
Number of Anomall Sequence :0
<----------------------------------------------------------------------->

Time :Wed Mar 26 00:39:47 2003
HostName :isag21.ce.kmitl.ac.th
UserID :501
ProcessID 2913	 ProcessName :ps
Hamming Distance :0
Number of Anomall Sequence :0
<----------------------------------------------------------------------->

Time :Wed Mar 26 00:39:53 2003
HostName :isag21.ce.kmitl.ac.th
UserID :501
ProcessID 2916	 ProcessName :ps
Hamming Distance :0
Number of Anomall Sequence :0
<----------------------------------------------------------------------->

Time :Wed Mar 26 00:45:10 2003
HostName :isag21.ce.kmitl.ac.th
UserID :501
ProcessID 2453	 ProcessName :ps
Hamming Distance :0
Number of Anomall Sequence :0
<----------------------------------------------------------------------->

Time :Wed Mar 26 00:45:23 2003
HostName :isag21.ce.kmitl.ac.th
UserID :0
ProcessID 2509	 ProcessName :ps
Hamming Distance :0
Number of Anomall Sequence :0
<----------------------------------------------------------------------->

Time :Wed Mar 26 00:45:25 2003
HostName :isag21.ce.kmitl.ac.th
UserID :0
ProcessID 2512	 ProcessName :ps
Hamming Distance :0
Number of Anomall Sequence :0
<----------------------------------------------------------------------->

Time :Wed Mar 26 00:45:26 2003
HostName :isag21.ce.kmitl.ac.th
UserID :0
ProcessID 2515	 ProcessName :ls
Hamming Distance :0
Number of Anomall Sequence :0
<----------------------------------------------------------------------->

Time :Wed Mar 26 00:45:27 2003
HostName :isag21.ce.kmitl.ac.th
UserID :0
ProcessID 2518	 ProcessName :ls
Hamming Distance :0
Number of Anomall Sequence :0
<----------------------------------------------------------------------->

Time :Wed Mar 26 00:45:29 2003
HostName :isag21.ce.kmitl.ac.th
UserID :0
ProcessID 2521	 ProcessName :ls
Hamming Distance :0
Number of Anomall Sequence :0
<----------------------------------------------------------------------->

Time :Wed Mar 26 00:45:31 2003
HostName :isag21.ce.kmitl.ac.th
UserID :0
ProcessID 2524	 ProcessName :ls
Hamming Distance :0
Number of Anomall Sequence :0
<----------------------------------------------------------------------->

Time :Wed Mar 26 00:45:34 2003
HostName :isag21.ce.kmitl.ac.th
UserID :0
ProcessID 2528	 ProcessName :ls
Hamming Distance :0
Number of Anomall Sequence :0
<----------------------------------------------------------------------->

Time :Wed Mar 26 00:45:36 2003
HostName :isag21.ce.kmitl.ac.th
UserID :0
ProcessID 2531	 ProcessName :ls
Hamming Distance :0
Number of Anomall Sequence :0
<----------------------------------------------------------------------->

Time :Wed Mar 26 00:46:28 2003
HostName :isag21.ce.kmitl.ac.th
UserID :0
ProcessID 2534	 ProcessName :ls
Hamming Distance :0
Number of Anomall Sequence :0
<----------------------------------------------------------------------->

Time :Wed Mar 26 00:46:37 2003
HostName :isag21.ce.kmitl.ac.th
UserID :0
ProcessID 2538	 ProcessName :ls
Hamming Distance :0
Number of Anomall Sequence :0
<----------------------------------------------------------------------->

Time :Wed Mar 26 00:46:40 2003
HostName :isag21.ce.kmitl.ac.th
UserID :0
ProcessID 2541	 ProcessName :ls
Hamming Distance :0
Number of Anomall Sequence :0
<----------------------------------------------------------------------->

Time :Wed Mar 26 00:46:42 2003
HostName :isag21.ce.kmitl.ac.th
UserID :0
ProcessID 2544	 ProcessName :ls
Hamming Distance :0
Number of Anomall Sequence :0
<----------------------------------------------------------------------->

Time :Wed Mar 26 00:46:45 2003
HostName :isag21.ce.kmitl.ac.th
UserID :0
ProcessID 2547	 ProcessName :ls
Hamming Distance :0
Number of Anomall Sequence :0
<----------------------------------------------------------------------->

Time :Wed Mar 26 00:46:47 2003
HostName :isag21.ce.kmitl.ac.th
UserID :0
ProcessID 2550	 ProcessName :ls
Hamming Distance :0
Number of Anomall Sequence :0
<----------------------------------------------------------------------->

Time :Wed Mar 26 00:46:50 2003
HostName :isag21.ce.kmitl.ac.th
UserID :0
ProcessID 2553	 ProcessName :ls
Hamming Distance :0
Number of Anomall Sequence :0
<----------------------------------------------------------------------->

Time :Wed Mar 26 00:46:55 2003
HostName :isag21.ce.kmitl.ac.th
UserID :0
ProcessID 2556	 ProcessName :ls
Hamming Distance :0
Number of Anomall Sequence :0
<----------------------------------------------------------------------->

Time :Wed Mar 26 00:46:58 2003
HostName :isag21.ce.kmitl.ac.th
UserID :0
ProcessID 2559	 ProcessName :ls
Hamming Distance :0
Number of Anomall Sequence :0
<----------------------------------------------------------------------->

Time :Wed Mar 26 00:47:02 2003
HostName :isag21.ce.kmitl.ac.th
UserID :0
ProcessID 2562	 ProcessName :ls
Hamming Distance :0
Number of Anomall Sequence :0
<----------------------------------------------------------------------->

Time :Wed Mar 26 00:47:02 2003
HostName :isag21.ce.kmitl.ac.th
UserID :0
ProcessID 2565	 ProcessName :ls
Hamming Distance :0
Number of Anomall Sequence :0
<----------------------------------------------------------------------->

Time :Wed Mar 26 00:47:06 2003
HostName :isag21.ce.kmitl.ac.th
UserID :0
ProcessID 2568	 ProcessName :ls
Hamming Distance :0
Number of Anomall Sequence :0
<----------------------------------------------------------------------->

Time :Wed Mar 26 00:47:08 2003
HostName :isag21.ce.kmitl.ac.th
UserID :0
ProcessID 2571	 ProcessName :ls
Hamming Distance :0
Number of Anomall Sequence :0
<----------------------------------------------------------------------->

Time :Wed Mar 26 00:47:10 2003
HostName :isag21.ce.kmitl.ac.th
UserID :0
ProcessID 2574	 ProcessName :ls
Hamming Distance :0
Number of Anomall Sequence :0
<----------------------------------------------------------------------->

Time :Wed Mar 26 00:47:13 2003
HostName :isag21.ce.kmitl.ac.th
UserID :0
ProcessID 2577	 ProcessName :ls
Hamming Distance :0
Number of Anomall Sequence :0
<----------------------------------------------------------------------->

Time :Wed Mar 26 00:47:15 2003
HostName :isag21.ce.kmitl.ac.th
UserID :0
ProcessID 2580	 ProcessName :ls
Hamming Distance :0
Number of Anomall Sequence :0
<----------------------------------------------------------------------->

Time :Wed Mar 26 00:47:19 2003
HostName :isag21.ce.kmitl.ac.th
UserID :0
ProcessID 2584	 ProcessName :ls
Hamming Distance :0
Number of Anomall Sequence :0
<----------------------------------------------------------------------->

Time :Wed Mar 26 00:47:21 2003
HostName :isag21.ce.kmitl.ac.th
UserID :0
ProcessID 2587	 ProcessName :ls
Hamming Distance :0
Number of Anomall Sequence :0
<----------------------------------------------------------------------->

Time :Wed Mar 26 00:47:25 2003
HostName :isag21.ce.kmitl.ac.th
UserID :0
ProcessID 2590	 ProcessName :ls
Hamming Distance :0
Number of Anomall Sequence :0
<----------------------------------------------------------------------->

Time :Wed Mar 26 00:47:27 2003
HostName :isag21.ce.kmitl.ac.th
UserID :0
ProcessID 2593	 ProcessName :ls
Hamming Distance :0
Number of Anomall Sequence :0
<----------------------------------------------------------------------->

Time :Wed Mar 26 00:47:40 2003
HostName :isag21.ce.kmitl.ac.th
UserID :0
ProcessID 2602	 ProcessName :ls
Hamming Distance :0
Number of Anomall Sequence :0
<----------------------------------------------------------------------->

Time :Wed Mar 26 00:47:42 2003
HostName :isag21.ce.kmitl.ac.th
UserID :0
ProcessID 2626	 ProcessName :ls
Hamming Distance :0
Number of Anomall Sequence :0
<----------------------------------------------------------------------->

Time :Wed Mar 26 00:48:58 2003
HostName :isag21.ce.kmitl.ac.th
UserID :501
ProcessID 2726	 ProcessName :ls
Hamming Distance :0
Number of Anomall Sequence :0
<----------------------------------------------------------------------->

Time :Wed Mar 26 00:49:03 2003
HostName :isag21.ce.kmitl.ac.th
UserID :501
ProcessID 2729	 ProcessName :cat
Hamming Distance :0
Number of Anomall Sequence :0
<----------------------------------------------------------------------->

Time :Wed Mar 26 00:49:31 2003
HostName :isag21.ce.kmitl.ac.th
UserID :501
ProcessID 2749	 ProcessName :ls
Hamming Distance :0
Number of Anomall Sequence :0
<----------------------------------------------------------------------->

Time :Wed Mar 26 00:49:34 2003
HostName :isag21.ce.kmitl.ac.th
UserID :501
ProcessID 2752	 ProcessName :ls
Hamming Distance :0
Number of Anomall Sequence :0
<----------------------------------------------------------------------->

Time :Wed Mar 26 00:49:40 2003
HostName :isag21.ce.kmitl.ac.th
UserID :501
ProcessID 2756	 ProcessName :ls
Hamming Distance :0
Number of Anomall Sequence :0
<----------------------------------------------------------------------->

Time :Wed Mar 26 00:49:43 2003
HostName :isag21.ce.kmitl.ac.th
UserID :501
ProcessID 2759	 ProcessName :ls
Hamming Distance :0
Number of Anomall Sequence :0
<----------------------------------------------------------------------->

Time :Wed Mar 26 00:49:49 2003
HostName :isag21.ce.kmitl.ac.th
UserID :501
ProcessID 2762	 ProcessName :cat
Hamming Distance :0
Number of Anomall Sequence :0
<----------------------------------------------------------------------->

Time :Wed Mar 26 00:49:53 2003
HostName :isag21.ce.kmitl.ac.th
UserID :501
ProcessID 2765	 ProcessName :cat
Hamming Distance :0
Number of Anomall Sequence :0
<----------------------------------------------------------------------->

Time :Wed Mar 26 00:51:14 2003
HostName :isag21.ce.kmitl.ac.th
UserID :501
ProcessID 2777	 ProcessName :ls
Hamming Distance :0
Number of Anomall Sequence :0
<----------------------------------------------------------------------->

Time :Wed Mar 26 00:51:18 2003
HostName :isag21.ce.kmitl.ac.th
UserID :501
ProcessID 2780	 ProcessName :ls
Hamming Distance :0
Number of Anomall Sequence :0
<----------------------------------------------------------------------->

Time :Wed Mar 26 00:51:20 2003
HostName :isag21.ce.kmitl.ac.th
UserID :501
ProcessID 2783	 ProcessName :ls
Hamming Distance :0
Number of Anomall Sequence :0
<----------------------------------------------------------------------->

Time :Wed Mar 26 00:51:23 2003
HostName :isag21.ce.kmitl.ac.th
UserID :501
ProcessID 2786	 ProcessName :ls
Hamming Distance :0
Number of Anomall Sequence :0
<----------------------------------------------------------------------->

Time :Wed Mar 26 00:51:27 2003
HostName :isag21.ce.kmitl.ac.th
UserID :501
ProcessID 2789	 ProcessName :ls
Hamming Distance :0
Number of Anomall Sequence :0
<----------------------------------------------------------------------->

Time :Wed Mar 26 00:51:29 2003
HostName :isag21.ce.kmitl.ac.th
UserID :501
ProcessID 2792	 ProcessName :ps
Hamming Distance :0
Number of Anomall Sequence :0
<----------------------------------------------------------------------->

Time :Wed Mar 26 00:51:32 2003
HostName :isag21.ce.kmitl.ac.th
UserID :501
ProcessID 2795	 ProcessName :ps
Hamming Distance :0
Number of Anomall Sequence :0
<----------------------------------------------------------------------->

Time :Wed Mar 26 00:51:33 2003
HostName :isag21.ce.kmitl.ac.th
UserID :501
ProcessID 2798	 ProcessName :ps
Hamming Distance :0
Number of Anomall Sequence :0
<----------------------------------------------------------------------->

Time :Wed Mar 26 00:51:37 2003
HostName :isag21.ce.kmitl.ac.th
UserID :501
ProcessID 2801	 ProcessName :ps
Hamming Distance :0
Number of Anomall Sequence :0
<----------------------------------------------------------------------->

Time :Wed Mar 26 00:51:41 2003
HostName :isag21.ce.kmitl.ac.th
UserID :501
ProcessID 2804	 ProcessName :ps
Hamming Distance :0
Number of Anomall Sequence :0
<----------------------------------------------------------------------->

Time :Wed Mar 26 00:51:42 2003
HostName :isag21.ce.kmitl.ac.th
UserID :501
ProcessID 2807	 ProcessName :ps
Hamming Distance :0
Number of Anomall Sequence :0
<----------------------------------------------------------------------->

Time :Wed Mar 26 00:51:45 2003
HostName :isag21.ce.kmitl.ac.th
UserID :501
ProcessID 2810	 ProcessName :ps
Hamming Distance :0
Number of Anomall Sequence :0
<----------------------------------------------------------------------->

Time :Wed Mar 26 00:51:47 2003
HostName :isag21.ce.kmitl.ac.th
UserID :501
ProcessID 2813	 ProcessName :ps
Hamming Distance :0
Number of Anomall Sequence :0
<----------------------------------------------------------------------->

Time :Wed Mar 26 00:51:50 2003
HostName :isag21.ce.kmitl.ac.th
UserID :501
ProcessID 2816	 ProcessName :ps
Hamming Distance :0
Number of Anomall Sequence :0
<----------------------------------------------------------------------->

Time :Wed Mar 26 00:51:54 2003
HostName :isag21.ce.kmitl.ac.th
UserID :501
ProcessID 2819	 ProcessName :ps
Hamming Distance :0
Number of Anomall Sequence :0
<----------------------------------------------------------------------->

Time :Wed Mar 26 00:51:58 2003
HostName :isag21.ce.kmitl.ac.th
UserID :501
ProcessID 2822	 ProcessName :ps
Hamming Distance :0
Number of Anomall Sequence :0
<----------------------------------------------------------------------->

Time :Wed Mar 26 00:52:01 2003
HostName :isag21.ce.kmitl.ac.th
UserID :501
ProcessID 2825	 ProcessName :ls
Hamming Distance :0
Number of Anomall Sequence :0
<----------------------------------------------------------------------->

Time :Wed Mar 26 01:09:47 2003
HostName :isag21.ce.kmitl.ac.th
UserID :0
ProcessID 2477	 ProcessName :ls
Hamming Distance :0
Number of Anomall Sequence :0
<----------------------------------------------------------------------->

Time :Wed Mar 26 01:10:53 2003
HostName :isag21.ce.kmitl.ac.th
UserID :0
ProcessID 2480	 ProcessName :ls
Hamming Distance :0
Number of Anomall Sequence :0
<----------------------------------------------------------------------->

Time :Wed Mar 26 01:11:05 2003
HostName :isag21.ce.kmitl.ac.th
UserID :0
ProcessID 2483	 ProcessName :cat
Hamming Distance :0
Number of Anomall Sequence :0
<----------------------------------------------------------------------->

Time :Wed Mar 26 01:12:06 2003
HostName :isag21.ce.kmitl.ac.th
UserID :0
ProcessID 2527	 ProcessName :cat
Hamming Distance :0
Number of Anomall Sequence :0
<----------------------------------------------------------------------->

Time :Wed Mar 26 01:12:17 2003
HostName :isag21.ce.kmitl.ac.th
UserID :0
ProcessID 2530	 ProcessName :cat
Hamming Distance :0
Number of Anomall Sequence :0
<----------------------------------------------------------------------->

Time :Wed Mar 26 01:12:29 2003
HostName :isag21.ce.kmitl.ac.th
UserID :0
ProcessID 2533	 ProcessName :cat
Hamming Distance :0
Number of Anomall Sequence :0
<----------------------------------------------------------------------->

Time :Wed Mar 26 01:12:37 2003
HostName :isag21.ce.kmitl.ac.th
UserID :0
ProcessID 2536	 ProcessName :cat
Hamming Distance :0
Number of Anomall Sequence :0
<----------------------------------------------------------------------->

Time :Wed Mar 26 01:13:21 2003
HostName :isag21.ce.kmitl.ac.th
UserID :0
ProcessID 2539	 ProcessName :cat
Hamming Distance :0
Number of Anomall Sequence :0
<----------------------------------------------------------------------->

Time :Wed Mar 26 01:13:32 2003
HostName :isag21.ce.kmitl.ac.th
UserID :0
ProcessID 2542	 ProcessName :cat
Hamming Distance :0
Number of Anomall Sequence :0
<----------------------------------------------------------------------->

Time :Wed Mar 26 01:13:38 2003
HostName :isag21.ce.kmitl.ac.th
UserID :0
ProcessID 2545	 ProcessName :cat
Hamming Distance :0
Number of Anomall Sequence :0
<----------------------------------------------------------------------->

Time :Wed Mar 26 01:13:53 2003
HostName :isag21.ce.kmitl.ac.th
UserID :0
ProcessID 2548	 ProcessName :cat
Hamming Distance :0
Number of Anomall Sequence :0
<----------------------------------------------------------------------->

Time :Wed Mar 26 01:14:04 2003
HostName :isag21.ce.kmitl.ac.th
UserID :0
ProcessID 2551	 ProcessName :netstat
Hamming Distance :0
Number of Anomall Sequence :0
<----------------------------------------------------------------------->

Time :Wed Mar 26 01:15:39 2003
HostName :isag21.ce.kmitl.ac.th
UserID :0
ProcessID 2574	 ProcessName :netstat
Hamming Distance :0
Number of Anomall Sequence :0
<----------------------------------------------------------------------->

Time :Wed Mar 26 01:15:55 2003
HostName :isag21.ce.kmitl.ac.th
UserID :0
ProcessID 2577	 ProcessName :netstat
Hamming Distance :0
Number of Anomall Sequence :0
<----------------------------------------------------------------------->

Time :Wed Mar 26 01:32:43 2003
HostName :isag21.ce.kmitl.ac.th
UserID :0
ProcessID 2581	 ProcessName :netstat
Hamming Distance :0
Number of Anomall Sequence :0
<----------------------------------------------------------------------->

Time :Wed Mar 26 01:32:50 2003
HostName :isag21.ce.kmitl.ac.th
UserID :0
ProcessID 2585	 ProcessName :ls
Hamming Distance :0
Number of Anomall Sequence :0
<----------------------------------------------------------------------->

Time :Wed Mar 26 01:32:51 2003
HostName :isag21.ce.kmitl.ac.th
UserID :0
ProcessID 2588	 ProcessName :ls
Hamming Distance :0
Number of Anomall Sequence :0
<----------------------------------------------------------------------->

Time :Wed Mar 26 01:33:42 2003
HostName :isag21.ce.kmitl.ac.th
UserID :501
ProcessID 2645	 ProcessName :ls
Hamming Distance :0
Number of Anomall Sequence :0
<----------------------------------------------------------------------->

Time :Wed Mar 26 01:33:43 2003
HostName :isag21.ce.kmitl.ac.th
UserID :501
ProcessID 2648	 ProcessName :ps
Hamming Distance :0
Number of Anomall Sequence :0
<----------------------------------------------------------------------->

Time :Wed Mar 26 01:34:23 2003
HostName :isag21.ce.kmitl.ac.th
UserID :501
ProcessID 2654	 ProcessName :ps
Hamming Distance :0
Number of Anomall Sequence :0
<----------------------------------------------------------------------->

Time :Wed Mar 26 01:34:25 2003
HostName :isag21.ce.kmitl.ac.th
UserID :501
ProcessID 2657	 ProcessName :ps
Hamming Distance :0
Number of Anomall Sequence :0
<----------------------------------------------------------------------->

Time :Wed Mar 26 01:34:26 2003
HostName :isag21.ce.kmitl.ac.th
UserID :501
ProcessID 2660	 ProcessName :ls
Hamming Distance :0
Number of Anomall Sequence :0
<----------------------------------------------------------------------->

Time :Wed Mar 26 01:34:27 2003
HostName :isag21.ce.kmitl.ac.th
UserID :501
ProcessID 2663	 ProcessName :ps
Hamming Distance :0
Number of Anomall Sequence :0
<----------------------------------------------------------------------->

Time :Wed Mar 26 01:38:03 2003
HostName :isag21.ce.kmitl.ac.th
UserID :501
ProcessID 2666	 ProcessName :ls
Hamming Distance :0
Number of Anomall Sequence :0
<----------------------------------------------------------------------->

Time :Wed Mar 26 01:47:04 2003
HostName :isag21.ce.kmitl.ac.th
UserID :501
ProcessID 2468	 ProcessName :ls
Hamming Distance :0
Number of Anomall Sequence :0
<----------------------------------------------------------------------->

Time :Wed Mar 26 01:47:06 2003
HostName :isag21.ce.kmitl.ac.th
UserID :501
ProcessID 2471	 ProcessName :ls
Hamming Distance :0
Number of Anomall Sequence :0
<----------------------------------------------------------------------->

Time :Wed Mar 26 01:47:07 2003
HostName :isag21.ce.kmitl.ac.th
UserID :501
ProcessID 2474	 ProcessName :ls
Hamming Distance :0
Number of Anomall Sequence :0
<----------------------------------------------------------------------->

Time :Wed Mar 26 01:47:09 2003
HostName :isag21.ce.kmitl.ac.th
UserID :501
ProcessID 2477	 ProcessName :ls
Hamming Distance :0
Number of Anomall Sequence :0
<----------------------------------------------------------------------->

Time :Wed Mar 26 01:47:28 2003
HostName :isag21.ce.kmitl.ac.th
UserID :501
ProcessID 2480	 ProcessName :ls
Hamming Distance :0
Number of Anomall Sequence :0
<----------------------------------------------------------------------->

Time :Wed Mar 26 01:47:29 2003
HostName :isag21.ce.kmitl.ac.th
UserID :501
ProcessID 2483	 ProcessName :ls
Hamming Distance :0
Number of Anomall Sequence :0
<----------------------------------------------------------------------->

Time :Wed Mar 26 01:47:30 2003
HostName :isag21.ce.kmitl.ac.th
UserID :501
ProcessID 2486	 ProcessName :ls
Hamming Distance :0
Number of Anomall Sequence :0
<----------------------------------------------------------------------->

Time :Wed Mar 26 01:47:31 2003
HostName :isag21.ce.kmitl.ac.th
UserID :501
ProcessID 2489	 ProcessName :ls
Hamming Distance :0
Number of Anomall Sequence :0
<----------------------------------------------------------------------->

Time :Wed Mar 26 01:47:34 2003
HostName :isag21.ce.kmitl.ac.th
UserID :501
ProcessID 2492	 ProcessName :ls
Hamming Distance :0
Number of Anomall Sequence :0
<----------------------------------------------------------------------->

Time :Wed Mar 26 01:47:36 2003
HostName :isag21.ce.kmitl.ac.th
UserID :501
ProcessID 2495	 ProcessName :ls
Hamming Distance :0
Number of Anomall Sequence :0
<----------------------------------------------------------------------->

Time :Wed Mar 26 01:47:40 2003
HostName :isag21.ce.kmitl.ac.th
UserID :501
ProcessID 2498	 ProcessName :ls
Hamming Distance :0
Number of Anomall Sequence :0
<----------------------------------------------------------------------->

Time :Wed Mar 26 01:47:42 2003
HostName :isag21.ce.kmitl.ac.th
UserID :501
ProcessID 2501	 ProcessName :ls
Hamming Distance :0
Number of Anomall Sequence :0
<----------------------------------------------------------------------->

Time :Wed Mar 26 01:47:45 2003
HostName :isag21.ce.kmitl.ac.th
UserID :501
ProcessID 2504	 ProcessName :ls
Hamming Distance :0
Number of Anomall Sequence :0
<----------------------------------------------------------------------->

Time :Wed Mar 26 01:47:47 2003
HostName :isag21.ce.kmitl.ac.th
UserID :501
ProcessID 2507	 ProcessName :ls
Hamming Distance :0
Number of Anomall Sequence :0
<----------------------------------------------------------------------->

Time :Wed Mar 26 01:47:49 2003
HostName :isag21.ce.kmitl.ac.th
UserID :501
ProcessID 2510	 ProcessName :ls
Hamming Distance :0
Number of Anomall Sequence :0
<----------------------------------------------------------------------->

Time :Wed Mar 26 01:47:53 2003
HostName :isag21.ce.kmitl.ac.th
UserID :501
ProcessID 2513	 ProcessName :ls
Hamming Distance :0
Number of Anomall Sequence :0
<----------------------------------------------------------------------->

Time :Wed Mar 26 01:47:55 2003
HostName :isag21.ce.kmitl.ac.th
UserID :501
ProcessID 2516	 ProcessName :ls
Hamming Distance :0
Number of Anomall Sequence :0
<----------------------------------------------------------------------->

Time :Wed Mar 26 01:48:03 2003
HostName :isag21.ce.kmitl.ac.th
UserID :501
ProcessID 2519	 ProcessName :ls
Hamming Distance :0
Number of Anomall Sequence :0
<----------------------------------------------------------------------->

Time :Wed Mar 26 01:48:08 2003
HostName :isag21.ce.kmitl.ac.th
UserID :501
ProcessID 2523	 ProcessName :ls
Hamming Distance :0
Number of Anomall Sequence :0
<----------------------------------------------------------------------->

Time :Wed Mar 26 01:48:10 2003
HostName :isag21.ce.kmitl.ac.th
UserID :501
ProcessID 2526	 ProcessName :ls
Hamming Distance :0
Number of Anomall Sequence :0
<----------------------------------------------------------------------->

Time :Wed Mar 26 01:48:12 2003
HostName :isag21.ce.kmitl.ac.th
UserID :501
ProcessID 2529	 ProcessName :ls
Hamming Distance :0
Number of Anomall Sequence :0
<----------------------------------------------------------------------->

Time :Wed Mar 26 01:48:14 2003
HostName :isag21.ce.kmitl.ac.th
UserID :501
ProcessID 2532	 ProcessName :ls
Hamming Distance :0
Number of Anomall Sequence :0
<----------------------------------------------------------------------->

Time :Wed Mar 26 01:48:17 2003
HostName :isag21.ce.kmitl.ac.th
UserID :501
ProcessID 2535	 ProcessName :ls
Hamming Distance :0
Number of Anomall Sequence :0
<----------------------------------------------------------------------->

Time :Wed Mar 26 01:48:19 2003
HostName :isag21.ce.kmitl.ac.th
UserID :501
ProcessID 2538	 ProcessName :ls
Hamming Distance :0
Number of Anomall Sequence :0
<----------------------------------------------------------------------->

Time :Wed Mar 26 01:48:20 2003
HostName :isag21.ce.kmitl.ac.th
UserID :501
ProcessID 2541	 ProcessName :ls
Hamming Distance :0
Number of Anomall Sequence :0
<----------------------------------------------------------------------->

Time :Wed Mar 26 01:48:22 2003
HostName :isag21.ce.kmitl.ac.th
UserID :501
ProcessID 2544	 ProcessName :ls
Hamming Distance :0
Number of Anomall Sequence :0
<----------------------------------------------------------------------->

Time :Wed Mar 26 01:48:24 2003
HostName :isag21.ce.kmitl.ac.th
UserID :501
ProcessID 2547	 ProcessName :ls
Hamming Distance :0
Number of Anomall Sequence :0
<----------------------------------------------------------------------->

Time :Wed Mar 26 01:48:25 2003
HostName :isag21.ce.kmitl.ac.th
UserID :501
ProcessID 2550	 ProcessName :ls
Hamming Distance :0
Number of Anomall Sequence :0
<----------------------------------------------------------------------->

Time :Wed Mar 26 01:48:28 2003
HostName :isag21.ce.kmitl.ac.th
UserID :501
ProcessID 2553	 ProcessName :ls
Hamming Distance :0
Number of Anomall Sequence :0
<----------------------------------------------------------------------->

Time :Wed Mar 26 01:48:29 2003
HostName :isag21.ce.kmitl.ac.th
UserID :501
ProcessID 2556	 ProcessName :ls
Hamming Distance :0
Number of Anomall Sequence :0
<----------------------------------------------------------------------->

Time :Wed Mar 26 01:48:31 2003
HostName :isag21.ce.kmitl.ac.th
UserID :501
ProcessID 2559	 ProcessName :ls
Hamming Distance :0
Number of Anomall Sequence :0
<----------------------------------------------------------------------->

Time :Wed Mar 26 01:48:32 2003
HostName :isag21.ce.kmitl.ac.th
UserID :501
ProcessID 2562	 ProcessName :ls
Hamming Distance :0
Number of Anomall Sequence :0
<----------------------------------------------------------------------->

Time :Wed Mar 26 01:48:34 2003
HostName :isag21.ce.kmitl.ac.th
UserID :501
ProcessID 2565	 ProcessName :ls
Hamming Distance :0
Number of Anomall Sequence :0
<----------------------------------------------------------------------->

Time :Wed Mar 26 01:48:35 2003
HostName :isag21.ce.kmitl.ac.th
UserID :501
ProcessID 2568	 ProcessName :ls
Hamming Distance :0
Number of Anomall Sequence :0
<----------------------------------------------------------------------->

Time :Wed Mar 26 01:48:36 2003
HostName :isag21.ce.kmitl.ac.th
UserID :501
ProcessID 2571	 ProcessName :ls
Hamming Distance :0
Number of Anomall Sequence :0
<----------------------------------------------------------------------->

Time :Wed Mar 26 01:48:39 2003
HostName :isag21.ce.kmitl.ac.th
UserID :501
ProcessID 2574	 ProcessName :ls
Hamming Distance :0
Number of Anomall Sequence :0
<----------------------------------------------------------------------->

Time :Wed Mar 26 01:48:40 2003
HostName :isag21.ce.kmitl.ac.th
UserID :501
ProcessID 2577	 ProcessName :ls
Hamming Distance :0
Number of Anomall Sequence :0
<----------------------------------------------------------------------->

Time :Wed Mar 26 01:48:41 2003
HostName :isag21.ce.kmitl.ac.th
UserID :501
ProcessID 2580	 ProcessName :ls
Hamming Distance :0
Number of Anomall Sequence :0
<----------------------------------------------------------------------->

Time :Wed Mar 26 01:48:43 2003
HostName :isag21.ce.kmitl.ac.th
UserID :501
ProcessID 2583	 ProcessName :ls
Hamming Distance :0
Number of Anomall Sequence :0
<----------------------------------------------------------------------->

Time :Wed Mar 26 01:48:44 2003
HostName :isag21.ce.kmitl.ac.th
UserID :501
ProcessID 2586	 ProcessName :ls
Hamming Distance :0
Number of Anomall Sequence :0
<----------------------------------------------------------------------->

Time :Wed Mar 26 01:48:47 2003
HostName :isag21.ce.kmitl.ac.th
UserID :501
ProcessID 2589	 ProcessName :ls
Hamming Distance :0
Number of Anomall Sequence :0
<----------------------------------------------------------------------->

Time :Wed Mar 26 02:02:04 2003
HostName :isag21.ce.kmitl.ac.th
UserID :501
ProcessID 2605	 ProcessName :ls
Hamming Distance :0
Number of Anomall Sequence :0
<----------------------------------------------------------------------->

Time :Wed Mar 26 02:02:08 2003
HostName :isag21.ce.kmitl.ac.th
UserID :501
ProcessID 2608	 ProcessName :ls
Hamming Distance :0
Number of Anomall Sequence :0
<----------------------------------------------------------------------->

Time :Wed Mar 26 02:02:11 2003
HostName :isag21.ce.kmitl.ac.th
UserID :501
ProcessID 2611	 ProcessName :ls
Hamming Distance :0
Number of Anomall Sequence :0
<----------------------------------------------------------------------->

Time :Wed Mar 26 02:02:16 2003
HostName :isag21.ce.kmitl.ac.th
UserID :501
ProcessID 2614	 ProcessName :ps
Hamming Distance :0
Number of Anomall Sequence :0
<----------------------------------------------------------------------->

Time :Wed Mar 26 02:02:20 2003
HostName :isag21.ce.kmitl.ac.th
UserID :501
ProcessID 2617	 ProcessName :ps
Hamming Distance :0
Number of Anomall Sequence :0
<----------------------------------------------------------------------->

Time :Wed Mar 26 02:02:28 2003
HostName :isag21.ce.kmitl.ac.th
UserID :501
ProcessID 2620	 ProcessName :ps
Hamming Distance :0
Number of Anomall Sequence :0
<----------------------------------------------------------------------->

Time :Wed Mar 26 02:02:30 2003
HostName :isag21.ce.kmitl.ac.th
UserID :501
ProcessID 2623	 ProcessName :ps
Hamming Distance :0
Number of Anomall Sequence :0
<----------------------------------------------------------------------->

Time :Wed Mar 26 02:02:33 2003
HostName :isag21.ce.kmitl.ac.th
UserID :501
ProcessID 2626	 ProcessName :ps
Hamming Distance :0
Number of Anomall Sequence :0
<----------------------------------------------------------------------->

Time :Wed Mar 26 02:02:37 2003
HostName :isag21.ce.kmitl.ac.th
UserID :501
ProcessID 2629	 ProcessName :ps
Hamming Distance :0
Number of Anomall Sequence :0
<----------------------------------------------------------------------->

Time :Wed Mar 26 02:02:41 2003
HostName :isag21.ce.kmitl.ac.th
UserID :501
ProcessID 2632	 ProcessName :ps
Hamming Distance :0
Number of Anomall Sequence :0
<----------------------------------------------------------------------->

Time :Wed Mar 26 02:03:08 2003
HostName :isag21.ce.kmitl.ac.th
UserID :501
ProcessID 2635	 ProcessName :ls
Hamming Distance :0
Number of Anomall Sequence :0
<----------------------------------------------------------------------->

Time :Wed Mar 26 02:03:10 2003
HostName :isag21.ce.kmitl.ac.th
UserID :501
ProcessID 2638	 ProcessName :ps
Hamming Distance :0
Number of Anomall Sequence :0
<----------------------------------------------------------------------->

Time :Wed Mar 26 02:03:13 2003
HostName :isag21.ce.kmitl.ac.th
UserID :501
ProcessID 2641	 ProcessName :ps
Hamming Distance :0
Number of Anomall Sequence :0
<----------------------------------------------------------------------->

Time :Wed Mar 26 02:03:16 2003
HostName :isag21.ce.kmitl.ac.th
UserID :501
ProcessID 2644	 ProcessName :ps
Hamming Distance :0
Number of Anomall Sequence :0
<----------------------------------------------------------------------->

Time :Wed Mar 26 02:03:17 2003
HostName :isag21.ce.kmitl.ac.th
UserID :501
ProcessID 2647	 ProcessName :ps
Hamming Distance :0
Number of Anomall Sequence :0
<----------------------------------------------------------------------->

Time :Wed Mar 26 02:03:18 2003
HostName :isag21.ce.kmitl.ac.th
UserID :501
ProcessID 2650	 ProcessName :ps
Hamming Distance :0
Number of Anomall Sequence :0
<----------------------------------------------------------------------->

Time :Wed Mar 26 02:03:21 2003
HostName :isag21.ce.kmitl.ac.th
UserID :501
ProcessID 2653	 ProcessName :ps
Hamming Distance :0
Number of Anomall Sequence :0
<----------------------------------------------------------------------->

Time :Wed Mar 26 02:03:23 2003
HostName :isag21.ce.kmitl.ac.th
UserID :501
ProcessID 2656	 ProcessName :ps
Hamming Distance :0
Number of Anomall Sequence :0
<----------------------------------------------------------------------->

Time :Wed Mar 26 02:03:32 2003
HostName :isag21.ce.kmitl.ac.th
UserID :501
ProcessID 2659	 ProcessName :ps
Hamming Distance :0
Number of Anomall Sequence :0
<----------------------------------------------------------------------->

Time :Wed Mar 26 02:03:34 2003
HostName :isag21.ce.kmitl.ac.th
UserID :501
ProcessID 2662	 ProcessName :ps
Hamming Distance :0
Number of Anomall Sequence :0
<----------------------------------------------------------------------->

Time :Wed Mar 26 02:04:52 2003
HostName :isag21.ce.kmitl.ac.th
UserID :501
ProcessID 2692	 ProcessName :ls
Hamming Distance :0
Number of Anomall Sequence :0
<----------------------------------------------------------------------->

Time :Wed Mar 26 02:04:56 2003
HostName :isag21.ce.kmitl.ac.th
UserID :501
ProcessID 2695	 ProcessName :cat
Hamming Distance :0
Number of Anomall Sequence :0
<----------------------------------------------------------------------->

Time :Wed Mar 26 02:04:57 2003
HostName :isag21.ce.kmitl.ac.th
UserID :501
ProcessID 2698	 ProcessName :ls
Hamming Distance :0
Number of Anomall Sequence :0
<----------------------------------------------------------------------->

Time :Wed Mar 26 02:05:05 2003
HostName :isag21.ce.kmitl.ac.th
UserID :501
ProcessID 2701	 ProcessName :cat
Hamming Distance :0
Number of Anomall Sequence :0
<----------------------------------------------------------------------->

Time :Wed Mar 26 02:05:09 2003
HostName :isag21.ce.kmitl.ac.th
UserID :501
ProcessID 2705	 ProcessName :ls
Hamming Distance :0
Number of Anomall Sequence :0
<----------------------------------------------------------------------->

Time :Wed Mar 26 02:05:10 2003
HostName :isag21.ce.kmitl.ac.th
UserID :501
ProcessID 2708	 ProcessName :ls
Hamming Distance :0
Number of Anomall Sequence :0
<----------------------------------------------------------------------->

Time :Wed Mar 26 02:05:14 2003
HostName :isag21.ce.kmitl.ac.th
UserID :501
ProcessID 2711	 ProcessName :ls
Hamming Distance :0
Number of Anomall Sequence :0
<----------------------------------------------------------------------->

Time :Wed Mar 26 02:05:17 2003
HostName :isag21.ce.kmitl.ac.th
UserID :501
ProcessID 2714	 ProcessName :ls
Hamming Distance :0
Number of Anomall Sequence :0
<----------------------------------------------------------------------->

Time :Wed Mar 26 02:05:19 2003
HostName :isag21.ce.kmitl.ac.th
UserID :501
ProcessID 2717	 ProcessName :ls
Hamming Distance :0
Number of Anomall Sequence :0
<----------------------------------------------------------------------->

Time :Wed Mar 26 02:05:23 2003
HostName :isag21.ce.kmitl.ac.th
UserID :501
ProcessID 2720	 ProcessName :ls
Hamming Distance :0
Number of Anomall Sequence :0
<----------------------------------------------------------------------->

Time :Wed Mar 26 02:05:25 2003
HostName :isag21.ce.kmitl.ac.th
UserID :501
ProcessID 2723	 ProcessName :ls
Hamming Distance :0
Number of Anomall Sequence :0
<----------------------------------------------------------------------->

Time :Wed Mar 26 02:05:31 2003
HostName :isag21.ce.kmitl.ac.th
UserID :501
ProcessID 2726	 ProcessName :ls
Hamming Distance :0
Number of Anomall Sequence :0
<----------------------------------------------------------------------->

Time :Wed Mar 26 02:05:49 2003
HostName :isag21.ce.kmitl.ac.th
UserID :501
ProcessID 2729	 ProcessName :cat
Hamming Distance :0
Number of Anomall Sequence :0
<----------------------------------------------------------------------->

Time :Wed Mar 26 02:06:43 2003
HostName :isag21.ce.kmitl.ac.th
UserID :501
ProcessID 2732	 ProcessName :ls
Hamming Distance :0
Number of Anomall Sequence :0
<----------------------------------------------------------------------->

Time :Wed Mar 26 02:06:45 2003
HostName :isag21.ce.kmitl.ac.th
UserID :501
ProcessID 2735	 ProcessName :ls
Hamming Distance :0
Number of Anomall Sequence :0
<----------------------------------------------------------------------->

Time :Wed Mar 26 02:06:49 2003
HostName :isag21.ce.kmitl.ac.th
UserID :501
ProcessID 2738	 ProcessName :cat
Hamming Distance :0
Number of Anomall Sequence :0
<----------------------------------------------------------------------->

Time :Wed Mar 26 02:06:52 2003
HostName :isag21.ce.kmitl.ac.th
UserID :501
ProcessID 2741	 ProcessName :cat
Hamming Distance :0
Number of Anomall Sequence :0
<----------------------------------------------------------------------->

Time :Wed Mar 26 02:06:53 2003
HostName :isag21.ce.kmitl.ac.th
UserID :501
ProcessID 2744	 ProcessName :ls
Hamming Distance :0
Number of Anomall Sequence :0
<----------------------------------------------------------------------->

Time :Wed Mar 26 02:06:55 2003
HostName :isag21.ce.kmitl.ac.th
UserID :501
ProcessID 2747	 ProcessName :ls
Hamming Distance :0
Number of Anomall Sequence :0
<----------------------------------------------------------------------->

Time :Wed Mar 26 02:09:09 2003
HostName :isag21.ce.kmitl.ac.th
UserID :501
ProcessID 2751	 ProcessName :netstat
Hamming Distance :0
Number of Anomall Sequence :0
<----------------------------------------------------------------------->

Time :Wed Mar 26 02:09:16 2003
HostName :isag21.ce.kmitl.ac.th
UserID :501
ProcessID 2755	 ProcessName :netstat
Hamming Distance :0
Number of Anomall Sequence :0
<----------------------------------------------------------------------->

Time :Wed Mar 26 02:09:21 2003
HostName :isag21.ce.kmitl.ac.th
UserID :501
ProcessID 2758	 ProcessName :netstat
Hamming Distance :0
Number of Anomall Sequence :0
<----------------------------------------------------------------------->

Time :Wed Mar 26 02:09:24 2003
HostName :isag21.ce.kmitl.ac.th
UserID :501
ProcessID 2761	 ProcessName :netstat
Hamming Distance :0
Number of Anomall Sequence :0
<----------------------------------------------------------------------->

Time :Wed Mar 26 02:09:31 2003
HostName :isag21.ce.kmitl.ac.th
UserID :501
ProcessID 2764	 ProcessName :netstat
Hamming Distance :0
Number of Anomall Sequence :0
<----------------------------------------------------------------------->

Time :Wed Mar 26 02:09:32 2003
HostName :isag21.ce.kmitl.ac.th
UserID :501
ProcessID 2767	 ProcessName :netstat
Hamming Distance :0
Number of Anomall Sequence :0
<----------------------------------------------------------------------->

Time :Wed Mar 26 02:09:34 2003
HostName :isag21.ce.kmitl.ac.th
UserID :501
ProcessID 2770	 ProcessName :netstat
Hamming Distance :0
Number of Anomall Sequence :0
<----------------------------------------------------------------------->

Time :Wed Mar 26 02:09:36 2003
HostName :isag21.ce.kmitl.ac.th
UserID :501
ProcessID 2773	 ProcessName :netstat
Hamming Distance :0
Number of Anomall Sequence :0
<----------------------------------------------------------------------->

Time :Wed Mar 26 02:09:40 2003
HostName :isag21.ce.kmitl.ac.th
UserID :501
ProcessID 2776	 ProcessName :netstat
Hamming Distance :0
Number of Anomall Sequence :0
<----------------------------------------------------------------------->

Time :Wed Mar 26 02:09:42 2003
HostName :isag21.ce.kmitl.ac.th
UserID :501
ProcessID 2779	 ProcessName :netstat
Hamming Distance :0
Number of Anomall Sequence :0
<----------------------------------------------------------------------->

Time :Wed Mar 26 02:09:44 2003
HostName :isag21.ce.kmitl.ac.th
UserID :501
ProcessID 2782	 ProcessName :netstat
Hamming Distance :0
Number of Anomall Sequence :0
<----------------------------------------------------------------------->

Time :Wed Mar 26 02:09:46 2003
HostName :isag21.ce.kmitl.ac.th
UserID :501
ProcessID 2785	 ProcessName :netstat
Hamming Distance :0
Number of Anomall Sequence :0
<----------------------------------------------------------------------->

Time :Wed Mar 26 02:09:48 2003
HostName :isag21.ce.kmitl.ac.th
UserID :501
ProcessID 2788	 ProcessName :netstat
Hamming Distance :0
Number of Anomall Sequence :0
<----------------------------------------------------------------------->

Time :Wed Mar 26 02:09:51 2003
HostName :isag21.ce.kmitl.ac.th
UserID :501
ProcessID 2791	 ProcessName :netstat
Hamming Distance :0
Number of Anomall Sequence :0
<----------------------------------------------------------------------->

Time :Wed Mar 26 02:09:54 2003
HostName :isag21.ce.kmitl.ac.th
UserID :501
ProcessID 2794	 ProcessName :netstat
Hamming Distance :0
Number of Anomall Sequence :0
<----------------------------------------------------------------------->

Time :Wed Mar 26 02:09:57 2003
HostName :isag21.ce.kmitl.ac.th
UserID :501
ProcessID 2797	 ProcessName :netstat
Hamming Distance :0
Number of Anomall Sequence :0
<----------------------------------------------------------------------->

Time :Wed Mar 26 02:09:58 2003
HostName :isag21.ce.kmitl.ac.th
UserID :501
ProcessID 2800	 ProcessName :netstat
Hamming Distance :0
Number of Anomall Sequence :0
<----------------------------------------------------------------------->

Time :Wed Mar 26 02:10:01 2003
HostName :isag21.ce.kmitl.ac.th
UserID :501
ProcessID 2803	 ProcessName :netstat
Hamming Distance :0
Number of Anomall Sequence :0
<----------------------------------------------------------------------->

Time :Wed Mar 26 02:10:03 2003
HostName :isag21.ce.kmitl.ac.th
UserID :501
ProcessID 2806	 ProcessName :netstat
Hamming Distance :0
Number of Anomall Sequence :0
<----------------------------------------------------------------------->

Time :Wed Mar 26 02:10:04 2003
HostName :isag21.ce.kmitl.ac.th
UserID :501
ProcessID 2809	 ProcessName :netstat
Hamming Distance :0
Number of Anomall Sequence :0
<----------------------------------------------------------------------->

Time :Wed Mar 26 02:10:06 2003
HostName :isag21.ce.kmitl.ac.th
UserID :501
ProcessID 2812	 ProcessName :netstat
Hamming Distance :0
Number of Anomall Sequence :0
<----------------------------------------------------------------------->

Time :Wed Mar 26 02:10:08 2003
HostName :isag21.ce.kmitl.ac.th
UserID :501
ProcessID 2815	 ProcessName :netstat
Hamming Distance :0
Number of Anomall Sequence :0
<----------------------------------------------------------------------->

Time :Wed Mar 26 02:10:09 2003
HostName :isag21.ce.kmitl.ac.th
UserID :501
ProcessID 2818	 ProcessName :ls
Hamming Distance :0
Number of Anomall Sequence :0
<----------------------------------------------------------------------->

Time :Wed Mar 26 02:31:59 2003
HostName :isag21.ce.kmitl.ac.th
UserID :501
ProcessID 2501	 ProcessName :ls
Hamming Distance :0
Number of Anomall Sequence :0
<----------------------------------------------------------------------->

Time :Wed Mar 26 02:32:10 2003
HostName :isag21.ce.kmitl.ac.th
UserID :501
ProcessID 2504	 ProcessName :ls
Hamming Distance :0
Number of Anomall Sequence :0
<----------------------------------------------------------------------->

Time :Wed Mar 26 02:33:17 2003
HostName :isag21.ce.kmitl.ac.th
UserID :501
ProcessID 2538	 ProcessName :ls
Hamming Distance :0
Number of Anomall Sequence :0
<----------------------------------------------------------------------->

Time :Wed Mar 26 02:33:21 2003
HostName :isag21.ce.kmitl.ac.th
UserID :501
ProcessID 2541	 ProcessName :ls
Hamming Distance :0
Number of Anomall Sequence :0
<----------------------------------------------------------------------->

Time :Wed Mar 26 02:33:40 2003
HostName :isag21.ce.kmitl.ac.th
UserID :501
ProcessID 2545	 ProcessName :ls
Hamming Distance :0
Number of Anomall Sequence :0
<----------------------------------------------------------------------->

Time :Wed Mar 26 02:34:33 2003
HostName :isag21.ce.kmitl.ac.th
UserID :501
ProcessID 2581	 ProcessName :ls
Hamming Distance :0
Number of Anomall Sequence :0
<----------------------------------------------------------------------->

Time :Wed Mar 26 02:34:36 2003
HostName :isag21.ce.kmitl.ac.th
UserID :501
ProcessID 2584	 ProcessName :ps
Hamming Distance :0
Number of Anomall Sequence :0
<----------------------------------------------------------------------->

Time :Wed Mar 26 02:39:02 2003
HostName :isag21.ce.kmitl.ac.th
UserID :501
ProcessID 2646	 ProcessName :ls
Hamming Distance :0
Number of Anomall Sequence :0
<----------------------------------------------------------------------->

Time :Wed Mar 26 02:40:34 2003
HostName :isag21.ce.kmitl.ac.th
UserID :501
ProcessID 2649	 ProcessName :ls
Hamming Distance :0
Number of Anomall Sequence :0
<----------------------------------------------------------------------->

Time :Wed Mar 26 02:40:34 2003
HostName :isag21.ce.kmitl.ac.th
UserID :501
ProcessID 2652	 ProcessName :ls
Hamming Distance :0
Number of Anomall Sequence :0
<----------------------------------------------------------------------->

Time :Wed Mar 26 02:41:07 2003
HostName :isag21.ce.kmitl.ac.th
UserID :501
ProcessID 2720	 ProcessName :ls
Hamming Distance :0
Number of Anomall Sequence :0
<----------------------------------------------------------------------->

Time :Wed Mar 26 02:41:11 2003
HostName :isag21.ce.kmitl.ac.th
UserID :501
ProcessID 2723	 ProcessName :ls
Hamming Distance :0
Number of Anomall Sequence :0
<----------------------------------------------------------------------->

Time :Wed Mar 26 02:41:11 2003
HostName :isag21.ce.kmitl.ac.th
UserID :501
ProcessID 2723	 ProcessName :ls
Hamming Distance :0
Number of Anomall Sequence :0
<----------------------------------------------------------------------->

Time :Wed Mar 26 02:41:11 2003
HostName :isag21.ce.kmitl.ac.th
UserID :501
ProcessID 2723	 ProcessName :ls
Hamming Distance :0
Number of Anomall Sequence :0
<----------------------------------------------------------------------->

Time :Wed Mar 26 02:41:11 2003
HostName :isag21.ce.kmitl.ac.th
UserID :501
ProcessID 2723	 ProcessName :ls
Hamming Distance :0
Number of Anomall Sequence :0
<----------------------------------------------------------------------->

Time :Wed Mar 26 02:41:11 2003
HostName :isag21.ce.kmitl.ac.th
UserID :501
ProcessID 2723	 ProcessName :ls
Hamming Distance :0
Number of Anomall Sequence :0
<----------------------------------------------------------------------->

Time :Wed Mar 26 02:41:07 2003
HostName :isag21.ce.kmitl.ac.th
UserID :501
ProcessID 2720	 ProcessName :ls
Hamming Distance :1
Number of Anomall Sequence :4
brk open open fstat64 close 
open open fstat64 close open 
open fstat64 close open read 
fstat64 close open read fstat64 
<----------------------------------------------------------------------->

Time :Wed Mar 26 03:27:18 2003
HostName :isag21.ce.kmitl.ac.th
UserID :501
ProcessID 2490	 ProcessName :ls
Hamming Distance :0
Number of Anomall Sequence :0
<----------------------------------------------------------------------->

Time :Wed Mar 26 03:27:20 2003
HostName :isag21.ce.kmitl.ac.th
UserID :501
ProcessID 2493	 ProcessName :ls
Hamming Distance :0
Number of Anomall Sequence :0
<----------------------------------------------------------------------->

Time :Wed Mar 26 03:27:22 2003
HostName :isag21.ce.kmitl.ac.th
UserID :501
ProcessID 2496	 ProcessName :ps
Hamming Distance :0
Number of Anomall Sequence :0
<----------------------------------------------------------------------->

Time :Wed Mar 26 03:27:25 2003
HostName :isag21.ce.kmitl.ac.th
UserID :501
ProcessID 2499	 ProcessName :ls
Hamming Distance :0
Number of Anomall Sequence :0
<----------------------------------------------------------------------->

Time :Wed Mar 26 03:27:28 2003
HostName :isag21.ce.kmitl.ac.th
UserID :501
ProcessID 2502	 ProcessName :ls
Hamming Distance :0
Number of Anomall Sequence :0
<----------------------------------------------------------------------->

Time :Wed Mar 26 03:27:29 2003
HostName :isag21.ce.kmitl.ac.th
UserID :501
ProcessID 2505	 ProcessName :ls
Hamming Distance :0
Number of Anomall Sequence :0
<----------------------------------------------------------------------->

Time :Wed Mar 26 03:27:32 2003
HostName :isag21.ce.kmitl.ac.th
UserID :501
ProcessID 2508	 ProcessName :ls
Hamming Distance :0
Number of Anomall Sequence :0
<----------------------------------------------------------------------->

Time :Wed Mar 26 03:27:34 2003
HostName :isag21.ce.kmitl.ac.th
UserID :501
ProcessID 2511	 ProcessName :ls
Hamming Distance :0
Number of Anomall Sequence :0
<----------------------------------------------------------------------->

Time :Wed Mar 26 03:27:18 2003
HostName :isag21.ce.kmitl.ac.th
UserID :501
ProcessID 2490	 ProcessName :ls
Hamming Distance :0
Number of Anomall Sequence :0
<----------------------------------------------------------------------->

Time :Wed Mar 26 03:27:18 2003
HostName :isag21.ce.kmitl.ac.th
UserID :501
ProcessID 2490	 ProcessName :ls
Hamming Distance :2
Number of Anomall Sequence :4
fstat64 old_mmap close open open 
old_mmap close open open read 
close open open read fstat64 
open open read fstat64 old_mmap 
<----------------------------------------------------------------------->

Time :Wed Mar 26 03:35:05 2003
HostName :isag21.ce.kmitl.ac.th
UserID :501
ProcessID 2560	 ProcessName :ls
Hamming Distance :0
Number of Anomall Sequence :0
<----------------------------------------------------------------------->

Time :Wed Mar 26 03:38:42 2003
HostName :isag21.ce.kmitl.ac.th
UserID :501
ProcessID 2575	 ProcessName :ls
Hamming Distance :0
Number of Anomall Sequence :0
<----------------------------------------------------------------------->

Time :Wed Mar 26 03:38:44 2003
HostName :isag21.ce.kmitl.ac.th
UserID :501
ProcessID 2578	 ProcessName :ls
Hamming Distance :0
Number of Anomall Sequence :0
<----------------------------------------------------------------------->

Time :Wed Mar 26 03:38:47 2003
HostName :isag21.ce.kmitl.ac.th
UserID :501
ProcessID 2581	 ProcessName :ls
Hamming Distance :0
Number of Anomall Sequence :0
<----------------------------------------------------------------------->

Time :Wed Mar 26 03:38:48 2003
HostName :isag21.ce.kmitl.ac.th
UserID :501
ProcessID 2584	 ProcessName :ls
Hamming Distance :0
Number of Anomall Sequence :0
<----------------------------------------------------------------------->

Time :Wed Mar 26 03:38:57 2003
HostName :isag21.ce.kmitl.ac.th
UserID :501
ProcessID 2587	 ProcessName :ls
Hamming Distance :0
Number of Anomall Sequence :0
<----------------------------------------------------------------------->

Time :Wed Mar 26 03:39:05 2003
HostName :isag21.ce.kmitl.ac.th
UserID :501
ProcessID 2590	 ProcessName :ls
Hamming Distance :0
Number of Anomall Sequence :0
<----------------------------------------------------------------------->

Time :Wed Mar 26 03:39:08 2003
HostName :isag21.ce.kmitl.ac.th
UserID :501
ProcessID 2593	 ProcessName :ls
Hamming Distance :0
Number of Anomall Sequence :0
<----------------------------------------------------------------------->

Time :Wed Mar 26 03:39:11 2003
HostName :isag21.ce.kmitl.ac.th
UserID :501
ProcessID 2596	 ProcessName :ls
Hamming Distance :0
Number of Anomall Sequence :0
<----------------------------------------------------------------------->

Time :Wed Mar 26 03:39:19 2003
HostName :isag21.ce.kmitl.ac.th
UserID :501
ProcessID 2599	 ProcessName :ls
Hamming Distance :0
Number of Anomall Sequence :0
<----------------------------------------------------------------------->

Time :Wed Mar 26 03:39:27 2003
HostName :isag21.ce.kmitl.ac.th
UserID :501
ProcessID 2602	 ProcessName :ls
Hamming Distance :0
Number of Anomall Sequence :0
<----------------------------------------------------------------------->

Time :Wed Mar 26 03:39:50 2003
HostName :isag21.ce.kmitl.ac.th
UserID :501
ProcessID 2608	 ProcessName :ls
Hamming Distance :2
Number of Anomall Sequence :7
read close munmap ioctl brk open 
close munmap ioctl brk open open 
munmap ioctl brk open open fstat64 
ioctl brk open open fstat64 old_mmap 
brk open open fstat64 old_mmap brk 
open open fstat64 old_mmap brk open 
open fstat64 old_mmap brk open open 
<----------------------------------------------------------------------->

Time :Wed Mar 26 03:39:58 2003
HostName :isag21.ce.kmitl.ac.th
UserID :501
ProcessID 2615	 ProcessName :ls
Hamming Distance :2
Number of Anomall Sequence :7
read close munmap ioctl brk open 
close munmap ioctl brk open open 
munmap ioctl brk open open fstat64 
ioctl brk open open fstat64 old_mmap 
brk open open fstat64 old_mmap brk 
open open fstat64 old_mmap brk open 
open fstat64 old_mmap brk open open 
<----------------------------------------------------------------------->

Time :Wed Mar 26 03:40:11 2003
HostName :isag21.ce.kmitl.ac.th
UserID :501
ProcessID 2622	 ProcessName :ls
Hamming Distance :4
Number of Anomall Sequence :63
read close munmap ioctl brk open 
close munmap ioctl brk open open 
munmap ioctl brk open open fstat64 
ioctl brk open open fstat64 old_mmap 
brk open open fstat64 old_mmap brk 
open open fstat64 old_mmap brk open 
open fstat64 old_mmap brk open open 
lstat64 lstat64 lstat64 lstat64 lstat64 readlink 
lstat64 lstat64 lstat64 lstat64 readlink stat64 
lstat64 lstat64 lstat64 readlink stat64 lstat64 
lstat64 lstat64 readlink stat64 lstat64 lstat64 
lstat64 readlink stat64 lstat64 lstat64 lstat64 
readlink stat64 lstat64 lstat64 lstat64 lstat64 
stat64 lstat64 lstat64 lstat64 lstat64 lstat64 
old_mmap read close munmap open open 
read close munmap open open write 
close munmap open open write socket 
munmap open open write socket connect 
open open write socket connect close 
open write socket connect close open 
write socket connect close open fstat64 
socket connect close open fstat64 old_mmap 
connect close open fstat64 old_mmap read 
close open fstat64 old_mmap read read 
munmap open fstat64 old_mmap close open 
fstat64 old_mmap mprotect old_mmap close munmap 
old_mmap mprotect old_mmap close munmap open 
mprotect old_mmap close munmap open fcntl64 
old_mmap close munmap open fcntl64 fcntl64 
close munmap open fcntl64 fcntl64 fstat64 
munmap open fcntl64 fcntl64 fstat64 old_mmap 
open fcntl64 fcntl64 fstat64 old_mmap read 
fcntl64 fcntl64 fstat64 old_mmap read close 
fcntl64 fstat64 old_mmap read close munmap 
fstat64 old_mmap read close munmap socket 
old_mmap read close munmap socket connect 
read close munmap socket connect close 
close munmap socket connect close brk 
munmap socket connect close brk open 
socket connect close brk open fcntl64 
connect close brk open fcntl64 fcntl64 
close brk open fcntl64 fcntl64 fstat64 
brk open fcntl64 fcntl64 fstat64 old_mmap 
open fcntl64 fcntl64 fstat64 old_mmap read 
fcntl64 fcntl64 fstat64 old_mmap read close 
fcntl64 fstat64 old_mmap read close munmap 
fstat64 old_mmap read close munmap gettimeofday 
old_mmap read close munmap gettimeofday write 
read close munmap gettimeofday write open 
close munmap gettimeofday write open fcntl64 
munmap gettimeofday write open fcntl64 fcntl64 
gettimeofday write open fcntl64 fcntl64 fstat64 
write open fcntl64 fcntl64 fstat64 old_mmap 
open fcntl64 fcntl64 fstat64 old_mmap read 
fcntl64 fcntl64 fstat64 old_mmap read close 
fcntl64 fstat64 old_mmap read close munmap 
old_mmap read close munmap open fcntl64 
read close munmap open fcntl64 fcntl64 
close munmap open fcntl64 fcntl64 fstat64 
munmap open fcntl64 fcntl64 fstat64 old_mmap 
open fcntl64 fcntl64 fstat64 old_mmap read 
fcntl64 fcntl64 fstat64 old_mmap read close 
fcntl64 fstat64 old_mmap read close munmap 
<----------------------------------------------------------------------->

Time :Wed Mar 26 03:40:31 2003
HostName :isag21.ce.kmitl.ac.th
UserID :501
ProcessID 2629	 ProcessName :ls
Hamming Distance :4
Number of Anomall Sequence :74
read close munmap ioctl brk open 
close munmap ioctl brk open open 
munmap ioctl brk open open fstat64 
ioctl brk open open fstat64 old_mmap 
brk open open fstat64 old_mmap brk 
open open fstat64 old_mmap brk open 
open fstat64 old_mmap brk open open 
lstat64 lstat64 getdents64 close open open 
lstat64 getdents64 close open open write 
getdents64 close open open write socket 
close open open write socket connect 
open open write socket connect close 
open write socket connect close open 
write socket connect close open fstat64 
socket connect close open fstat64 old_mmap 
connect close open fstat64 old_mmap read 
close open fstat64 old_mmap read read 
munmap open fstat64 old_mmap close open 
fstat64 old_mmap mprotect old_mmap close munmap 
old_mmap mprotect old_mmap close munmap open 
mprotect old_mmap close munmap open fcntl64 
old_mmap close munmap open fcntl64 fcntl64 
close munmap open fcntl64 fcntl64 fstat64 
munmap open fcntl64 fcntl64 fstat64 old_mmap 
open fcntl64 fcntl64 fstat64 old_mmap read 
fcntl64 fcntl64 fstat64 old_mmap read close 
fcntl64 fstat64 old_mmap read close munmap 
fstat64 old_mmap read close munmap socket 
old_mmap read close munmap socket connect 
read close munmap socket connect close 
close munmap socket connect close open 
munmap socket connect close open fcntl64 
socket connect close open fcntl64 fcntl64 
connect close open fcntl64 fcntl64 fstat64 
close open fcntl64 fcntl64 fstat64 old_mmap 
open fcntl64 fcntl64 fstat64 old_mmap read 
fcntl64 fcntl64 fstat64 old_mmap read close 
fcntl64 fstat64 old_mmap read close munmap 
munmap open fstat64 old_mmap read brk 
open fstat64 old_mmap read brk close 
fstat64 old_mmap read brk close munmap 
old_mmap read brk close munmap gettimeofday 
read brk close munmap gettimeofday write 
brk close munmap gettimeofday write write 
close munmap gettimeofday write write open 
munmap gettimeofday write write open fcntl64 
gettimeofday write write open fcntl64 fcntl64 
write write open fcntl64 fcntl64 fstat64 
write open fcntl64 fcntl64 fstat64 old_mmap 
open fcntl64 fcntl64 fstat64 old_mmap read 
fcntl64 fcntl64 fstat64 old_mmap read close 
fcntl64 fstat64 old_mmap read close munmap 
old_mmap read close munmap open fcntl64 
read close munmap open fcntl64 fcntl64 
close munmap open fcntl64 fcntl64 fstat64 
munmap open fcntl64 fcntl64 fstat64 old_mmap 
open fcntl64 fcntl64 fstat64 old_mmap read 
fcntl64 fcntl64 fstat64 old_mmap read close 
fcntl64 fstat64 old_mmap read close munmap 
old_mmap read close munmap write open 
read close munmap write open fcntl64 
close munmap write open fcntl64 fcntl64 
munmap write open fcntl64 fcntl64 fstat64 
write open fcntl64 fcntl64 fstat64 old_mmap 
open fcntl64 fcntl64 fstat64 old_mmap read 
fcntl64 fcntl64 fstat64 old_mmap read close 
fcntl64 fstat64 old_mmap read close munmap 
old_mmap read close munmap open fcntl64 
read close munmap open fcntl64 fcntl64 
close munmap open fcntl64 fcntl64 fstat64 
munmap open fcntl64 fcntl64 fstat64 old_mmap 
open fcntl64 fcntl64 fstat64 old_mmap read 
fcntl64 fcntl64 fstat64 old_mmap read close 
fcntl64 fstat64 old_mmap read close munmap 
<----------------------------------------------------------------------->

Time :Wed Mar 26 03:42:23 2003
HostName :isag21.ce.kmitl.ac.th
UserID :501
ProcessID 2636	 ProcessName :ls
Hamming Distance :0
Number of Anomall Sequence :0
<----------------------------------------------------------------------->

Time :Wed Mar 26 03:42:26 2003
HostName :isag21.ce.kmitl.ac.th
UserID :501
ProcessID 2639	 ProcessName :ls
Hamming Distance :2
Number of Anomall Sequence :3
fstat64 fcntl64 getdents64 lstat64 lstat64 getdents64 
fcntl64 getdents64 lstat64 lstat64 getdents64 close 
getdents64 lstat64 lstat64 getdents64 close open 
<----------------------------------------------------------------------->

Time :Wed Mar 26 03:42:58 2003
HostName :isag21.ce.kmitl.ac.th
UserID :501
ProcessID 2646	 ProcessName :ls
Hamming Distance :4
Number of Anomall Sequence :47
read close munmap ioctl brk open 
close munmap ioctl brk open open 
munmap ioctl brk open open fstat64 
ioctl brk open open fstat64 old_mmap 
brk open open fstat64 old_mmap brk 
open open fstat64 old_mmap brk open 
open fstat64 old_mmap brk open open 
old_mmap read close munmap open open 
read close munmap open open write 
close munmap open open write socket 
munmap open open write socket connect 
open open write socket connect close 
open write socket connect close open 
write socket connect close open fstat64 
socket connect close open fstat64 old_mmap 
connect close open fstat64 old_mmap read 
close open fstat64 old_mmap read read 
munmap open fstat64 old_mmap close open 
fstat64 old_mmap mprotect old_mmap close munmap 
old_mmap mprotect old_mmap close munmap open 
mprotect old_mmap close munmap open fcntl64 
old_mmap close munmap open fcntl64 fcntl64 
close munmap open fcntl64 fcntl64 fstat64 
munmap open fcntl64 fcntl64 fstat64 old_mmap 
open fcntl64 fcntl64 fstat64 old_mmap read 
fcntl64 fcntl64 fstat64 old_mmap read close 
fcntl64 fstat64 old_mmap read close munmap 
fstat64 old_mmap read close munmap socket 
old_mmap read close munmap socket connect 
read close munmap socket connect close 
close munmap socket connect close open 
munmap socket connect close open fcntl64 
socket connect close open fcntl64 fcntl64 
connect close open fcntl64 fcntl64 fstat64 
close open fcntl64 fcntl64 fstat64 old_mmap 
open fcntl64 fcntl64 fstat64 old_mmap read 
fcntl64 fcntl64 fstat64 old_mmap read close 
fcntl64 fstat64 old_mmap read close munmap 
munmap open fstat64 old_mmap read brk 
open fstat64 old_mmap read brk close 
fstat64 old_mmap read brk close munmap 
old_mmap read brk close munmap gettimeofday 
read brk close munmap gettimeofday write 
brk close munmap gettimeofday write write 
close munmap gettimeofday write write write 
munmap gettimeofday write write write write 
gettimeofday write write write write write 
<----------------------------------------------------------------------->

Time :Wed Mar 26 10:11:29 2003
HostName :isag21.ce.kmitl.ac.th
UserID :501
ProcessID 2621	 ProcessName :ls
Hamming Distance :0
Number of Anomall Sequence :0
<----------------------------------------------------------------------->

Time :Wed Mar 26 10:11:43 2003
HostName :isag21.ce.kmitl.ac.th
UserID :501
ProcessID 2624	 ProcessName :ls
Hamming Distance :0
Number of Anomall Sequence :0
<----------------------------------------------------------------------->

Time :Wed Mar 26 10:12:10 2003
HostName :isag21.ce.kmitl.ac.th
UserID :501
ProcessID 2627	 ProcessName :ls
Hamming Distance :0
Number of Anomall Sequence :0
<----------------------------------------------------------------------->

Time :Wed Mar 26 10:12:14 2003
HostName :isag21.ce.kmitl.ac.th
UserID :501
ProcessID 2630	 ProcessName :ls
Hamming Distance :0
Number of Anomall Sequence :0
<----------------------------------------------------------------------->

Time :Wed Mar 26 10:12:20 2003
HostName :isag21.ce.kmitl.ac.th
UserID :501
ProcessID 2633	 ProcessName :ls
Hamming Distance :0
Number of Anomall Sequence :0
<----------------------------------------------------------------------->

Time :Wed Mar 26 10:12:23 2003
HostName :isag21.ce.kmitl.ac.th
UserID :501
ProcessID 2636	 ProcessName :ls
Hamming Distance :0
Number of Anomall Sequence :0
<----------------------------------------------------------------------->

Time :Wed Mar 26 10:12:25 2003
HostName :isag21.ce.kmitl.ac.th
UserID :501
ProcessID 2639	 ProcessName :ls
Hamming Distance :0
Number of Anomall Sequence :0
<----------------------------------------------------------------------->

Time :Wed Mar 26 10:12:27 2003
HostName :isag21.ce.kmitl.ac.th
UserID :501
ProcessID 2642	 ProcessName :ls
Hamming Distance :0
Number of Anomall Sequence :0
<----------------------------------------------------------------------->

Time :Wed Mar 26 10:12:28 2003
HostName :isag21.ce.kmitl.ac.th
UserID :501
ProcessID 2645	 ProcessName :ls
Hamming Distance :0
Number of Anomall Sequence :0
<----------------------------------------------------------------------->

Time :Wed Mar 26 10:12:32 2003
HostName :isag21.ce.kmitl.ac.th
UserID :501
ProcessID 2648	 ProcessName :ls
Hamming Distance :0
Number of Anomall Sequence :0
<----------------------------------------------------------------------->

Time :Wed Mar 26 10:12:35 2003
HostName :isag21.ce.kmitl.ac.th
UserID :501
ProcessID 2651	 ProcessName :ls
Hamming Distance :0
Number of Anomall Sequence :0
<----------------------------------------------------------------------->

Time :Wed Mar 26 10:12:36 2003
HostName :isag21.ce.kmitl.ac.th
UserID :501
ProcessID 2654	 ProcessName :ls
Hamming Distance :0
Number of Anomall Sequence :0
<----------------------------------------------------------------------->

Time :Wed Mar 26 10:12:38 2003
HostName :isag21.ce.kmitl.ac.th
UserID :501
ProcessID 2657	 ProcessName :ls
Hamming Distance :0
Number of Anomall Sequence :0
<----------------------------------------------------------------------->

Time :Wed Mar 26 10:12:39 2003
HostName :isag21.ce.kmitl.ac.th
UserID :501
ProcessID 2660	 ProcessName :ls
Hamming Distance :0
Number of Anomall Sequence :0
<----------------------------------------------------------------------->

Time :Wed Mar 26 10:12:41 2003
HostName :isag21.ce.kmitl.ac.th
UserID :501
ProcessID 2663	 ProcessName :ls
Hamming Distance :0
Number of Anomall Sequence :0
<----------------------------------------------------------------------->

Time :Wed Mar 26 10:12:47 2003
HostName :isag21.ce.kmitl.ac.th
UserID :501
ProcessID 2666	 ProcessName :ls
Hamming Distance :0
Number of Anomall Sequence :0
<----------------------------------------------------------------------->

Time :Wed Mar 26 10:12:53 2003
HostName :isag21.ce.kmitl.ac.th
UserID :501
ProcessID 2669	 ProcessName :ls
Hamming Distance :0
Number of Anomall Sequence :0
<----------------------------------------------------------------------->

Time :Wed Mar 26 10:12:57 2003
HostName :isag21.ce.kmitl.ac.th
UserID :501
ProcessID 2672	 ProcessName :ps
Hamming Distance :0
Number of Anomall Sequence :0
<----------------------------------------------------------------------->

Time :Wed Mar 26 10:13:01 2003
HostName :isag21.ce.kmitl.ac.th
UserID :501
ProcessID 2675	 ProcessName :ps
Hamming Distance :0
Number of Anomall Sequence :0
<----------------------------------------------------------------------->

Time :Wed Mar 26 10:13:06 2003
HostName :isag21.ce.kmitl.ac.th
UserID :501
ProcessID 2678	 ProcessName :ps
Hamming Distance :0
Number of Anomall Sequence :0
<----------------------------------------------------------------------->

Time :Wed Mar 26 10:13:11 2003
HostName :isag21.ce.kmitl.ac.th
UserID :501
ProcessID 2681	 ProcessName :ps
Hamming Distance :0
Number of Anomall Sequence :0
<----------------------------------------------------------------------->

Time :Wed Mar 26 10:13:14 2003
HostName :isag21.ce.kmitl.ac.th
UserID :501
ProcessID 2684	 ProcessName :ls
Hamming Distance :0
Number of Anomall Sequence :0
<----------------------------------------------------------------------->

Time :Wed Mar 26 10:59:54 2003
HostName :isag21.ce.kmitl.ac.th
UserID :501
ProcessID 2518	 ProcessName :ls
Hamming Distance :0
Number of Anomall Sequence :0
<----------------------------------------------------------------------->

Time :Wed Mar 26 11:00:01 2003
HostName :isag21.ce.kmitl.ac.th
UserID :501
ProcessID 2521	 ProcessName :cat
Hamming Distance :0
Number of Anomall Sequence :0
<----------------------------------------------------------------------->

Time :Wed Mar 26 11:00:31 2003
HostName :isag21.ce.kmitl.ac.th
UserID :501
ProcessID 2531	 ProcessName :ls
Hamming Distance :0
Number of Anomall Sequence :0
<----------------------------------------------------------------------->

Time :Wed Mar 26 11:00:50 2003
HostName :isag21.ce.kmitl.ac.th
UserID :501
ProcessID 2534	 ProcessName :ls
Hamming Distance :0
Number of Anomall Sequence :0
<----------------------------------------------------------------------->

Time :Wed Mar 26 11:00:56 2003
HostName :isag21.ce.kmitl.ac.th
UserID :501
ProcessID 2537	 ProcessName :ls
Hamming Distance :0
Number of Anomall Sequence :0
<----------------------------------------------------------------------->

Time :Wed Mar 26 11:01:11 2003
HostName :isag21.ce.kmitl.ac.th
UserID :501
ProcessID 2544	 ProcessName :ls
Hamming Distance :0
Number of Anomall Sequence :0
<----------------------------------------------------------------------->

Time :Wed Mar 26 11:01:14 2003
HostName :isag21.ce.kmitl.ac.th
UserID :501
ProcessID 2547	 ProcessName :cat
Hamming Distance :0
Number of Anomall Sequence :0
<----------------------------------------------------------------------->

Time :Wed Mar 26 11:01:41 2003
HostName :isag21.ce.kmitl.ac.th
UserID :501
ProcessID 2558	 ProcessName :ls
Hamming Distance :0
Number of Anomall Sequence :0
<----------------------------------------------------------------------->

Time :Wed Mar 26 11:01:47 2003
HostName :isag21.ce.kmitl.ac.th
UserID :501
ProcessID 2561	 ProcessName :netstat
Hamming Distance :0
Number of Anomall Sequence :0
<----------------------------------------------------------------------->

Time :Wed Mar 26 11:01:48 2003
HostName :isag21.ce.kmitl.ac.th
UserID :501
ProcessID 2564	 ProcessName :netstat
Hamming Distance :0
Number of Anomall Sequence :0
<----------------------------------------------------------------------->

Time :Wed Mar 26 11:01:50 2003
HostName :isag21.ce.kmitl.ac.th
UserID :501
ProcessID 2567	 ProcessName :netstat
Hamming Distance :0
Number of Anomall Sequence :0
<----------------------------------------------------------------------->

Time :Wed Mar 26 11:01:53 2003
HostName :isag21.ce.kmitl.ac.th
UserID :501
ProcessID 2570	 ProcessName :netstat
Hamming Distance :0
Number of Anomall Sequence :0
<----------------------------------------------------------------------->

Time :Wed Mar 26 11:01:55 2003
HostName :isag21.ce.kmitl.ac.th
UserID :501
ProcessID 2573	 ProcessName :netstat
Hamming Distance :0
Number of Anomall Sequence :0
<----------------------------------------------------------------------->

Time :Wed Mar 26 11:01:58 2003
HostName :isag21.ce.kmitl.ac.th
UserID :501
ProcessID 2576	 ProcessName :netstat
Hamming Distance :0
Number of Anomall Sequence :0
<----------------------------------------------------------------------->

Time :Wed Mar 26 11:01:59 2003
HostName :isag21.ce.kmitl.ac.th
UserID :501
ProcessID 2579	 ProcessName :netstat
Hamming Distance :0
Number of Anomall Sequence :0
<----------------------------------------------------------------------->

Time :Wed Mar 26 11:02:00 2003
HostName :isag21.ce.kmitl.ac.th
UserID :501
ProcessID 2582	 ProcessName :netstat
Hamming Distance :0
Number of Anomall Sequence :0
<----------------------------------------------------------------------->

Time :Wed Mar 26 11:02:01 2003
HostName :isag21.ce.kmitl.ac.th
UserID :501
ProcessID 2585	 ProcessName :netstat
Hamming Distance :0
Number of Anomall Sequence :0
<----------------------------------------------------------------------->

Time :Wed Mar 26 11:02:03 2003
HostName :isag21.ce.kmitl.ac.th
UserID :501
ProcessID 2588	 ProcessName :netstat
Hamming Distance :0
Number of Anomall Sequence :0
<----------------------------------------------------------------------->

Time :Wed Mar 26 11:02:05 2003
HostName :isag21.ce.kmitl.ac.th
UserID :501
ProcessID 2591	 ProcessName :netstat
Hamming Distance :0
Number of Anomall Sequence :0
<----------------------------------------------------------------------->

Time :Wed Mar 26 11:02:06 2003
HostName :isag21.ce.kmitl.ac.th
UserID :501
ProcessID 2594	 ProcessName :netstat
Hamming Distance :0
Number of Anomall Sequence :0
<----------------------------------------------------------------------->

Time :Wed Mar 26 11:02:08 2003
HostName :isag21.ce.kmitl.ac.th
UserID :501
ProcessID 2597	 ProcessName :netstat
Hamming Distance :0
Number of Anomall Sequence :0
<----------------------------------------------------------------------->

Time :Wed Mar 26 11:02:15 2003
HostName :isag21.ce.kmitl.ac.th
UserID :501
ProcessID 2600	 ProcessName :netstat
Hamming Distance :0
Number of Anomall Sequence :0
<----------------------------------------------------------------------->

Time :Wed Mar 26 11:02:17 2003
HostName :isag21.ce.kmitl.ac.th
UserID :501
ProcessID 2603	 ProcessName :netstat
Hamming Distance :0
Number of Anomall Sequence :0
<----------------------------------------------------------------------->

Time :Wed Mar 26 11:02:20 2003
HostName :isag21.ce.kmitl.ac.th
UserID :501
ProcessID 2606	 ProcessName :netstat
Hamming Distance :0
Number of Anomall Sequence :0
<----------------------------------------------------------------------->

Time :Wed Mar 26 11:02:22 2003
HostName :isag21.ce.kmitl.ac.th
UserID :501
ProcessID 2609	 ProcessName :netstat
Hamming Distance :0
Number of Anomall Sequence :0
<----------------------------------------------------------------------->

Time :Wed Mar 26 11:02:24 2003
HostName :isag21.ce.kmitl.ac.th
UserID :501
ProcessID 2612	 ProcessName :netstat
Hamming Distance :0
Number of Anomall Sequence :0
<----------------------------------------------------------------------->

Time :Wed Mar 26 11:02:25 2003
HostName :isag21.ce.kmitl.ac.th
UserID :501
ProcessID 2615	 ProcessName :netstat
Hamming Distance :0
Number of Anomall Sequence :0
<----------------------------------------------------------------------->

Time :Wed Mar 26 11:02:27 2003
HostName :isag21.ce.kmitl.ac.th
UserID :501
ProcessID 2618	 ProcessName :netstat
Hamming Distance :0
Number of Anomall Sequence :0
<----------------------------------------------------------------------->

Time :Wed Mar 26 11:02:29 2003
HostName :isag21.ce.kmitl.ac.th
UserID :501
ProcessID 2621	 ProcessName :netstat
Hamming Distance :0
Number of Anomall Sequence :0
<----------------------------------------------------------------------->

Time :Wed Mar 26 11:02:31 2003
HostName :isag21.ce.kmitl.ac.th
UserID :501
ProcessID 2624	 ProcessName :netstat
Hamming Distance :0
Number of Anomall Sequence :0
<----------------------------------------------------------------------->

Time :Wed Mar 26 11:03:01 2003
HostName :isag21.ce.kmitl.ac.th
UserID :501
ProcessID 2629	 ProcessName :ls
Hamming Distance :0
Number of Anomall Sequence :0
<----------------------------------------------------------------------->

Time :Wed Mar 26 11:03:04 2003
HostName :isag21.ce.kmitl.ac.th
UserID :501
ProcessID 2632	 ProcessName :ls
Hamming Distance :0
Number of Anomall Sequence :0
<----------------------------------------------------------------------->

Time :Wed Mar 26 11:03:06 2003
HostName :isag21.ce.kmitl.ac.th
UserID :501
ProcessID 2635	 ProcessName :ls
Hamming Distance :0
Number of Anomall Sequence :0
<----------------------------------------------------------------------->

Time :Wed Mar 26 11:03:08 2003
HostName :isag21.ce.kmitl.ac.th
UserID :501
ProcessID 2638	 ProcessName :ls
Hamming Distance :0
Number of Anomall Sequence :0
<----------------------------------------------------------------------->

Time :Wed Mar 26 11:03:11 2003
HostName :isag21.ce.kmitl.ac.th
UserID :501
ProcessID 2641	 ProcessName :ls
Hamming Distance :0
Number of Anomall Sequence :0
<----------------------------------------------------------------------->

Time :Wed Mar 26 11:03:17 2003
HostName :isag21.ce.kmitl.ac.th
UserID :501
ProcessID 2644	 ProcessName :ls
Hamming Distance :0
Number of Anomall Sequence :0
<----------------------------------------------------------------------->

Time :Wed Mar 26 11:03:21 2003
HostName :isag21.ce.kmitl.ac.th
UserID :501
ProcessID 2647	 ProcessName :ls
Hamming Distance :0
Number of Anomall Sequence :0
<----------------------------------------------------------------------->

Time :Wed Mar 26 11:03:23 2003
HostName :isag21.ce.kmitl.ac.th
UserID :501
ProcessID 2650	 ProcessName :ls
Hamming Distance :0
Number of Anomall Sequence :0
<----------------------------------------------------------------------->

Time :Wed Mar 26 11:03:25 2003
HostName :isag21.ce.kmitl.ac.th
UserID :501
ProcessID 2653	 ProcessName :ls
Hamming Distance :0
Number of Anomall Sequence :0
<----------------------------------------------------------------------->

Time :Wed Mar 26 11:03:30 2003
HostName :isag21.ce.kmitl.ac.th
UserID :501
ProcessID 2656	 ProcessName :ls
Hamming Distance :0
Number of Anomall Sequence :0
<----------------------------------------------------------------------->

Time :Wed Mar 26 11:03:34 2003
HostName :isag21.ce.kmitl.ac.th
UserID :501
ProcessID 2659	 ProcessName :ls
Hamming Distance :0
Number of Anomall Sequence :0
<----------------------------------------------------------------------->

Time :Wed Mar 26 11:03:36 2003
HostName :isag21.ce.kmitl.ac.th
UserID :501
ProcessID 2662	 ProcessName :ls
Hamming Distance :0
Number of Anomall Sequence :0
<----------------------------------------------------------------------->

Time :Wed Mar 26 11:03:39 2003
HostName :isag21.ce.kmitl.ac.th
UserID :501
ProcessID 2665	 ProcessName :ls
Hamming Distance :0
Number of Anomall Sequence :0
<----------------------------------------------------------------------->

Time :Wed Mar 26 11:03:42 2003
HostName :isag21.ce.kmitl.ac.th
UserID :501
ProcessID 2668	 ProcessName :ls
Hamming Distance :0
Number of Anomall Sequence :0
<----------------------------------------------------------------------->

Time :Wed Mar 26 11:03:46 2003
HostName :isag21.ce.kmitl.ac.th
UserID :501
ProcessID 2671	 ProcessName :ls
Hamming Distance :0
Number of Anomall Sequence :0
<----------------------------------------------------------------------->

Time :Wed Mar 26 11:03:54 2003
HostName :isag21.ce.kmitl.ac.th
UserID :501
ProcessID 2674	 ProcessName :ls
Hamming Distance :0
Number of Anomall Sequence :0
<----------------------------------------------------------------------->

Time :Wed Mar 26 11:03:56 2003
HostName :isag21.ce.kmitl.ac.th
UserID :501
ProcessID 2677	 ProcessName :ls
Hamming Distance :0
Number of Anomall Sequence :0
<----------------------------------------------------------------------->

Time :Wed Mar 26 11:04:00 2003
HostName :isag21.ce.kmitl.ac.th
UserID :501
ProcessID 2680	 ProcessName :ls
Hamming Distance :0
Number of Anomall Sequence :0
<----------------------------------------------------------------------->

Time :Wed Mar 26 11:04:12 2003
HostName :isag21.ce.kmitl.ac.th
UserID :501
ProcessID 2683	 ProcessName :ls
Hamming Distance :0
Number of Anomall Sequence :0
<----------------------------------------------------------------------->

Time :Wed Mar 26 11:04:23 2003
HostName :isag21.ce.kmitl.ac.th
UserID :501
ProcessID 2686	 ProcessName :ls
Hamming Distance :0
Number of Anomall Sequence :0
<----------------------------------------------------------------------->

Time :Wed Mar 26 11:04:25 2003
HostName :isag21.ce.kmitl.ac.th
UserID :501
ProcessID 2689	 ProcessName :ls
Hamming Distance :0
Number of Anomall Sequence :0
<----------------------------------------------------------------------->

Time :Wed Mar 26 11:04:28 2003
HostName :isag21.ce.kmitl.ac.th
UserID :501
ProcessID 2692	 ProcessName :ls
Hamming Distance :0
Number of Anomall Sequence :0
<----------------------------------------------------------------------->

Time :Wed Mar 26 11:04:36 2003
HostName :isag21.ce.kmitl.ac.th
UserID :501
ProcessID 2695	 ProcessName :ls
Hamming Distance :0
Number of Anomall Sequence :0
<----------------------------------------------------------------------->

Time :Wed Mar 26 11:04:39 2003
HostName :isag21.ce.kmitl.ac.th
UserID :501
ProcessID 2698	 ProcessName :ls
Hamming Distance :0
Number of Anomall Sequence :0
<----------------------------------------------------------------------->

Time :Wed Mar 26 11:04:41 2003
HostName :isag21.ce.kmitl.ac.th
UserID :501
ProcessID 2701	 ProcessName :ls
Hamming Distance :0
Number of Anomall Sequence :0
<----------------------------------------------------------------------->

Time :Wed Mar 26 11:04:42 2003
HostName :isag21.ce.kmitl.ac.th
UserID :501
ProcessID 2704	 ProcessName :ls
Hamming Distance :0
Number of Anomall Sequence :0
<----------------------------------------------------------------------->

Time :Wed Mar 26 11:04:44 2003
HostName :isag21.ce.kmitl.ac.th
UserID :501
ProcessID 2707	 ProcessName :ls
Hamming Distance :0
Number of Anomall Sequence :0
<----------------------------------------------------------------------->

Time :Wed Mar 26 11:04:47 2003
HostName :isag21.ce.kmitl.ac.th
UserID :501
ProcessID 2710	 ProcessName :ls
Hamming Distance :0
Number of Anomall Sequence :0
<----------------------------------------------------------------------->

Time :Wed Mar 26 11:04:48 2003
HostName :isag21.ce.kmitl.ac.th
UserID :501
ProcessID 2713	 ProcessName :ls
Hamming Distance :0
Number of Anomall Sequence :0
<----------------------------------------------------------------------->

Time :Wed Mar 26 11:04:50 2003
HostName :isag21.ce.kmitl.ac.th
UserID :501
ProcessID 2716	 ProcessName :ls
Hamming Distance :0
Number of Anomall Sequence :0
<----------------------------------------------------------------------->

Time :Wed Mar 26 11:04:51 2003
HostName :isag21.ce.kmitl.ac.th
UserID :501
ProcessID 2719	 ProcessName :ls
Hamming Distance :0
Number of Anomall Sequence :0
<----------------------------------------------------------------------->

Time :Wed Mar 26 11:04:53 2003
HostName :isag21.ce.kmitl.ac.th
UserID :501
ProcessID 2722	 ProcessName :ls
Hamming Distance :0
Number of Anomall Sequence :0
<----------------------------------------------------------------------->

Time :Wed Mar 26 11:04:54 2003
HostName :isag21.ce.kmitl.ac.th
UserID :501
ProcessID 2725	 ProcessName :ls
Hamming Distance :0
Number of Anomall Sequence :0
<----------------------------------------------------------------------->

Time :Wed Mar 26 11:04:56 2003
HostName :isag21.ce.kmitl.ac.th
UserID :501
ProcessID 2728	 ProcessName :ls
Hamming Distance :0
Number of Anomall Sequence :0
<----------------------------------------------------------------------->

Time :Wed Mar 26 11:05:01 2003
HostName :isag21.ce.kmitl.ac.th
UserID :501
ProcessID 2731	 ProcessName :ls
Hamming Distance :0
Number of Anomall Sequence :0
<----------------------------------------------------------------------->

Time :Wed Mar 26 11:05:04 2003
HostName :isag21.ce.kmitl.ac.th
UserID :501
ProcessID 2734	 ProcessName :ls
Hamming Distance :0
Number of Anomall Sequence :0
<----------------------------------------------------------------------->

Time :Wed Mar 26 11:05:06 2003
HostName :isag21.ce.kmitl.ac.th
UserID :501
ProcessID 2737	 ProcessName :ls
Hamming Distance :0
Number of Anomall Sequence :0
<----------------------------------------------------------------------->

Time :Wed Mar 26 11:05:10 2003
HostName :isag21.ce.kmitl.ac.th
UserID :501
ProcessID 2740	 ProcessName :ls
Hamming Distance :0
Number of Anomall Sequence :0
<----------------------------------------------------------------------->

Time :Wed Mar 26 11:05:11 2003
HostName :isag21.ce.kmitl.ac.th
UserID :501
ProcessID 2743	 ProcessName :ls
Hamming Distance :0
Number of Anomall Sequence :0
<----------------------------------------------------------------------->

Time :Wed Mar 26 11:05:14 2003
HostName :isag21.ce.kmitl.ac.th
UserID :501
ProcessID 2746	 ProcessName :ls
Hamming Distance :0
Number of Anomall Sequence :0
<----------------------------------------------------------------------->

Time :Wed Mar 26 11:05:16 2003
HostName :isag21.ce.kmitl.ac.th
UserID :501
ProcessID 2749	 ProcessName :ls
Hamming Distance :0
Number of Anomall Sequence :0
<----------------------------------------------------------------------->

Time :Wed Mar 26 11:05:17 2003
HostName :isag21.ce.kmitl.ac.th
UserID :501
ProcessID 2752	 ProcessName :ls
Hamming Distance :0
Number of Anomall Sequence :0
<----------------------------------------------------------------------->

Time :Wed Mar 26 11:05:18 2003
HostName :isag21.ce.kmitl.ac.th
UserID :501
ProcessID 2755	 ProcessName :ls
Hamming Distance :0
Number of Anomall Sequence :0
<----------------------------------------------------------------------->

Time :Wed Mar 26 11:05:24 2003
HostName :isag21.ce.kmitl.ac.th
UserID :501
ProcessID 2758	 ProcessName :ps
Hamming Distance :0
Number of Anomall Sequence :0
<----------------------------------------------------------------------->

Time :Wed Mar 26 11:05:26 2003
HostName :isag21.ce.kmitl.ac.th
UserID :501
ProcessID 2761	 ProcessName :ps
Hamming Distance :0
Number of Anomall Sequence :0
<----------------------------------------------------------------------->

Time :Wed Mar 26 11:05:29 2003
HostName :isag21.ce.kmitl.ac.th
UserID :501
ProcessID 2764	 ProcessName :ps
Hamming Distance :0
Number of Anomall Sequence :0
<----------------------------------------------------------------------->

Time :Wed Mar 26 11:05:30 2003
HostName :isag21.ce.kmitl.ac.th
UserID :501
ProcessID 2767	 ProcessName :ps
Hamming Distance :0
Number of Anomall Sequence :0
<----------------------------------------------------------------------->

Time :Wed Mar 26 11:05:31 2003
HostName :isag21.ce.kmitl.ac.th
UserID :501
ProcessID 2770	 ProcessName :ps
Hamming Distance :0
Number of Anomall Sequence :0
<----------------------------------------------------------------------->

Time :Wed Mar 26 11:05:33 2003
HostName :isag21.ce.kmitl.ac.th
UserID :501
ProcessID 2773	 ProcessName :ps
Hamming Distance :0
Number of Anomall Sequence :0
<----------------------------------------------------------------------->

Time :Wed Mar 26 11:05:34 2003
HostName :isag21.ce.kmitl.ac.th
UserID :501
ProcessID 2776	 ProcessName :ps
Hamming Distance :0
Number of Anomall Sequence :0
<----------------------------------------------------------------------->

Time :Wed Mar 26 11:05:35 2003
HostName :isag21.ce.kmitl.ac.th
UserID :501
ProcessID 2779	 ProcessName :ps
Hamming Distance :0
Number of Anomall Sequence :0
<----------------------------------------------------------------------->

Time :Wed Mar 26 11:05:37 2003
HostName :isag21.ce.kmitl.ac.th
UserID :501
ProcessID 2782	 ProcessName :ps
Hamming Distance :0
Number of Anomall Sequence :0
<----------------------------------------------------------------------->

Time :Wed Mar 26 11:05:40 2003
HostName :isag21.ce.kmitl.ac.th
UserID :501
ProcessID 2785	 ProcessName :ps
Hamming Distance :0
Number of Anomall Sequence :0
<----------------------------------------------------------------------->

Time :Wed Mar 26 11:05:41 2003
HostName :isag21.ce.kmitl.ac.th
UserID :501
ProcessID 2788	 ProcessName :ps
Hamming Distance :0
Number of Anomall Sequence :0
<----------------------------------------------------------------------->

Time :Wed Mar 26 11:05:43 2003
HostName :isag21.ce.kmitl.ac.th
UserID :501
ProcessID 2791	 ProcessName :ps
Hamming Distance :0
Number of Anomall Sequence :0
<----------------------------------------------------------------------->

Time :Wed Mar 26 11:05:44 2003
HostName :isag21.ce.kmitl.ac.th
UserID :501
ProcessID 2794	 ProcessName :ps
Hamming Distance :0
Number of Anomall Sequence :0
<----------------------------------------------------------------------->

Time :Wed Mar 26 11:05:46 2003
HostName :isag21.ce.kmitl.ac.th
UserID :501
ProcessID 2797	 ProcessName :ps
Hamming Distance :0
Number of Anomall Sequence :0
<----------------------------------------------------------------------->

Time :Wed Mar 26 11:05:49 2003
HostName :isag21.ce.kmitl.ac.th
UserID :501
ProcessID 2800	 ProcessName :ps
Hamming Distance :0
Number of Anomall Sequence :0
<----------------------------------------------------------------------->

Time :Wed Mar 26 11:05:50 2003
HostName :isag21.ce.kmitl.ac.th
UserID :501
ProcessID 2803	 ProcessName :ps
Hamming Distance :0
Number of Anomall Sequence :0
<----------------------------------------------------------------------->

Time :Wed Mar 26 11:05:52 2003
HostName :isag21.ce.kmitl.ac.th
UserID :501
ProcessID 2806	 ProcessName :ps
Hamming Distance :0
Number of Anomall Sequence :0
<----------------------------------------------------------------------->

Time :Wed Mar 26 11:05:53 2003
HostName :isag21.ce.kmitl.ac.th
UserID :501
ProcessID 2809	 ProcessName :ps
Hamming Distance :0
Number of Anomall Sequence :0
<----------------------------------------------------------------------->

Time :Wed Mar 26 11:05:54 2003
HostName :isag21.ce.kmitl.ac.th
UserID :501
ProcessID 2812	 ProcessName :ps
Hamming Distance :0
Number of Anomall Sequence :0
<----------------------------------------------------------------------->

Time :Wed Mar 26 11:05:55 2003
HostName :isag21.ce.kmitl.ac.th
UserID :501
ProcessID 2815	 ProcessName :ps
Hamming Distance :0
Number of Anomall Sequence :0
<----------------------------------------------------------------------->

Time :Wed Mar 26 11:05:56 2003
HostName :isag21.ce.kmitl.ac.th
UserID :501
ProcessID 2818	 ProcessName :ps
Hamming Distance :0
Number of Anomall Sequence :0
<----------------------------------------------------------------------->

Time :Wed Mar 26 11:05:58 2003
HostName :isag21.ce.kmitl.ac.th
UserID :501
ProcessID 2821	 ProcessName :ps
Hamming Distance :0
Number of Anomall Sequence :0
<----------------------------------------------------------------------->

Time :Wed Mar 26 11:05:59 2003
HostName :isag21.ce.kmitl.ac.th
UserID :501
ProcessID 2824	 ProcessName :ps
Hamming Distance :0
Number of Anomall Sequence :0
<----------------------------------------------------------------------->

Time :Wed Mar 26 11:06:01 2003
HostName :isag21.ce.kmitl.ac.th
UserID :501
ProcessID 2827	 ProcessName :ps
Hamming Distance :0
Number of Anomall Sequence :0
<----------------------------------------------------------------------->

Time :Wed Mar 26 11:06:03 2003
HostName :isag21.ce.kmitl.ac.th
UserID :501
ProcessID 2830	 ProcessName :ps
Hamming Distance :0
Number of Anomall Sequence :0
<----------------------------------------------------------------------->

Time :Wed Mar 26 11:06:04 2003
HostName :isag21.ce.kmitl.ac.th
UserID :501
ProcessID 2833	 ProcessName :ps
Hamming Distance :0
Number of Anomall Sequence :0
<----------------------------------------------------------------------->

Time :Wed Mar 26 11:06:06 2003
HostName :isag21.ce.kmitl.ac.th
UserID :501
ProcessID 2836	 ProcessName :ps
Hamming Distance :0
Number of Anomall Sequence :0
<----------------------------------------------------------------------->

Time :Wed Mar 26 11:06:07 2003
HostName :isag21.ce.kmitl.ac.th
UserID :501
ProcessID 2839	 ProcessName :ls
Hamming Distance :0
Number of Anomall Sequence :0
<----------------------------------------------------------------------->

Time :Wed Mar 26 11:06:13 2003
HostName :isag21.ce.kmitl.ac.th
UserID :501
ProcessID 2842	 ProcessName :cat
Hamming Distance :0
Number of Anomall Sequence :0
<----------------------------------------------------------------------->

Time :Wed Mar 26 11:07:41 2003
HostName :isag21.ce.kmitl.ac.th
UserID :501
ProcessID 2846	 ProcessName :ls
Hamming Distance :0
Number of Anomall Sequence :0
<----------------------------------------------------------------------->

Time :Wed Mar 26 11:07:43 2003
HostName :isag21.ce.kmitl.ac.th
UserID :501
ProcessID 2849	 ProcessName :ls
Hamming Distance :0
Number of Anomall Sequence :0
<----------------------------------------------------------------------->

Time :Wed Mar 26 11:12:40 2003
HostName :isag21.ce.kmitl.ac.th
UserID :501
ProcessID 2891	 ProcessName :netstat
Hamming Distance :0
Number of Anomall Sequence :0
<----------------------------------------------------------------------->

Time :Wed Mar 26 11:12:46 2003
HostName :isag21.ce.kmitl.ac.th
UserID :501
ProcessID 2894	 ProcessName :netstat
Hamming Distance :0
Number of Anomall Sequence :0
<----------------------------------------------------------------------->

Time :Wed Mar 26 11:12:47 2003
HostName :isag21.ce.kmitl.ac.th
UserID :501
ProcessID 2897	 ProcessName :netstat
Hamming Distance :0
Number of Anomall Sequence :0
<----------------------------------------------------------------------->

Time :Wed Mar 26 11:12:48 2003
HostName :isag21.ce.kmitl.ac.th
UserID :501
ProcessID 2900	 ProcessName :netstat
Hamming Distance :0
Number of Anomall Sequence :0
<----------------------------------------------------------------------->

Time :Wed Mar 26 11:12:51 2003
HostName :isag21.ce.kmitl.ac.th
UserID :501
ProcessID 2903	 ProcessName :netstat
Hamming Distance :0
Number of Anomall Sequence :0
<----------------------------------------------------------------------->

Time :Wed Mar 26 11:12:52 2003
HostName :isag21.ce.kmitl.ac.th
UserID :501
ProcessID 2906	 ProcessName :netstat
Hamming Distance :0
Number of Anomall Sequence :0
<----------------------------------------------------------------------->

Time :Wed Mar 26 11:12:53 2003
HostName :isag21.ce.kmitl.ac.th
UserID :501
ProcessID 2909	 ProcessName :netstat
Hamming Distance :0
Number of Anomall Sequence :0
<----------------------------------------------------------------------->

Time :Wed Mar 26 11:12:56 2003
HostName :isag21.ce.kmitl.ac.th
UserID :501
ProcessID 2912	 ProcessName :netstat
Hamming Distance :0
Number of Anomall Sequence :0
<----------------------------------------------------------------------->

Time :Wed Mar 26 11:12:58 2003
HostName :isag21.ce.kmitl.ac.th
UserID :501
ProcessID 2915	 ProcessName :netstat
Hamming Distance :0
Number of Anomall Sequence :0
<----------------------------------------------------------------------->

Time :Wed Mar 26 11:13:00 2003
HostName :isag21.ce.kmitl.ac.th
UserID :501
ProcessID 2918	 ProcessName :netstat
Hamming Distance :0
Number of Anomall Sequence :0
<----------------------------------------------------------------------->

Time :Wed Mar 26 11:13:02 2003
HostName :isag21.ce.kmitl.ac.th
UserID :501
ProcessID 2921	 ProcessName :netstat
Hamming Distance :0
Number of Anomall Sequence :0
<----------------------------------------------------------------------->

Time :Wed Mar 26 11:13:03 2003
HostName :isag21.ce.kmitl.ac.th
UserID :501
ProcessID 2924	 ProcessName :netstat
Hamming Distance :0
Number of Anomall Sequence :0
<----------------------------------------------------------------------->

Time :Wed Mar 26 11:13:05 2003
HostName :isag21.ce.kmitl.ac.th
UserID :501
ProcessID 2927	 ProcessName :netstat
Hamming Distance :0
Number of Anomall Sequence :0
<----------------------------------------------------------------------->

Time :Wed Mar 26 11:13:06 2003
HostName :isag21.ce.kmitl.ac.th
UserID :501
ProcessID 2930	 ProcessName :netstat
Hamming Distance :0
Number of Anomall Sequence :0
<----------------------------------------------------------------------->

Time :Wed Mar 26 11:13:08 2003
HostName :isag21.ce.kmitl.ac.th
UserID :501
ProcessID 2933	 ProcessName :netstat
Hamming Distance :0
Number of Anomall Sequence :0
<----------------------------------------------------------------------->

Time :Wed Mar 26 11:13:09 2003
HostName :isag21.ce.kmitl.ac.th
UserID :501
ProcessID 2936	 ProcessName :netstat
Hamming Distance :0
Number of Anomall Sequence :0
<----------------------------------------------------------------------->

Time :Wed Mar 26 11:13:11 2003
HostName :isag21.ce.kmitl.ac.th
UserID :501
ProcessID 2939	 ProcessName :netstat
Hamming Distance :0
Number of Anomall Sequence :0
<----------------------------------------------------------------------->

Time :Wed Mar 26 11:13:13 2003
HostName :isag21.ce.kmitl.ac.th
UserID :501
ProcessID 2942	 ProcessName :netstat
Hamming Distance :0
Number of Anomall Sequence :0
<----------------------------------------------------------------------->

Time :Wed Mar 26 11:13:14 2003
HostName :isag21.ce.kmitl.ac.th
UserID :501
ProcessID 2945	 ProcessName :netstat
Hamming Distance :0
Number of Anomall Sequence :0
<----------------------------------------------------------------------->

Time :Wed Mar 26 11:13:16 2003
HostName :isag21.ce.kmitl.ac.th
UserID :501
ProcessID 2948	 ProcessName :netstat
Hamming Distance :0
Number of Anomall Sequence :0
<----------------------------------------------------------------------->

Time :Wed Mar 26 11:13:17 2003
HostName :isag21.ce.kmitl.ac.th
UserID :501
ProcessID 2951	 ProcessName :netstat
Hamming Distance :0
Number of Anomall Sequence :0
<----------------------------------------------------------------------->

Time :Wed Mar 26 11:13:18 2003
HostName :isag21.ce.kmitl.ac.th
UserID :501
ProcessID 2954	 ProcessName :netstat
Hamming Distance :0
Number of Anomall Sequence :0
<----------------------------------------------------------------------->

Time :Wed Mar 26 11:13:22 2003
HostName :isag21.ce.kmitl.ac.th
UserID :501
ProcessID 2957	 ProcessName :netstat
Hamming Distance :0
Number of Anomall Sequence :0
<----------------------------------------------------------------------->

Time :Wed Mar 26 11:13:24 2003
HostName :isag21.ce.kmitl.ac.th
UserID :501
ProcessID 2960	 ProcessName :netstat
Hamming Distance :0
Number of Anomall Sequence :0
<----------------------------------------------------------------------->

Time :Wed Mar 26 11:13:25 2003
HostName :isag21.ce.kmitl.ac.th
UserID :501
ProcessID 2963	 ProcessName :netstat
Hamming Distance :0
Number of Anomall Sequence :0
<----------------------------------------------------------------------->

Time :Wed Mar 26 11:20:47 2003
HostName :isag21.ce.kmitl.ac.th
UserID :501
ProcessID 2459	 ProcessName :ls
Hamming Distance :0
Number of Anomall Sequence :0
<----------------------------------------------------------------------->

Time :Wed Mar 26 11:20:50 2003
HostName :isag21.ce.kmitl.ac.th
UserID :501
ProcessID 2462	 ProcessName :ls
Hamming Distance :0
Number of Anomall Sequence :0
<----------------------------------------------------------------------->

Time :Wed Mar 26 11:20:55 2003
HostName :isag21.ce.kmitl.ac.th
UserID :501
ProcessID 2465	 ProcessName :ls
Hamming Distance :0
Number of Anomall Sequence :0
<----------------------------------------------------------------------->

Time :Wed Mar 26 11:21:01 2003
HostName :isag21.ce.kmitl.ac.th
UserID :501
ProcessID 2468	 ProcessName :ls
Hamming Distance :0
Number of Anomall Sequence :0
<----------------------------------------------------------------------->

Time :Wed Mar 26 11:22:49 2003
HostName :isag21.ce.kmitl.ac.th
UserID :501
ProcessID 2471	 ProcessName :ls
Hamming Distance :0
Number of Anomall Sequence :0
<----------------------------------------------------------------------->

Time :Wed Mar 26 11:23:11 2003
HostName :isag21.ce.kmitl.ac.th
UserID :501
ProcessID 2474	 ProcessName :ls
Hamming Distance :0
Number of Anomall Sequence :0
<----------------------------------------------------------------------->

Time :Wed Mar 26 11:23:14 2003
HostName :isag21.ce.kmitl.ac.th
UserID :501
ProcessID 2477	 ProcessName :ls
Hamming Distance :0
Number of Anomall Sequence :0
<----------------------------------------------------------------------->

Time :Wed Mar 26 11:24:04 2003
HostName :isag21.ce.kmitl.ac.th
UserID :501
ProcessID 2481	 ProcessName :ls
Hamming Distance :0
Number of Anomall Sequence :0
<----------------------------------------------------------------------->

Time :Wed Mar 26 11:29:08 2003
HostName :isag21.ce.kmitl.ac.th
UserID :0
ProcessID 2570	 ProcessName :ls
Hamming Distance :0
Number of Anomall Sequence :0
<----------------------------------------------------------------------->

Time :Wed Mar 26 11:29:11 2003
HostName :isag21.ce.kmitl.ac.th
UserID :0
ProcessID 2573	 ProcessName :ls
Hamming Distance :0
Number of Anomall Sequence :0
<----------------------------------------------------------------------->

Time :Wed Mar 26 11:29:13 2003
HostName :isag21.ce.kmitl.ac.th
UserID :0
ProcessID 2576	 ProcessName :ls
Hamming Distance :0
Number of Anomall Sequence :0
<----------------------------------------------------------------------->

Time :Wed Mar 26 11:29:15 2003
HostName :isag21.ce.kmitl.ac.th
UserID :0
ProcessID 2579	 ProcessName :ls
Hamming Distance :0
Number of Anomall Sequence :0
<----------------------------------------------------------------------->

Time :Wed Mar 26 11:29:16 2003
HostName :isag21.ce.kmitl.ac.th
UserID :0
ProcessID 2582	 ProcessName :ls
Hamming Distance :0
Number of Anomall Sequence :0
<----------------------------------------------------------------------->

Time :Wed Mar 26 11:29:18 2003
HostName :isag21.ce.kmitl.ac.th
UserID :0
ProcessID 2585	 ProcessName :ls
Hamming Distance :0
Number of Anomall Sequence :0
<----------------------------------------------------------------------->

Time :Wed Mar 26 11:29:22 2003
HostName :isag21.ce.kmitl.ac.th
UserID :0
ProcessID 2588	 ProcessName :ls
Hamming Distance :0
Number of Anomall Sequence :0
<----------------------------------------------------------------------->

Time :Wed Mar 26 11:29:24 2003
HostName :isag21.ce.kmitl.ac.th
UserID :0
ProcessID 2591	 ProcessName :ls
Hamming Distance :0
Number of Anomall Sequence :0
<----------------------------------------------------------------------->

Time :Wed Mar 26 11:29:29 2003
HostName :isag21.ce.kmitl.ac.th
UserID :0
ProcessID 2594	 ProcessName :ls
Hamming Distance :0
Number of Anomall Sequence :0
<----------------------------------------------------------------------->

Time :Wed Mar 26 11:29:31 2003
HostName :isag21.ce.kmitl.ac.th
UserID :0
ProcessID 2597	 ProcessName :ls
Hamming Distance :0
Number of Anomall Sequence :0
<----------------------------------------------------------------------->

Time :Wed Mar 26 11:29:33 2003
HostName :isag21.ce.kmitl.ac.th
UserID :0
ProcessID 2600	 ProcessName :ls
Hamming Distance :0
Number of Anomall Sequence :0
<----------------------------------------------------------------------->

Time :Wed Mar 26 11:29:35 2003
HostName :isag21.ce.kmitl.ac.th
UserID :0
ProcessID 2603	 ProcessName :ls
Hamming Distance :0
Number of Anomall Sequence :0
<----------------------------------------------------------------------->

Time :Wed Mar 26 11:29:37 2003
HostName :isag21.ce.kmitl.ac.th
UserID :0
ProcessID 2606	 ProcessName :ls
Hamming Distance :0
Number of Anomall Sequence :0
<----------------------------------------------------------------------->

Time :Wed Mar 26 11:29:39 2003
HostName :isag21.ce.kmitl.ac.th
UserID :0
ProcessID 2609	 ProcessName :ls
Hamming Distance :0
Number of Anomall Sequence :0
<----------------------------------------------------------------------->

Time :Wed Mar 26 11:29:42 2003
HostName :isag21.ce.kmitl.ac.th
UserID :0
ProcessID 2612	 ProcessName :ls
Hamming Distance :0
Number of Anomall Sequence :0
<----------------------------------------------------------------------->

Time :Wed Mar 26 11:29:45 2003
HostName :isag21.ce.kmitl.ac.th
UserID :0
ProcessID 2615	 ProcessName :ls
Hamming Distance :0
Number of Anomall Sequence :0
<----------------------------------------------------------------------->

Time :Wed Mar 26 11:29:49 2003
HostName :isag21.ce.kmitl.ac.th
UserID :0
ProcessID 2618	 ProcessName :ls
Hamming Distance :0
Number of Anomall Sequence :0
<----------------------------------------------------------------------->

Time :Wed Mar 26 11:29:50 2003
HostName :isag21.ce.kmitl.ac.th
UserID :0
ProcessID 2621	 ProcessName :ls
Hamming Distance :0
Number of Anomall Sequence :0
<----------------------------------------------------------------------->

Time :Wed Mar 26 11:29:54 2003
HostName :isag21.ce.kmitl.ac.th
UserID :0
ProcessID 2624	 ProcessName :ls
Hamming Distance :0
Number of Anomall Sequence :0
<----------------------------------------------------------------------->

Time :Wed Mar 26 11:29:57 2003
HostName :isag21.ce.kmitl.ac.th
UserID :0
ProcessID 2627	 ProcessName :ls
Hamming Distance :0
Number of Anomall Sequence :0
<----------------------------------------------------------------------->

Time :Wed Mar 26 11:29:59 2003
HostName :isag21.ce.kmitl.ac.th
UserID :0
ProcessID 2630	 ProcessName :ls
Hamming Distance :0
Number of Anomall Sequence :0
<----------------------------------------------------------------------->

Time :Wed Mar 26 11:30:02 2003
HostName :isag21.ce.kmitl.ac.th
UserID :0
ProcessID 2633	 ProcessName :ps
Hamming Distance :0
Number of Anomall Sequence :0
<----------------------------------------------------------------------->

Time :Wed Mar 26 11:30:04 2003
HostName :isag21.ce.kmitl.ac.th
UserID :0
ProcessID 2636	 ProcessName :ps
Hamming Distance :0
Number of Anomall Sequence :0
<----------------------------------------------------------------------->

Time :Wed Mar 26 11:30:10 2003
HostName :isag21.ce.kmitl.ac.th
UserID :0
ProcessID 2639	 ProcessName :ps
Hamming Distance :0
Number of Anomall Sequence :0
<----------------------------------------------------------------------->

Time :Wed Mar 26 11:30:14 2003
HostName :isag21.ce.kmitl.ac.th
UserID :0
ProcessID 2642	 ProcessName :ps
Hamming Distance :0
Number of Anomall Sequence :0
<----------------------------------------------------------------------->

Time :Wed Mar 26 11:30:21 2003
HostName :isag21.ce.kmitl.ac.th
UserID :0
ProcessID 2645	 ProcessName :ps
Hamming Distance :0
Number of Anomall Sequence :0
<----------------------------------------------------------------------->

Time :Wed Mar 26 11:30:23 2003
HostName :isag21.ce.kmitl.ac.th
UserID :0
ProcessID 2648	 ProcessName :ps
Hamming Distance :0
Number of Anomall Sequence :0
<----------------------------------------------------------------------->

Time :Wed Mar 26 11:30:28 2003
HostName :isag21.ce.kmitl.ac.th
UserID :0
ProcessID 2651	 ProcessName :ps
Hamming Distance :0
Number of Anomall Sequence :0
<----------------------------------------------------------------------->

Time :Wed Mar 26 11:30:31 2003
HostName :isag21.ce.kmitl.ac.th
UserID :0
ProcessID 2654	 ProcessName :ps
Hamming Distance :0
Number of Anomall Sequence :0
<----------------------------------------------------------------------->

Time :Wed Mar 26 11:30:34 2003
HostName :isag21.ce.kmitl.ac.th
UserID :0
ProcessID 2657	 ProcessName :ps
Hamming Distance :0
Number of Anomall Sequence :0
<----------------------------------------------------------------------->

Time :Wed Mar 26 11:30:37 2003
HostName :isag21.ce.kmitl.ac.th
UserID :0
ProcessID 2661	 ProcessName :ps
Hamming Distance :0
Number of Anomall Sequence :0
<----------------------------------------------------------------------->

Time :Wed Mar 26 11:30:40 2003
HostName :isag21.ce.kmitl.ac.th
UserID :0
ProcessID 2664	 ProcessName :ps
Hamming Distance :0
Number of Anomall Sequence :0
<----------------------------------------------------------------------->

Time :Wed Mar 26 11:30:43 2003
HostName :isag21.ce.kmitl.ac.th
UserID :0
ProcessID 2667	 ProcessName :ps
Hamming Distance :0
Number of Anomall Sequence :0
<----------------------------------------------------------------------->

Time :Wed Mar 26 11:30:49 2003
HostName :isag21.ce.kmitl.ac.th
UserID :0
ProcessID 2670	 ProcessName :ps
Hamming Distance :0
Number of Anomall Sequence :0
<----------------------------------------------------------------------->

Time :Wed Mar 26 11:30:53 2003
HostName :isag21.ce.kmitl.ac.th
UserID :0
ProcessID 2673	 ProcessName :ps
Hamming Distance :0
Number of Anomall Sequence :0
<----------------------------------------------------------------------->

Time :Wed Mar 26 11:31:00 2003
HostName :isag21.ce.kmitl.ac.th
UserID :0
ProcessID 2676	 ProcessName :netstat
Hamming Distance :0
Number of Anomall Sequence :0
<----------------------------------------------------------------------->

Time :Wed Mar 26 11:31:04 2003
HostName :isag21.ce.kmitl.ac.th
UserID :0
ProcessID 2679	 ProcessName :netstat
Hamming Distance :0
Number of Anomall Sequence :0
<----------------------------------------------------------------------->

Time :Wed Mar 26 11:31:07 2003
HostName :isag21.ce.kmitl.ac.th
UserID :0
ProcessID 2682	 ProcessName :netstat
Hamming Distance :0
Number of Anomall Sequence :0
<----------------------------------------------------------------------->

Time :Wed Mar 26 11:31:09 2003
HostName :isag21.ce.kmitl.ac.th
UserID :0
ProcessID 2685	 ProcessName :netstat
Hamming Distance :0
Number of Anomall Sequence :0
<----------------------------------------------------------------------->

Time :Wed Mar 26 11:31:12 2003
HostName :isag21.ce.kmitl.ac.th
UserID :0
ProcessID 2688	 ProcessName :netstat
Hamming Distance :0
Number of Anomall Sequence :0
<----------------------------------------------------------------------->

Time :Wed Mar 26 11:31:14 2003
HostName :isag21.ce.kmitl.ac.th
UserID :0
ProcessID 2691	 ProcessName :netstat
Hamming Distance :0
Number of Anomall Sequence :0
<----------------------------------------------------------------------->

Time :Wed Mar 26 11:31:15 2003
HostName :isag21.ce.kmitl.ac.th
UserID :0
ProcessID 2694	 ProcessName :netstat
Hamming Distance :0
Number of Anomall Sequence :0
<----------------------------------------------------------------------->

Time :Wed Mar 26 11:31:18 2003
HostName :isag21.ce.kmitl.ac.th
UserID :0
ProcessID 2697	 ProcessName :netstat
Hamming Distance :0
Number of Anomall Sequence :0
<----------------------------------------------------------------------->

Time :Wed Mar 26 11:31:20 2003
HostName :isag21.ce.kmitl.ac.th
UserID :0
ProcessID 2700	 ProcessName :netstat
Hamming Distance :0
Number of Anomall Sequence :0
<----------------------------------------------------------------------->

Time :Wed Mar 26 11:32:06 2003
HostName :isag21.ce.kmitl.ac.th
UserID :0
ProcessID 2703	 ProcessName :netstat
Hamming Distance :0
Number of Anomall Sequence :0
<----------------------------------------------------------------------->

Time :Wed Mar 26 11:32:08 2003
HostName :isag21.ce.kmitl.ac.th
UserID :0
ProcessID 2706	 ProcessName :netstat
Hamming Distance :0
Number of Anomall Sequence :0
<----------------------------------------------------------------------->

Time :Wed Mar 26 11:32:12 2003
HostName :isag21.ce.kmitl.ac.th
UserID :0
ProcessID 2709	 ProcessName :netstat
Hamming Distance :0
Number of Anomall Sequence :0
<----------------------------------------------------------------------->

Time :Wed Mar 26 11:32:15 2003
HostName :isag21.ce.kmitl.ac.th
UserID :0
ProcessID 2712	 ProcessName :netstat
Hamming Distance :0
Number of Anomall Sequence :0
<----------------------------------------------------------------------->

Time :Wed Mar 26 11:32:18 2003
HostName :isag21.ce.kmitl.ac.th
UserID :0
ProcessID 2715	 ProcessName :ls
Hamming Distance :0
Number of Anomall Sequence :0
<----------------------------------------------------------------------->

Time :Wed Mar 26 11:32:49 2003
HostName :isag21.ce.kmitl.ac.th
UserID :0
ProcessID 2719	 ProcessName :ls
Hamming Distance :0
Number of Anomall Sequence :0
<----------------------------------------------------------------------->

Time :Wed Mar 26 11:33:25 2003
HostName :isag21.ce.kmitl.ac.th
UserID :0
ProcessID 2722	 ProcessName :ls
Hamming Distance :0
Number of Anomall Sequence :0
<----------------------------------------------------------------------->

Time :Wed Mar 26 11:34:31 2003
HostName :isag21.ce.kmitl.ac.th
UserID :0
ProcessID 2726	 ProcessName :ls
Hamming Distance :0
Number of Anomall Sequence :0
<----------------------------------------------------------------------->

Time :Wed Mar 26 11:47:12 2003
HostName :isag21.ce.kmitl.ac.th
UserID :501
ProcessID 2456	 ProcessName :ls
Hamming Distance :0
Number of Anomall Sequence :0
<----------------------------------------------------------------------->

Time :Wed Mar 26 11:47:16 2003
HostName :isag21.ce.kmitl.ac.th
UserID :501
ProcessID 2459	 ProcessName :ls
Hamming Distance :0
Number of Anomall Sequence :0
<----------------------------------------------------------------------->

Time :Wed Mar 26 11:47:18 2003
HostName :isag21.ce.kmitl.ac.th
UserID :501
ProcessID 2462	 ProcessName :ls
Hamming Distance :0
Number of Anomall Sequence :0
<----------------------------------------------------------------------->

Time :Wed Mar 26 11:47:20 2003
HostName :isag21.ce.kmitl.ac.th
UserID :501
ProcessID 2465	 ProcessName :ls
Hamming Distance :0
Number of Anomall Sequence :0
<----------------------------------------------------------------------->

Time :Wed Mar 26 11:47:21 2003
HostName :isag21.ce.kmitl.ac.th
UserID :501
ProcessID 2468	 ProcessName :ls
Hamming Distance :0
Number of Anomall Sequence :0
<----------------------------------------------------------------------->

Time :Wed Mar 26 11:47:22 2003
HostName :isag21.ce.kmitl.ac.th
UserID :501
ProcessID 2471	 ProcessName :ls
Hamming Distance :0
Number of Anomall Sequence :0
<----------------------------------------------------------------------->

Time :Wed Mar 26 11:47:23 2003
HostName :isag21.ce.kmitl.ac.th
UserID :501
ProcessID 2474	 ProcessName :ls
Hamming Distance :0
Number of Anomall Sequence :0
<----------------------------------------------------------------------->

Time :Wed Mar 26 11:47:24 2003
HostName :isag21.ce.kmitl.ac.th
UserID :501
ProcessID 2477	 ProcessName :ls
Hamming Distance :0
Number of Anomall Sequence :0
<----------------------------------------------------------------------->

Time :Wed Mar 26 11:47:25 2003
HostName :isag21.ce.kmitl.ac.th
UserID :501
ProcessID 2480	 ProcessName :ls
Hamming Distance :0
Number of Anomall Sequence :0
<----------------------------------------------------------------------->

Time :Wed Mar 26 11:47:27 2003
HostName :isag21.ce.kmitl.ac.th
UserID :501
ProcessID 2483	 ProcessName :ls
Hamming Distance :0
Number of Anomall Sequence :0
<----------------------------------------------------------------------->

Time :Wed Mar 26 11:47:28 2003
HostName :isag21.ce.kmitl.ac.th
UserID :501
ProcessID 2486	 ProcessName :ls
Hamming Distance :0
Number of Anomall Sequence :0
<----------------------------------------------------------------------->

Time :Wed Mar 26 11:47:29 2003
HostName :isag21.ce.kmitl.ac.th
UserID :501
ProcessID 2489	 ProcessName :ls
Hamming Distance :0
Number of Anomall Sequence :0
<----------------------------------------------------------------------->

Time :Wed Mar 26 11:47:31 2003
HostName :isag21.ce.kmitl.ac.th
UserID :501
ProcessID 2492	 ProcessName :ls
Hamming Distance :0
Number of Anomall Sequence :0
<----------------------------------------------------------------------->

Time :Wed Mar 26 11:47:43 2003
HostName :isag21.ce.kmitl.ac.th
UserID :501
ProcessID 2495	 ProcessName :cat
Hamming Distance :0
Number of Anomall Sequence :0
<----------------------------------------------------------------------->

Time :Wed Mar 26 11:48:11 2003
HostName :isag21.ce.kmitl.ac.th
UserID :501
ProcessID 2507	 ProcessName :ls
Hamming Distance :0
Number of Anomall Sequence :0
<----------------------------------------------------------------------->

Time :Wed Mar 26 11:48:19 2003
HostName :isag21.ce.kmitl.ac.th
UserID :501
ProcessID 2510	 ProcessName :ls
Hamming Distance :0
Number of Anomall Sequence :0
<----------------------------------------------------------------------->

Time :Wed Mar 26 11:48:24 2003
HostName :isag21.ce.kmitl.ac.th
UserID :501
ProcessID 2513	 ProcessName :ls
Hamming Distance :0
Number of Anomall Sequence :0
<----------------------------------------------------------------------->

Time :Wed Mar 26 11:48:27 2003
HostName :isag21.ce.kmitl.ac.th
UserID :501
ProcessID 2516	 ProcessName :ls
Hamming Distance :0
Number of Anomall Sequence :0
<----------------------------------------------------------------------->

Time :Wed Mar 26 11:48:31 2003
HostName :isag21.ce.kmitl.ac.th
UserID :501
ProcessID 2521	 ProcessName :ls
Hamming Distance :0
Number of Anomall Sequence :0
<----------------------------------------------------------------------->

Time :Wed Mar 26 11:48:37 2003
HostName :isag21.ce.kmitl.ac.th
UserID :501
ProcessID 2525	 ProcessName :ls
Hamming Distance :0
Number of Anomall Sequence :0
<----------------------------------------------------------------------->

Time :Wed Mar 26 11:48:40 2003
HostName :isag21.ce.kmitl.ac.th
UserID :501
ProcessID 2528	 ProcessName :cat
Hamming Distance :0
Number of Anomall Sequence :0
<----------------------------------------------------------------------->

Time :Wed Mar 26 11:48:54 2003
HostName :isag21.ce.kmitl.ac.th
UserID :501
ProcessID 2531	 ProcessName :ls
Hamming Distance :0
Number of Anomall Sequence :0
<----------------------------------------------------------------------->

Time :Wed Mar 26 11:49:04 2003
HostName :isag21.ce.kmitl.ac.th
UserID :501
ProcessID 2534	 ProcessName :ls
Hamming Distance :0
Number of Anomall Sequence :0
<----------------------------------------------------------------------->

Time :Wed Mar 26 11:49:07 2003
HostName :isag21.ce.kmitl.ac.th
UserID :501
ProcessID 2537	 ProcessName :ls
Hamming Distance :0
Number of Anomall Sequence :0
<----------------------------------------------------------------------->

Time :Wed Mar 26 11:49:08 2003
HostName :isag21.ce.kmitl.ac.th
UserID :501
ProcessID 2540	 ProcessName :cat
Hamming Distance :0
Number of Anomall Sequence :0
<----------------------------------------------------------------------->

Time :Wed Mar 26 11:51:10 2003
HostName :isag21.ce.kmitl.ac.th
UserID :501
ProcessID 2597	 ProcessName :ls
Hamming Distance :0
Number of Anomall Sequence :0
<----------------------------------------------------------------------->

Time :Wed Mar 26 11:51:15 2003
HostName :isag21.ce.kmitl.ac.th
UserID :501
ProcessID 2600	 ProcessName :ls
Hamming Distance :0
Number of Anomall Sequence :0
<----------------------------------------------------------------------->

Time :Wed Mar 26 11:51:16 2003
HostName :isag21.ce.kmitl.ac.th
UserID :501
ProcessID 2603	 ProcessName :ls
Hamming Distance :0
Number of Anomall Sequence :0
<----------------------------------------------------------------------->

Time :Wed Mar 26 11:58:37 2003
HostName :isag21.ce.kmitl.ac.th
UserID :501
ProcessID 2612	 ProcessName :ls
Hamming Distance :0
Number of Anomall Sequence :0
<----------------------------------------------------------------------->

Time :Wed Mar 26 11:58:39 2003
HostName :isag21.ce.kmitl.ac.th
UserID :501
ProcessID 2615	 ProcessName :ls
Hamming Distance :0
Number of Anomall Sequence :0
<----------------------------------------------------------------------->

Time :Wed Mar 26 11:58:40 2003
HostName :isag21.ce.kmitl.ac.th
UserID :501
ProcessID 2618	 ProcessName :ls
Hamming Distance :0
Number of Anomall Sequence :0
<----------------------------------------------------------------------->

Time :Wed Mar 26 11:58:43 2003
HostName :isag21.ce.kmitl.ac.th
UserID :501
ProcessID 2621	 ProcessName :ls
Hamming Distance :0
Number of Anomall Sequence :0
<----------------------------------------------------------------------->

Time :Wed Mar 26 11:58:45 2003
HostName :isag21.ce.kmitl.ac.th
UserID :501
ProcessID 2624	 ProcessName :ls
Hamming Distance :0
Number of Anomall Sequence :0
<----------------------------------------------------------------------->

Time :Wed Mar 26 11:58:47 2003
HostName :isag21.ce.kmitl.ac.th
UserID :501
ProcessID 2627	 ProcessName :ls
Hamming Distance :0
Number of Anomall Sequence :0
<----------------------------------------------------------------------->

Time :Wed Mar 26 11:58:50 2003
HostName :isag21.ce.kmitl.ac.th
UserID :501
ProcessID 2631	 ProcessName :ls
Hamming Distance :0
Number of Anomall Sequence :0
<----------------------------------------------------------------------->

Time :Wed Mar 26 11:58:52 2003
HostName :isag21.ce.kmitl.ac.th
UserID :501
ProcessID 2634	 ProcessName :ls
Hamming Distance :0
Number of Anomall Sequence :0
<----------------------------------------------------------------------->

Time :Wed Mar 26 11:58:54 2003
HostName :isag21.ce.kmitl.ac.th
UserID :501
ProcessID 2637	 ProcessName :ls
Hamming Distance :0
Number of Anomall Sequence :0
<----------------------------------------------------------------------->

Time :Wed Mar 26 11:58:56 2003
HostName :isag21.ce.kmitl.ac.th
UserID :501
ProcessID 2640	 ProcessName :ls
Hamming Distance :0
Number of Anomall Sequence :0
<----------------------------------------------------------------------->

Time :Wed Mar 26 11:58:58 2003
HostName :isag21.ce.kmitl.ac.th
UserID :501
ProcessID 2643	 ProcessName :ls
Hamming Distance :0
Number of Anomall Sequence :0
<----------------------------------------------------------------------->

Time :Wed Mar 26 11:59:00 2003
HostName :isag21.ce.kmitl.ac.th
UserID :501
ProcessID 2646	 ProcessName :ls
Hamming Distance :0
Number of Anomall Sequence :0
<----------------------------------------------------------------------->

Time :Wed Mar 26 11:59:03 2003
HostName :isag21.ce.kmitl.ac.th
UserID :501
ProcessID 2649	 ProcessName :ls
Hamming Distance :0
Number of Anomall Sequence :0
<----------------------------------------------------------------------->

Time :Wed Mar 26 11:59:05 2003
HostName :isag21.ce.kmitl.ac.th
UserID :501
ProcessID 2652	 ProcessName :ls
Hamming Distance :0
Number of Anomall Sequence :0
<----------------------------------------------------------------------->

Time :Wed Mar 26 11:59:05 2003
HostName :isag21.ce.kmitl.ac.th
UserID :501
ProcessID 2655	 ProcessName :ls
Hamming Distance :0
Number of Anomall Sequence :0
<----------------------------------------------------------------------->

Time :Wed Mar 26 11:59:11 2003
HostName :isag21.ce.kmitl.ac.th
UserID :501
ProcessID 2658	 ProcessName :ls
Hamming Distance :0
Number of Anomall Sequence :0
<----------------------------------------------------------------------->

Time :Wed Mar 26 11:59:14 2003
HostName :isag21.ce.kmitl.ac.th
UserID :501
ProcessID 2661	 ProcessName :ls
Hamming Distance :0
Number of Anomall Sequence :0
<----------------------------------------------------------------------->

Time :Wed Mar 26 11:59:16 2003
HostName :isag21.ce.kmitl.ac.th
UserID :501
ProcessID 2664	 ProcessName :ls
Hamming Distance :0
Number of Anomall Sequence :0
<----------------------------------------------------------------------->

Time :Wed Mar 26 11:59:19 2003
HostName :isag21.ce.kmitl.ac.th
UserID :501
ProcessID 2667	 ProcessName :ls
Hamming Distance :0
Number of Anomall Sequence :0
<----------------------------------------------------------------------->

Time :Wed Mar 26 11:59:21 2003
HostName :isag21.ce.kmitl.ac.th
UserID :501
ProcessID 2670	 ProcessName :ls
Hamming Distance :0
Number of Anomall Sequence :0
<----------------------------------------------------------------------->

Time :Wed Mar 26 11:59:22 2003
HostName :isag21.ce.kmitl.ac.th
UserID :501
ProcessID 2673	 ProcessName :ls
Hamming Distance :0
Number of Anomall Sequence :0
<----------------------------------------------------------------------->

Time :Wed Mar 26 11:59:24 2003
HostName :isag21.ce.kmitl.ac.th
UserID :501
ProcessID 2676	 ProcessName :ls
Hamming Distance :0
Number of Anomall Sequence :0
<----------------------------------------------------------------------->

Time :Wed Mar 26 11:59:29 2003
HostName :isag21.ce.kmitl.ac.th
UserID :501
ProcessID 2679	 ProcessName :ls
Hamming Distance :0
Number of Anomall Sequence :0
<----------------------------------------------------------------------->

Time :Wed Mar 26 11:59:30 2003
HostName :isag21.ce.kmitl.ac.th
UserID :501
ProcessID 2682	 ProcessName :ls
Hamming Distance :0
Number of Anomall Sequence :0
<----------------------------------------------------------------------->

Time :Wed Mar 26 11:59:31 2003
HostName :isag21.ce.kmitl.ac.th
UserID :501
ProcessID 2685	 ProcessName :ls
Hamming Distance :0
Number of Anomall Sequence :0
<----------------------------------------------------------------------->

Time :Wed Mar 26 11:59:32 2003
HostName :isag21.ce.kmitl.ac.th
UserID :501
ProcessID 2688	 ProcessName :ls
Hamming Distance :0
Number of Anomall Sequence :0
<----------------------------------------------------------------------->

Time :Wed Mar 26 11:59:34 2003
HostName :isag21.ce.kmitl.ac.th
UserID :501
ProcessID 2691	 ProcessName :ls
Hamming Distance :0
Number of Anomall Sequence :0
<----------------------------------------------------------------------->

Time :Wed Mar 26 11:59:36 2003
HostName :isag21.ce.kmitl.ac.th
UserID :501
ProcessID 2694	 ProcessName :ls
Hamming Distance :0
Number of Anomall Sequence :0
<----------------------------------------------------------------------->

Time :Wed Mar 26 11:59:39 2003
HostName :isag21.ce.kmitl.ac.th
UserID :501
ProcessID 2697	 ProcessName :ls
Hamming Distance :0
Number of Anomall Sequence :0
<----------------------------------------------------------------------->

Time :Wed Mar 26 11:59:40 2003
HostName :isag21.ce.kmitl.ac.th
UserID :501
ProcessID 2700	 ProcessName :ls
Hamming Distance :0
Number of Anomall Sequence :0
<----------------------------------------------------------------------->

Time :Wed Mar 26 11:59:42 2003
HostName :isag21.ce.kmitl.ac.th
UserID :501
ProcessID 2703	 ProcessName :ls
Hamming Distance :0
Number of Anomall Sequence :0
<----------------------------------------------------------------------->

Time :Wed Mar 26 11:59:44 2003
HostName :isag21.ce.kmitl.ac.th
UserID :501
ProcessID 2706	 ProcessName :ls
Hamming Distance :0
Number of Anomall Sequence :0
<----------------------------------------------------------------------->

Time :Wed Mar 26 11:59:47 2003
HostName :isag21.ce.kmitl.ac.th
UserID :501
ProcessID 2709	 ProcessName :ls
Hamming Distance :0
Number of Anomall Sequence :0
<----------------------------------------------------------------------->

Time :Wed Mar 26 11:59:51 2003
HostName :isag21.ce.kmitl.ac.th
UserID :501
ProcessID 2712	 ProcessName :ls
Hamming Distance :0
Number of Anomall Sequence :0
<----------------------------------------------------------------------->

Time :Wed Mar 26 11:59:51 2003
HostName :isag21.ce.kmitl.ac.th
UserID :501
ProcessID 2715	 ProcessName :ls
Hamming Distance :0
Number of Anomall Sequence :0
<----------------------------------------------------------------------->

Time :Wed Mar 26 11:59:55 2003
HostName :isag21.ce.kmitl.ac.th
UserID :501
ProcessID 2718	 ProcessName :ls
Hamming Distance :0
Number of Anomall Sequence :0
<----------------------------------------------------------------------->

Time :Wed Mar 26 11:59:56 2003
HostName :isag21.ce.kmitl.ac.th
UserID :501
ProcessID 2721	 ProcessName :ls
Hamming Distance :0
Number of Anomall Sequence :0
<----------------------------------------------------------------------->

Time :Wed Mar 26 11:59:58 2003
HostName :isag21.ce.kmitl.ac.th
UserID :501
ProcessID 2724	 ProcessName :ls
Hamming Distance :0
Number of Anomall Sequence :0
<----------------------------------------------------------------------->

Time :Wed Mar 26 12:00:00 2003
HostName :isag21.ce.kmitl.ac.th
UserID :501
ProcessID 2727	 ProcessName :ls
Hamming Distance :0
Number of Anomall Sequence :0
<----------------------------------------------------------------------->

Time :Wed Mar 26 12:00:00 2003
HostName :isag21.ce.kmitl.ac.th
UserID :501
ProcessID 2730	 ProcessName :ls
Hamming Distance :0
Number of Anomall Sequence :0
<----------------------------------------------------------------------->

Time :Wed Mar 26 12:00:01 2003
HostName :isag21.ce.kmitl.ac.th
UserID :501
ProcessID 2733	 ProcessName :ls
Hamming Distance :0
Number of Anomall Sequence :0
<----------------------------------------------------------------------->

Time :Wed Mar 26 12:00:17 2003
HostName :isag21.ce.kmitl.ac.th
UserID :501
ProcessID 2736	 ProcessName :ls
Hamming Distance :0
Number of Anomall Sequence :0
<----------------------------------------------------------------------->

Time :Wed Mar 26 12:00:22 2003
HostName :isag21.ce.kmitl.ac.th
UserID :501
ProcessID 2739	 ProcessName :ls
Hamming Distance :0
Number of Anomall Sequence :0
<----------------------------------------------------------------------->

Time :Wed Mar 26 12:00:23 2003
HostName :isag21.ce.kmitl.ac.th
UserID :501
ProcessID 2742	 ProcessName :ls
Hamming Distance :0
Number of Anomall Sequence :0
<----------------------------------------------------------------------->

Time :Wed Mar 26 12:00:25 2003
HostName :isag21.ce.kmitl.ac.th
UserID :501
ProcessID 2745	 ProcessName :ls
Hamming Distance :0
Number of Anomall Sequence :0
<----------------------------------------------------------------------->

Time :Wed Mar 26 12:00:27 2003
HostName :isag21.ce.kmitl.ac.th
UserID :501
ProcessID 2748	 ProcessName :ls
Hamming Distance :0
Number of Anomall Sequence :0
<----------------------------------------------------------------------->

Time :Wed Mar 26 12:00:29 2003
HostName :isag21.ce.kmitl.ac.th
UserID :501
ProcessID 2751	 ProcessName :ls
Hamming Distance :0
Number of Anomall Sequence :0
<----------------------------------------------------------------------->

Time :Wed Mar 26 12:00:30 2003
HostName :isag21.ce.kmitl.ac.th
UserID :501
ProcessID 2754	 ProcessName :ls
Hamming Distance :0
Number of Anomall Sequence :0
<----------------------------------------------------------------------->

Time :Wed Mar 26 12:00:38 2003
HostName :isag21.ce.kmitl.ac.th
UserID :501
ProcessID 2757	 ProcessName :ls
Hamming Distance :0
Number of Anomall Sequence :0
<----------------------------------------------------------------------->

Time :Wed Mar 26 12:00:43 2003
HostName :isag21.ce.kmitl.ac.th
UserID :501
ProcessID 2761	 ProcessName :ls
Hamming Distance :0
Number of Anomall Sequence :0
<----------------------------------------------------------------------->

Time :Wed Mar 26 12:00:46 2003
HostName :isag21.ce.kmitl.ac.th
UserID :501
ProcessID 2764	 ProcessName :ls
Hamming Distance :0
Number of Anomall Sequence :0
<----------------------------------------------------------------------->

Time :Wed Mar 26 12:00:49 2003
HostName :isag21.ce.kmitl.ac.th
UserID :501
ProcessID 2767	 ProcessName :ls
Hamming Distance :0
Number of Anomall Sequence :0
<----------------------------------------------------------------------->

Time :Wed Mar 26 12:00:53 2003
HostName :isag21.ce.kmitl.ac.th
UserID :501
ProcessID 2770	 ProcessName :ls
Hamming Distance :0
Number of Anomall Sequence :0
<----------------------------------------------------------------------->

Time :Wed Mar 26 12:00:54 2003
HostName :isag21.ce.kmitl.ac.th
UserID :501
ProcessID 2773	 ProcessName :ls
Hamming Distance :0
Number of Anomall Sequence :0
<----------------------------------------------------------------------->

Time :Wed Mar 26 12:00:57 2003
HostName :isag21.ce.kmitl.ac.th
UserID :501
ProcessID 2776	 ProcessName :ls
Hamming Distance :0
Number of Anomall Sequence :0
<----------------------------------------------------------------------->

Time :Wed Mar 26 12:00:59 2003
HostName :isag21.ce.kmitl.ac.th
UserID :501
ProcessID 2779	 ProcessName :ls
Hamming Distance :0
Number of Anomall Sequence :0
<----------------------------------------------------------------------->

Time :Wed Mar 26 12:01:35 2003
HostName :isag21.ce.kmitl.ac.th
UserID :501
ProcessID 2795	 ProcessName :ls
Hamming Distance :0
Number of Anomall Sequence :0
<----------------------------------------------------------------------->

Time :Wed Mar 26 12:01:54 2003
HostName :isag21.ce.kmitl.ac.th
UserID :501
ProcessID 2798	 ProcessName :ls
Hamming Distance :0
Number of Anomall Sequence :0
<----------------------------------------------------------------------->

Time :Wed Mar 26 12:02:41 2003
HostName :isag21.ce.kmitl.ac.th
UserID :501
ProcessID 2801	 ProcessName :cat
Hamming Distance :0
Number of Anomall Sequence :0
<----------------------------------------------------------------------->

Time :Wed Mar 26 12:02:43 2003
HostName :isag21.ce.kmitl.ac.th
UserID :501
ProcessID 2804	 ProcessName :ls
Hamming Distance :0
Number of Anomall Sequence :0
<----------------------------------------------------------------------->

Time :Wed Mar 26 12:02:49 2003
HostName :isag21.ce.kmitl.ac.th
UserID :501
ProcessID 2807	 ProcessName :cat
Hamming Distance :0
Number of Anomall Sequence :0
<----------------------------------------------------------------------->

Time :Wed Mar 26 12:03:05 2003
HostName :isag21.ce.kmitl.ac.th
UserID :501
ProcessID 2810	 ProcessName :ls
Hamming Distance :0
Number of Anomall Sequence :0
<----------------------------------------------------------------------->

Time :Wed Mar 26 12:03:10 2003
HostName :isag21.ce.kmitl.ac.th
UserID :501
ProcessID 2813	 ProcessName :ls
Hamming Distance :0
Number of Anomall Sequence :0
<----------------------------------------------------------------------->

Time :Wed Mar 26 12:03:12 2003
HostName :isag21.ce.kmitl.ac.th
UserID :501
ProcessID 2816	 ProcessName :cat
Hamming Distance :0
Number of Anomall Sequence :0
<----------------------------------------------------------------------->

Time :Wed Mar 26 12:03:14 2003
HostName :isag21.ce.kmitl.ac.th
UserID :501
ProcessID 2819	 ProcessName :ls
Hamming Distance :0
Number of Anomall Sequence :0
<----------------------------------------------------------------------->

Time :Wed Mar 26 12:03:16 2003
HostName :isag21.ce.kmitl.ac.th
UserID :501
ProcessID 2822	 ProcessName :ls
Hamming Distance :0
Number of Anomall Sequence :0
<----------------------------------------------------------------------->

Time :Wed Mar 26 12:03:23 2003
HostName :isag21.ce.kmitl.ac.th
UserID :501
ProcessID 2825	 ProcessName :ls
Hamming Distance :0
Number of Anomall Sequence :0
<----------------------------------------------------------------------->

Time :Wed Mar 26 12:03:26 2003
HostName :isag21.ce.kmitl.ac.th
UserID :501
ProcessID 2828	 ProcessName :ls
Hamming Distance :0
Number of Anomall Sequence :0
<----------------------------------------------------------------------->

Time :Wed Mar 26 12:03:29 2003
HostName :isag21.ce.kmitl.ac.th
UserID :501
ProcessID 2831	 ProcessName :cat
Hamming Distance :0
Number of Anomall Sequence :0
<----------------------------------------------------------------------->

Time :Wed Mar 26 12:03:30 2003
HostName :isag21.ce.kmitl.ac.th
UserID :501
ProcessID 2834	 ProcessName :ls
Hamming Distance :0
Number of Anomall Sequence :0
<----------------------------------------------------------------------->

Time :Wed Mar 26 12:03:32 2003
HostName :isag21.ce.kmitl.ac.th
UserID :501
ProcessID 2837	 ProcessName :ls
Hamming Distance :0
Number of Anomall Sequence :0
<----------------------------------------------------------------------->

Time :Wed Mar 26 12:03:40 2003
HostName :isag21.ce.kmitl.ac.th
UserID :501
ProcessID 2840	 ProcessName :ps
Hamming Distance :0
Number of Anomall Sequence :0
<----------------------------------------------------------------------->

Time :Wed Mar 26 12:03:42 2003
HostName :isag21.ce.kmitl.ac.th
UserID :501
ProcessID 2843	 ProcessName :ps
Hamming Distance :0
Number of Anomall Sequence :0
<----------------------------------------------------------------------->

Time :Wed Mar 26 12:03:46 2003
HostName :isag21.ce.kmitl.ac.th
UserID :501
ProcessID 2846	 ProcessName :ps
Hamming Distance :0
Number of Anomall Sequence :0
<----------------------------------------------------------------------->

Time :Wed Mar 26 12:03:47 2003
HostName :isag21.ce.kmitl.ac.th
UserID :501
ProcessID 2849	 ProcessName :ps
Hamming Distance :0
Number of Anomall Sequence :0
<----------------------------------------------------------------------->

Time :Wed Mar 26 12:03:49 2003
HostName :isag21.ce.kmitl.ac.th
UserID :501
ProcessID 2852	 ProcessName :ps
Hamming Distance :0
Number of Anomall Sequence :0
<----------------------------------------------------------------------->

Time :Wed Mar 26 12:03:52 2003
HostName :isag21.ce.kmitl.ac.th
UserID :501
ProcessID 2855	 ProcessName :ps
Hamming Distance :0
Number of Anomall Sequence :0
<----------------------------------------------------------------------->

Time :Wed Mar 26 12:03:53 2003
HostName :isag21.ce.kmitl.ac.th
UserID :501
ProcessID 2858	 ProcessName :ps
Hamming Distance :0
Number of Anomall Sequence :0
<----------------------------------------------------------------------->

Time :Wed Mar 26 12:03:57 2003
HostName :isag21.ce.kmitl.ac.th
UserID :501
ProcessID 2861	 ProcessName :ps
Hamming Distance :0
Number of Anomall Sequence :0
<----------------------------------------------------------------------->

Time :Wed Mar 26 12:04:00 2003
HostName :isag21.ce.kmitl.ac.th
UserID :501
ProcessID 2864	 ProcessName :ps
Hamming Distance :0
Number of Anomall Sequence :0
<----------------------------------------------------------------------->

Time :Wed Mar 26 12:04:02 2003
HostName :isag21.ce.kmitl.ac.th
UserID :501
ProcessID 2867	 ProcessName :ps
Hamming Distance :0
Number of Anomall Sequence :0
<----------------------------------------------------------------------->

Time :Wed Mar 26 12:04:04 2003
HostName :isag21.ce.kmitl.ac.th
UserID :501
ProcessID 2870	 ProcessName :ps
Hamming Distance :0
Number of Anomall Sequence :0
<----------------------------------------------------------------------->

Time :Wed Mar 26 12:04:07 2003
HostName :isag21.ce.kmitl.ac.th
UserID :501
ProcessID 2873	 ProcessName :ps
Hamming Distance :0
Number of Anomall Sequence :0
<----------------------------------------------------------------------->

Time :Wed Mar 26 12:04:11 2003
HostName :isag21.ce.kmitl.ac.th
UserID :501
ProcessID 2876	 ProcessName :ps
Hamming Distance :0
Number of Anomall Sequence :0
<----------------------------------------------------------------------->

Time :Wed Mar 26 12:04:15 2003
HostName :isag21.ce.kmitl.ac.th
UserID :501
ProcessID 2879	 ProcessName :ps
Hamming Distance :0
Number of Anomall Sequence :0
<----------------------------------------------------------------------->

Time :Wed Mar 26 12:04:18 2003
HostName :isag21.ce.kmitl.ac.th
UserID :501
ProcessID 2882	 ProcessName :ps
Hamming Distance :0
Number of Anomall Sequence :0
<----------------------------------------------------------------------->

Time :Wed Mar 26 12:04:20 2003
HostName :isag21.ce.kmitl.ac.th
UserID :501
ProcessID 2885	 ProcessName :ps
Hamming Distance :0
Number of Anomall Sequence :0
<----------------------------------------------------------------------->

Time :Wed Mar 26 12:05:42 2003
HostName :isag21.ce.kmitl.ac.th
UserID :501
ProcessID 2888	 ProcessName :ls
Hamming Distance :0
Number of Anomall Sequence :0
<----------------------------------------------------------------------->

Time :Wed Mar 26 12:07:13 2003
HostName :isag21.ce.kmitl.ac.th
UserID :501
ProcessID 2893	 ProcessName :ls
Hamming Distance :0
Number of Anomall Sequence :0
<----------------------------------------------------------------------->

Time :Wed Mar 26 12:07:15 2003
HostName :isag21.ce.kmitl.ac.th
UserID :501
ProcessID 2896	 ProcessName :ls
Hamming Distance :0
Number of Anomall Sequence :0
<----------------------------------------------------------------------->

Time :Wed Mar 26 12:07:21 2003
HostName :isag21.ce.kmitl.ac.th
UserID :501
ProcessID 2899	 ProcessName :ls
Hamming Distance :0
Number of Anomall Sequence :0
<----------------------------------------------------------------------->

Time :Wed Mar 26 12:07:25 2003
HostName :isag21.ce.kmitl.ac.th
UserID :501
ProcessID 2902	 ProcessName :ls
Hamming Distance :0
Number of Anomall Sequence :0
<----------------------------------------------------------------------->

Time :Wed Mar 26 12:07:32 2003
HostName :isag21.ce.kmitl.ac.th
UserID :501
ProcessID 2905	 ProcessName :cat
Hamming Distance :0
Number of Anomall Sequence :0
<----------------------------------------------------------------------->

Time :Wed Mar 26 12:07:54 2003
HostName :isag21.ce.kmitl.ac.th
UserID :501
ProcessID 2908	 ProcessName :cat
Hamming Distance :0
Number of Anomall Sequence :0
<----------------------------------------------------------------------->

Time :Wed Mar 26 12:07:57 2003
HostName :isag21.ce.kmitl.ac.th
UserID :501
ProcessID 2911	 ProcessName :cat
Hamming Distance :0
Number of Anomall Sequence :0
<----------------------------------------------------------------------->

Time :Wed Mar 26 12:07:59 2003
HostName :isag21.ce.kmitl.ac.th
UserID :501
ProcessID 2914	 ProcessName :ls
Hamming Distance :0
Number of Anomall Sequence :0
<----------------------------------------------------------------------->

Time :Wed Mar 26 12:08:01 2003
HostName :isag21.ce.kmitl.ac.th
UserID :501
ProcessID 2917	 ProcessName :ls
Hamming Distance :0
Number of Anomall Sequence :0
<----------------------------------------------------------------------->

Time :Wed Mar 26 12:08:04 2003
HostName :isag21.ce.kmitl.ac.th
UserID :501
ProcessID 2920	 ProcessName :cat
Hamming Distance :0
Number of Anomall Sequence :0
<----------------------------------------------------------------------->

Time :Wed Mar 26 12:08:14 2003
HostName :isag21.ce.kmitl.ac.th
UserID :501
ProcessID 2923	 ProcessName :ls
Hamming Distance :0
Number of Anomall Sequence :0
<----------------------------------------------------------------------->

Time :Wed Mar 26 12:08:18 2003
HostName :isag21.ce.kmitl.ac.th
UserID :501
ProcessID 2926	 ProcessName :cat
Hamming Distance :0
Number of Anomall Sequence :0
<----------------------------------------------------------------------->

Time :Wed Mar 26 12:08:20 2003
HostName :isag21.ce.kmitl.ac.th
UserID :501
ProcessID 2929	 ProcessName :cat
Hamming Distance :0
Number of Anomall Sequence :0
<----------------------------------------------------------------------->

Time :Wed Mar 26 12:08:41 2003
HostName :isag21.ce.kmitl.ac.th
UserID :501
ProcessID 2933	 ProcessName :ls
Hamming Distance :0
Number of Anomall Sequence :0
<----------------------------------------------------------------------->

Time :Wed Mar 26 12:09:13 2003
HostName :isag21.ce.kmitl.ac.th
UserID :501
ProcessID 2938	 ProcessName :netstat
Hamming Distance :0
Number of Anomall Sequence :0
<----------------------------------------------------------------------->

Time :Wed Mar 26 12:09:14 2003
HostName :isag21.ce.kmitl.ac.th
UserID :501
ProcessID 2941	 ProcessName :netstat
Hamming Distance :0
Number of Anomall Sequence :0
<----------------------------------------------------------------------->

Time :Wed Mar 26 12:09:16 2003
HostName :isag21.ce.kmitl.ac.th
UserID :501
ProcessID 2944	 ProcessName :netstat
Hamming Distance :0
Number of Anomall Sequence :0
<----------------------------------------------------------------------->

Time :Wed Mar 26 12:09:20 2003
HostName :isag21.ce.kmitl.ac.th
UserID :501
ProcessID 2947	 ProcessName :netstat
Hamming Distance :0
Number of Anomall Sequence :0
<----------------------------------------------------------------------->

Time :Wed Mar 26 12:09:21 2003
HostName :isag21.ce.kmitl.ac.th
UserID :501
ProcessID 2950	 ProcessName :netstat
Hamming Distance :0
Number of Anomall Sequence :0
<----------------------------------------------------------------------->

Time :Wed Mar 26 12:09:23 2003
HostName :isag21.ce.kmitl.ac.th
UserID :501
ProcessID 2953	 ProcessName :netstat
Hamming Distance :0
Number of Anomall Sequence :0
<----------------------------------------------------------------------->

Time :Wed Mar 26 12:09:24 2003
HostName :isag21.ce.kmitl.ac.th
UserID :501
ProcessID 2956	 ProcessName :netstat
Hamming Distance :0
Number of Anomall Sequence :0
<----------------------------------------------------------------------->

Time :Wed Mar 26 12:09:27 2003
HostName :isag21.ce.kmitl.ac.th
UserID :501
ProcessID 2959	 ProcessName :netstat
Hamming Distance :0
Number of Anomall Sequence :0
<----------------------------------------------------------------------->

Time :Wed Mar 26 12:15:23 2003
HostName :isag21.ce.kmitl.ac.th
UserID :501
ProcessID 2965	 ProcessName :netstat
Hamming Distance :0
Number of Anomall Sequence :0
<----------------------------------------------------------------------->

Time :Wed Mar 26 12:15:28 2003
HostName :isag21.ce.kmitl.ac.th
UserID :501
ProcessID 2968	 ProcessName :netstat
Hamming Distance :0
Number of Anomall Sequence :0
<----------------------------------------------------------------------->

Time :Wed Mar 26 12:15:30 2003
HostName :isag21.ce.kmitl.ac.th
UserID :501
ProcessID 2971	 ProcessName :netstat
Hamming Distance :0
Number of Anomall Sequence :0
<----------------------------------------------------------------------->

Time :Wed Mar 26 12:15:33 2003
HostName :isag21.ce.kmitl.ac.th
UserID :501
ProcessID 2974	 ProcessName :netstat
Hamming Distance :0
Number of Anomall Sequence :0
<----------------------------------------------------------------------->

Time :Wed Mar 26 12:15:34 2003
HostName :isag21.ce.kmitl.ac.th
UserID :501
ProcessID 2977	 ProcessName :netstat
Hamming Distance :0
Number of Anomall Sequence :0
<----------------------------------------------------------------------->

Time :Wed Mar 26 12:15:35 2003
HostName :isag21.ce.kmitl.ac.th
UserID :501
ProcessID 2980	 ProcessName :netstat
Hamming Distance :0
Number of Anomall Sequence :0
<----------------------------------------------------------------------->

Time :Wed Mar 26 12:15:36 2003
HostName :isag21.ce.kmitl.ac.th
UserID :501
ProcessID 2983	 ProcessName :netstat
Hamming Distance :0
Number of Anomall Sequence :0
<----------------------------------------------------------------------->

Time :Wed Mar 26 12:15:38 2003
HostName :isag21.ce.kmitl.ac.th
UserID :501
ProcessID 2986	 ProcessName :netstat
Hamming Distance :0
Number of Anomall Sequence :0
<----------------------------------------------------------------------->

Time :Wed Mar 26 12:15:40 2003
HostName :isag21.ce.kmitl.ac.th
UserID :501
ProcessID 2989	 ProcessName :netstat
Hamming Distance :0
Number of Anomall Sequence :0
<----------------------------------------------------------------------->

Time :Wed Mar 26 12:15:43 2003
HostName :isag21.ce.kmitl.ac.th
UserID :501
ProcessID 2992	 ProcessName :netstat
Hamming Distance :0
Number of Anomall Sequence :0
<----------------------------------------------------------------------->

Time :Wed Mar 26 12:15:45 2003
HostName :isag21.ce.kmitl.ac.th
UserID :501
ProcessID 2995	 ProcessName :netstat
Hamming Distance :0
Number of Anomall Sequence :0
<----------------------------------------------------------------------->

Time :Wed Mar 26 12:15:47 2003
HostName :isag21.ce.kmitl.ac.th
UserID :501
ProcessID 2998	 ProcessName :netstat
Hamming Distance :0
Number of Anomall Sequence :0
<----------------------------------------------------------------------->

Time :Wed Mar 26 12:15:51 2003
HostName :isag21.ce.kmitl.ac.th
UserID :501
ProcessID 3001	 ProcessName :netstat
Hamming Distance :0
Number of Anomall Sequence :0
<----------------------------------------------------------------------->

Time :Wed Mar 26 12:15:54 2003
HostName :isag21.ce.kmitl.ac.th
UserID :501
ProcessID 3004	 ProcessName :netstat
Hamming Distance :0
Number of Anomall Sequence :0
<----------------------------------------------------------------------->

Time :Wed Mar 26 12:15:55 2003
HostName :isag21.ce.kmitl.ac.th
UserID :501
ProcessID 3007	 ProcessName :netstat
Hamming Distance :0
Number of Anomall Sequence :0
<----------------------------------------------------------------------->

Time :Wed Mar 26 12:15:57 2003
HostName :isag21.ce.kmitl.ac.th
UserID :501
ProcessID 3010	 ProcessName :netstat
Hamming Distance :0
Number of Anomall Sequence :0
<----------------------------------------------------------------------->

Time :Wed Mar 26 12:15:59 2003
HostName :isag21.ce.kmitl.ac.th
UserID :501
ProcessID 3013	 ProcessName :netstat
Hamming Distance :0
Number of Anomall Sequence :0
<----------------------------------------------------------------------->

Time :Wed Mar 26 12:16:00 2003
HostName :isag21.ce.kmitl.ac.th
UserID :501
ProcessID 3016	 ProcessName :netstat
Hamming Distance :0
Number of Anomall Sequence :0
<----------------------------------------------------------------------->

Time :Wed Mar 26 12:16:01 2003
HostName :isag21.ce.kmitl.ac.th
UserID :501
ProcessID 3019	 ProcessName :netstat
Hamming Distance :0
Number of Anomall Sequence :0
<----------------------------------------------------------------------->

Time :Wed Mar 26 12:16:03 2003
HostName :isag21.ce.kmitl.ac.th
UserID :501
ProcessID 3022	 ProcessName :netstat
Hamming Distance :0
Number of Anomall Sequence :0
<----------------------------------------------------------------------->

Time :Wed Mar 26 12:16:04 2003
HostName :isag21.ce.kmitl.ac.th
UserID :501
ProcessID 3025	 ProcessName :netstat
Hamming Distance :0
Number of Anomall Sequence :0
<----------------------------------------------------------------------->

Time :Wed Mar 26 12:16:06 2003
HostName :isag21.ce.kmitl.ac.th
UserID :501
ProcessID 3028	 ProcessName :netstat
Hamming Distance :0
Number of Anomall Sequence :0
<----------------------------------------------------------------------->

Time :Wed Mar 26 12:16:07 2003
HostName :isag21.ce.kmitl.ac.th
UserID :501
ProcessID 3031	 ProcessName :netstat
Hamming Distance :0
Number of Anomall Sequence :0
<----------------------------------------------------------------------->

Time :Wed Mar 26 12:16:09 2003
HostName :isag21.ce.kmitl.ac.th
UserID :501
ProcessID 3034	 ProcessName :netstat
Hamming Distance :0
Number of Anomall Sequence :0
<----------------------------------------------------------------------->

Time :Wed Mar 26 12:16:11 2003
HostName :isag21.ce.kmitl.ac.th
UserID :501
ProcessID 3037	 ProcessName :netstat
Hamming Distance :0
Number of Anomall Sequence :0
<----------------------------------------------------------------------->

Time :Wed Mar 26 12:16:13 2003
HostName :isag21.ce.kmitl.ac.th
UserID :501
ProcessID 3040	 ProcessName :netstat
Hamming Distance :0
Number of Anomall Sequence :0
<----------------------------------------------------------------------->

Time :Wed Mar 26 12:16:14 2003
HostName :isag21.ce.kmitl.ac.th
UserID :501
ProcessID 3043	 ProcessName :netstat
Hamming Distance :0
Number of Anomall Sequence :0
<----------------------------------------------------------------------->

Time :Wed Mar 26 12:26:38 2003
HostName :isag21.ce.kmitl.ac.th
UserID :501
ProcessID 2474	 ProcessName :ls
Hamming Distance :0
Number of Anomall Sequence :0
<----------------------------------------------------------------------->

Time :Wed Mar 26 12:26:42 2003
HostName :isag21.ce.kmitl.ac.th
UserID :501
ProcessID 2477	 ProcessName :netstat
Hamming Distance :0
Number of Anomall Sequence :0
<----------------------------------------------------------------------->

Time :Wed Mar 26 12:26:43 2003
HostName :isag21.ce.kmitl.ac.th
UserID :501
ProcessID 2480	 ProcessName :netstat
Hamming Distance :0
Number of Anomall Sequence :0
<----------------------------------------------------------------------->

Time :Wed Mar 26 12:26:45 2003
HostName :isag21.ce.kmitl.ac.th
UserID :501
ProcessID 2483	 ProcessName :netstat
Hamming Distance :0
Number of Anomall Sequence :0
<----------------------------------------------------------------------->

Time :Wed Mar 26 12:27:45 2003
HostName :isag21.ce.kmitl.ac.th
UserID :501
ProcessID 2514	 ProcessName :netstat
Hamming Distance :0
Number of Anomall Sequence :0
<----------------------------------------------------------------------->

Time :Wed Mar 26 12:27:46 2003
HostName :isag21.ce.kmitl.ac.th
UserID :501
ProcessID 2517	 ProcessName :netstat
Hamming Distance :0
Number of Anomall Sequence :0
<----------------------------------------------------------------------->

Time :Wed Mar 26 12:27:47 2003
HostName :isag21.ce.kmitl.ac.th
UserID :501
ProcessID 2520	 ProcessName :netstat
Hamming Distance :0
Number of Anomall Sequence :0
<----------------------------------------------------------------------->

Time :Wed Mar 26 12:27:48 2003
HostName :isag21.ce.kmitl.ac.th
UserID :501
ProcessID 2523	 ProcessName :netstat
Hamming Distance :0
Number of Anomall Sequence :0
<----------------------------------------------------------------------->

Time :Wed Mar 26 12:27:49 2003
HostName :isag21.ce.kmitl.ac.th
UserID :501
ProcessID 2526	 ProcessName :netstat
Hamming Distance :0
Number of Anomall Sequence :0
<----------------------------------------------------------------------->

Time :Wed Mar 26 12:27:50 2003
HostName :isag21.ce.kmitl.ac.th
UserID :501
ProcessID 2529	 ProcessName :netstat
Hamming Distance :0
Number of Anomall Sequence :0
<----------------------------------------------------------------------->

Time :Wed Mar 26 12:27:52 2003
HostName :isag21.ce.kmitl.ac.th
UserID :501
ProcessID 2532	 ProcessName :netstat
Hamming Distance :0
Number of Anomall Sequence :0
<----------------------------------------------------------------------->

Time :Wed Mar 26 12:27:54 2003
HostName :isag21.ce.kmitl.ac.th
UserID :501
ProcessID 2535	 ProcessName :netstat
Hamming Distance :0
Number of Anomall Sequence :0
<----------------------------------------------------------------------->

Time :Wed Mar 26 12:27:56 2003
HostName :isag21.ce.kmitl.ac.th
UserID :501
ProcessID 2538	 ProcessName :netstat
Hamming Distance :0
Number of Anomall Sequence :0
<----------------------------------------------------------------------->

Time :Wed Mar 26 12:27:59 2003
HostName :isag21.ce.kmitl.ac.th
UserID :501
ProcessID 2541	 ProcessName :netstat
Hamming Distance :0
Number of Anomall Sequence :0
<----------------------------------------------------------------------->

Time :Wed Mar 26 12:28:01 2003
HostName :isag21.ce.kmitl.ac.th
UserID :501
ProcessID 2544	 ProcessName :netstat
Hamming Distance :0
Number of Anomall Sequence :0
<----------------------------------------------------------------------->

Time :Wed Mar 26 12:28:02 2003
HostName :isag21.ce.kmitl.ac.th
UserID :501
ProcessID 2547	 ProcessName :netstat
Hamming Distance :0
Number of Anomall Sequence :0
<----------------------------------------------------------------------->

Time :Wed Mar 26 12:28:04 2003
HostName :isag21.ce.kmitl.ac.th
UserID :501
ProcessID 2550	 ProcessName :netstat
Hamming Distance :0
Number of Anomall Sequence :0
<----------------------------------------------------------------------->

Time :Wed Mar 26 12:28:05 2003
HostName :isag21.ce.kmitl.ac.th
UserID :501
ProcessID 2553	 ProcessName :netstat
Hamming Distance :0
Number of Anomall Sequence :0
<----------------------------------------------------------------------->

Time :Wed Mar 26 12:28:06 2003
HostName :isag21.ce.kmitl.ac.th
UserID :501
ProcessID 2556	 ProcessName :netstat
Hamming Distance :0
Number of Anomall Sequence :0
<----------------------------------------------------------------------->

Time :Wed Mar 26 12:28:07 2003
HostName :isag21.ce.kmitl.ac.th
UserID :501
ProcessID 2559	 ProcessName :netstat
Hamming Distance :0
Number of Anomall Sequence :0
<----------------------------------------------------------------------->

Time :Wed Mar 26 12:28:09 2003
HostName :isag21.ce.kmitl.ac.th
UserID :501
ProcessID 2562	 ProcessName :netstat
Hamming Distance :0
Number of Anomall Sequence :0
<----------------------------------------------------------------------->

Time :Wed Mar 26 12:28:10 2003
HostName :isag21.ce.kmitl.ac.th
UserID :501
ProcessID 2565	 ProcessName :netstat
Hamming Distance :0
Number of Anomall Sequence :0
<----------------------------------------------------------------------->

Time :Wed Mar 26 12:28:12 2003
HostName :isag21.ce.kmitl.ac.th
UserID :501
ProcessID 2568	 ProcessName :netstat
Hamming Distance :0
Number of Anomall Sequence :0
<----------------------------------------------------------------------->

Time :Wed Mar 26 12:28:13 2003
HostName :isag21.ce.kmitl.ac.th
UserID :501
ProcessID 2571	 ProcessName :netstat
Hamming Distance :0
Number of Anomall Sequence :0
<----------------------------------------------------------------------->

Time :Wed Mar 26 12:28:15 2003
HostName :isag21.ce.kmitl.ac.th
UserID :501
ProcessID 2574	 ProcessName :netstat
Hamming Distance :0
Number of Anomall Sequence :0
<----------------------------------------------------------------------->

Time :Wed Mar 26 12:28:18 2003
HostName :isag21.ce.kmitl.ac.th
UserID :501
ProcessID 2577	 ProcessName :netstat
Hamming Distance :0
Number of Anomall Sequence :0
<----------------------------------------------------------------------->

Time :Wed Mar 26 12:28:22 2003
HostName :isag21.ce.kmitl.ac.th
UserID :501
ProcessID 2580	 ProcessName :netstat
Hamming Distance :0
Number of Anomall Sequence :0
<----------------------------------------------------------------------->

Time :Wed Mar 26 12:28:44 2003
HostName :isag21.ce.kmitl.ac.th
UserID :501
ProcessID 2584	 ProcessName :ls
Hamming Distance :0
Number of Anomall Sequence :0
<----------------------------------------------------------------------->

Time :Wed Mar 26 12:30:48 2003
HostName :isag21.ce.kmitl.ac.th
UserID :501
ProcessID 2587	 ProcessName :ls
Hamming Distance :0
Number of Anomall Sequence :0
<----------------------------------------------------------------------->

Time :Wed Mar 26 12:31:38 2003
HostName :isag21.ce.kmitl.ac.th
UserID :501
ProcessID 2590	 ProcessName :ls
Hamming Distance :0
Number of Anomall Sequence :0
<----------------------------------------------------------------------->

Time :Wed Mar 26 12:31:44 2003
HostName :isag21.ce.kmitl.ac.th
UserID :501
ProcessID 2593	 ProcessName :cat
Hamming Distance :0
Number of Anomall Sequence :0
<----------------------------------------------------------------------->

Time :Wed Mar 26 12:31:46 2003
HostName :isag21.ce.kmitl.ac.th
UserID :501
ProcessID 2596	 ProcessName :ls
Hamming Distance :0
Number of Anomall Sequence :0
<----------------------------------------------------------------------->

Time :Wed Mar 26 12:31:50 2003
HostName :isag21.ce.kmitl.ac.th
UserID :501
ProcessID 2599	 ProcessName :ls
Hamming Distance :0
Number of Anomall Sequence :0
<----------------------------------------------------------------------->

Time :Wed Mar 26 12:31:52 2003
HostName :isag21.ce.kmitl.ac.th
UserID :501
ProcessID 2602	 ProcessName :ls
Hamming Distance :0
Number of Anomall Sequence :0
<----------------------------------------------------------------------->

Time :Wed Mar 26 12:31:55 2003
HostName :isag21.ce.kmitl.ac.th
UserID :501
ProcessID 2605	 ProcessName :cat
Hamming Distance :0
Number of Anomall Sequence :0
<----------------------------------------------------------------------->

Time :Wed Mar 26 15:51:11 2003
HostName :isag21.ce.kmitl.ac.th
UserID :501
ProcessID 2520	 ProcessName :ls
Hamming Distance :0
Number of Anomall Sequence :0
<----------------------------------------------------------------------->

Time :Wed Mar 26 15:51:55 2003
HostName :isag21.ce.kmitl.ac.th
UserID :501
ProcessID 2529	 ProcessName :ls
Hamming Distance :0
Number of Anomall Sequence :0
<----------------------------------------------------------------------->

Time :Wed Mar 26 15:52:39 2003
HostName :isag21.ce.kmitl.ac.th
UserID :501
ProcessID 2561	 ProcessName :ping
Hamming Distance :0
Number of Anomall Sequence :0
<----------------------------------------------------------------------->

Time :Wed Mar 26 15:52:51 2003
HostName :isag21.ce.kmitl.ac.th
UserID :501
ProcessID 2564	 ProcessName :ls
Hamming Distance :0
Number of Anomall Sequence :0
<----------------------------------------------------------------------->

Time :Wed Mar 26 15:53:39 2003
HostName :isag21.ce.kmitl.ac.th
UserID :501
ProcessID 2595	 ProcessName :ping
Hamming Distance :0
Number of Anomall Sequence :0
<----------------------------------------------------------------------->

Time :Wed Mar 26 15:54:06 2003
HostName :isag21.ce.kmitl.ac.th
UserID :0
ProcessID 2650	 ProcessName :ping
Hamming Distance :0
Number of Anomall Sequence :0
<----------------------------------------------------------------------->

Time :Wed Mar 26 15:55:43 2003
HostName :isag21.ce.kmitl.ac.th
UserID :0
ProcessID 2658	 ProcessName :ping
Hamming Distance :0
Number of Anomall Sequence :0
<----------------------------------------------------------------------->

Time :Wed Mar 26 15:55:43 2003
HostName :isag21.ce.kmitl.ac.th
UserID :0
ProcessID 2658	 ProcessName :ping
Hamming Distance :3
Number of Anomall Sequence :5
open fstat64 old_mmap close open fstat64 
fstat64 old_mmap close open fstat64 old_mmap 
old_mmap close open fstat64 old_mmap mprotect 
close open fstat64 old_mmap mprotect old_mmap 
open fstat64 old_mmap mprotect old_mmap old_mmap 
<----------------------------------------------------------------------->

