<?xml version="1.0" encoding="UTF-8"?>
<kml xmlns="http://earth.google.com/kml/2.0">
<Document>
  <name>Inner BANGKOK v2.0.kmz</name>
  <open>1</open>
  <Style id="khStyle886">
    <IconStyle id="khIconStyle887">
      <Icon>
        <href>root://icons/palette-4.png</href>
        <y>128</y>
        <w>32</w>
        <h>32</h>
      </Icon>
    </IconStyle>
  </Style>
  <Style id="khStyle780">
    <IconStyle id="khIconStyle781">
      <Icon>
        <href>root://icons/palette-2.png</href>
        <x>32</x>
        <y>32</y>
        <w>32</w>
        <h>32</h>
      </Icon>
    </IconStyle>
  </Style>
  <Style id="khStyle672">
    <IconStyle id="khIconStyle673">
      <Icon>
        <href>root://icons/palette-2.png</href>
        <x>32</x>
        <y>32</y>
        <w>32</w>
        <h>32</h>
      </Icon>
    </IconStyle>
  </Style>
  <Style id="khStyle976">
    <IconStyle id="khIconStyle977">
      <Icon>
        <href>root://icons/palette-2.png</href>
        <x>32</x>
        <y>32</y>
        <w>32</w>
        <h>32</h>
      </Icon>
    </IconStyle>
  </Style>
  <Style id="khStyle1904">
    <IconStyle id="khIconStyle1905">
      <Icon>
        <href>root://icons/palette-3.png</href>
        <x>192</x>
        <y>64</y>
        <w>32</w>
        <h>32</h>
      </Icon>
    </IconStyle>
    <LineStyle id="khLineStyle1908">
      <color>ff0000ff</color>
    </LineStyle>
  </Style>
  <Style id="khStyle583">
    <IconStyle id="khIconStyle585">
      <Icon>
        <href>root://icons/palette-4.png</href>
        <y>128</y>
        <w>32</w>
        <h>32</h>
      </Icon>
    </IconStyle>
  </Style>
  <Style id="khStyle1935">
    <IconStyle id="khIconStyle1936">
      <scale>0.5</scale>
      <Icon>
        <href>root://icons/palette-3.png</href>
        <x>192</x>
        <y>96</y>
        <w>32</w>
        <h>32</h>
      </Icon>
    </IconStyle>
  </Style>
  <Style id="khStyle697">
    <IconStyle id="khIconStyle698">
      <Icon>
        <href>root://icons/palette-4.png</href>
        <y>128</y>
        <w>32</w>
        <h>32</h>
      </Icon>
    </IconStyle>
  </Style>
  <Style id="khStyle75601">
    <IconStyle id="khIconStyle757">
      <Icon>
        <href>root://icons/palette-4.png</href>
        <y>128</y>
        <w>32</w>
        <h>32</h>
      </Icon>
    </IconStyle>
  </Style>
  <Style id="khStyle68522">
    <IconStyle id="khIconStyle686">
      <Icon>
        <href>root://icons/palette-4.png</href>
        <y>128</y>
        <w>32</w>
        <h>32</h>
      </Icon>
    </IconStyle>
  </Style>
  <Style id="khStyle692">
    <IconStyle id="khIconStyle694">
      <Icon>
        <href>root://icons/palette-2.png</href>
        <x>32</x>
        <y>32</y>
        <w>32</w>
        <h>32</h>
      </Icon>
    </IconStyle>
  </Style>
  <Style id="khStyle794">
    <IconStyle id="khIconStyle795">
      <Icon>
        <href>root://icons/palette-2.png</href>
        <x>32</x>
        <y>32</y>
        <w>32</w>
        <h>32</h>
      </Icon>
    </IconStyle>
  </Style>
  <Style id="khStyle580">
    <IconStyle id="khIconStyle581">
      <Icon>
        <href>root://icons/palette-4.png</href>
        <y>128</y>
        <w>32</w>
        <h>32</h>
      </Icon>
    </IconStyle>
  </Style>
  <Style id="khStyle763">
    <IconStyle id="khIconStyle765">
      <Icon>
        <href>root://icons/palette-2.png</href>
        <x>32</x>
        <y>32</y>
        <w>32</w>
        <h>32</h>
      </Icon>
    </IconStyle>
  </Style>
  <Style id="khStyle728">
    <IconStyle id="khIconStyle730">
      <Icon>
        <href>root://icons/palette-3.png</href>
        <x>224</x>
        <y>64</y>
        <w>32</w>
        <h>32</h>
      </Icon>
    </IconStyle>
  </Style>
  <Style id="khStyle756">
    <IconStyle id="khIconStyle758">
      <Icon>
        <href>root://icons/palette-2.png</href>
        <x>32</x>
        <y>32</y>
        <w>32</w>
        <h>32</h>
      </Icon>
    </IconStyle>
  </Style>
  <Style id="khStyle862">
    <IconStyle id="khIconStyle864">
      <Icon>
        <href>root://icons/palette-2.png</href>
        <x>32</x>
        <y>32</y>
        <w>32</w>
        <h>32</h>
      </Icon>
    </IconStyle>
  </Style>
  <Style id="khStyle808">
    <IconStyle id="khIconStyle809">
      <Icon>
        <href>root://icons/palette-2.png</href>
        <x>32</x>
        <y>32</y>
        <w>32</w>
        <h>32</h>
      </Icon>
    </IconStyle>
    <LabelStyle id="khLabelStyle811">
      <scale>0.800000011920929</scale>
    </LabelStyle>
    <LineStyle id="khLineStyle812">
      <color>ff7fffff</color>
      <width>3</width>
    </LineStyle>
    <PolyStyle id="khPolyStyle813">
      <color>8000aaff</color>
    </PolyStyle>
  </Style>
  <Style id="khStyle855">
    <IconStyle id="khIconStyle856">
      <Icon>
        <href>root://icons/palette-3.png</href>
        <x>192</x>
        <y>64</y>
        <w>32</w>
        <h>32</h>
      </Icon>
    </IconStyle>
  </Style>
  <Style id="khStyle791">
    <IconStyle id="khIconStyle792">
      <Icon>
        <href>root://icons/palette-4.png</href>
        <x>192</x>
        <w>32</w>
        <h>32</h>
      </Icon>
    </IconStyle>
  </Style>
  <Style id="khStyle897">
    <IconStyle id="khIconStyle898">
      <Icon>
        <href>root://icons/palette-4.png</href>
        <y>128</y>
        <w>32</w>
        <h>32</h>
      </Icon>
    </IconStyle>
  </Style>
  <Style id="khStyle735">
    <IconStyle id="khIconStyle739">
      <scale>0.5</scale>
    </IconStyle>
  </Style>
  <Style id="khStyle834">
    <IconStyle id="khIconStyle835">
      <Icon>
        <href>root://icons/palette-4.png</href>
        <y>128</y>
        <w>32</w>
        <h>32</h>
      </Icon>
    </IconStyle>
  </Style>
  <Style id="khStyle683">
    <IconStyle id="khIconStyle684">
      <Icon>
        <href>root://icons/palette-4.png</href>
        <x>32</x>
        <y>128</y>
        <w>32</w>
        <h>32</h>
      </Icon>
    </IconStyle>
  </Style>
  <Style id="khStyle1255">
    <IconStyle id="khIconStyle1256">
      <Icon>
        <href>root://icons/palette-4.png</href>
        <y>128</y>
        <w>32</w>
        <h>32</h>
      </Icon>
    </IconStyle>
  </Style>
  <Style id="khStyle798">
    <IconStyle id="khIconStyle799">
      <Icon>
        <href>root://icons/palette-4.png</href>
        <y>128</y>
        <w>32</w>
        <h>32</h>
      </Icon>
    </IconStyle>
  </Style>
  <Style id="khStyle1296">
    <IconStyle id="khIconStyle1297">
      <Icon>
        <href>root://icons/palette-3.png</href>
        <x>192</x>
        <y>64</y>
        <w>32</w>
        <h>32</h>
      </Icon>
    </IconStyle>
  </Style>
  <Style id="khStyle721">
    <IconStyle id="khIconStyle725">
      <Icon>
        <href>root://icons/palette-3.png</href>
        <x>160</x>
        <y>160</y>
        <w>32</w>
        <h>32</h>
      </Icon>
    </IconStyle>
  </Style>
  <Style id="khStyle848">
    <IconStyle id="khIconStyle852">
      <Icon>
        <href>root://icons/palette-2.png</href>
        <w>32</w>
        <h>32</h>
      </Icon>
    </IconStyle>
    <PolyStyle id="khPolyStyle850">
      <color>a8ffffff</color>
    </PolyStyle>
  </Style>
  <Style id="khStyle662">
    <IconStyle id="khIconStyle663">
      <Icon>
        <href>root://icons/palette-3.png</href>
        <x>192</x>
        <y>64</y>
        <w>32</w>
        <h>32</h>
      </Icon>
    </IconStyle>
  </Style>
  <Style id="khStyle1959">
    <IconStyle id="khIconStyle1960">
      <Icon>
        <href>root://icons/palette-4.png</href>
        <y>128</y>
        <w>32</w>
        <h>32</h>
      </Icon>
    </IconStyle>
  </Style>
  <Style id="khStyle969">
    <IconStyle id="khIconStyle970">
      <Icon>
        <href>root://icons/palette-4.png</href>
        <x>224</x>
        <y>192</y>
        <w>32</w>
        <h>32</h>
      </Icon>
    </IconStyle>
  </Style>
  <Style id="khStyle539">
    <IconStyle id="khIconStyle540">
      <Icon>
        <href>root://icons/palette-2.png</href>
        <x>32</x>
        <y>32</y>
        <w>32</w>
        <h>32</h>
      </Icon>
    </IconStyle>
  </Style>
  <Style id="khStyle690">
    <IconStyle id="khIconStyle691">
      <Icon>
        <href>root://icons/palette-3.png</href>
        <x>192</x>
        <y>96</y>
        <w>32</w>
        <h>32</h>
      </Icon>
    </IconStyle>
  </Style>
  <Style id="khStyle757">
    <IconStyle id="khIconStyle761">
      <scale>0.5</scale>
      <Icon>
        <href>root://icons/palette-2.png</href>
        <x>96</x>
        <y>128</y>
        <w>32</w>
        <h>32</h>
      </Icon>
    </IconStyle>
  </Style>
  <Style id="khStyle669">
    <IconStyle id="khIconStyle670">
      <Icon>
        <href>root://icons/palette-4.png</href>
        <y>128</y>
        <w>32</w>
        <h>32</h>
      </Icon>
    </IconStyle>
  </Style>
  <Style id="khStyle550">
    <IconStyle id="khIconStyle551">
      <Icon>
        <href>root://icons/palette-4.png</href>
        <y>128</y>
        <w>32</w>
        <h>32</h>
      </Icon>
    </IconStyle>
  </Style>
  <Style id="khStyle573">
    <IconStyle id="khIconStyle575">
      <Icon>
        <href>root://icons/palette-2.png</href>
        <x>32</x>
        <y>32</y>
        <w>32</w>
        <h>32</h>
      </Icon>
    </IconStyle>
    <LabelStyle id="khLabelStyle576">
      <color>ffffaaaa</color>
      <scale>1.5</scale>
    </LabelStyle>
    <LineStyle id="khLineStyle576">
      <antialias>0</antialias>
    </LineStyle>
    <PolyStyle id="khPolyStyle575">
      <fill>0</fill>
      <outline>0</outline>
    </PolyStyle>
  </Style>
  <Style id="khStyle841">
    <IconStyle id="khIconStyle842">
      <Icon>
        <href>root://icons/palette-3.png</href>
        <x>192</x>
        <y>64</y>
        <w>32</w>
        <h>32</h>
      </Icon>
    </IconStyle>
  </Style>
  <Style id="khStyle685">
    <IconStyle id="khIconStyle686">
      <Icon>
        <href>root://icons/palette-4.png</href>
        <y>128</y>
        <w>32</w>
        <h>32</h>
      </Icon>
    </IconStyle>
  </Style>
  <Style id="khStyle843">
    <IconStyle id="khIconStyle844">
      <Icon>
        <href>root://icons/palette-4.png</href>
        <x>32</x>
        <y>128</y>
        <w>32</w>
        <h>32</h>
      </Icon>
    </IconStyle>
    <LabelStyle id="khLabelStyle846">
      <color>ff7fff00</color>
    </LabelStyle>
  </Style>
  <Style id="khStyle742">
    <IconStyle id="khIconStyle746">
      <Icon>
        <href>root://icons/palette-2.png</href>
        <x>160</x>
        <y>192</y>
        <w>32</w>
        <h>32</h>
      </Icon>
    </IconStyle>
  </Style>
  <Style id="khStyle526">
    <IconStyle id="khIconStyle527">
      <Icon>
        <href>root://icons/palette-4.png</href>
        <x>32</x>
        <y>128</y>
        <w>32</w>
        <h>32</h>
      </Icon>
    </IconStyle>
    <LineStyle id="khLineStyle529">
      <color>ff0000ff</color>
    </LineStyle>
  </Style>
  <Style id="khStyle945">
    <IconStyle id="khIconStyle946">
      <Icon>
        <href>root://icons/palette-3.png</href>
        <x>192</x>
        <y>96</y>
        <w>32</w>
        <h>32</h>
      </Icon>
    </IconStyle>
  </Style>
  <Style id="khStyle1911">
    <IconStyle id="khIconStyle1912">
      <scale>0.5</scale>
      <Icon>
        <href>root://icons/palette-3.png</href>
        <x>192</x>
        <y>96</y>
        <w>32</w>
        <h>32</h>
      </Icon>
    </IconStyle>
    <LineStyle id="khLineStyle1915">
      <color>ff0000ff</color>
    </LineStyle>
  </Style>
  <Style id="khStyle787">
    <IconStyle id="khIconStyle788">
      <Icon>
        <href>root://icons/palette-2.png</href>
        <x>32</x>
        <y>32</y>
        <w>32</w>
        <h>32</h>
      </Icon>
    </IconStyle>
  </Style>
  <Style id="khStyle1002">
    <IconStyle id="khIconStyle1003">
      <Icon>
        <href>root://icons/palette-4.png</href>
        <x>32</x>
        <y>128</y>
        <w>32</w>
        <h>32</h>
      </Icon>
    </IconStyle>
  </Style>
  <Style id="khStyle676">
    <IconStyle id="khIconStyle677">
      <Icon>
        <href>root://icons/palette-3.png</href>
        <x>192</x>
        <y>64</y>
        <w>32</w>
        <h>32</h>
      </Icon>
    </IconStyle>
  </Style>
  <Style id="khStyle827">
    <IconStyle id="khIconStyle828">
      <Icon>
        <href>root://icons/palette-4.png</href>
        <y>128</y>
        <w>32</w>
        <h>32</h>
      </Icon>
    </IconStyle>
  </Style>
  <Style id="khStyle1966">
    <IconStyle id="khIconStyle1967">
      <scale>0.5</scale>
      <Icon>
        <href>root://icons/palette-3.png</href>
        <y>64</y>
        <w>32</w>
        <h>32</h>
      </Icon>
    </IconStyle>
  </Style>
  <Style id="khStyle905">
    <IconStyle id="khIconStyle906">
      <Icon>
        <href>root://icons/palette-4.png</href>
        <y>128</y>
        <w>32</w>
        <h>32</h>
      </Icon>
    </IconStyle>
  </Style>
  <Style id="khStyle801">
    <IconStyle id="khIconStyle802">
      <Icon>
        <href>root://icons/palette-2.png</href>
        <x>32</x>
        <y>32</y>
        <w>32</w>
        <h>32</h>
      </Icon>
    </IconStyle>
  </Style>
  <Style id="khStyle567">
    <IconStyle id="khIconStyle568">
      <Icon>
        <href>root://icons/palette-2.png</href>
        <x>32</x>
        <y>32</y>
        <w>32</w>
        <h>32</h>
      </Icon>
    </IconStyle>
  </Style>
  <Style id="khStyle781">
    <IconStyle id="khIconStyle783">
      <Icon>
        <href>root://icons/palette-2.png</href>
        <x>32</x>
        <y>32</y>
        <w>32</w>
        <h>32</h>
      </Icon>
    </IconStyle>
  </Style>
  <Style id="khStyle1804">
    <IconStyle id="khIconStyle1805">
      <scale>0.5</scale>
      <Icon>
        <href>root://icons/palette-3.png</href>
        <x>192</x>
        <y>96</y>
        <w>32</w>
        <h>32</h>
      </Icon>
    </IconStyle>
  </Style>
  <Style id="khStyle2014">
    <IconStyle id="khIconStyle2015">
      <scale>0.5</scale>
      <Icon>
        <href>root://icons/palette-3.png</href>
        <x>192</x>
        <y>96</y>
        <w>32</w>
        <h>32</h>
      </Icon>
    </IconStyle>
  </Style>
  <Style id="khStyle764">
    <IconStyle id="khIconStyle766">
      <Icon>
        <href>root://icons/palette-2.png</href>
        <x>32</x>
        <y>32</y>
        <w>32</w>
        <h>32</h>
      </Icon>
    </IconStyle>
  </Style>
  <Style id="khStyle1204">
    <IconStyle id="khIconStyle1206">
      <Icon>
        <href>root://icons/palette-4.png</href>
        <y>128</y>
        <w>32</w>
        <h>32</h>
      </Icon>
    </IconStyle>
  </Style>
  <Style id="khStyle983">
    <IconStyle id="khIconStyle984">
      <Icon>
        <href>root://icons/palette-2.png</href>
        <x>32</x>
        <y>32</y>
        <w>32</w>
        <h>32</h>
      </Icon>
    </IconStyle>
  </Style>
  <Style id="khStyle872">
    <IconStyle id="khIconStyle873">
      <Icon>
        <href>root://icons/palette-4.png</href>
        <y>128</y>
        <w>32</w>
        <h>32</h>
      </Icon>
    </IconStyle>
  </Style>
  <Style id="khStyle639">
    <IconStyle id="khIconStyle640">
      <Icon>
        <href>root://icons/palette-3.png</href>
        <x>192</x>
        <y>96</y>
        <w>32</w>
        <h>32</h>
      </Icon>
    </IconStyle>
  </Style>
  <Style id="khStyle773">
    <IconStyle id="khIconStyle774">
      <Icon>
        <href>root://icons/palette-2.png</href>
        <x>32</x>
        <y>32</y>
        <w>32</w>
        <h>32</h>
      </Icon>
    </IconStyle>
  </Style>
  <Style id="khStyle604">
    <IconStyle id="khIconStyle606">
      <Icon>
        <href>root://icons/palette-2.png</href>
        <x>32</x>
        <y>32</y>
        <w>32</w>
        <h>32</h>
      </Icon>
    </IconStyle>
    <LineStyle>
      <color>ff7f0000</color>
    </LineStyle>
    <PolyStyle id="khPolyStyle606">
      <color>a8ffffff</color>
    </PolyStyle>
  </Style>
  <Style id="khStyle749">
    <IconStyle id="khIconStyle753">
      <scale>0.5</scale>
      <Icon>
        <href>root://icons/palette-2.png</href>
        <x>64</x>
        <y>128</y>
        <w>32</w>
        <h>32</h>
      </Icon>
    </IconStyle>
  </Style>
  <Style id="khStyle815">
    <IconStyle id="khIconStyle816">
      <Icon>
        <href>root://icons/palette-2.png</href>
        <x>32</x>
        <y>32</y>
        <w>32</w>
        <h>32</h>
      </Icon>
    </IconStyle>
  </Style>
  <Style id="khStyle952">
    <IconStyle id="khIconStyle953">
      <Icon>
        <href>root://icons/palette-4.png</href>
        <y>128</y>
        <w>32</w>
        <h>32</h>
      </Icon>
    </IconStyle>
  </Style>
  <Style id="khStyle652">
    <IconStyle id="khIconStyle653">
      <Icon>
        <href>root://icons/palette-3.png</href>
        <x>192</x>
        <y>64</y>
        <w>32</w>
        <h>32</h>
      </Icon>
    </IconStyle>
  </Style>
  <Style id="khStyle5973110">
    <IconStyle id="khIconStyle598">
      <Icon>
        <href>root://icons/palette-3.png</href>
        <x>192</x>
        <y>64</y>
        <w>32</w>
        <h>32</h>
      </Icon>
    </IconStyle>
  </Style>
  <Style id="khStyle1279">
    <IconStyle id="khIconStyle1280">
      <Icon>
        <href>root://icons/palette-3.png</href>
        <x>192</x>
        <y>96</y>
        <w>32</w>
        <h>32</h>
      </Icon>
    </IconStyle>
  </Style>
  <Style id="khStyle1178">
    <IconStyle id="khIconStyle1179">
      <scale>0.5</scale>
      <Icon>
        <href>root://icons/palette-2.png</href>
        <y>128</y>
        <w>32</w>
        <h>32</h>
      </Icon>
    </IconStyle>
    <LabelStyle id="khLabelStyle1181">
      <color>ffff00ff</color>
    </LabelStyle>
  </Style>
  <Style id="khStyle879">
    <IconStyle id="khIconStyle880">
      <Icon>
        <href>root://icons/palette-3.png</href>
        <x>192</x>
        <y>64</y>
        <w>32</w>
        <h>32</h>
      </Icon>
    </IconStyle>
  </Style>
  <Style id="khStyle1990">
    <IconStyle id="khIconStyle1991">
      <Icon>
        <href>root://icons/palette-3.png</href>
        <y>64</y>
        <w>32</w>
        <h>32</h>
      </Icon>
    </IconStyle>
  </Style>
  <Folder>
    <name>Inner BANGKOK</name>
    <open>1</open>
    <Folder>
      <name>Road &amp; Intersection</name>
      <open>1</open>
      <Folder>
        <name>ROAD</name>
        <Placemark>
          <name>ถ.กรุงเกษม</name>
          <LookAt>
            <longitude>100.5171864925759</longitude>
            <latitude>13.75421893288235</latitude>
            <range>464.3900816531663</range>
            <tilt>12.09989511287563</tilt>
            <heading>-0.005607043272551634</heading>
          </LookAt>
          <styleUrl>#khStyle862</styleUrl>
          <Style>
            <IconStyle>
              <Icon>
                <href>root://icons/palette-4.png</href>
                <y>128</y>
                <w>32</w>
                <h>32</h>
              </Icon>
            </IconStyle>
          </Style>
          <Point>
            <coordinates>100.5173130599493,13.75461467565189,0</coordinates>
          </Point>
        </Placemark>
        <Placemark>
          <name>กรุงเทพกรีฑา</name>
          <LookAt>
            <longitude>100.6495372987604</longitude>
            <latitude>13.75008331363202</latitude>
            <range>778.6519799542477</range>
            <tilt>1.551796694872407e-010</tilt>
            <heading>0.02666000877862256</heading>
          </LookAt>
          <styleUrl>#khStyle781</styleUrl>
          <Style>
            <IconStyle>
              <Icon>
                <href>root://icons/palette-4.png</href>
                <y>128</y>
                <w>32</w>
                <h>32</h>
              </Icon>
            </IconStyle>
          </Style>
          <Point>
            <coordinates>100.6488478904438,13.7498985413952,0</coordinates>
          </Point>
        </Placemark>
        <Placemark>
          <name>ถ.เกษมราษฎร์</name>
          <LookAt>
            <longitude>100.5672866295393</longitude>
            <latitude>13.71385033705099</latitude>
            <range>1238.559490386997</range>
            <tilt>12.099897407672</tilt>
            <heading>0.006311405410228924</heading>
          </LookAt>
          <styleUrl>#khStyle756</styleUrl>
          <Style>
            <IconStyle>
              <Icon>
                <href>root://icons/palette-4.png</href>
                <y>128</y>
                <w>32</w>
                <h>32</h>
              </Icon>
            </IconStyle>
          </Style>
          <Point>
            <coordinates>100.5658874297358,13.71507022094932,0</coordinates>
          </Point>
        </Placemark>
        <Placemark>
          <name>ถ.กัลยาณไมตรี</name>
          <LookAt>
            <longitude>100.4999674884444</longitude>
            <latitude>13.75130392178236</latitude>
            <range>400.3554670049828</range>
            <tilt>12.09988922894222</tilt>
            <heading>-0.009687296021733433</heading>
          </LookAt>
          <styleUrl>#khStyle886</styleUrl>
          <Point>
            <coordinates>100.4996464775671,13.75143812981848,0</coordinates>
          </Point>
        </Placemark>
        <Placemark>
          <name>ถ.ไกรสีห์</name>
          <LookAt>
            <longitude>100.4994785389309</longitude>
            <latitude>13.76072254102629</latitude>
            <range>421.3653569991149</range>
            <tilt>-3.270891965411736e-010</tilt>
            <heading>-0.01226506403391495</heading>
          </LookAt>
          <styleUrl>#khStyle905</styleUrl>
          <Point>
            <coordinates>100.4986839818841,13.7608016021424,0</coordinates>
          </Point>
        </Placemark>
        <Placemark>
          <name>ถ.ข้าวสาร</name>
          <LookAt>
            <longitude>100.4984238609151</longitude>
            <latitude>13.75902002443491</latitude>
            <range>353.707705294602</range>
            <tilt>12.09989383187848</tilt>
            <heading>-0.01005390067836106</heading>
          </LookAt>
          <styleUrl>#khStyle905</styleUrl>
          <Point>
            <coordinates>100.4980030232944,13.75854947950207,0</coordinates>
          </Point>
        </Placemark>
        <Placemark>
          <name>ถ.ข้าวหลาม</name>
          <LookAt>
            <longitude>100.5119561669975</longitude>
            <latitude>13.73737582354029</latitude>
            <range>716.4587536564562</range>
            <tilt>-1.69779382754106e-011</tilt>
            <heading>-0.02052283418896525</heading>
          </LookAt>
          <styleUrl>#khStyle1935</styleUrl>
          <Style>
            <IconStyle>
              <scale>1</scale>
              <Icon>
                <href>root://icons/palette-4.png</href>
                <y>128</y>
                <w>32</w>
                <h>32</h>
              </Icon>
            </IconStyle>
          </Style>
          <Point>
            <coordinates>100.5144941898761,13.73618686314805,0</coordinates>
          </Point>
        </Placemark>
        <Placemark>
          <name>คลองผดุงกรุงเกษม</name>
          <LookAt>
            <longitude>100.5176219018569</longitude>
            <latitude>13.75434703322271</latitude>
            <range>508.6869370752896</range>
            <tilt>12.09989659887795</tilt>
            <heading>-0.005503526229756411</heading>
          </LookAt>
          <styleUrl>#khStyle862</styleUrl>
          <Style>
            <IconStyle>
              <Icon>
                <href>root://icons/palette-4.png</href>
                <y>128</y>
                <w>32</w>
                <h>32</h>
              </Icon>
            </IconStyle>
          </Style>
          <Point>
            <coordinates>100.5173191004226,13.75528460280649,0</coordinates>
          </Point>
        </Placemark>
        <Placemark>
          <name>คลองแสนแสบ</name>
          <LookAt>
            <longitude>100.5315629523726</longitude>
            <latitude>13.75108180186791</latitude>
            <range>1711.00340493946</range>
            <tilt>12.09988500382795</tilt>
            <heading>-0.00217099546659615</heading>
          </LookAt>
          <styleUrl>#khStyle787</styleUrl>
          <Style>
            <IconStyle>
              <Icon>
                <href>root://icons/palette-4.png</href>
                <y>128</y>
                <w>32</w>
                <h>32</h>
              </Icon>
            </IconStyle>
          </Style>
          <Point>
            <coordinates>100.5368654405147,13.7494985991423,0</coordinates>
          </Point>
        </Placemark>
        <Placemark>
          <name>ถ.จักพรรดิพงษ์</name>
          <LookAt>
            <longitude>100.5105259751625</longitude>
            <latitude>13.7565377111156</latitude>
            <range>354.9479948323261</range>
            <tilt>11.43232439548432</tilt>
            <heading>-0.00699169304783781</heading>
          </LookAt>
          <styleUrl>#khStyle983</styleUrl>
          <Style>
            <IconStyle>
              <Icon>
                <href>root://icons/palette-4.png</href>
                <y>128</y>
                <w>32</w>
                <h>32</h>
              </Icon>
            </IconStyle>
          </Style>
          <Point>
            <coordinates>100.5100324108395,13.75688851235651,0</coordinates>
          </Point>
        </Placemark>
        <Placemark>
          <name>ถ.เจริญกรุง</name>
          <LookAt>
            <longitude>100.5036865624554</longitude>
            <latitude>13.74607497865416</latitude>
            <range>2419.970070181503</range>
            <tilt>12.09988477686474</tilt>
            <heading>-0.008803672753930604</heading>
          </LookAt>
          <styleUrl>#khStyle886</styleUrl>
          <Point>
            <coordinates>100.4987705252823,13.74703118193925,0</coordinates>
          </Point>
        </Placemark>
        <Placemark>
          <name>ถ.เจริญกรุง</name>
          <LookAt id="khLookAt584">
            <longitude>100.517658507826</longitude>
            <latitude>13.71809684281767</latitude>
            <range>825.6953949565574</range>
            <tilt>12.09989130217009</tilt>
            <heading>-0.005486021973795542</heading>
          </LookAt>
          <styleUrl>#khStyle886</styleUrl>
          <Point id="khPoint585">
            <coordinates>100.5150897545322,13.71768107678895,0</coordinates>
          </Point>
        </Placemark>
        <Placemark>
          <name>ถ.เจริญกรุง</name>
          <LookAt>
            <longitude>100.5187086250097</longitude>
            <latitude>13.72901632404947</latitude>
            <range>838.5372999168155</range>
            <tilt>12.09989304583264</tilt>
            <heading>-0.005236637946845315</heading>
          </LookAt>
          <styleUrl>#khStyle886</styleUrl>
          <Point>
            <coordinates>100.5161073884623,13.72931594019713,0</coordinates>
          </Point>
        </Placemark>
        <Placemark>
          <name>ถ.เจริญกรุง</name>
          <LookAt>
            <longitude>100.5164742092865</longitude>
            <latitude>13.73466831455775</latitude>
            <range>858.0204295970925</range>
            <tilt>12.09989738473044</tilt>
            <heading>-0.005767086132611714</heading>
          </LookAt>
          <styleUrl>#khStyle886</styleUrl>
          <Point>
            <coordinates>100.5139971633814,13.73589730948819,0</coordinates>
          </Point>
        </Placemark>
        <Placemark>
          <name>ถ.เจริญกรุง</name>
          <LookAt>
            <longitude>100.5137138340314</longitude>
            <latitude>13.73802810856466</latitude>
            <range>1184.644721157478</range>
            <tilt>12.09989251723886</tilt>
            <heading>-0.006422456355870339</heading>
          </LookAt>
          <styleUrl>#khStyle886</styleUrl>
          <Point>
            <coordinates>100.510918963925,13.74159367257572,0</coordinates>
          </Point>
        </Placemark>
        <Placemark>
          <name>ถ.เจริญกรุง</name>
          <LookAt>
            <longitude>100.517480366912</longitude>
            <latitude>13.70873744556069</latitude>
            <range>6865.950473935044</range>
            <tilt>4.621250133359499e-011</tilt>
            <heading>-0.004719528385399536</heading>
          </LookAt>
          <styleUrl>#khStyle886</styleUrl>
          <Point>
            <coordinates>100.5016864136209,13.70075040136575,0</coordinates>
          </Point>
        </Placemark>
        <Placemark>
          <name>ถ.จักวรรดิ์</name>
          <LookAt>
            <longitude>100.5035831856261</longitude>
            <latitude>13.74210271231895</latitude>
            <range>589.419230301521</range>
            <tilt>12.09988857462395</tilt>
            <heading>-0.008828358740828109</heading>
          </LookAt>
          <styleUrl>#khStyle886</styleUrl>
          <Point>
            <coordinates>100.5035831451986,13.74235773177297,0</coordinates>
          </Point>
        </Placemark>
        <Placemark>
          <name>ถ.จักรพงษ์</name>
          <LookAt>
            <longitude>100.4981260777537</longitude>
            <latitude>13.76068232823734</latitude>
            <range>325.9142073161817</range>
            <tilt>12.09987766130844</tilt>
            <heading>-0.0101247306414511</heading>
          </LookAt>
          <styleUrl>#khStyle905</styleUrl>
          <Point>
            <coordinates>100.4976464797135,13.76108335719407,0</coordinates>
          </Point>
        </Placemark>
        <Placemark>
          <name>ถ.จักรเพชร</name>
          <LookAt>
            <longitude>100.5019436677623</longitude>
            <latitude>13.74264594912254</latitude>
            <range>291.9896275073868</range>
            <tilt>12.09989358083224</tilt>
            <heading>-0.009217807134509927</heading>
          </LookAt>
          <styleUrl>#khStyle886</styleUrl>
          <Point>
            <coordinates>100.501367768593,13.74237354706514,0</coordinates>
          </Point>
        </Placemark>
        <Placemark>
          <name>ถ.จันทน์</name>
          <LookAt id="khLookAt581">
            <longitude>100.5374303338347</longitude>
            <latitude>13.70669171105818</latitude>
            <range>465.9745907381776</range>
            <tilt>4.987966643804723e-011</tilt>
            <heading>6.158644014862965e-006</heading>
          </LookAt>
          <styleUrl>#khStyle567</styleUrl>
          <Style>
            <IconStyle>
              <Icon>
                <href>root://icons/palette-4.png</href>
                <y>128</y>
                <w>32</w>
                <h>32</h>
              </Icon>
            </IconStyle>
          </Style>
          <Point id="khPoint582">
            <coordinates>100.5371246863408,13.70650897662565,0</coordinates>
          </Point>
        </Placemark>
        <Placemark>
          <name>ถ.จันทน์</name>
          <LookAt>
            <longitude>100.5264616958533</longitude>
            <latitude>13.70572613606463</latitude>
            <range>1596.890797777978</range>
            <tilt>5.254078301135321e-011</tilt>
            <heading>-0.002592108498104254</heading>
          </LookAt>
          <styleUrl>#khStyle567</styleUrl>
          <Style>
            <IconStyle>
              <Icon>
                <href>root://icons/palette-4.png</href>
                <y>128</y>
                <w>32</w>
                <h>32</h>
              </Icon>
            </IconStyle>
          </Style>
          <Point>
            <coordinates>100.5238478319634,13.70675518245067,0</coordinates>
          </Point>
        </Placemark>
        <Placemark>
          <name>ถ.จันทน์</name>
          <LookAt>
            <longitude>100.517480366912</longitude>
            <latitude>13.70873744556085</latitude>
            <range>1554.573923328472</range>
            <tilt>3.504995465622484e-011</tilt>
            <heading>-0.004719528385399586</heading>
          </LookAt>
          <styleUrl>#khStyle567</styleUrl>
          <Style>
            <IconStyle>
              <Icon>
                <href>root://icons/palette-4.png</href>
                <y>128</y>
                <w>32</w>
                <h>32</h>
              </Icon>
            </IconStyle>
          </Style>
          <Point>
            <coordinates>100.5139706784899,13.70908573164099,0</coordinates>
          </Point>
        </Placemark>
        <Placemark>
          <name>ถ.โชคชัย 4</name>
          <LookAt>
            <longitude>100.5954914954655</longitude>
            <latitude>13.80151580104174</latitude>
            <range>3501.908681767377</range>
            <tilt>-3.369031646221869e-010</tilt>
            <heading>0.01173101050939599</heading>
          </LookAt>
          <styleUrl>#khStyle2014</styleUrl>
          <Style>
            <IconStyle>
              <scale>1</scale>
              <Icon>
                <href>root://icons/palette-4.png</href>
                <y>128</y>
                <w>32</w>
                <h>32</h>
              </Icon>
            </IconStyle>
          </Style>
          <Point>
            <coordinates>100.5953131529574,13.79711009108527,0</coordinates>
          </Point>
        </Placemark>
        <Placemark>
          <name>ถ.เชื่อมพหล-วิภา</name>
          <LookAt>
            <longitude>100.5484656880344</longitude>
            <latitude>13.77229186514681</latitude>
            <range>1718.028513779188</range>
            <tilt>12.09990089393336</tilt>
            <heading>0.001848593557173916</heading>
          </LookAt>
          <styleUrl>#khStyle794</styleUrl>
          <Style>
            <IconStyle>
              <Icon>
                <href>root://icons/palette-4.png</href>
                <y>128</y>
                <w>32</w>
                <h>32</h>
              </Icon>
            </IconStyle>
          </Style>
          <Point>
            <coordinates>100.5477809875191,13.77256624714357,0</coordinates>
          </Point>
        </Placemark>
        <Placemark>
          <name>เชื่อมราม 24 - พัฒนาการ</name>
          <LookAt>
            <longitude>100.6182173212183</longitude>
            <latitude>13.73980547442198</latitude>
            <range>1152.759008272055</range>
            <tilt>1.876549908297027e-010</tilt>
            <heading>0.0192873959689022</heading>
          </LookAt>
          <styleUrl>#khStyle791</styleUrl>
          <Style>
            <IconStyle>
              <Icon>
                <href>root://icons/palette-4.png</href>
                <y>128</y>
                <w>32</w>
                <h>32</h>
              </Icon>
            </IconStyle>
          </Style>
          <Point>
            <coordinates>100.6160934152377,13.74004889003696,0</coordinates>
          </Point>
        </Placemark>
        <Placemark>
          <name>เชื่อมราม 24 - ศรีนครินทร์</name>
          <LookAt>
            <longitude>100.636927010844</longitude>
            <latitude>13.75119684506713</latitude>
            <range>1925.45198492605</range>
            <tilt>1.462804879422574e-010</tilt>
            <heading>0.0236860831988258</heading>
          </LookAt>
          <styleUrl>#khStyle781</styleUrl>
          <Style>
            <IconStyle>
              <Icon>
                <href>root://icons/palette-4.png</href>
                <y>128</y>
                <w>32</w>
                <h>32</h>
              </Icon>
            </IconStyle>
          </Style>
          <Point>
            <coordinates>100.6367467868202,13.75197938647592,0</coordinates>
          </Point>
        </Placemark>
        <Placemark>
          <name>ซอยงามดูพลี</name>
          <LookAt>
            <longitude>100.5480778491869</longitude>
            <latitude>13.72283084670049</latitude>
            <range>1704.31539552556</range>
            <tilt>12.09986520478529</tilt>
            <heading>0.007029442601237453</heading>
          </LookAt>
          <styleUrl>#khStyle756</styleUrl>
          <Style>
            <IconStyle>
              <Icon>
                <href>root://icons/palette-4.png</href>
                <y>128</y>
                <w>32</w>
                <h>32</h>
              </Icon>
            </IconStyle>
          </Style>
          <Point>
            <coordinates>100.5476917426178,13.72255442988698,0</coordinates>
          </Point>
        </Placemark>
        <Placemark>
          <name>ซอยเซ็นหลุย 3</name>
          <LookAt>
            <longitude>100.5276619395065</longitude>
            <latitude>13.7188368564783</latitude>
            <range>1066.514713224341</range>
            <tilt>12.09989119348731</tilt>
            <heading>-0.003113598416735647</heading>
          </LookAt>
          <styleUrl>#khStyle879</styleUrl>
          <Style>
            <IconStyle>
              <Icon>
                <href>root://icons/palette-4.png</href>
                <y>128</y>
                <w>32</w>
                <h>32</h>
              </Icon>
            </IconStyle>
          </Style>
          <Point>
            <coordinates>100.526915135828,13.71900001450598,0</coordinates>
          </Point>
        </Placemark>
        <Placemark>
          <name>ซอยล้างรถ</name>
          <LookAt>
            <longitude>100.5335273759678</longitude>
            <latitude>13.76577368054755</latitude>
            <range>535.4781981190253</range>
            <tilt>12.09988657153654</tilt>
            <heading>-0.001701725132388634</heading>
          </LookAt>
          <styleUrl>#khStyle780</styleUrl>
          <Style>
            <IconStyle>
              <Icon>
                <href>root://icons/palette-4.png</href>
                <y>128</y>
                <w>32</w>
                <h>32</h>
              </Icon>
            </IconStyle>
          </Style>
          <Point>
            <coordinates>100.5327517757379,13.76555264268812,0</coordinates>
          </Point>
        </Placemark>
        <Placemark>
          <name>ซอยสวนสินติภาพ</name>
          <LookAt>
            <longitude>100.5410243845551</longitude>
            <latitude>13.76265654442523</latitude>
            <range>723.5363496479075</range>
            <tilt>12.09989593737606</tilt>
            <heading>8.16585629892513e-005</heading>
          </LookAt>
          <styleUrl>#khStyle780</styleUrl>
          <Style>
            <IconStyle>
              <Icon>
                <href>root://icons/palette-4.png</href>
                <y>128</y>
                <w>32</w>
                <h>32</h>
              </Icon>
            </IconStyle>
          </Style>
          <Point>
            <coordinates>100.5401372015832,13.7618180873541,0</coordinates>
          </Point>
        </Placemark>
        <Placemark>
          <name>ถ.ดินสอ</name>
          <LookAt>
            <longitude>100.5020370027735</longitude>
            <latitude>13.75275252302689</latitude>
            <range>596.362033409674</range>
            <tilt>12.09989253465251</tilt>
            <heading>-0.009194563912623762</heading>
          </LookAt>
          <styleUrl>#khStyle905</styleUrl>
          <Point>
            <coordinates>100.501606835228,13.75364753507182,0</coordinates>
          </Point>
        </Placemark>
        <Placemark>
          <name>ถ.ดินแดง</name>
          <LookAt>
            <longitude>100.5523639730552</longitude>
            <latitude>13.76147219664388</latitude>
            <range>1464.175919222158</range>
            <tilt>12.0998950130433</tilt>
            <heading>0.002775216042222552</heading>
          </LookAt>
          <styleUrl>#khStyle794</styleUrl>
          <Style>
            <IconStyle>
              <Icon>
                <href>root://icons/palette-4.png</href>
                <y>128</y>
                <w>32</w>
                <h>32</h>
              </Icon>
            </IconStyle>
          </Style>
          <Point>
            <coordinates>100.5502721546642,13.76245262717258,0</coordinates>
          </Point>
        </Placemark>
        <Placemark>
          <name>ถ.เดโช</name>
          <LookAt>
            <longitude>100.5293907294718</longitude>
            <latitude>13.72762524399934</latitude>
            <range>633.4522856257918</range>
            <tilt>-2.677645181129729e-011</tilt>
            <heading>-0.001899801338120049</heading>
          </LookAt>
          <styleUrl>#khStyle567</styleUrl>
          <Style>
            <IconStyle>
              <Icon>
                <href>root://icons/palette-4.png</href>
                <y>128</y>
                <w>32</w>
                <h>32</h>
              </Icon>
            </IconStyle>
          </Style>
          <Point>
            <coordinates>100.5276438103164,13.7276699580886,0</coordinates>
          </Point>
        </Placemark>
        <Placemark>
          <name>ถ.ดำรงรักษ์</name>
          <LookAt>
            <longitude>100.5153088823457</longitude>
            <latitude>13.75478582988894</latitude>
            <range>462.9962318137701</range>
            <tilt>12.09989248537882</tilt>
            <heading>-0.006053446684999702</heading>
          </LookAt>
          <styleUrl>#khStyle862</styleUrl>
          <Style>
            <IconStyle>
              <Icon>
                <href>root://icons/palette-4.png</href>
                <y>128</y>
                <w>32</w>
                <h>32</h>
              </Icon>
            </IconStyle>
          </Style>
          <Point>
            <coordinates>100.5161082291458,13.75498028494254,0</coordinates>
          </Point>
        </Placemark>
        <Placemark>
          <name>ถ.ตรีเพชร</name>
          <LookAt>
            <longitude>100.5019436677623</longitude>
            <latitude>13.74264594911458</latitude>
            <range>1234.595386701513</range>
            <tilt>12.09989358084056</tilt>
            <heading>-0.009217807134502353</heading>
          </LookAt>
          <styleUrl>#khStyle886</styleUrl>
          <Point>
            <coordinates>100.499396752613,13.74328739528067,0</coordinates>
          </Point>
        </Placemark>
        <Placemark>
          <name>ถ.ตะนาว</name>
          <LookAt>
            <longitude>100.5002659318697</longitude>
            <latitude>13.7529845277073</latitude>
            <range>691.4641706816296</range>
            <tilt>12.09989523430987</tilt>
            <heading>-0.009615603701469773</heading>
          </LookAt>
          <styleUrl>#khStyle905</styleUrl>
          <Point>
            <coordinates>100.4989883426899,13.75464288509485,0</coordinates>
          </Point>
        </Placemark>
        <Placemark>
          <name>ถ.ตานี</name>
          <LookAt>
            <longitude>100.4984616057068</longitude>
            <latitude>13.76026094713882</latitude>
            <range>429.1969851415007</range>
            <tilt>12.09988022639817</tilt>
            <heading>-0.01004492837128351</heading>
          </LookAt>
          <styleUrl>#khStyle905</styleUrl>
          <Point>
            <coordinates>100.4982333735746,13.76034852604407,0</coordinates>
          </Point>
        </Placemark>
        <Placemark>
          <name>ถ.ตีทอง</name>
          <LookAt>
            <longitude>100.5004516548181</longitude>
            <latitude>13.7474468569944</latitude>
            <range>1207.504462977838</range>
            <tilt>12.09989534182384</tilt>
            <heading>-0.009572260494573021</heading>
          </LookAt>
          <styleUrl>#khStyle886</styleUrl>
          <Point>
            <coordinates>100.5002820524959,13.74778264376088,0</coordinates>
          </Point>
        </Placemark>
        <Placemark>
          <name>ถ.ไตรมิตร</name>
          <LookAt>
            <longitude>100.5119561669975</longitude>
            <latitude>13.73737582354029</latitude>
            <range>716.4587536564562</range>
            <tilt>-1.69779382754106e-011</tilt>
            <heading>-0.02052283418896525</heading>
          </LookAt>
          <styleUrl>#khStyle1959</styleUrl>
          <Point>
            <coordinates>100.5141876695293,13.73732126721116,0</coordinates>
          </Point>
        </Placemark>
        <Placemark>
          <name>ถ.ทหาร</name>
          <LookAt>
            <longitude>100.5352051684783</longitude>
            <latitude>13.79343642438083</latitude>
            <range>1210.39032783797</range>
            <tilt>12.09989832540364</tilt>
            <heading>-0.001313955011855713</heading>
          </LookAt>
          <styleUrl>#khStyle848</styleUrl>
          <Style>
            <IconStyle>
              <Icon>
                <href>root://icons/palette-4.png</href>
                <y>128</y>
                <w>32</w>
                <h>32</h>
              </Icon>
            </IconStyle>
          </Style>
          <Point>
            <coordinates>100.5325894310169,13.79281992760269,0</coordinates>
          </Point>
        </Placemark>
        <Placemark>
          <name>ถ.ทรงวาด</name>
          <LookAt>
            <longitude>100.5093603943923</longitude>
            <latitude>13.73697697738471</latitude>
            <range>564.9548885769837</range>
            <tilt>12.09989490431031</tilt>
            <heading>-0.007456275475693793</heading>
          </LookAt>
          <styleUrl>#khStyle886</styleUrl>
          <Point>
            <coordinates>100.5092491014339,13.73719681563001,0</coordinates>
          </Point>
        </Placemark>
        <Placemark>
          <name>ถ.ทรัพย์</name>
          <LookAt>
            <longitude>100.5275291569962</longitude>
            <latitude>13.73111485719471</latitude>
            <range>434.2917211120438</range>
            <tilt>-2.076403238702547e-011</tilt>
            <heading>-0.002341345645943392</heading>
          </LookAt>
          <styleUrl>#khStyle567</styleUrl>
          <Style>
            <IconStyle>
              <Icon>
                <href>root://icons/palette-4.png</href>
                <y>128</y>
                <w>32</w>
                <h>32</h>
              </Icon>
            </IconStyle>
          </Style>
          <Point>
            <coordinates>100.5273946211755,13.73137621174241,0</coordinates>
          </Point>
        </Placemark>
        <Placemark>
          <name>ถ.ท้ายวัง</name>
          <LookAt>
            <longitude>100.4926555901685</longitude>
            <latitude>13.74743615560251</latitude>
            <range>646.4061375871404</range>
            <tilt>12.09989671379732</tilt>
            <heading>-0.01142435773301262</heading>
          </LookAt>
          <styleUrl>#khStyle905</styleUrl>
          <Point>
            <coordinates>100.4921727665662,13.74676139694284,0</coordinates>
          </Point>
        </Placemark>
        <Placemark>
          <name>ถ.เทียมร่วมมิตร</name>
          <LookAt>
            <longitude>100.5747840728994</longitude>
            <latitude>13.76728499044553</latitude>
            <range>578.7270803408162</range>
            <tilt>12.09990216079724</tilt>
            <heading>0.0081151269080373</heading>
          </LookAt>
          <styleUrl>#khStyle827</styleUrl>
          <Point>
            <coordinates>100.5748309527427,13.76773449698016,0</coordinates>
          </Point>
        </Placemark>
        <Placemark>
          <name>ถ.ธนิยะ</name>
          <LookAt>
            <longitude>100.5330918358749</longitude>
            <latitude>13.72873517848376</latitude>
            <range>642.3837216691471</range>
            <tilt>12.09987421517648</tilt>
            <heading>-0.00179552174819804</heading>
          </LookAt>
          <styleUrl>#khStyle808</styleUrl>
          <Style>
            <IconStyle>
              <Icon>
                <href>root://icons/palette-4.png</href>
                <y>128</y>
                <w>32</w>
                <h>32</h>
              </Icon>
            </IconStyle>
          </Style>
          <Point>
            <coordinates>100.5338923314823,13.72933806388835,0</coordinates>
          </Point>
        </Placemark>
        <Placemark>
          <name>ถ.นครสวรรค์</name>
          <LookAt>
            <longitude>100.511628301754</longitude>
            <latitude>13.75767281199819</latitude>
            <range>1055.219840838208</range>
            <tilt>12.09989565235546</tilt>
            <heading>-0.006927752580314063</heading>
          </LookAt>
          <styleUrl>#khStyle855</styleUrl>
          <Style>
            <IconStyle>
              <Icon>
                <href>root://icons/palette-4.png</href>
                <y>128</y>
                <w>32</w>
                <h>32</h>
              </Icon>
            </IconStyle>
          </Style>
          <Point>
            <coordinates>100.5104586570636,13.7584430132514,0</coordinates>
          </Point>
        </Placemark>
        <Placemark>
          <name>ถ.นราธิวาสราชนครินทร์</name>
          <LookAt>
            <longitude>100.5441273075284</longitude>
            <latitude>13.70852170320165</latitude>
            <range>7357.697669607236</range>
            <tilt>12.09989863751081</tilt>
            <heading>0.0008207960832778569</heading>
          </LookAt>
          <styleUrl>#khStyle756</styleUrl>
          <Style>
            <IconStyle>
              <Icon>
                <href>root://icons/palette-4.png</href>
                <y>128</y>
                <w>32</w>
                <h>32</h>
              </Icon>
            </IconStyle>
          </Style>
          <Point>
            <coordinates>100.5321286711498,13.7187550643565,0</coordinates>
          </Point>
        </Placemark>
        <Placemark>
          <name>ถ.นเรศ</name>
          <LookAt>
            <longitude>100.5245089999627</longitude>
            <latitude>13.73051319894385</latitude>
            <range>449.0628399176297</range>
            <tilt>-1.636980355283274e-011</tilt>
            <heading>-0.003058148750854141</heading>
          </LookAt>
          <styleUrl>#khStyle567</styleUrl>
          <Style>
            <IconStyle>
              <Icon>
                <href>root://icons/palette-4.png</href>
                <y>128</y>
                <w>32</w>
                <h>32</h>
              </Icon>
            </IconStyle>
          </Style>
          <Point>
            <coordinates>100.5236865218405,13.73056328622478,0</coordinates>
          </Point>
        </Placemark>
        <Placemark>
          <name>ถ.นางลิ้นจี่</name>
          <LookAt>
            <longitude>100.5402685503508</longitude>
            <latitude>13.714768528211</latitude>
            <range>802.5935374175278</range>
            <tilt>12.09989740871793</tilt>
            <heading>-9.113507277002742e-005</heading>
          </LookAt>
          <styleUrl>#khStyle808</styleUrl>
          <Style>
            <IconStyle>
              <Icon>
                <href>root://icons/palette-4.png</href>
                <y>128</y>
                <w>32</w>
                <h>32</h>
              </Icon>
            </IconStyle>
          </Style>
          <Point>
            <coordinates>100.5397612110286,13.71499015666147,0</coordinates>
          </Point>
        </Placemark>
        <Placemark>
          <name>ถ.นานา</name>
          <LookAt>
            <longitude>100.5559351518339</longitude>
            <latitude>13.74702166214543</latitude>
            <range>1402.321955329347</range>
            <tilt>12.09982927565837</tilt>
            <heading>0.004231650389032407</heading>
          </LookAt>
          <styleUrl>#khStyle721</styleUrl>
          <Style>
            <IconStyle>
              <Icon>
                <href>root://icons/palette-4.png</href>
                <y>128</y>
                <w>32</w>
                <h>32</h>
              </Icon>
            </IconStyle>
          </Style>
          <Point>
            <coordinates>100.5538272982242,13.74451926772927,0</coordinates>
          </Point>
        </Placemark>
        <Placemark>
          <name>ถ.หน้าพระลาน</name>
          <LookAt>
            <longitude>100.4954574751099</longitude>
            <latitude>13.74976903125579</latitude>
            <range>1397.309049076087</range>
            <tilt>12.09989351452901</tilt>
            <heading>-0.01075850457643707</heading>
          </LookAt>
          <styleUrl>#khStyle905</styleUrl>
          <Point>
            <coordinates>100.4910490949663,13.75217350874217,0</coordinates>
          </Point>
        </Placemark>
        <Placemark>
          <name>ถ.เหนือ-ใต้</name>
          <LookAt>
            <longitude>100.510984392558</longitude>
            <latitude>13.69017101659972</latitude>
            <range>608.0981661028209</range>
            <tilt>8.88577007653033e-011</tilt>
            <heading>-0.00625751393299336</heading>
          </LookAt>
          <styleUrl>#khStyle639</styleUrl>
          <Style>
            <IconStyle>
              <Icon>
                <href>root://icons/palette-4.png</href>
                <y>128</y>
                <w>32</w>
                <h>32</h>
              </Icon>
            </IconStyle>
          </Style>
          <Point>
            <coordinates>100.5103225087617,13.69037536111081,0</coordinates>
          </Point>
        </Placemark>
        <Placemark>
          <name>ถ.บรรทัดทอง</name>
          <LookAt>
            <longitude>100.5247400559464</longitude>
            <latitude>13.74715840839275</latitude>
            <range>695.7035061188757</range>
            <tilt>12.09987078853672</tilt>
            <heading>-0.003172452811375852</heading>
          </LookAt>
          <styleUrl>#khStyle756</styleUrl>
          <Style>
            <IconStyle>
              <Icon>
                <href>root://icons/palette-4.png</href>
                <y>128</y>
                <w>32</w>
                <h>32</h>
              </Icon>
            </IconStyle>
          </Style>
          <Point>
            <coordinates>100.5239223130205,13.74607274823407,0</coordinates>
          </Point>
        </Placemark>
        <Placemark>
          <name>ถ.บริพัตร</name>
          <LookAt>
            <longitude>100.5057918036672</longitude>
            <latitude>13.75117422450479</latitude>
            <range>537.5137719971943</range>
            <tilt>11.43232196185367</tilt>
            <heading>-0.008117249416827824</heading>
          </LookAt>
          <styleUrl>#khStyle983</styleUrl>
          <Style>
            <IconStyle>
              <Icon>
                <href>root://icons/palette-4.png</href>
                <y>128</y>
                <w>32</w>
                <h>32</h>
              </Icon>
            </IconStyle>
          </Style>
          <Point>
            <coordinates>100.5057232540704,13.75151423738977,0</coordinates>
          </Point>
        </Placemark>
        <Placemark>
          <name>ถ.บ้านหม้อ</name>
          <LookAt>
            <longitude>100.499675328206</longitude>
            <latitude>13.7462019315051</latitude>
            <range>1187.891634548077</range>
            <tilt>12.09989060772498</tilt>
            <heading>-0.00975669885458829</heading>
          </LookAt>
          <styleUrl>#khStyle886</styleUrl>
          <Point>
            <coordinates>100.4978817770133,13.74580985257738,0</coordinates>
          </Point>
        </Placemark>
        <Placemark>
          <name>ถ.บำรุงเมือง</name>
          <LookAt>
            <longitude>100.5112144776072</longitude>
            <latitude>13.75076869959539</latitude>
            <range>662.7299153506799</range>
            <tilt>12.09988565829098</tilt>
            <heading>-0.00701421323280408</heading>
          </LookAt>
          <styleUrl>#khStyle886</styleUrl>
          <Point>
            <coordinates>100.5102711771054,13.7513307693987,0</coordinates>
          </Point>
        </Placemark>
        <Placemark>
          <name>ถ.ประชาธิปไตย</name>
          <LookAt>
            <longitude>100.5065359265482</longitude>
            <latitude>13.7627463521238</latitude>
            <range>574.2698091145278</range>
            <tilt>11.43231669711778</tilt>
            <heading>-0.00794024945369346</heading>
          </LookAt>
          <styleUrl>#khStyle905</styleUrl>
          <Point>
            <coordinates>100.5053104801685,13.76328688942658,0</coordinates>
          </Point>
        </Placemark>
        <Placemark>
          <name>ถ.ประชาธิปไตย</name>
          <LookAt id="khLookAt997">
            <longitude>100.5028822936508</longitude>
            <latitude>13.75765086250185</latitude>
            <range>940.4117422066832</range>
            <tilt>12.09989680763545</tilt>
            <heading>-0.008993493189217185</heading>
          </LookAt>
          <styleUrl>#khStyle905</styleUrl>
          <Point id="khPoint998">
            <coordinates>100.5025778400501,13.75800493079903,0</coordinates>
          </Point>
        </Placemark>
        <Placemark>
          <name>ถ.ประชาสงเคราะห์</name>
          <LookAt>
            <longitude>100.5560047673073</longitude>
            <latitude>13.76432165765259</latitude>
            <range>1619.144494898996</range>
            <tilt>12.0998952055455</tilt>
            <heading>0.003646056876987487</heading>
          </LookAt>
          <styleUrl>#khStyle756</styleUrl>
          <Style>
            <IconStyle>
              <Icon>
                <href>root://icons/palette-4.png</href>
                <y>128</y>
                <w>32</w>
                <h>32</h>
              </Icon>
            </IconStyle>
          </Style>
          <Point>
            <coordinates>100.5554484376255,13.76233820511971,0</coordinates>
          </Point>
        </Placemark>
        <Placemark>
          <name>ถ.ประชาสงเคราะห์</name>
          <LookAt>
            <longitude>100.5605240301216</longitude>
            <latitude>13.77271061508556</latitude>
            <range>718.8224000727764</range>
            <tilt>12.09989332042854</tilt>
            <heading>0.004722272517946505</heading>
          </LookAt>
          <styleUrl>#khStyle756</styleUrl>
          <Style>
            <IconStyle>
              <Icon>
                <href>root://icons/palette-4.png</href>
                <y>128</y>
                <w>32</w>
                <h>32</h>
              </Icon>
            </IconStyle>
          </Style>
          <Point>
            <coordinates>100.5599725350086,13.77248694805903,0</coordinates>
          </Point>
        </Placemark>
        <Placemark>
          <name>ถ.ประชาอุทิศ</name>
          <LookAt>
            <longitude>100.5864306460784</longitude>
            <latitude>13.76902095912325</latitude>
            <range>1021.689531206213</range>
            <tilt>12.09990000355851</tilt>
            <heading>0.01088652323165249</heading>
          </LookAt>
          <styleUrl>#khStyle834</styleUrl>
          <Point>
            <coordinates>100.5875076845782,13.769374100267,0</coordinates>
          </Point>
        </Placemark>
        <Placemark>
          <name>ถ.ประดิพัทธ์</name>
          <LookAt>
            <longitude>100.5452165022235</longitude>
            <latitude>13.79026211781142</latitude>
            <range>2651.582484065206</range>
            <tilt>12.09989614037852</tilt>
            <heading>0.001072379009695127</heading>
          </LookAt>
          <styleUrl>#khStyle848</styleUrl>
          <Style>
            <IconStyle>
              <Icon>
                <href>root://icons/palette-4.png</href>
                <y>128</y>
                <w>32</w>
                <h>32</h>
              </Icon>
            </IconStyle>
          </Style>
          <Point>
            <coordinates>100.5459239972328,13.79018693595463,0</coordinates>
          </Point>
        </Placemark>
        <Placemark>
          <name>ถ.ประดิษฐ์มนูธรรม</name>
          <LookAt>
            <longitude>100.5961119985208</longitude>
            <latitude>13.77008470850654</latitude>
            <range>4156.114857636449</range>
            <tilt>12.09990341119986</tilt>
            <heading>0.01318954675270731</heading>
          </LookAt>
          <styleUrl>#khStyle834</styleUrl>
          <Point>
            <coordinates>100.6041034915844,13.76978471319802,0</coordinates>
          </Point>
        </Placemark>
        <Placemark>
          <name>ถ.พระจันทร์</name>
          <LookAt>
            <longitude>100.4915640771189</longitude>
            <latitude>13.75570047461084</latitude>
            <range>418.6452356048354</range>
            <tilt>-2.804879180984309e-010</tilt>
            <heading>-0.01414539978384152</heading>
          </LookAt>
          <styleUrl>#khStyle905</styleUrl>
          <Point>
            <coordinates>100.4912269818441,13.75570924286895,0</coordinates>
          </Point>
        </Placemark>
        <Placemark>
          <name>ถ.พระพิพัธ</name>
          <LookAt>
            <longitude>100.4992020559364</longitude>
            <latitude>13.74502754692167</latitude>
            <range>303.0249129578662</range>
            <tilt>12.09988770645377</tilt>
            <heading>-0.009869158866699902</heading>
          </LookAt>
          <styleUrl>#khStyle886</styleUrl>
          <Point>
            <coordinates>100.498677959249,13.74508030852508,0</coordinates>
          </Point>
        </Placemark>
        <Placemark>
          <name>ถ.พระราม 1</name>
          <LookAt>
            <longitude>100.530106636342</longitude>
            <latitude>13.74766831332835</latitude>
            <range>1746.443119890969</range>
            <tilt>12.09985904556296</tilt>
            <heading>-0.00191183445385851</heading>
          </LookAt>
          <styleUrl>#khStyle604</styleUrl>
          <Style>
            <IconStyle>
              <Icon>
                <href>root://icons/palette-4.png</href>
                <y>128</y>
                <w>32</w>
                <h>32</h>
              </Icon>
            </IconStyle>
          </Style>
          <Point>
            <coordinates>100.5275540126154,13.74666020345483,0</coordinates>
          </Point>
        </Placemark>
        <Placemark>
          <name>ถ.พระราม 3</name>
          <LookAt>
            <longitude>100.5370737212238</longitude>
            <latitude>13.67866722875668</latitude>
            <range>2738.006681705172</range>
            <tilt>2.762997422933268e-011</tilt>
            <heading>-8.169184372906771e-005</heading>
          </LookAt>
          <styleUrl>#khStyle756</styleUrl>
          <Style>
            <IconStyle>
              <Icon>
                <href>root://icons/palette-4.png</href>
                <y>128</y>
                <w>32</w>
                <h>32</h>
              </Icon>
            </IconStyle>
          </Style>
          <Point>
            <coordinates>100.5306888233978,13.67762996462291,0</coordinates>
          </Point>
        </Placemark>
        <Placemark>
          <name>ถ.พระราม 3</name>
          <LookAt>
            <longitude>100.5491065003298</longitude>
            <latitude>13.69747219272786</latitude>
            <range>1154.549575746384</range>
            <tilt>12.09990417098315</tilt>
            <heading>0.002014776521533867</heading>
          </LookAt>
          <styleUrl>#khStyle756</styleUrl>
          <Style>
            <IconStyle>
              <Icon>
                <href>root://icons/palette-4.png</href>
                <y>128</y>
                <w>32</w>
                <h>32</h>
              </Icon>
            </IconStyle>
          </Style>
          <Point>
            <coordinates>100.5469473235534,13.69638826808427,0</coordinates>
          </Point>
        </Placemark>
        <Placemark>
          <name>ถ.พระราม 3</name>
          <LookAt id="khLookAt647">
            <longitude>100.5501987485035</longitude>
            <latitude>13.67904070605793</latitude>
            <range>2363.23065604824</range>
            <tilt>12.0998995673948</tilt>
            <heading>0.002272709026515304</heading>
          </LookAt>
          <styleUrl>#khStyle756</styleUrl>
          <Style>
            <IconStyle>
              <Icon>
                <href>root://icons/palette-4.png</href>
                <y>128</y>
                <w>32</w>
                <h>32</h>
              </Icon>
            </IconStyle>
          </Style>
          <Point id="khPoint648">
            <coordinates>100.5476865315489,13.67934540127423,0</coordinates>
          </Point>
        </Placemark>
        <Placemark>
          <name>ถ.พระราม 3</name>
          <LookAt>
            <longitude>100.508133606325</longitude>
            <latitude>13.68800840519824</latitude>
            <range>1322.373469888781</range>
            <tilt>4.606302979641596e-011</tilt>
            <heading>-0.006925537291723962</heading>
          </LookAt>
          <styleUrl>#khStyle756</styleUrl>
          <Style>
            <IconStyle>
              <Icon>
                <href>root://icons/palette-4.png</href>
                <y>128</y>
                <w>32</w>
                <h>32</h>
              </Icon>
            </IconStyle>
          </Style>
          <Point>
            <coordinates>100.5053766037819,13.68984313311569,0</coordinates>
          </Point>
        </Placemark>
        <Placemark>
          <name>ถ.พระราม 4</name>
          <LookAt>
            <longitude>100.5701135440882</longitude>
            <latitude>13.71874029492995</latitude>
            <range>2101.88130052735</range>
            <tilt>-1.16635423014638e-010</tilt>
            <heading>0.007759604991511095</heading>
          </LookAt>
          <styleUrl>#khStyle672</styleUrl>
          <Style>
            <IconStyle>
              <Icon>
                <href>root://icons/palette-4.png</href>
                <y>128</y>
                <w>32</w>
                <h>32</h>
              </Icon>
            </IconStyle>
          </Style>
          <Point>
            <coordinates>100.5684898276567,13.71829825947408,0</coordinates>
          </Point>
        </Placemark>
        <Placemark>
          <name>ถ.พระราม4</name>
          <LookAt>
            <longitude>100.5293226858677</longitude>
            <latitude>13.73491019157958</latitude>
            <range>2089.781325816075</range>
            <tilt>12.09985616090606</tilt>
            <heading>-0.002086709373597836</heading>
          </LookAt>
          <styleUrl>#khStyle669</styleUrl>
          <Point>
            <coordinates>100.5240537382795,13.73480124667355,0</coordinates>
          </Point>
        </Placemark>
        <Placemark>
          <name>ถ.พระราม 4</name>
          <LookAt>
            <longitude>100.589637495207</longitude>
            <latitude>13.71323648143023</latitude>
            <range>474.7830554661192</range>
            <tilt>-5.054871786314932e-011</tilt>
            <heading>0.01238750093040998</heading>
          </LookAt>
          <styleUrl>#khStyle662</styleUrl>
          <Style>
            <IconStyle>
              <scale>0.5</scale>
              <Icon>
                <href>root://icons/palette-4.png</href>
                <y>128</y>
                <w>32</w>
                <h>32</h>
              </Icon>
            </IconStyle>
          </Style>
          <Point>
            <coordinates>100.5909841299734,13.71309637859508,0</coordinates>
          </Point>
        </Placemark>
        <Placemark>
          <name>ถ.พระราม 4</name>
          <LookAt>
            <longitude>100.5452802307608</longitude>
            <latitude>13.72670466532956</latitude>
            <range>5158.613313372979</range>
            <tilt>-1.230831123968602e-010</tilt>
            <heading>0.00187412139158344</heading>
          </LookAt>
          <styleUrl>#khStyle672</styleUrl>
          <Style>
            <IconStyle>
              <Icon>
                <href>root://icons/palette-4.png</href>
                <y>128</y>
                <w>32</w>
                <h>32</h>
              </Icon>
            </IconStyle>
          </Style>
          <Point>
            <coordinates>100.5492612895586,13.72439125481221,0</coordinates>
          </Point>
        </Placemark>
        <Placemark>
          <name>ถ.พระราม 4</name>
          <LookAt>
            <longitude>100.5809169268111</longitude>
            <latitude>13.71334291087955</latitude>
            <range>240.6067900443909</range>
            <tilt>-1.039614570973302e-010</tilt>
            <heading>0.01032051776777465</heading>
          </LookAt>
          <styleUrl>#khStyle672</styleUrl>
          <Style>
            <IconStyle>
              <Icon>
                <href>root://icons/palette-4.png</href>
                <y>128</y>
                <w>32</w>
                <h>32</h>
              </Icon>
            </IconStyle>
          </Style>
          <Point>
            <coordinates>100.5808735092934,13.71304634792103,0</coordinates>
          </Point>
        </Placemark>
        <Placemark>
          <name>ถ.พระราม 5</name>
          <LookAt>
            <longitude>100.5224125689372</longitude>
            <latitude>13.77119177759876</latitude>
            <range>2391.782988060362</range>
            <tilt>12.09987132507628</tilt>
            <heading>-0.003724112953048343</heading>
          </LookAt>
          <styleUrl>#khStyle604</styleUrl>
          <Style>
            <IconStyle>
              <Icon>
                <href>root://icons/palette-4.png</href>
                <y>128</y>
                <w>32</w>
                <h>32</h>
              </Icon>
            </IconStyle>
          </Style>
          <Point>
            <coordinates>100.5179374562055,13.7705441675812,0</coordinates>
          </Point>
        </Placemark>
        <Placemark>
          <name>ถ.พระราม 6</name>
          <LookAt>
            <longitude>100.5305327680857</longitude>
            <latitude>13.76352515478758</latitude>
            <range>1805.695570328511</range>
            <tilt>12.09986830730226</tilt>
            <heading>-0.001814997742370093</heading>
          </LookAt>
          <styleUrl>#khStyle604</styleUrl>
          <Style>
            <IconStyle>
              <Icon>
                <href>root://icons/palette-4.png</href>
                <y>128</y>
                <w>32</w>
                <h>32</h>
              </Icon>
            </IconStyle>
          </Style>
          <Point>
            <coordinates>100.5276157433085,13.7656254386009,0</coordinates>
          </Point>
        </Placemark>
        <Placemark>
          <name>ถ.พระราม 9</name>
          <LookAt>
            <longitude>100.6338205035317</longitude>
            <latitude>13.74361849212537</latitude>
            <range>6987.111703955851</range>
            <tilt>1.416734846044267e-010</tilt>
            <heading>0.02293245074624493</heading>
          </LookAt>
          <styleUrl>#khStyle781</styleUrl>
          <Style>
            <IconStyle>
              <Icon>
                <href>root://icons/palette-4.png</href>
                <y>128</y>
                <w>32</w>
                <h>32</h>
              </Icon>
            </IconStyle>
          </Style>
          <Point>
            <coordinates>100.6361894707316,13.74254022421967,0</coordinates>
          </Point>
        </Placemark>
        <Placemark>
          <name>ถ.พระราม 9</name>
          <LookAt>
            <longitude>100.59427439475</longitude>
            <latitude>13.74909464981022</latitude>
            <range>3678.904124055368</range>
            <tilt>1.360374813418434e-010</tilt>
            <heading>0.0135456186355921</heading>
          </LookAt>
          <styleUrl>#khStyle781</styleUrl>
          <Style>
            <IconStyle>
              <Icon>
                <href>root://icons/palette-4.png</href>
                <y>128</y>
                <w>32</w>
                <h>32</h>
              </Icon>
            </IconStyle>
          </Style>
          <Point>
            <coordinates>100.6007736487506,13.74899000078155,0</coordinates>
          </Point>
        </Placemark>
        <Placemark>
          <name>ถ.พระราม 9</name>
          <LookAt>
            <longitude>100.566958963549</longitude>
            <latitude>13.75633959040271</latitude>
            <range>778.7314766299807</range>
            <tilt>12.09990682708412</tilt>
            <heading>0.006241025391117604</heading>
          </LookAt>
          <styleUrl>#khStyle801</styleUrl>
          <Style>
            <IconStyle>
              <Icon>
                <href>root://icons/palette-4.png</href>
                <y>128</y>
                <w>32</w>
                <h>32</h>
              </Icon>
            </IconStyle>
          </Style>
          <Point>
            <coordinates>100.5671410422452,13.75576871824395,0</coordinates>
          </Point>
        </Placemark>
        <Placemark>
          <name>ถ.พระสุเมร</name>
          <LookAt>
            <longitude>100.4993989543866</longitude>
            <latitude>13.76043053606772</latitude>
            <range>742.8808365878747</range>
            <tilt>12.09988455183975</tilt>
            <heading>-0.009821957989488282</heading>
          </LookAt>
          <styleUrl>#khStyle905</styleUrl>
          <Point>
            <coordinates>100.4997618645044,13.76127356480913,0</coordinates>
          </Point>
        </Placemark>
        <Placemark>
          <name>ถ.พระอาทิตย์</name>
          <LookAt>
            <longitude>100.4954421939681</longitude>
            <latitude>13.76204375770269</latitude>
            <range>308.888050132163</range>
            <tilt>12.09989951144828</tilt>
            <heading>-0.01076313277339053</heading>
          </LookAt>
          <styleUrl>#khStyle905</styleUrl>
          <Point>
            <coordinates>100.4944615659298,13.76233107398559,0</coordinates>
          </Point>
        </Placemark>
        <Placemark>
          <name>ถ.พลับพลาไชย</name>
          <LookAt>
            <longitude>100.5135961822044</longitude>
            <latitude>13.74794088813597</latitude>
            <range>715.1842061011953</range>
            <tilt>12.0998950928703</tilt>
            <heading>-0.006448200596865224</heading>
          </LookAt>
          <styleUrl>#khStyle855</styleUrl>
          <Style>
            <IconStyle>
              <Icon>
                <href>root://icons/palette-4.png</href>
                <y>128</y>
                <w>32</w>
                <h>32</h>
              </Icon>
            </IconStyle>
          </Style>
          <Point>
            <coordinates>100.5135863231055,13.74764704281523,0</coordinates>
          </Point>
        </Placemark>
        <Placemark>
          <name>ถ.พญาไท</name>
          <LookAt>
            <longitude>100.5370902124931</longitude>
            <latitude>13.75926542621304</latitude>
            <range>719.7833217721217</range>
            <tilt>12.09986261339799</tilt>
            <heading>-0.0002539639153596571</heading>
          </LookAt>
          <styleUrl>#khStyle604</styleUrl>
          <Style>
            <IconStyle>
              <Icon>
                <href>root://icons/palette-4.png</href>
                <y>128</y>
                <w>32</w>
                <h>32</h>
              </Icon>
            </IconStyle>
          </Style>
          <Point>
            <coordinates>100.5356887777326,13.75965896576572,0</coordinates>
          </Point>
        </Placemark>
        <Placemark>
          <name>ถ.พญาไท</name>
          <LookAt>
            <longitude>100.5345505483663</longitude>
            <latitude>13.74647397049104</latitude>
            <range>1749.279683715719</range>
            <tilt>12.09986439282626</tilt>
            <heading>-0.000856231750680298</heading>
          </LookAt>
          <styleUrl>#khStyle604</styleUrl>
          <Style>
            <IconStyle>
              <Icon>
                <href>root://icons/palette-4.png</href>
                <y>128</y>
                <w>32</w>
                <h>32</h>
              </Icon>
            </IconStyle>
          </Style>
          <Point>
            <coordinates>100.5308211549713,13.74383562158791,0</coordinates>
          </Point>
        </Placemark>
        <Placemark>
          <name>ถ.พหลโยธิน</name>
          <LookAt>
            <longitude>100.5411322275936</longitude>
            <latitude>13.76554221834598</latitude>
            <range>1806.795740603831</range>
            <tilt>12.09987038125786</tilt>
            <heading>0.0007075163339019916</heading>
          </LookAt>
          <styleUrl>#khStyle604</styleUrl>
          <Style>
            <IconStyle>
              <Icon>
                <href>root://icons/palette-4.png</href>
                <y>128</y>
                <w>32</w>
                <h>32</h>
              </Icon>
            </IconStyle>
          </Style>
          <Point>
            <coordinates>100.5399569646802,13.76846300745363,0</coordinates>
          </Point>
        </Placemark>
        <Placemark>
          <name>ถ.พหลโยธิน</name>
          <LookAt>
            <longitude>100.5479776157132</longitude>
            <latitude>13.78542445850566</latitude>
            <range>656.8757409579534</range>
            <tilt>12.09989449633637</tilt>
            <heading>0.001729110632975524</heading>
          </LookAt>
          <styleUrl>#khStyle848</styleUrl>
          <Style>
            <IconStyle>
              <Icon>
                <href>root://icons/palette-4.png</href>
                <y>128</y>
                <w>32</w>
                <h>32</h>
              </Icon>
            </IconStyle>
          </Style>
          <Point>
            <coordinates>100.5472236444824,13.78766969392332,0</coordinates>
          </Point>
        </Placemark>
        <Placemark>
          <name>ถ.พิษณุโลก</name>
          <LookAt id="khLookAt870">
            <longitude>100.5158890136103</longitude>
            <latitude>13.76170795089486</latitude>
            <range>2565.640568734075</range>
            <tilt>12.09989863703753</tilt>
            <heading>-0.005900090965168582</heading>
          </LookAt>
          <styleUrl>#khStyle773</styleUrl>
          <Style>
            <IconStyle>
              <Icon>
                <href>root://icons/palette-4.png</href>
                <y>128</y>
                <w>32</w>
                <h>32</h>
              </Icon>
            </IconStyle>
          </Style>
          <Point id="khPoint871">
            <coordinates>100.5176912003464,13.75989927156516,0</coordinates>
          </Point>
        </Placemark>
        <Placemark>
          <name>ถ.พิษณุโลก</name>
          <LookAt>
            <longitude>100.5094016877787</longitude>
            <latitude>13.76844300729909</latitude>
            <range>1206.767172861686</range>
            <tilt>12.0998968031257</tilt>
            <heading>-0.007441170633482562</heading>
          </LookAt>
          <styleUrl>#khStyle773</styleUrl>
          <Style>
            <IconStyle>
              <Icon>
                <href>root://icons/palette-4.png</href>
                <y>128</y>
                <w>32</w>
                <h>32</h>
              </Icon>
            </IconStyle>
          </Style>
          <Point>
            <coordinates>100.507192043995,13.76883464231694,0</coordinates>
          </Point>
        </Placemark>
        <Placemark>
          <name>ถ.เพชรบุรี</name>
          <LookAt>
            <longitude>100.6031622903738</longitude>
            <latitude>13.73989722404481</latitude>
            <range>1847.068492012799</range>
            <tilt>1.608285158554679e-010</tilt>
            <heading>0.01567107790465058</heading>
          </LookAt>
          <styleUrl>#khStyle781</styleUrl>
          <Style>
            <IconStyle>
              <Icon>
                <href>root://icons/palette-4.png</href>
                <y>128</y>
                <w>32</w>
                <h>32</h>
              </Icon>
            </IconStyle>
          </Style>
          <Point>
            <coordinates>100.6020827634128,13.74013055203055,0</coordinates>
          </Point>
        </Placemark>
        <Placemark>
          <name>ถ.เพลินจิต</name>
          <LookAt>
            <longitude>100.5469023851058</longitude>
            <latitude>13.74224375981714</latitude>
            <range>3655.744390699346</range>
            <tilt>12.09986226624772</tilt>
            <heading>0.002078094754054046</heading>
          </LookAt>
          <styleUrl>#khStyle604</styleUrl>
          <Style>
            <IconStyle>
              <Icon>
                <href>root://icons/palette-4.png</href>
                <y>128</y>
                <w>32</w>
                <h>32</h>
              </Icon>
            </IconStyle>
          </Style>
          <Point>
            <coordinates>100.5455467925607,13.74361155953174,0</coordinates>
          </Point>
        </Placemark>
        <Placemark>
          <name>ถ.เพชรบุรี</name>
          <LookAt>
            <longitude>100.5339882479373</longitude>
            <latitude>13.75590559380325</latitude>
            <range>1805.036147402428</range>
            <tilt>12.09986706422084</tilt>
            <heading>-0.0009919496218960121</heading>
          </LookAt>
          <styleUrl>#khStyle604</styleUrl>
          <Style>
            <IconStyle>
              <Icon>
                <href>root://icons/palette-4.png</href>
                <y>128</y>
                <w>32</w>
                <h>32</h>
              </Icon>
            </IconStyle>
          </Style>
          <Point>
            <coordinates>100.5308714881711,13.75349925771468,0</coordinates>
          </Point>
        </Placemark>
        <Placemark>
          <name>ถ.เพชรบุรีตัดใหม่</name>
          <LookAt>
            <longitude>100.5472959582748</longitude>
            <latitude>13.75093931574488</latitude>
            <range>1648.116102692762</range>
            <tilt>12.09986692431689</tilt>
            <heading>0.002172825432077515</heading>
          </LookAt>
          <styleUrl>#khStyle604</styleUrl>
          <Style>
            <IconStyle>
              <Icon>
                <href>root://icons/palette-4.png</href>
                <y>128</y>
                <w>32</w>
                <h>32</h>
              </Icon>
            </IconStyle>
          </Style>
          <Point>
            <coordinates>100.5436321375115,13.74948008189898,0</coordinates>
          </Point>
        </Placemark>
        <Placemark>
          <name>พัฒนาการ</name>
          <LookAt>
            <longitude>100.6072363924977</longitude>
            <latitude>13.7391603390015</latitude>
            <range>1527.795412188004</range>
            <tilt>1.864980536655875e-010</tilt>
            <heading>0.01663859396791016</heading>
          </LookAt>
          <styleUrl>#khStyle781</styleUrl>
          <Style>
            <IconStyle>
              <Icon>
                <href>root://icons/palette-4.png</href>
                <y>128</y>
                <w>32</w>
                <h>32</h>
              </Icon>
            </IconStyle>
          </Style>
          <Point>
            <coordinates>100.6055958068409,13.73888272504322,0</coordinates>
          </Point>
        </Placemark>
        <Placemark>
          <name>ถ.พัฒน์พงษ์</name>
          <LookAt>
            <longitude>100.5330918358749</longitude>
            <latitude>13.72873517845182</latitude>
            <range>622.6209614344277</range>
            <tilt>12.09987421511302</tilt>
            <heading>-0.001795521748206103</heading>
          </LookAt>
          <styleUrl>#khStyle808</styleUrl>
          <Style>
            <IconStyle>
              <Icon>
                <href>root://icons/palette-4.png</href>
                <y>128</y>
                <w>32</w>
                <h>32</h>
              </Icon>
            </IconStyle>
          </Style>
          <Point>
            <coordinates>100.5322147071785,13.72853052736694,0</coordinates>
          </Point>
        </Placemark>
        <Placemark>
          <name>ถ.พัฒนาการ</name>
          <LookAt>
            <longitude>100.6367089911917</longitude>
            <latitude>13.73615081153208</latitude>
            <range>357.7165986684878</range>
            <tilt>6.166333956158057e-011</tilt>
            <heading>0.02363320330808278</heading>
          </LookAt>
          <styleUrl>#khStyle781</styleUrl>
          <Style>
            <IconStyle>
              <Icon>
                <href>root://icons/palette-4.png</href>
                <y>128</y>
                <w>32</w>
                <h>32</h>
              </Icon>
            </IconStyle>
          </Style>
          <Point>
            <coordinates>100.6373514453177,13.73603023884066,0</coordinates>
          </Point>
        </Placemark>
        <Placemark>
          <name>ถ.เฟื่องนคร</name>
          <LookAt>
            <longitude>100.4988968726871</longitude>
            <latitude>13.74675404067667</latitude>
            <range>594.5525060494078</range>
            <tilt>12.099891468593</tilt>
            <heading>-0.009941711683507742</heading>
          </LookAt>
          <styleUrl>#khStyle886</styleUrl>
          <Point>
            <coordinates>100.4980844528715,13.74773581461634,0</coordinates>
          </Point>
        </Placemark>
        <Placemark>
          <name>มอร์เตอร์เวย์ (พระราม 9-ชลบุรี)</name>
          <LookAt>
            <longitude>100.6418039415107</longitude>
            <latitude>13.7373828473342</latitude>
            <range>3827.226337811592</range>
            <tilt>1.365816771801645e-010</tilt>
            <heading>0.02483542887912586</heading>
          </LookAt>
          <styleUrl>#khStyle764</styleUrl>
          <Style>
            <IconStyle>
              <Icon>
                <href>root://icons/palette-4.png</href>
                <x>192</x>
                <w>32</w>
                <h>32</h>
              </Icon>
            </IconStyle>
          </Style>
          <Point>
            <coordinates>100.6487904451737,13.74000815908843,0</coordinates>
          </Point>
        </Placemark>
        <Placemark>
          <name>ถ.มหรรณพ</name>
          <LookAt>
            <longitude>100.5002659318697</longitude>
            <latitude>13.75298452773914</latitude>
            <range>698.3510502630285</range>
            <tilt>12.09989523434171</tilt>
            <heading>-0.009615603701460775</heading>
          </LookAt>
          <styleUrl>#khStyle905</styleUrl>
          <Point>
            <coordinates>100.5002162734971,13.75346864250749,0</coordinates>
          </Point>
        </Placemark>
        <Placemark>
          <name>ถ.มหาพฤฒาราม</name>
          <LookAt>
            <longitude>100.5183105016035</longitude>
            <latitude>13.73441678270903</latitude>
            <range>866.2217476828073</range>
            <tilt>12.09989461623966</tilt>
            <heading>-0.005331119549534</heading>
          </LookAt>
          <styleUrl>#khStyle886</styleUrl>
          <Point>
            <coordinates>100.5164628660962,13.73584219010196,0</coordinates>
          </Point>
        </Placemark>
        <Placemark>
          <name>ถ.มหาไชย</name>
          <LookAt>
            <longitude>100.5048560719387</longitude>
            <latitude>13.75030000128385</latitude>
            <range>763.8665221040246</range>
            <tilt>11.43232233740455</tilt>
            <heading>-0.008339670122087457</heading>
          </LookAt>
          <styleUrl>#khStyle983</styleUrl>
          <Style>
            <IconStyle>
              <Icon>
                <href>root://icons/palette-4.png</href>
                <y>128</y>
                <w>32</w>
                <h>32</h>
              </Icon>
            </IconStyle>
          </Style>
          <Point>
            <coordinates>100.5045862868077,13.75075793134999,0</coordinates>
          </Point>
        </Placemark>
        <Placemark>
          <name>ถ.มหาราช</name>
          <LookAt>
            <longitude>100.4931320380049</longitude>
            <latitude>13.74929003963919</latitude>
            <range>1399.726061730021</range>
            <tilt>12.09989807091799</tilt>
            <heading>-0.01131113407912882</heading>
          </LookAt>
          <styleUrl>#khStyle905</styleUrl>
          <Point>
            <coordinates>100.4900523511011,13.74995460602614,0</coordinates>
          </Point>
        </Placemark>
        <Placemark>
          <name>ถ.มเหศักดิ์</name>
          <LookAt>
            <longitude>100.5219900541046</longitude>
            <latitude>13.71934909126947</latitude>
            <range>756.5631757352869</range>
            <tilt>12.09988735080956</tilt>
            <heading>-0.00445886672903281</heading>
          </LookAt>
          <styleUrl>#khStyle886</styleUrl>
          <Point>
            <coordinates>100.5200595266677,13.71943623175538,0</coordinates>
          </Point>
        </Placemark>
        <Placemark>
          <name>ถ.มิตรพันธ์</name>
          <LookAt>
            <longitude>100.5127653243828</longitude>
            <latitude>13.73956975959975</latitude>
            <range>664.8480558034963</range>
            <tilt>12.09988807616994</tilt>
            <heading>-0.006645956270974105</heading>
          </LookAt>
          <styleUrl>#khStyle905</styleUrl>
          <Point>
            <coordinates>100.5131836830306,13.74098090302858,0</coordinates>
          </Point>
        </Placemark>
        <Placemark>
          <name>ถ.มิตรไมตรี</name>
          <LookAt>
            <longitude>100.5542829782045</longitude>
            <latitude>13.7717701909651</latitude>
            <range>417.9555337362526</range>
            <tilt>12.09990310006229</tilt>
            <heading>0.003226239846887823</heading>
          </LookAt>
          <styleUrl>#khStyle794</styleUrl>
          <Style>
            <IconStyle>
              <Icon>
                <href>root://icons/palette-4.png</href>
                <y>128</y>
                <w>32</w>
                <h>32</h>
              </Icon>
            </IconStyle>
          </Style>
          <Point>
            <coordinates>100.5536609954053,13.77263499543548,0</coordinates>
          </Point>
        </Placemark>
        <Placemark>
          <name>ถ.มักกะสัน</name>
          <LookAt>
            <longitude>100.5480932224811</longitude>
            <latitude>13.75535750247921</latitude>
            <range>1871.05431802439</range>
            <tilt>12.09987021761209</tilt>
            <heading>0.002367358175095395</heading>
          </LookAt>
          <styleUrl>#khStyle652</styleUrl>
          <Style>
            <IconStyle>
              <Icon>
                <href>root://icons/palette-4.png</href>
                <y>128</y>
                <w>32</w>
                <h>32</h>
              </Icon>
            </IconStyle>
          </Style>
          <Point>
            <coordinates>100.5450750427745,13.75424413215562,0</coordinates>
          </Point>
        </Placemark>
        <Placemark>
          <name>ถ.มังกร</name>
          <LookAt>
            <longitude>100.5089414831113</longitude>
            <latitude>13.73965824846215</latitude>
            <range>962.7493525705332</range>
            <tilt>0.2002824556926447</tilt>
            <heading>-0.003393565556626033</heading>
          </LookAt>
          <styleUrl>#khStyle945</styleUrl>
          <Style>
            <IconStyle>
              <Icon>
                <href>root://icons/palette-4.png</href>
                <y>128</y>
                <w>32</w>
                <h>32</h>
              </Icon>
            </IconStyle>
          </Style>
          <Point>
            <coordinates>100.5067489955946,13.73944909085982,0</coordinates>
          </Point>
        </Placemark>
        <Placemark>
          <name>ถ.ไมตรีจิต</name>
          <LookAt>
            <longitude>100.5127653243828</longitude>
            <latitude>13.73956975964269</latitude>
            <range>1413.977045850763</range>
            <tilt>12.09988807619868</tilt>
            <heading>-0.006645956270975854</heading>
          </LookAt>
          <styleUrl>#khStyle905</styleUrl>
          <Point>
            <coordinates>100.514513432719,13.7406875370977,0</coordinates>
          </Point>
        </Placemark>
        <Placemark>
          <name>ถ.ยุคล</name>
          <LookAt>
            <longitude>100.5115297994793</longitude>
            <latitude>13.74781888456383</latitude>
            <range>728.8296109744308</range>
            <tilt>11.43231584933084</tilt>
            <heading>-0.006754206684972296</heading>
          </LookAt>
          <styleUrl>#khStyle983</styleUrl>
          <Style>
            <IconStyle>
              <Icon>
                <href>root://icons/palette-4.png</href>
                <y>128</y>
                <w>32</w>
                <h>32</h>
              </Icon>
            </IconStyle>
          </Style>
          <Point>
            <coordinates>100.5114784548622,13.74812342622004,0</coordinates>
          </Point>
        </Placemark>
        <Placemark>
          <name>ถ.เยาวราช</name>
          <LookAt>
            <longitude>100.5105040047635</longitude>
            <latitude>13.7401844453964</latitude>
            <range>584.3708427331246</range>
            <tilt>12.09988205676028</tilt>
            <heading>-0.00718484312674671</heading>
          </LookAt>
          <styleUrl>#khStyle886</styleUrl>
          <Point>
            <coordinates>100.5102675194163,13.74018429853997,0</coordinates>
          </Point>
        </Placemark>
        <Placemark>
          <name>ถ.เยาวพานิช</name>
          <LookAt>
            <longitude>100.5089414831113</longitude>
            <latitude>13.73965824846215</latitude>
            <range>962.7493525705332</range>
            <tilt>0.2002824556926447</tilt>
            <heading>-0.003393565556626033</heading>
          </LookAt>
          <styleUrl>#khStyle952</styleUrl>
          <Point>
            <coordinates>100.5081067768587,13.73855964343191,0</coordinates>
          </Point>
        </Placemark>
        <Placemark>
          <name>ถ.เย็นอากาศ</name>
          <LookAt>
            <longitude>100.5488525023321</longitude>
            <latitude>13.71681825002786</latitude>
            <range>437.1545521563444</range>
            <tilt>12.099874352244</tilt>
            <heading>0.007212173197029982</heading>
          </LookAt>
          <styleUrl>#khStyle756</styleUrl>
          <Style>
            <IconStyle>
              <Icon>
                <href>root://icons/palette-4.png</href>
                <y>128</y>
                <w>32</w>
                <h>32</h>
              </Icon>
            </IconStyle>
          </Style>
          <Point>
            <coordinates>100.5485450622689,13.71784733822799,0</coordinates>
          </Point>
        </Placemark>
        <Placemark>
          <name>ถ.โยธี</name>
          <LookAt>
            <longitude>100.5342397395061</longitude>
            <latitude>13.76238922736167</latitude>
            <range>1807.790310765236</range>
            <tilt>12.09987225614493</tilt>
            <heading>-0.000933307733178502</heading>
          </LookAt>
          <styleUrl>#khStyle604</styleUrl>
          <Style>
            <IconStyle>
              <Icon>
                <href>root://icons/palette-4.png</href>
                <y>128</y>
                <w>32</w>
                <h>32</h>
              </Icon>
            </IconStyle>
          </Style>
          <Point>
            <coordinates>100.5347749984588,13.76254152554084,0</coordinates>
          </Point>
        </Placemark>
        <Placemark>
          <name>ถ.รางนำ้</name>
          <LookAt>
            <longitude>100.5399422493013</longitude>
            <latitude>13.7604399533197</latitude>
            <range>1806.650583610264</range>
            <tilt>12.09987010760796</tilt>
            <heading>0.0004247346092504411</heading>
          </LookAt>
          <styleUrl>#khStyle604</styleUrl>
          <Style>
            <IconStyle>
              <Icon>
                <href>root://icons/palette-4.png</href>
                <y>128</y>
                <w>32</w>
                <h>32</h>
              </Icon>
            </IconStyle>
          </Style>
          <Point>
            <coordinates>100.5383363885299,13.76061940324943,0</coordinates>
          </Point>
        </Placemark>
        <Placemark>
          <name>ถ.ราชวงศ์</name>
          <LookAt>
            <longitude>100.5068016195805</longitude>
            <latitude>13.74012924947846</latitude>
            <range>596.6938502340365</range>
            <tilt>12.09988561476656</tilt>
            <heading>-0.008062267438137684</heading>
          </LookAt>
          <styleUrl>#khStyle905</styleUrl>
          <Point>
            <coordinates>100.5063396447379,13.74085018179406,0</coordinates>
          </Point>
        </Placemark>
        <Placemark>
          <name>ถ.ราชสีมา</name>
          <LookAt>
            <longitude>100.5093884382109</longitude>
            <latitude>13.76767004764621</latitude>
            <range>1290.378035372975</range>
            <tilt>11.43232319044699</tilt>
            <heading>-0.007261409578096999</heading>
          </LookAt>
          <styleUrl>#khStyle905</styleUrl>
          <Point>
            <coordinates>100.508321070111,13.76898079654823,0</coordinates>
          </Point>
        </Placemark>
        <Placemark>
          <name>ถ.ราชดำเนเนใน</name>
          <LookAt>
            <longitude>100.4979730507153</longitude>
            <latitude>13.75342800810949</latitude>
            <range>1626.085618837697</range>
            <tilt>12.09989512810897</tilt>
            <heading>-0.01017448070431665</heading>
          </LookAt>
          <styleUrl>#khStyle862</styleUrl>
          <Style>
            <IconStyle>
              <Icon>
                <href>root://icons/palette-4.png</href>
                <y>128</y>
                <w>32</w>
                <h>32</h>
              </Icon>
            </IconStyle>
          </Style>
          <Point>
            <coordinates>100.4940697548298,13.75335822358884,0</coordinates>
          </Point>
        </Placemark>
        <Placemark>
          <name>ถ.ราชดำเนินกลาง</name>
          <LookAt>
            <longitude>100.5051021198873</longitude>
            <latitude>13.75783354710248</latitude>
            <range>1629.74930299622</range>
            <tilt>12.09990203463256</tilt>
            <heading>-0.008479605694447502</heading>
          </LookAt>
          <styleUrl>#khStyle862</styleUrl>
          <Style>
            <IconStyle>
              <Icon>
                <href>root://icons/palette-4.png</href>
                <y>128</y>
                <w>32</w>
                <h>32</h>
              </Icon>
            </IconStyle>
          </Style>
          <Point>
            <coordinates>100.5034377386526,13.75629993636292,0</coordinates>
          </Point>
        </Placemark>
        <Placemark>
          <name>ถ.ราชดำเนินนอก</name>
          <LookAt>
            <longitude>100.5097230393682</longitude>
            <latitude>13.759263273646</latitude>
            <range>745.8903403844636</range>
            <tilt>12.09989965452088</tilt>
            <heading>-0.007380912626118234</heading>
          </LookAt>
          <styleUrl>#khStyle862</styleUrl>
          <Style>
            <IconStyle>
              <Icon>
                <href>root://icons/palette-4.png</href>
                <y>128</y>
                <w>32</w>
                <h>32</h>
              </Icon>
            </IconStyle>
          </Style>
          <Point>
            <coordinates>100.5077545181339,13.75924836681818,0</coordinates>
          </Point>
        </Placemark>
        <Placemark>
          <name>ถ.ราชดำริ</name>
          <LookAt>
            <longitude>100.5416133451333</longitude>
            <latitude>13.74118841418009</latitude>
            <range>618.3742134478449</range>
            <tilt>12.09984997816714</tilt>
            <heading>0.0008216574533216231</heading>
          </LookAt>
          <styleUrl>#khStyle604</styleUrl>
          <Style>
            <IconStyle>
              <Icon>
                <href>root://icons/palette-4.png</href>
                <y>128</y>
                <w>32</w>
                <h>32</h>
              </Icon>
            </IconStyle>
          </Style>
          <Point>
            <coordinates>100.5401736639032,13.74162368995413,0</coordinates>
          </Point>
        </Placemark>
        <Placemark>
          <name>ถ.ราชปรารภ</name>
          <LookAt>
            <longitude>100.5448802903952</longitude>
            <latitude>13.75158509812803</latitude>
            <range>1715.656657056356</range>
            <tilt>12.09989377579938</tilt>
            <heading>0.0009949972985082614</heading>
          </LookAt>
          <styleUrl>#khStyle794</styleUrl>
          <Style>
            <IconStyle>
              <Icon>
                <href>root://icons/palette-4.png</href>
                <y>128</y>
                <w>32</w>
                <h>32</h>
              </Icon>
            </IconStyle>
          </Style>
          <Point>
            <coordinates>100.5417992482003,13.75165491056714,0</coordinates>
          </Point>
        </Placemark>
        <Placemark>
          <name>ถ.ราชปรารภ</name>
          <LookAt>
            <longitude>100.5429097634526</longitude>
            <latitude>13.7584084875549</latitude>
            <range>1805.085868260941</range>
            <tilt>12.09986715795071</tilt>
            <heading>0.001130384577229758</heading>
          </LookAt>
          <styleUrl>#khStyle604</styleUrl>
          <Style>
            <IconStyle>
              <Icon>
                <href>root://icons/palette-4.png</href>
                <y>128</y>
                <w>32</w>
                <h>32</h>
              </Icon>
            </IconStyle>
          </Style>
          <Point>
            <coordinates>100.5428449731242,13.75799760092106,0</coordinates>
          </Point>
        </Placemark>
        <Placemark id="khPlacemark575">
          <name>ถ.ราชวิถี</name>
          <LookAt id="khLookAt582">
            <longitude>100.5346443074187</longitude>
            <latitude>13.76778607939311</latitude>
            <range>719.376197128482</range>
            <tilt>12.09986505457537</tilt>
            <heading>-0.0008364184253196404</heading>
          </LookAt>
          <styleUrl>#khStyle604</styleUrl>
          <Style>
            <IconStyle>
              <Icon>
                <href>root://icons/palette-4.png</href>
                <y>128</y>
                <w>32</w>
                <h>32</h>
              </Icon>
            </IconStyle>
          </Style>
          <Point id="khPoint583">
            <coordinates>100.5355883143348,13.76595221082485,0</coordinates>
          </Point>
        </Placemark>
        <Placemark>
          <name>ถ.ราชวิถี</name>
          <LookAt>
            <longitude>100.5253527878295</longitude>
            <latitude>13.77145210348235</latitude>
            <range>725.2705996929121</range>
            <tilt>12.09987295753041</tilt>
            <heading>-0.003047220718495163</heading>
          </LookAt>
          <styleUrl>#khStyle604</styleUrl>
          <Style>
            <IconStyle>
              <Icon>
                <href>root://icons/palette-4.png</href>
                <y>128</y>
                <w>32</w>
                <h>32</h>
              </Icon>
            </IconStyle>
          </Style>
          <Point>
            <coordinates>100.5242483475406,13.77115410622981,0</coordinates>
          </Point>
        </Placemark>
        <Placemark>
          <name>ถ.ราชวิถี</name>
          <LookAt>
            <longitude>100.5412125380233</longitude>
            <latitude>13.76436357438435</latitude>
            <range>721.1698239512939</range>
            <tilt>12.09986843576582</tilt>
            <heading>0.0007263294332877299</heading>
          </LookAt>
          <styleUrl>#khStyle604</styleUrl>
          <Style>
            <IconStyle>
              <Icon>
                <href>root://icons/palette-4.png</href>
                <y>128</y>
                <w>32</w>
                <h>32</h>
              </Icon>
            </IconStyle>
          </Style>
          <Point>
            <coordinates>100.540565244824,13.76374537075706,0</coordinates>
          </Point>
        </Placemark>
        <Placemark>
          <name>ถ.ราชินี</name>
          <LookAt>
            <longitude>100.4972177257947</longitude>
            <latitude>13.74948947291815</latitude>
            <range>1281.168806488978</range>
            <tilt>12.09989210542948</tilt>
            <heading>-0.01034015435526494</heading>
          </LookAt>
          <styleUrl>#khStyle905</styleUrl>
          <Point>
            <coordinates>100.4964112392061,13.74841019458248,0</coordinates>
          </Point>
        </Placemark>
        <Placemark>
          <name>ถ.รามคำแหง</name>
          <LookAt>
            <longitude>100.6299114755611</longitude>
            <latitude>13.754250198349</latitude>
            <range>4196.338251821705</range>
            <tilt>8.998681336109132e-011</tilt>
            <heading>0.02199630796936564</heading>
          </LookAt>
          <styleUrl>#khStyle685</styleUrl>
          <Point>
            <coordinates>100.623529191736,13.76024816809288,0</coordinates>
          </Point>
        </Placemark>
        <Placemark>
          <name>ถ.รามคำแหง</name>
          <LookAt>
            <longitude>100.6649754466619</longitude>
            <latitude>13.76912793416089</latitude>
            <range>2092.653898967696</range>
            <tilt>1.037846787238968e-010</tilt>
            <heading>0.03033623539752819</heading>
          </LookAt>
          <styleUrl>#khStyle685</styleUrl>
          <Point>
            <coordinates>100.6624242746518,13.77071324181387,0</coordinates>
          </Point>
        </Placemark>
        <Placemark>
          <name>ถ.รามคำแหง</name>
          <LookAt id="khLookAt752">
            <longitude>100.6062410899015</longitude>
            <latitude>13.74738879770342</latitude>
            <range>2089.618946398639</range>
            <tilt>9.332913920570188e-011</tilt>
            <heading>0.01637083831911932</heading>
          </LookAt>
          <styleUrl>#khStyle685</styleUrl>
          <Point id="khPoint753">
            <coordinates>100.6068899175617,13.74870692758195,0</coordinates>
          </Point>
        </Placemark>
        <Placemark>
          <name>ถ.ริมทางรถไฟสายเก่า</name>
          <LookAt>
            <longitude>100.5676137023707</longitude>
            <latitude>13.71622191829417</latitude>
            <range>272.2237295351027</range>
            <tilt>12.09990211034392</tilt>
            <heading>0.006388925380485908</heading>
          </LookAt>
          <styleUrl>#khStyle756</styleUrl>
          <Style>
            <IconStyle>
              <Icon>
                <href>root://icons/palette-4.png</href>
                <y>128</y>
                <w>32</w>
                <h>32</h>
              </Icon>
            </IconStyle>
          </Style>
          <Point>
            <coordinates>100.5677840895867,13.71654472986186,0</coordinates>
          </Point>
        </Placemark>
        <Placemark>
          <name>ถ.รัฃดาภิเศก</name>
          <LookAt>
            <longitude>100.5749584499501</longitude>
            <latitude>13.77770690068335</latitude>
            <range>3094.628334596042</range>
            <tilt>12.09989719342781</tilt>
            <heading>0.008155937931574561</heading>
          </LookAt>
          <styleUrl>#khStyle841</styleUrl>
          <Style>
            <IconStyle>
              <Icon>
                <href>root://icons/palette-4.png</href>
                <y>128</y>
                <w>32</w>
                <h>32</h>
              </Icon>
            </IconStyle>
          </Style>
          <Point>
            <coordinates>100.5733203203407,13.77488323261909,0</coordinates>
          </Point>
        </Placemark>
        <Placemark>
          <name>ถ.รัชดาภิเษก</name>
          <LookAt>
            <longitude>100.5673498852216</longitude>
            <latitude>13.75814950634268</latitude>
            <range>648.8581003707177</range>
            <tilt>12.0998884101633</tilt>
            <heading>0.00633367808483253</heading>
          </LookAt>
          <styleUrl>#khStyle808</styleUrl>
          <Style>
            <IconStyle>
              <Icon>
                <href>root://icons/palette-4.png</href>
                <y>128</y>
                <w>32</w>
                <h>32</h>
              </Icon>
            </IconStyle>
          </Style>
          <Point>
            <coordinates>100.5660414003275,13.75881192771392,0</coordinates>
          </Point>
        </Placemark>
        <Placemark>
          <name>ถ.ลาดพร้าว</name>
          <LookAt>
            <longitude>100.6046494277736</longitude>
            <latitude>13.78721631136269</latitude>
            <range>2611.263645445166</range>
            <tilt>9.969929104516625e-011</tilt>
            <heading>0.0159788302286591</heading>
          </LookAt>
          <styleUrl>#khStyle764</styleUrl>
          <Style>
            <IconStyle>
              <Icon>
                <href>root://icons/palette-4.png</href>
                <y>128</y>
                <w>32</w>
                <h>32</h>
              </Icon>
            </IconStyle>
          </Style>
          <Point>
            <coordinates>100.6053086815005,13.78820353140387,0</coordinates>
          </Point>
        </Placemark>
        <Placemark>
          <name>ถ.ลาดพร้าว</name>
          <LookAt>
            <longitude>100.6452873577066</longitude>
            <latitude>13.76746053170187</latitude>
            <range>2921.36090509096</range>
            <tilt>1.096481697328671e-010</tilt>
            <heading>0.02565358626529098</heading>
          </LookAt>
          <styleUrl>#khStyle764</styleUrl>
          <Style>
            <IconStyle>
              <Icon>
                <href>root://icons/palette-4.png</href>
                <y>128</y>
                <w>32</w>
                <h>32</h>
              </Icon>
            </IconStyle>
          </Style>
          <Point>
            <coordinates>100.6461919152315,13.76615162023394,0</coordinates>
          </Point>
        </Placemark>
        <Placemark>
          <name>ถ.ลาดพร้าว</name>
          <LookAt>
            <longitude>100.5661654148964</longitude>
            <latitude>13.80976014799926</latitude>
            <range>2240.862525417952</range>
            <tilt>1.066766234950278e-010</tilt>
            <heading>0.006813495649513456</heading>
          </LookAt>
          <styleUrl>#khStyle757</styleUrl>
          <Style>
            <IconStyle>
              <Icon>
                <href>root://icons/palette-4.png</href>
                <y>128</y>
                <w>32</w>
                <h>32</h>
              </Icon>
            </IconStyle>
          </Style>
          <Point>
            <coordinates>100.5634659383119,13.81161286508334,0</coordinates>
          </Point>
        </Placemark>
        <Placemark>
          <name>ถ.ลูกหลวง</name>
          <LookAt>
            <longitude>100.5143238071491</longitude>
            <latitude>13.76003784350324</latitude>
            <range>559.8927648599801</range>
            <tilt>11.43231886935263</tilt>
            <heading>-0.006087480873519629</heading>
          </LookAt>
          <styleUrl>#khStyle905</styleUrl>
          <Point>
            <coordinates>100.514109810438,13.75943390711452,0</coordinates>
          </Point>
        </Placemark>
        <Placemark>
          <name>ถ.หลานหลวง</name>
          <LookAt>
            <longitude>100.5137391210638</longitude>
            <latitude>13.75632919680496</latitude>
            <range>353.629582783532</range>
            <tilt>11.43231117274352</tilt>
            <heading>-0.006227709536716359</heading>
          </LookAt>
          <styleUrl>#khStyle983</styleUrl>
          <Style>
            <IconStyle>
              <Icon>
                <href>root://icons/palette-4.png</href>
                <y>128</y>
                <w>32</w>
                <h>32</h>
              </Icon>
            </IconStyle>
          </Style>
          <Point>
            <coordinates>100.5140954115552,13.75639213376515,0</coordinates>
          </Point>
        </Placemark>
        <Placemark>
          <name>ถ.หลานหลวง</name>
          <LookAt>
            <longitude>100.5162008926193</longitude>
            <latitude>13.75899071739704</latitude>
            <range>2601.11710081574</range>
            <tilt>12.09989627594456</tilt>
            <heading>-0.005825981395875417</heading>
          </LookAt>
          <styleUrl>#khStyle773</styleUrl>
          <Style>
            <IconStyle>
              <Icon>
                <href>root://icons/palette-4.png</href>
                <y>128</y>
                <w>32</w>
                <h>32</h>
              </Icon>
            </IconStyle>
          </Style>
          <Point>
            <coordinates>100.5189020395274,13.75665521203211,0</coordinates>
          </Point>
        </Placemark>
        <Placemark>
          <name>ถ.หลวง</name>
          <LookAt>
            <longitude>100.5057918036671</longitude>
            <latitude>13.75117422484624</latitude>
            <range>2304.729410480903</range>
            <tilt>11.43232196214049</tilt>
            <heading>-0.008117249416829777</heading>
          </LookAt>
          <styleUrl>#khStyle983</styleUrl>
          <Style>
            <IconStyle>
              <Icon>
                <href>root://icons/palette-4.png</href>
                <y>128</y>
                <w>32</w>
                <h>32</h>
              </Icon>
            </IconStyle>
          </Style>
          <Point>
            <coordinates>100.5083931673503,13.74748339169776,0</coordinates>
          </Point>
        </Placemark>
        <Placemark>
          <name>ถ.หลังสวน</name>
          <LookAt>
            <longitude>100.543267181835</longitude>
            <latitude>13.73478307838247</latitude>
            <range>286.1923788043526</range>
            <tilt>12.09989939395441</tilt>
            <heading>0.0006194851748734791</heading>
          </LookAt>
          <styleUrl>#khStyle808</styleUrl>
          <Style>
            <IconStyle>
              <Icon>
                <href>root://icons/palette-4.png</href>
                <y>128</y>
                <w>32</w>
                <h>32</h>
              </Icon>
            </IconStyle>
          </Style>
          <Point>
            <coordinates>100.5426796945294,13.73504988229485,0</coordinates>
          </Point>
        </Placemark>
        <Placemark>
          <name>วงเวียนโอเดี่ยน (ประตูจีนเยาวราช)</name>
          <LookAt>
            <longitude>100.5119561669975</longitude>
            <latitude>13.73737582354029</latitude>
            <range>716.4587536564562</range>
            <tilt>-1.69779382754106e-011</tilt>
            <heading>-0.02052283418896525</heading>
          </LookAt>
          <styleUrl>#khStyle1959</styleUrl>
          <Style>
            <IconStyle>
              <Icon>
                <href>root://icons/palette-3.png</href>
                <y>64</y>
                <w>32</w>
                <h>32</h>
              </Icon>
            </IconStyle>
          </Style>
          <Point>
            <coordinates>100.5133578061651,13.7370095791749,0</coordinates>
          </Point>
        </Placemark>
        <Placemark>
          <name>ถ.วรจักร์</name>
          <LookAt>
            <longitude>100.5068827810604</longitude>
            <latitude>13.74601232905394</latitude>
            <range>301.1656923062974</range>
            <tilt>12.09989631557406</tilt>
            <heading>-0.008042995064528949</heading>
          </LookAt>
          <styleUrl>#khStyle905</styleUrl>
          <Point>
            <coordinates>100.5067045590767,13.74647720302654,0</coordinates>
          </Point>
        </Placemark>
        <Placemark>
          <name>ถ.วิภาวดีรังสิต</name>
          <LookAt>
            <longitude>100.5503195948915</longitude>
            <latitude>13.76736969116595</latitude>
            <range>1464.125113523834</range>
            <tilt>12.09989491726814</tilt>
            <heading>0.002289274546180329</heading>
          </LookAt>
          <styleUrl>#khStyle794</styleUrl>
          <Style>
            <IconStyle>
              <Icon>
                <href>root://icons/palette-4.png</href>
                <y>128</y>
                <w>32</w>
                <h>32</h>
              </Icon>
            </IconStyle>
          </Style>
          <Point>
            <coordinates>100.5495469284741,13.76735530874977,0</coordinates>
          </Point>
        </Placemark>
        <Placemark>
          <name>ถ.วิภาวดีรังสิต</name>
          <LookAt>
            <longitude>100.5464273986035</longitude>
            <latitude>13.78067284640071</latitude>
            <range>6629.996940397903</range>
            <tilt>12.09988034247216</tilt>
            <heading>0.001358318545117324</heading>
          </LookAt>
          <styleUrl>#khStyle848</styleUrl>
          <Style>
            <IconStyle>
              <Icon>
                <href>root://icons/palette-4.png</href>
                <y>128</y>
                <w>32</w>
                <h>32</h>
              </Icon>
            </IconStyle>
          </Style>
          <Point>
            <coordinates>100.5611415966915,13.79646044745874,0</coordinates>
          </Point>
        </Placemark>
        <Placemark>
          <name>ถ.วิสุทธิกษัตริย์</name>
          <LookAt>
            <longitude>100.5020131956936</longitude>
            <latitude>13.7653417681178</latitude>
            <range>2070.690624289784</range>
            <tilt>-3.215846272680952e-010</tilt>
            <heading>-0.01166227411552528</heading>
          </LookAt>
          <styleUrl>#khStyle905</styleUrl>
          <Point>
            <coordinates>100.5033765098439,13.76468729573309,0</coordinates>
          </Point>
        </Placemark>
        <Placemark>
          <name>ถ.วิทยุ</name>
          <LookAt>
            <longitude>100.5462734316628</longitude>
            <latitude>13.73188685666462</latitude>
            <range>1282.214047055483</range>
            <tilt>12.09987181152965</tilt>
            <heading>0.001942210017000864</heading>
          </LookAt>
          <styleUrl>#khStyle735</styleUrl>
          <Style>
            <IconStyle>
              <Icon>
                <href>root://icons/palette-4.png</href>
                <y>128</y>
                <w>32</w>
                <h>32</h>
              </Icon>
            </IconStyle>
          </Style>
          <Point>
            <coordinates>100.5457542354459,13.730967663225,0</coordinates>
          </Point>
        </Placemark>
        <Placemark>
          <name>ถ.ศรีนครินทร์</name>
          <LookAt>
            <longitude>100.6535145299473</longitude>
            <latitude>13.68947852537379</latitude>
            <range>3948.051756625821</range>
            <tilt>1.606302277275525e-010</tilt>
            <heading>0.02762589070999503</heading>
          </LookAt>
          <styleUrl>#khStyle781</styleUrl>
          <Style>
            <IconStyle>
              <Icon>
                <href>root://icons/palette-4.png</href>
                <y>128</y>
                <w>32</w>
                <h>32</h>
              </Icon>
            </IconStyle>
          </Style>
          <Point>
            <coordinates>100.6468821122968,13.69889106450953,0</coordinates>
          </Point>
        </Placemark>
        <Placemark>
          <name>ถ.ศรีนครินทร์</name>
          <LookAt>
            <longitude>100.6456353127348</longitude>
            <latitude>13.73049628805993</latitude>
            <range>3747.807930110144</range>
            <tilt>1.607267182510873e-010</tilt>
            <heading>0.02577246268974155</heading>
          </LookAt>
          <styleUrl>#khStyle781</styleUrl>
          <Style>
            <IconStyle>
              <Icon>
                <href>root://icons/palette-4.png</href>
                <y>128</y>
                <w>32</w>
                <h>32</h>
              </Icon>
            </IconStyle>
          </Style>
          <Point>
            <coordinates>100.6418235339895,13.73890984114324,0</coordinates>
          </Point>
        </Placemark>
        <Placemark>
          <name>ถ.ศรีนครินทร์</name>
          <LookAt>
            <longitude>100.6452658888003</longitude>
            <latitude>13.6694238442223</latitude>
            <range>3811.447794424444</range>
            <tilt>1.536043912048607e-010</tilt>
            <heading>0.02566921338107776</heading>
          </LookAt>
          <styleUrl>#khStyle781</styleUrl>
          <Style>
            <IconStyle>
              <Icon>
                <href>root://icons/palette-4.png</href>
                <y>128</y>
                <w>32</w>
                <h>32</h>
              </Icon>
            </IconStyle>
          </Style>
          <Point>
            <coordinates>100.6449081807303,13.66862272306634,0</coordinates>
          </Point>
        </Placemark>
        <Placemark>
          <name>ถ.ศรีอยุธยา</name>
          <LookAt id="khLookAt916">
            <longitude>100.5366219315138</longitude>
            <latitude>13.75879009081879</latitude>
            <range>1797.433053083124</range>
            <tilt>12.09985273147965</tilt>
            <heading>-0.0003651580561302713</heading>
          </LookAt>
          <styleUrl>#khStyle604</styleUrl>
          <Style>
            <IconStyle>
              <Icon>
                <href>root://icons/palette-4.png</href>
                <y>128</y>
                <w>32</w>
                <h>32</h>
              </Icon>
            </IconStyle>
          </Style>
          <Point id="khPoint917">
            <coordinates>100.533079443655,13.75849672602379,0</coordinates>
          </Point>
        </Placemark>
        <Placemark>
          <name>ถ.ศรีอยุธยา</name>
          <LookAt>
            <longitude>100.5110990732173</longitude>
            <latitude>13.76978959029774</latitude>
            <range>1309.98410390678</range>
            <tilt>12.09990059912973</tilt>
            <heading>-0.007037451392306503</heading>
          </LookAt>
          <styleUrl>#khStyle604</styleUrl>
          <Style>
            <IconStyle>
              <Icon>
                <href>root://icons/palette-4.png</href>
                <y>128</y>
                <w>32</w>
                <h>32</h>
              </Icon>
            </IconStyle>
          </Style>
          <Point>
            <coordinates>100.5073509532251,13.77009766423738,0</coordinates>
          </Point>
        </Placemark>
        <Placemark>
          <name>ถ.สนามไชย</name>
          <LookAt>
            <longitude>100.4954574751099</longitude>
            <latitude>13.74976903124784</latitude>
            <range>682.94821154817</range>
            <tilt>12.0998935145503</tilt>
            <heading>-0.01075850457643508</heading>
          </LookAt>
          <styleUrl>#khStyle905</styleUrl>
          <Point>
            <coordinates>100.4940982107657,13.75049852339014,0</coordinates>
          </Point>
        </Placemark>
        <Placemark>
          <name>ถ.สวรรคโลค</name>
          <LookAt>
            <longitude>100.5260909621234</longitude>
            <latitude>13.76463474041221</latitude>
            <range>2595.136144507727</range>
            <tilt>12.09988500107156</tilt>
            <heading>-0.003473507195187835</heading>
          </LookAt>
          <styleUrl>#khStyle780</styleUrl>
          <Style>
            <IconStyle>
              <Icon>
                <href>root://icons/palette-4.png</href>
                <y>128</y>
                <w>32</w>
                <h>32</h>
              </Icon>
            </IconStyle>
          </Style>
          <Point>
            <coordinates>100.5224324511911,13.76013852382171,0</coordinates>
          </Point>
        </Placemark>
        <Placemark>
          <name>ถ.สวนพลู</name>
          <LookAt>
            <longitude>100.5386084818142</longitude>
            <latitude>13.72036470132823</latitude>
            <range>403.0610942287692</range>
            <tilt>12.09989441590674</tilt>
            <heading>-0.0004851669662820791</heading>
          </LookAt>
          <styleUrl>#khStyle808</styleUrl>
          <Style>
            <IconStyle>
              <Icon>
                <href>root://icons/palette-4.png</href>
                <y>128</y>
                <w>32</w>
                <h>32</h>
              </Icon>
            </IconStyle>
          </Style>
          <Point>
            <coordinates>100.5380338173589,13.72068300590195,0</coordinates>
          </Point>
        </Placemark>
        <Placemark>
          <name>ถ.สาทร</name>
          <LookAt>
            <longitude>100.5247812438328</longitude>
            <latitude>13.71942993266681</latitude>
            <range>628.8477714712437</range>
            <tilt>12.0998911275495</tilt>
            <heading>-0.003796806498004095</heading>
          </LookAt>
          <styleUrl>#khStyle879</styleUrl>
          <Style>
            <IconStyle>
              <Icon>
                <href>root://icons/palette-4.png</href>
                <y>128</y>
                <w>32</w>
                <h>32</h>
              </Icon>
            </IconStyle>
          </Style>
          <Point>
            <coordinates>100.524027982521,13.71972771757195,0</coordinates>
          </Point>
        </Placemark>
        <Placemark>
          <name>ถ.สาทร</name>
          <LookAt>
            <longitude>100.5411030901332</longitude>
            <latitude>13.72328392420733</latitude>
            <range>2319.920094025884</range>
            <tilt>12.09986503876218</tilt>
            <heading>0.0007107909214149694</heading>
          </LookAt>
          <styleUrl>#khStyle676</styleUrl>
          <Style>
            <IconStyle>
              <Icon>
                <href>root://icons/palette-4.png</href>
                <y>128</y>
                <w>32</w>
                <h>32</h>
              </Icon>
            </IconStyle>
          </Style>
          <Point>
            <coordinates>100.5401714215035,13.72456068772807,0</coordinates>
          </Point>
        </Placemark>
        <Placemark>
          <name>ถ.สามเสน</name>
          <LookAt id="khLookAt913">
            <longitude>100.5008612023987</longitude>
            <latitude>13.76314719259801</latitude>
            <range>1122.675294770921</range>
            <tilt>12.09989884461392</tilt>
            <heading>-0.009474444135756885</heading>
          </LookAt>
          <styleUrl>#khStyle905</styleUrl>
          <Point id="khPoint914">
            <coordinates>100.4995992024197,13.76356556182798,0</coordinates>
          </Point>
        </Placemark>
        <Placemark>
          <name>ถ.สามเสน</name>
          <LookAt>
            <longitude>100.5156057176006</longitude>
            <latitude>13.7896840861066</latitude>
            <range>520.0374525642794</range>
            <tilt>12.0998950128122</tilt>
            <heading>-0.005964885310362839</heading>
          </LookAt>
          <styleUrl>#khStyle905</styleUrl>
          <Point>
            <coordinates>100.5163712956475,13.79108510327787,0</coordinates>
          </Point>
        </Placemark>
        <Placemark>
          <name>ถ.สามเสน</name>
          <LookAt>
            <longitude>100.506399661305</longitude>
            <latitude>13.77142502431559</latitude>
            <range>550.6589133575907</range>
            <tilt>12.09989686775055</tilt>
            <heading>-0.008156725740665293</heading>
          </LookAt>
          <styleUrl>#khStyle905</styleUrl>
          <Point>
            <coordinates>100.5060473796996,13.77244060531672,0</coordinates>
          </Point>
        </Placemark>
        <Placemark>
          <name>ถ.สารสิน</name>
          <LookAt>
            <longitude>100.5429023343391</longitude>
            <latitude>13.73356312314198</latitude>
            <range>1146.705386732118</range>
            <tilt>12.09989960100967</tilt>
            <heading>0.0005328638815070175</heading>
          </LookAt>
          <styleUrl>#khStyle808</styleUrl>
          <Style>
            <IconStyle>
              <Icon>
                <href>root://icons/palette-4.png</href>
                <y>128</y>
                <w>32</w>
                <h>32</h>
              </Icon>
            </IconStyle>
          </Style>
          <Point>
            <coordinates>100.5449197441763,13.73398113242099,0</coordinates>
          </Point>
        </Placemark>
        <Placemark>
          <name>สาธุประดิษฐ์</name>
          <LookAt>
            <longitude>100.5345737769593</longitude>
            <latitude>13.68859476719626</latitude>
            <range>1610.498693170584</range>
            <tilt>5.917750541931746e-011</tilt>
            <heading>-0.0006771150084397289</heading>
          </LookAt>
          <styleUrl>#khStyle639</styleUrl>
          <Style>
            <IconStyle>
              <Icon>
                <href>root://icons/palette-4.png</href>
                <y>128</y>
                <w>32</w>
                <h>32</h>
              </Icon>
            </IconStyle>
          </Style>
          <Point>
            <coordinates>100.5340749389843,13.68857221701848,0</coordinates>
          </Point>
        </Placemark>
        <Placemark>
          <name>ถ.สาธุประดิษฐ์</name>
          <LookAt>
            <longitude>100.5303831690192</longitude>
            <latitude>13.70210491818623</latitude>
            <range>765.5755814228784</range>
            <tilt>5.83487170997019e-011</tilt>
            <heading>-0.001668701171219559</heading>
          </LookAt>
          <styleUrl>#khStyle639</styleUrl>
          <Style>
            <IconStyle>
              <Icon>
                <href>root://icons/palette-4.png</href>
                <y>128</y>
                <w>32</w>
                <h>32</h>
              </Icon>
            </IconStyle>
          </Style>
          <Point>
            <coordinates>100.53006907342,13.70317551971105,0</coordinates>
          </Point>
        </Placemark>
        <Placemark>
          <name>ถ.สันติภาพ</name>
          <LookAt>
            <longitude>100.5127653243828</longitude>
            <latitude>13.73956975964508</latitude>
            <range>723.6483577560542</range>
            <tilt>12.09988807618776</tilt>
            <heading>-0.006645956270978005</heading>
          </LookAt>
          <styleUrl>#khStyle905</styleUrl>
          <Point>
            <coordinates>100.5122590809479,13.74220868148343,0</coordinates>
          </Point>
        </Placemark>
        <Placemark>
          <name>ถ.สิบสามห้าง</name>
          <LookAt>
            <longitude>100.4994785389309</longitude>
            <latitude>13.76072254102629</latitude>
            <range>421.3653569991149</range>
            <tilt>-3.270891965411736e-010</tilt>
            <heading>-0.01226506403391495</heading>
          </LookAt>
          <styleUrl>#khStyle905</styleUrl>
          <Point>
            <coordinates>100.4996954513856,13.7604466933562,0</coordinates>
          </Point>
        </Placemark>
        <Placemark>
          <name>ถ.สีลม</name>
          <LookAt>
            <longitude>100.5277466358305</longitude>
            <latitude>13.72671347921922</latitude>
            <range>1738.963052963653</range>
            <tilt>12.0998574457247</tilt>
            <heading>-0.002458990791006912</heading>
          </LookAt>
          <styleUrl>#khStyle756</styleUrl>
          <Style>
            <IconStyle>
              <Icon>
                <href>root://icons/palette-4.png</href>
                <y>128</y>
                <w>32</w>
                <h>32</h>
              </Icon>
            </IconStyle>
          </Style>
          <Point>
            <coordinates>100.5304149361313,13.72678078756361,0</coordinates>
          </Point>
        </Placemark>
        <Placemark>
          <name>ถ.สี่พยา</name>
          <LookAt>
            <longitude>100.5302151746413</longitude>
            <latitude>13.73460464060914</latitude>
            <range>3548.842471411635</range>
            <tilt>12.09985372360083</tilt>
            <heading>-0.001872958868233572</heading>
          </LookAt>
          <styleUrl>#khStyle756</styleUrl>
          <Style>
            <IconStyle>
              <Icon>
                <href>root://icons/palette-4.png</href>
                <y>128</y>
                <w>32</w>
                <h>32</h>
              </Icon>
            </IconStyle>
          </Style>
          <Point>
            <coordinates>100.5248630157835,13.7315218604073,0</coordinates>
          </Point>
        </Placemark>
        <Placemark>
          <name>ถ.สุโขทัย</name>
          <LookAt>
            <longitude>100.5199704348145</longitude>
            <latitude>13.77591465863146</latitude>
            <range>2602.571585876012</range>
            <tilt>12.09989901781817</tilt>
            <heading>-0.004929976131368467</heading>
          </LookAt>
          <styleUrl>#khStyle773</styleUrl>
          <Style>
            <IconStyle>
              <Icon>
                <href>root://icons/palette-4.png</href>
                <y>128</y>
                <w>32</w>
                <h>32</h>
              </Icon>
            </IconStyle>
          </Style>
          <Point>
            <coordinates>100.5236106926299,13.77528377419005,0</coordinates>
          </Point>
        </Placemark>
        <Placemark>
          <name>ถ.สุขุมวิท</name>
          <LookAt>
            <longitude>100.5559049248267</longitude>
            <latitude>13.74165388565085</latitude>
            <range>1866.381109805083</range>
            <tilt>12.09986140805855</tilt>
            <heading>0.004222171832381883</heading>
          </LookAt>
          <styleUrl>#khStyle652</styleUrl>
          <Style>
            <IconStyle>
              <Icon>
                <href>root://icons/palette-4.png</href>
                <y>128</y>
                <w>32</w>
                <h>32</h>
              </Icon>
            </IconStyle>
          </Style>
          <Point>
            <coordinates>100.5541736726925,13.74151537786006,0</coordinates>
          </Point>
        </Placemark>
        <Placemark>
          <name>สุขุมวิท 39 (พร้อมพงษ์)</name>
          <LookAt>
            <longitude>100.5721544946021</longitude>
            <latitude>13.73116203475505</latitude>
            <range>567.2394460794292</range>
            <tilt>-2.893719264336732e-011</tilt>
            <heading>0.008242791966480777</heading>
          </LookAt>
          <styleUrl>#khStyle685</styleUrl>
          <Point>
            <coordinates>100.5713804952215,13.73236382615722,0</coordinates>
          </Point>
        </Placemark>
        <Placemark>
          <name>สุขุมวิท 55 (ทองหล่อ)</name>
          <LookAt>
            <longitude>100.5808934162021</longitude>
            <latitude>13.72741935558448</latitude>
            <range>540.2722802158581</range>
            <tilt>-9.626062445587778e-012</tilt>
            <heading>0.01031654313062832</heading>
          </LookAt>
          <styleUrl>#khStyle662</styleUrl>
          <Style>
            <IconStyle>
              <Icon>
                <href>root://icons/palette-4.png</href>
                <y>128</y>
                <w>32</w>
                <h>32</h>
              </Icon>
            </IconStyle>
          </Style>
          <Point>
            <coordinates>100.5808898215719,13.72903046507065,0</coordinates>
          </Point>
        </Placemark>
        <Placemark>
          <name>สุขุมวิท71 (พระโขนง-คลองตัน)</name>
          <LookAt>
            <longitude>100.5960502317635</longitude>
            <latitude>13.71519589448445</latitude>
            <range>681.345233258565</range>
            <tilt>-1.140755069029647e-010</tilt>
            <heading>0.01391097340005861</heading>
          </LookAt>
          <styleUrl>#khStyle685</styleUrl>
          <Point>
            <coordinates>100.595357283026,13.71645706436339,0</coordinates>
          </Point>
        </Placemark>
        <Placemark>
          <name>สุขุมวิท 77 (อ่อนนุช)</name>
          <LookAt>
            <longitude>100.6024060105168</longitude>
            <latitude>13.71049744204217</latitude>
            <range>1529.688381082286</range>
            <tilt>-1.153924363134487e-010</tilt>
            <heading>0.01541749630631973</heading>
          </LookAt>
          <styleUrl>#khStyle685</styleUrl>
          <Point>
            <coordinates>100.6023729311817,13.71056175869915,0</coordinates>
          </Point>
        </Placemark>
        <Placemark>
          <name>ซ.สุขุมวิท 101/1 (วชิรธรรมสาธิต)</name>
          <LookAt>
            <longitude>100.6150529859399</longitude>
            <latitude>13.68325917012305</latitude>
            <range>1548.19226466888</range>
            <tilt>-1.352810359309877e-010</tilt>
            <heading>0.01844139007166769</heading>
          </LookAt>
          <styleUrl>#khStyle580</styleUrl>
          <Point>
            <coordinates>100.6130970696298,13.68426987178303,0</coordinates>
          </Point>
        </Placemark>
        <Placemark>
          <name>ถ.สุนทรเกษา</name>
          <LookAt>
            <longitude>100.5615066288081</longitude>
            <latitude>13.71636617458722</latitude>
            <range>1243.109597043002</range>
            <tilt>12.09990598522309</tilt>
            <heading>0.004941258625585289</heading>
          </LookAt>
          <styleUrl>#khStyle756</styleUrl>
          <Style>
            <IconStyle>
              <Icon>
                <href>root://icons/palette-4.png</href>
                <y>128</y>
                <w>32</w>
                <h>32</h>
              </Icon>
            </IconStyle>
          </Style>
          <Point>
            <coordinates>100.5616226895718,13.71615291909462,0</coordinates>
          </Point>
        </Placemark>
        <Placemark>
          <name>ถ.สุทธิสาร</name>
          <LookAt>
            <longitude>100.5500718419278</longitude>
            <latitude>13.78879233968693</latitude>
            <range>482.0796178814274</range>
            <tilt>12.09989694084413</tilt>
            <heading>0.002228159438117507</heading>
          </LookAt>
          <styleUrl>#khStyle848</styleUrl>
          <Style>
            <IconStyle>
              <Icon>
                <href>root://icons/palette-4.png</href>
                <y>128</y>
                <w>32</w>
                <h>32</h>
              </Icon>
            </IconStyle>
          </Style>
          <Point>
            <coordinates>100.5502443588382,13.78904410037456,0</coordinates>
          </Point>
        </Placemark>
        <Placemark>
          <name>ถ.สุทธิสาร</name>
          <LookAt>
            <longitude>100.5643237618142</longitude>
            <latitude>13.78939713831601</latitude>
            <range>538.1145260910035</range>
            <tilt>12.09989087463061</tilt>
            <heading>0.005624209621316348</heading>
          </LookAt>
          <styleUrl>#khStyle848</styleUrl>
          <Style>
            <IconStyle>
              <Icon>
                <href>root://icons/palette-4.png</href>
                <y>128</y>
                <w>32</w>
                <h>32</h>
              </Icon>
            </IconStyle>
          </Style>
          <Point>
            <coordinates>100.5643237618142,13.78939713831601,0</coordinates>
          </Point>
        </Placemark>
        <Placemark>
          <name>ถ.สุรวงศ์</name>
          <LookAt>
            <longitude>100.5302151746413</longitude>
            <latitude>13.73460464060914</latitude>
            <range>3548.842471411635</range>
            <tilt>12.09985372360083</tilt>
            <heading>-0.001872958868233572</heading>
          </LookAt>
          <styleUrl>#khStyle756</styleUrl>
          <Style>
            <IconStyle>
              <Icon>
                <href>root://icons/palette-4.png</href>
                <y>128</y>
                <w>32</w>
                <h>32</h>
              </Icon>
            </IconStyle>
          </Style>
          <Point>
            <coordinates>100.5294999805235,13.72906613878372,0</coordinates>
          </Point>
        </Placemark>
        <Placemark>
          <name>ถ.สำราญราษฎร</name>
          <LookAt id="khLookAt897">
            <longitude>100.4999674884444</longitude>
            <latitude>13.75130392180282</latitude>
            <range>956.0548229554951</range>
            <tilt>12.09988922901178</tilt>
            <heading>-0.009687296021738994</heading>
          </LookAt>
          <styleUrl>#khStyle886</styleUrl>
          <Point id="khPoint898">
            <coordinates>100.5033670113168,13.7518461299904,0</coordinates>
          </Point>
        </Placemark>
        <Placemark>
          <name>ถ.เสือป่า</name>
          <LookAt>
            <longitude>100.5099933350727</longitude>
            <latitude>13.74552186937899</latitude>
            <range>809.1391674786556</range>
            <tilt>11.4323142657374</tilt>
            <heading>-0.007119381768570102</heading>
          </LookAt>
          <styleUrl>#khStyle976</styleUrl>
          <Style>
            <IconStyle>
              <Icon>
                <href>root://icons/palette-4.png</href>
                <y>128</y>
                <w>32</w>
                <h>32</h>
              </Icon>
            </IconStyle>
          </Style>
          <Point>
            <coordinates>100.5098915620959,13.74556679967929,0</coordinates>
          </Point>
        </Placemark>
        <Placemark>
          <name>ถ.อโศก</name>
          <LookAt>
            <longitude>100.5661687027527</longitude>
            <latitude>13.73058843957532</latitude>
            <range>2896.424619523858</range>
            <tilt>12.09986176916558</tilt>
            <heading>0.0066580736857751</heading>
          </LookAt>
          <styleUrl>#khStyle697</styleUrl>
          <Point>
            <coordinates>100.5602784631126,13.72923452070152,0</coordinates>
          </Point>
        </Placemark>
        <Placemark>
          <name>ถ.อโศก-ดินแดง</name>
          <LookAt>
            <longitude>100.5660633244585</longitude>
            <latitude>13.73868979931203</latitude>
            <range>1262.492416228889</range>
            <tilt>12.09987196263868</tilt>
            <heading>0.00663312722475649</heading>
          </LookAt>
          <styleUrl>#khStyle690</styleUrl>
          <Style>
            <IconStyle>
              <Icon>
                <href>root://icons/palette-4.png</href>
                <y>128</y>
                <w>32</w>
                <h>32</h>
              </Icon>
            </IconStyle>
          </Style>
          <Point>
            <coordinates>100.5622832213553,13.74021501081353,0</coordinates>
          </Point>
        </Placemark>
        <Placemark>
          <name>ถ.อุดมสุข (สุขุมวิท 103)</name>
          <LookAt>
            <longitude>100.6141358725363</longitude>
            <latitude>13.68076230307644</latitude>
            <range>1687.858884833437</range>
            <tilt>-1.395669644286771e-010</tilt>
            <heading>0.01822440174833573</heading>
          </LookAt>
          <styleUrl>#khStyle573</styleUrl>
          <Style>
            <IconStyle>
              <Icon>
                <href>root://icons/palette-4.png</href>
                <y>128</y>
                <w>32</w>
                <h>32</h>
              </Icon>
            </IconStyle>
            <LabelStyle>
              <color>ffffffff</color>
              <scale>1</scale>
            </LabelStyle>
          </Style>
          <Point>
            <coordinates>100.6133900946491,13.6787092982751,0</coordinates>
          </Point>
        </Placemark>
        <Placemark>
          <name>ถ.อาจณรงค์</name>
          <LookAt>
            <longitude>100.5672866295393</longitude>
            <latitude>13.71385033705099</latitude>
            <range>1238.559490386997</range>
            <tilt>12.099897407672</tilt>
            <heading>0.006311405410228924</heading>
          </LookAt>
          <styleUrl>#khStyle756</styleUrl>
          <Style>
            <IconStyle>
              <Icon>
                <href>root://icons/palette-4.png</href>
                <y>128</y>
                <w>32</w>
                <h>32</h>
              </Icon>
            </IconStyle>
          </Style>
          <Point>
            <coordinates>100.5667581138495,13.71397600660672,0</coordinates>
          </Point>
        </Placemark>
        <Placemark>
          <name>ถ.อังรีดูนังค์</name>
          <LookAt>
            <longitude>100.5364640191636</longitude>
            <latitude>13.7392947712733</latitude>
            <range>3042.403878698186</range>
            <tilt>12.09986995176666</tilt>
            <heading>-0.0003900151489533118</heading>
          </LookAt>
          <styleUrl>#khStyle749</styleUrl>
          <Style>
            <IconStyle>
              <Icon>
                <href>root://icons/palette-4.png</href>
                <y>128</y>
                <w>32</w>
                <h>32</h>
              </Icon>
            </IconStyle>
          </Style>
          <Point>
            <coordinates>100.5351756865794,13.73868529322355,0</coordinates>
          </Point>
        </Placemark>
        <Placemark>
          <name>ถ.เอกมัย</name>
          <LookAt>
            <longitude>100.5866390727933</longitude>
            <latitude>13.7262778957423</latitude>
            <range>1304.452401166666</range>
            <tilt>6.270987963798066e-011</tilt>
            <heading>0.01167778962326865</heading>
          </LookAt>
          <styleUrl>#khStyle756</styleUrl>
          <Style>
            <IconStyle>
              <Icon>
                <href>root://icons/palette-4.png</href>
                <y>128</y>
                <w>32</w>
                <h>32</h>
              </Icon>
            </IconStyle>
          </Style>
          <Point>
            <coordinates>100.5857271676427,13.7285623990898,0</coordinates>
          </Point>
        </Placemark>
        <Placemark>
          <name>ถ.เอกมัย</name>
          <LookAt>
            <longitude>100.5912227641543</longitude>
            <latitude>13.742275254166</latitude>
            <range>1168.630192122383</range>
            <tilt>5.463500682687166e-011</tilt>
            <heading>0.01276760250458681</heading>
          </LookAt>
          <styleUrl>#khStyle756</styleUrl>
          <Style>
            <IconStyle>
              <Icon>
                <href>root://icons/palette-4.png</href>
                <y>128</y>
                <w>32</w>
                <h>32</h>
              </Icon>
            </IconStyle>
          </Style>
          <Point>
            <coordinates>100.5896250239128,13.74042023984012,0</coordinates>
          </Point>
        </Placemark>
        <Placemark>
          <name>ถ.อัษฎางค์</name>
          <LookAt>
            <longitude>100.4972177257947</longitude>
            <latitude>13.74948947298636</latitude>
            <range>155.4063193792838</range>
            <tilt>12.09989210536006</tilt>
            <heading>-0.01034015435526598</heading>
          </LookAt>
          <styleUrl>#khStyle905</styleUrl>
          <Point>
            <coordinates>100.496859369502,13.74953933015253,0</coordinates>
          </Point>
        </Placemark>
      </Folder>
      <Folder>
        <name>Road_AddUP</name>
        <Placemark id="khPlacemark1353">
          <name>คลองบางกอกน้อย</name>
          <LookAt id="khLookAt1354">
            <longitude>100.4803788083937</longitude>
            <latitude>13.76316158057423</latitude>
            <range>1077.400865586875</range>
            <tilt>-3.845849593748352e-011</tilt>
            <heading>-0.01434769347682407</heading>
          </LookAt>
          <styleUrl>#khStyle583</styleUrl>
          <Style id="khStyle1355">
            <IconStyle id="khIconStyle1356">
              <Icon>
                <href>root://icons/palette-4.png</href>
                <x>32</x>
                <y>128</y>
                <w>32</w>
                <h>32</h>
              </Icon>
            </IconStyle>
            <LabelStyle id="khLabelStyle1358">
              <color>ff7fff00</color>
            </LabelStyle>
          </Style>
          <Point id="khPoint1362">
            <coordinates>100.4803713120147,13.76199535971307,0</coordinates>
          </Point>
        </Placemark>
        <Placemark id="khPlacemark733">
          <name>คลองบางกอกใหญ่</name>
          <LookAt id="khLookAt734">
            <longitude>100.4709001580008</longitude>
            <latitude>13.72418814170784</latitude>
            <range>1658.375577887864</range>
            <tilt>9.133038052604977e-011</tilt>
            <heading>-0.02463552892216406</heading>
          </LookAt>
          <styleUrl>#khStyle583</styleUrl>
          <Style id="khStyle736">
            <IconStyle id="khIconStyle738">
              <Icon>
                <href>root://icons/palette-4.png</href>
                <x>32</x>
                <y>128</y>
                <w>32</w>
                <h>32</h>
              </Icon>
            </IconStyle>
            <LabelStyle id="khLabelStyle740">
              <color>ff7fff00</color>
            </LabelStyle>
          </Style>
          <Point id="khPoint744">
            <coordinates>100.4748390859108,13.72220842710696,0</coordinates>
          </Point>
        </Placemark>
        <Placemark id="khPlacemark1315">
          <name>คลองบางกอกใหญ่</name>
          <LookAt id="khLookAt1316">
            <longitude>100.4890917299813</longitude>
            <latitude>13.73971572559948</latitude>
            <range>1167.136157245786</range>
            <tilt>4.953618815239043e-011</tilt>
            <heading>-0.0122760225154568</heading>
          </LookAt>
          <styleUrl>#khStyle583</styleUrl>
          <Style id="khStyle1317">
            <IconStyle id="khIconStyle1318">
              <Icon>
                <href>root://icons/palette-4.png</href>
                <x>32</x>
                <y>128</y>
                <w>32</w>
                <h>32</h>
              </Icon>
            </IconStyle>
            <LabelStyle id="khLabelStyle1320">
              <color>ff7fff00</color>
            </LabelStyle>
          </Style>
          <Point id="khPoint1325">
            <coordinates>100.4886610129558,13.73720202699838,0</coordinates>
          </Point>
        </Placemark>
        <Placemark id="khPlacemark868">
          <name>คลองบางเขน</name>
          <LookAt id="khLookAt869">
            <longitude>100.5406519337288</longitude>
            <latitude>13.84853187992438</latitude>
            <range>622.2462213358056</range>
            <tilt>-9.625945671562347e-022</tilt>
            <heading>4.24627092392571e-006</heading>
          </LookAt>
          <styleUrl>#khStyle583</styleUrl>
          <Style>
            <IconStyle>
              <Icon>
                <href>root://icons/palette-4.png</href>
                <x>32</x>
                <y>128</y>
                <w>32</w>
                <h>32</h>
              </Icon>
            </IconStyle>
            <LabelStyle>
              <color>ff7fff00</color>
            </LabelStyle>
          </Style>
          <Point id="khPoint877">
            <coordinates>100.5409445731079,13.84851430472675,0</coordinates>
          </Point>
        </Placemark>
        <Placemark id="khPlacemark1427">
          <name>คลองบางขุนศรี</name>
          <LookAt id="khLookAt1428">
            <longitude>100.4622924901654</longitude>
            <latitude>13.74351745099798</latitude>
            <range>581.1183831132576</range>
            <tilt>7.261460506144865e-011</tilt>
            <heading>-0.01864772404433402</heading>
          </LookAt>
          <styleUrl>#khStyle583</styleUrl>
          <Style id="khStyle1429">
            <IconStyle id="khIconStyle1430">
              <Icon>
                <href>root://icons/palette-4.png</href>
                <x>32</x>
                <y>128</y>
                <w>32</w>
                <h>32</h>
              </Icon>
            </IconStyle>
            <LabelStyle id="khLabelStyle1432">
              <color>ff7fff00</color>
            </LabelStyle>
          </Style>
          <Point id="khPoint1436">
            <coordinates>100.4619692663286,13.7422925313033,0</coordinates>
          </Point>
        </Placemark>
        <Placemark>
          <name>คลองบางเขน</name>
          <LookAt>
            <longitude>100.5888002085282</longitude>
            <latitude>13.86320696805689</latitude>
            <range>2838.901151007345</range>
            <tilt>-3.106033283478876e-011</tilt>
            <heading>0.002976582832723352</heading>
          </LookAt>
          <styleUrl>#khStyle583</styleUrl>
          <Style>
            <IconStyle>
              <Icon>
                <href>root://icons/palette-4.png</href>
                <x>32</x>
                <y>128</y>
                <w>32</w>
                <h>32</h>
              </Icon>
            </IconStyle>
            <LabelStyle>
              <color>ff7fff00</color>
            </LabelStyle>
          </Style>
          <Point>
            <coordinates>100.5806380296871,13.8576582259267,0</coordinates>
          </Point>
        </Placemark>
        <Placemark>
          <name>คลองบางซื่อ</name>
          <LookAt>
            <longitude>100.5224082792819</longitude>
            <latitude>13.80036872477887</latitude>
            <range>720.3718309142504</range>
            <tilt>-6.949620173637838e-011</tilt>
            <heading>-0.01287577644736376</heading>
          </LookAt>
          <styleUrl>#khStyle583</styleUrl>
          <Style>
            <IconStyle>
              <Icon>
                <href>root://icons/palette-4.png</href>
                <x>32</x>
                <y>128</y>
                <w>32</w>
                <h>32</h>
              </Icon>
            </IconStyle>
            <LabelStyle>
              <color>ff7fff00</color>
            </LabelStyle>
          </Style>
          <Point>
            <coordinates>100.5223927500291,13.79980093235144,0</coordinates>
          </Point>
        </Placemark>
        <Placemark id="khPlacemark621">
          <name>คลองบางแพรก</name>
          <LookAt id="khLookAt622">
            <longitude>100.4942751232385</longitude>
            <latitude>13.84892592895776</latitude>
            <range>259.4809683390915</range>
            <tilt>4.003348789452054e-011</tilt>
            <heading>-0.002302359796060062</heading>
          </LookAt>
          <styleUrl>#khStyle583</styleUrl>
          <Style id="khStyle624">
            <IconStyle id="khIconStyle627">
              <Icon>
                <href>root://icons/palette-4.png</href>
                <x>32</x>
                <y>128</y>
                <w>32</w>
                <h>32</h>
              </Icon>
            </IconStyle>
            <LabelStyle id="khLabelStyle629">
              <color>ff7fff00</color>
            </LabelStyle>
          </Style>
          <Point id="khPoint633">
            <coordinates>100.4946260196116,13.84904254569574,0</coordinates>
          </Point>
        </Placemark>
        <Placemark id="khPlacemark757">
          <name>คลองประปา</name>
          <LookAt id="khLookAt758">
            <longitude>100.5377277310524</longitude>
            <latitude>13.79850247103924</latitude>
            <range>1526.67160964352</range>
            <tilt>-2.685714869965969e-011</tilt>
            <heading>-0.009223088887440943</heading>
          </LookAt>
          <styleUrl>#khStyle583</styleUrl>
          <Style>
            <IconStyle>
              <Icon>
                <href>root://icons/palette-4.png</href>
                <x>32</x>
                <y>128</y>
                <w>32</w>
                <h>32</h>
              </Icon>
            </IconStyle>
            <LabelStyle>
              <color>ff7fff00</color>
            </LabelStyle>
          </Style>
          <Point id="khPoint766">
            <coordinates>100.5362379978549,13.79792349980864,0</coordinates>
          </Point>
        </Placemark>
        <Placemark id="khPlacemark549">
          <name>คลองประปา</name>
          <LookAt id="khLookAt752">
            <longitude>100.5475391154693</longitude>
            <latitude>13.87864109808641</latitude>
            <range>6027.798293614933</range>
            <tilt>-2.219050123190875e-011</tilt>
            <heading>-0.006899243886732107</heading>
          </LookAt>
          <styleUrl>#khStyle583</styleUrl>
          <Style>
            <IconStyle>
              <Icon>
                <href>root://icons/palette-4.png</href>
                <x>32</x>
                <y>128</y>
                <w>32</w>
                <h>32</h>
              </Icon>
            </IconStyle>
            <LabelStyle>
              <color>ff7fff00</color>
            </LabelStyle>
          </Style>
          <Point id="khPoint753">
            <coordinates>100.5554325966359,13.90015448369214,0</coordinates>
          </Point>
        </Placemark>
        <Placemark>
          <name>คลองประปา</name>
          <LookAt id="khLookAt556">
            <longitude>100.5379817437956</longitude>
            <latitude>13.81898765658903</latitude>
            <range>833.0365265339042</range>
            <tilt>-2.831002054003518e-011</tilt>
            <heading>-0.009161263932030334</heading>
          </LookAt>
          <styleUrl>#khStyle583</styleUrl>
          <Style>
            <IconStyle>
              <Icon>
                <href>root://icons/palette-4.png</href>
                <x>32</x>
                <y>128</y>
                <w>32</w>
                <h>32</h>
              </Icon>
            </IconStyle>
            <LabelStyle>
              <color>ff7fff00</color>
            </LabelStyle>
          </Style>
          <Point id="khPoint557">
            <coordinates>100.5367912699289,13.82105243108171,0</coordinates>
          </Point>
        </Placemark>
        <Placemark id="khPlacemark1758">
          <name>คลองประเวศบุรีรมย์</name>
          <LookAt id="khLookAt1759">
            <longitude>100.6423544370671</longitude>
            <latitude>13.71909369253875</latitude>
            <range>1657.056030457486</range>
            <tilt>-3.748534682197168e-011</tilt>
            <heading>0.01555625931325025</heading>
          </LookAt>
          <styleUrl>#khStyle583</styleUrl>
          <Style id="khStyle1760">
            <IconStyle id="khIconStyle1761">
              <Icon>
                <href>root://icons/palette-4.png</href>
                <x>32</x>
                <y>128</y>
                <w>32</w>
                <h>32</h>
              </Icon>
            </IconStyle>
            <LabelStyle id="khLabelStyle1763">
              <color>ff7fff00</color>
            </LabelStyle>
          </Style>
          <Point id="khPoint1767">
            <coordinates>100.6502219665869,13.71771868975423,0</coordinates>
          </Point>
        </Placemark>
        <Placemark id="khPlacemark773">
          <name>คลองภาษีเจริญ</name>
          <LookAt id="khLookAt774">
            <longitude>100.4709001580008</longitude>
            <latitude>13.72418814170784</latitude>
            <range>1658.375577887864</range>
            <tilt>9.133038052604977e-011</tilt>
            <heading>-0.02463552892216406</heading>
          </LookAt>
          <styleUrl>#khStyle583</styleUrl>
          <Style id="khStyle775">
            <IconStyle id="khIconStyle776">
              <Icon>
                <href>root://icons/palette-4.png</href>
                <x>32</x>
                <y>128</y>
                <w>32</w>
                <h>32</h>
              </Icon>
            </IconStyle>
            <LabelStyle id="khLabelStyle778">
              <color>ff7fff00</color>
            </LabelStyle>
          </Style>
          <Point id="khPoint782">
            <coordinates>100.4672018132576,13.72148846729877,0</coordinates>
          </Point>
        </Placemark>
        <Placemark id="khPlacemark812">
          <name>คลองภาษีเจริญ</name>
          <LookAt id="khLookAt813">
            <longitude>100.4130881816241</longitude>
            <latitude>13.70339760432138</latitude>
            <range>895.0756597961999</range>
            <tilt>6.667625250816231e-011</tilt>
            <heading>-0.03833506335871954</heading>
          </LookAt>
          <styleUrl>#khStyle583</styleUrl>
          <Style id="khStyle814">
            <IconStyle id="khIconStyle815">
              <Icon>
                <href>root://icons/palette-4.png</href>
                <x>32</x>
                <y>128</y>
                <w>32</w>
                <h>32</h>
              </Icon>
            </IconStyle>
            <LabelStyle id="khLabelStyle817">
              <color>ff7fff00</color>
            </LabelStyle>
          </Style>
          <Point id="khPoint821">
            <coordinates>100.4121098161212,13.70206384692095,0</coordinates>
          </Point>
        </Placemark>
        <Placemark id="khPlacemark1539">
          <name>คลองมหานาค</name>
          <LookAt id="khLookAt1540">
            <longitude>100.5132477124814</longitude>
            <latitude>13.75248219963339</latitude>
            <range>847.8870967621064</range>
            <tilt>-5.151078863520287e-011</tilt>
            <heading>-0.01504450545903802</heading>
          </LookAt>
          <styleUrl>#khStyle583</styleUrl>
          <Style id="khStyle1541">
            <IconStyle id="khIconStyle1542">
              <Icon>
                <href>root://icons/palette-4.png</href>
                <x>32</x>
                <y>128</y>
                <w>32</w>
                <h>32</h>
              </Icon>
            </IconStyle>
            <LabelStyle id="khLabelStyle1544">
              <color>ff7fff00</color>
            </LabelStyle>
          </Style>
          <Point id="khPoint1548">
            <coordinates>100.5149530806443,13.75348023240924,0</coordinates>
          </Point>
        </Placemark>
        <Placemark id="khPlacemark1502">
          <name>คลองผดุงกรุงเกษม</name>
          <LookAt id="khLookAt1503">
            <longitude>100.5136815884235</longitude>
            <latitude>13.73607855218127</latitude>
            <range>1913.733564412937</range>
            <tilt>-3.173908411026321e-011</tilt>
            <heading>-0.01494025185965403</heading>
          </LookAt>
          <styleUrl>#khStyle583</styleUrl>
          <Style id="khStyle1504">
            <IconStyle id="khIconStyle1505">
              <Icon>
                <href>root://icons/palette-4.png</href>
                <x>32</x>
                <y>128</y>
                <w>32</w>
                <h>32</h>
              </Icon>
            </IconStyle>
            <LabelStyle id="khLabelStyle1507">
              <color>ff7fff00</color>
            </LabelStyle>
          </Style>
          <Point id="khPoint1511">
            <coordinates>100.5160234488945,13.73844885997069,0</coordinates>
          </Point>
        </Placemark>
        <Placemark id="khPlacemark1464">
          <name>คลองผดุงกรุงเกษม</name>
          <LookAt id="khLookAt1465">
            <longitude>100.5046321187051</longitude>
            <latitude>13.76575094234592</latitude>
            <range>1982.35596668753</range>
            <tilt>-4.7820207879489e-011</tilt>
            <heading>-0.01709498799837931</heading>
          </LookAt>
          <styleUrl>#khStyle583</styleUrl>
          <Style id="khStyle1466">
            <IconStyle id="khIconStyle1467">
              <Icon>
                <href>root://icons/palette-4.png</href>
                <x>32</x>
                <y>128</y>
                <w>32</w>
                <h>32</h>
              </Icon>
            </IconStyle>
            <LabelStyle id="khLabelStyle1469">
              <color>ff7fff00</color>
            </LabelStyle>
          </Style>
          <Point id="khPoint1473">
            <coordinates>100.5060227787019,13.76759015980459,0</coordinates>
          </Point>
        </Placemark>
        <Placemark id="khPlacemark1687">
          <name>คลองพระโขนง</name>
          <LookAt id="khLookAt1742">
            <longitude>100.6350979009809</longitude>
            <latitude>13.7180503941568</latitude>
            <range>1730.990932979255</range>
            <tilt>-3.402121177144836e-011</tilt>
            <heading>0.01383610906346488</heading>
          </LookAt>
          <styleUrl>#khStyle583</styleUrl>
          <Style id="khStyle1743">
            <IconStyle id="khIconStyle1744">
              <Icon>
                <href>root://icons/palette-4.png</href>
                <x>32</x>
                <y>128</y>
                <w>32</w>
                <h>32</h>
              </Icon>
            </IconStyle>
            <LabelStyle id="khLabelStyle1746">
              <color>ff7fff00</color>
            </LabelStyle>
          </Style>
          <Point id="khPoint1750">
            <coordinates>100.6348344467716,13.71460040426744,0</coordinates>
          </Point>
        </Placemark>
        <Placemark id="khPlacemark1650">
          <name>คลองพระโขนง</name>
          <LookAt id="khLookAt1651">
            <longitude>100.5889195064024</longitude>
            <latitude>13.70432442895566</latitude>
            <range>2069.707769133089</range>
            <tilt>-3.117913679048732e-011</tilt>
            <heading>0.002897926357025582</heading>
          </LookAt>
          <styleUrl>#khStyle583</styleUrl>
          <Style id="khStyle1652">
            <IconStyle id="khIconStyle1653">
              <Icon>
                <href>root://icons/palette-4.png</href>
                <x>32</x>
                <y>128</y>
                <w>32</w>
                <h>32</h>
              </Icon>
            </IconStyle>
            <LabelStyle id="khLabelStyle1655">
              <color>ff7fff00</color>
            </LabelStyle>
          </Style>
          <Point id="khPoint1659">
            <coordinates>100.5861783851166,13.7047320197345,0</coordinates>
          </Point>
        </Placemark>
        <Placemark id="khPlacemark1390">
          <name>คลองมอญ</name>
          <LookAt id="khLookAt1391">
            <longitude>100.4799681572285</longitude>
            <latitude>13.74652864460359</latitude>
            <range>564.6433865406922</range>
            <tilt>4.397615364779503e-011</tilt>
            <heading>-0.01444694912899291</heading>
          </LookAt>
          <styleUrl>#khStyle583</styleUrl>
          <Style id="khStyle1392">
            <IconStyle id="khIconStyle1393">
              <Icon>
                <href>root://icons/palette-4.png</href>
                <x>32</x>
                <y>128</y>
                <w>32</w>
                <h>32</h>
              </Icon>
            </IconStyle>
            <LabelStyle id="khLabelStyle1395">
              <color>ff7fff00</color>
            </LabelStyle>
          </Style>
          <Point id="khPoint1399">
            <coordinates>100.482092410071,13.74586923479889,0</coordinates>
          </Point>
        </Placemark>
        <Placemark id="khPlacemark588">
          <name>คลองลาดพร้าว</name>
          <LookAt id="khLookAt811">
            <longitude>100.5898221332339</longitude>
            <latitude>13.76459527486612</latitude>
            <range>4273.265363652704</range>
            <tilt>-1.866337187373223e-011</tilt>
            <heading>0.003085080151022277</heading>
          </LookAt>
          <styleUrl>#khStyle583</styleUrl>
          <Style id="khStyle812">
            <IconStyle id="khIconStyle813">
              <Icon>
                <href>root://icons/palette-4.png</href>
                <x>32</x>
                <y>128</y>
                <w>32</w>
                <h>32</h>
              </Icon>
            </IconStyle>
            <LabelStyle id="khLabelStyle815">
              <color>ff7fff00</color>
            </LabelStyle>
          </Style>
          <Point id="khPoint819">
            <coordinates>100.5978234049478,13.75721270911159,0</coordinates>
          </Point>
        </Placemark>
        <Placemark id="khPlacemark794">
          <name>คลองเปรมประชากร</name>
          <LookAt id="khLookAt795">
            <longitude>100.5447772051679</longitude>
            <latitude>13.81400864974341</latitude>
            <range>2964.577892435484</range>
            <tilt>-4.982019812250557e-011</tilt>
            <heading>-0.007543249573943527</heading>
          </LookAt>
          <styleUrl>#khStyle583</styleUrl>
          <Style>
            <IconStyle>
              <Icon>
                <href>root://icons/palette-4.png</href>
                <x>32</x>
                <y>128</y>
                <w>32</w>
                <h>32</h>
              </Icon>
            </IconStyle>
            <LabelStyle>
              <color>ff7fff00</color>
            </LabelStyle>
          </Style>
          <Point id="khPoint803">
            <coordinates>100.5408164711961,13.81429917046603,0</coordinates>
          </Point>
        </Placemark>
        <Placemark id="khPlacemark831">
          <name>คลองเปรมประชากร</name>
          <LookAt id="khLookAt832">
            <longitude>100.5555711848376</longitude>
            <latitude>13.85612464861431</latitude>
            <range>3080.621769176411</range>
            <tilt>-3.536871998902602e-011</tilt>
            <heading>-0.004974886057820234</heading>
          </LookAt>
          <styleUrl>#khStyle583</styleUrl>
          <Style>
            <IconStyle>
              <Icon>
                <href>root://icons/palette-4.png</href>
                <x>32</x>
                <y>128</y>
                <w>32</w>
                <h>32</h>
              </Icon>
            </IconStyle>
            <LabelStyle>
              <color>ff7fff00</color>
            </LabelStyle>
          </Style>
          <Point id="khPoint840">
            <coordinates>100.5605009853047,13.8501479891711,0</coordinates>
          </Point>
        </Placemark>
        <Placemark>
          <name>คลองลาดพร้าว</name>
          <LookAt>
            <longitude>100.575567214012</longitude>
            <latitude>13.80073125044378</latitude>
            <range>4320.093714235563</range>
            <tilt>-1.933650897337478e-012</tilt>
            <heading>-0.000314733352555273</heading>
          </LookAt>
          <styleUrl>#khStyle583</styleUrl>
          <Style>
            <IconStyle>
              <Icon>
                <href>root://icons/palette-4.png</href>
                <x>32</x>
                <y>128</y>
                <w>32</w>
                <h>32</h>
              </Icon>
            </IconStyle>
            <LabelStyle>
              <color>ff7fff00</color>
            </LabelStyle>
          </Style>
          <Point>
            <coordinates>100.5884706032331,13.80516071128942,0</coordinates>
          </Point>
        </Placemark>
        <Placemark id="khPlacemark564">
          <name>คลองสามเสน</name>
          <LookAt id="khLookAt565">
            <longitude>100.5244128280264</longitude>
            <latitude>13.77670358968462</latitude>
            <range>563.3689339647756</range>
            <tilt>2.403895687712724e-011</tilt>
            <heading>-0.01242653225625904</heading>
          </LookAt>
          <styleUrl>#khStyle583</styleUrl>
          <Style>
            <IconStyle>
              <Icon>
                <href>root://icons/palette-4.png</href>
                <x>32</x>
                <y>128</y>
                <w>32</w>
                <h>32</h>
              </Icon>
            </IconStyle>
            <LabelStyle>
              <color>ff7fff00</color>
            </LabelStyle>
          </Style>
          <Point id="khPoint566">
            <coordinates>100.5258673587211,13.77576223359353,0</coordinates>
          </Point>
        </Placemark>
        <Placemark>
          <name>คลองสามเสน</name>
          <LookAt>
            <longitude>100.5085571717218</longitude>
            <latitude>13.78264560578472</latitude>
            <range>2410.5971782273</range>
            <tilt>1.287388198478891e-011</tilt>
            <heading>-0.01620265733651451</heading>
          </LookAt>
          <styleUrl>#khStyle583</styleUrl>
          <Style>
            <IconStyle>
              <Icon>
                <href>root://icons/palette-4.png</href>
                <x>32</x>
                <y>128</y>
                <w>32</w>
                <h>32</h>
              </Icon>
            </IconStyle>
            <LabelStyle>
              <color>ff7fff00</color>
            </LabelStyle>
          </Style>
          <Point>
            <coordinates>100.5130730885907,13.78186787915459,0</coordinates>
          </Point>
        </Placemark>
        <Placemark id="khPlacemark579">
          <name>คลองสามเสนใน</name>
          <LookAt id="khLookAt580">
            <longitude>100.5507845198257</longitude>
            <latitude>13.75765464669095</latitude>
            <range>904.8530316882573</range>
            <tilt>-2.477103305408247e-011</tilt>
            <heading>-0.006186954329838808</heading>
          </LookAt>
          <styleUrl>#khStyle583</styleUrl>
          <Style>
            <IconStyle>
              <Icon>
                <href>root://icons/palette-4.png</href>
                <x>32</x>
                <y>128</y>
                <w>32</w>
                <h>32</h>
              </Icon>
            </IconStyle>
            <LabelStyle>
              <color>ff7fff00</color>
            </LabelStyle>
          </Style>
          <Point id="khPoint581">
            <coordinates>100.5498880254822,13.75882388287081,0</coordinates>
          </Point>
        </Placemark>
        <Placemark>
          <name>คลองสามเสนใน</name>
          <LookAt>
            <longitude>100.5684102643313</longitude>
            <latitude>13.76127286857057</latitude>
            <range>7841.498779370989</range>
            <tilt>-1.341726388243463e-011</tilt>
            <heading>-0.002000122154216725</heading>
          </LookAt>
          <styleUrl>#khStyle583</styleUrl>
          <Style>
            <LabelStyle>
              <color>ff7fff00</color>
            </LabelStyle>
          </Style>
          <Point>
            <coordinates>100.5841376315977,13.75289030845059,0</coordinates>
          </Point>
        </Placemark>
        <Placemark id="khPlacemark1576">
          <name>คลองแสนแสบ</name>
          <LookAt id="khLookAt1577">
            <longitude>100.5255085190883</longitude>
            <latitude>13.75000938767514</latitude>
            <range>898.4036062354763</range>
            <tilt>-4.118584630827618e-011</tilt>
            <heading>-0.01213052171699491</heading>
          </LookAt>
          <styleUrl>#khStyle583</styleUrl>
          <Style id="khStyle1578">
            <IconStyle id="khIconStyle1579">
              <Icon>
                <href>root://icons/palette-4.png</href>
                <x>32</x>
                <y>128</y>
                <w>32</w>
                <h>32</h>
              </Icon>
            </IconStyle>
            <LabelStyle id="khLabelStyle1581">
              <color>ff7fff00</color>
            </LabelStyle>
          </Style>
          <Point id="khPoint1585">
            <coordinates>100.5292550655357,13.74921547270055,0</coordinates>
          </Point>
        </Placemark>
        <Placemark id="khPlacemark1613">
          <name>คลองแสนแสบ</name>
          <LookAt id="khLookAt1614">
            <longitude>100.5983498379881</longitude>
            <latitude>13.74615514912329</latitude>
            <range>2113.473408281972</range>
            <tilt>-4.824344592663934e-011</tilt>
            <heading>0.005160175723685473</heading>
          </LookAt>
          <styleUrl>#khStyle583</styleUrl>
          <Style id="khStyle1615">
            <IconStyle id="khIconStyle1616">
              <Icon>
                <href>root://icons/palette-4.png</href>
                <x>32</x>
                <y>128</y>
                <w>32</w>
                <h>32</h>
              </Icon>
            </IconStyle>
            <LabelStyle id="khLabelStyle1618">
              <color>ff7fff00</color>
            </LabelStyle>
          </Style>
          <Point id="khPoint1622">
            <coordinates>100.5950055903005,13.74135001575517,0</coordinates>
          </Point>
        </Placemark>
        <Placemark id="khPlacemark634">
          <name>ซ.จรัลสนทวงศ์ 75</name>
          <description>ภาณุรังษี</description>
          <LookAt id="khLookAt635">
            <longitude>100.5001769214203</longitude>
            <latitude>13.7882203138768</latitude>
            <range>352.7282310842717</range>
            <tilt>-5.053175598437045e-011</tilt>
            <heading>-0.01747589400335292</heading>
          </LookAt>
          <styleUrl>root://styleMaps#default+nicon=0x307+hicon=0x317</styleUrl>
          <Style id="khStyle636">
            <IconStyle id="khIconStyle637">
              <Icon>
                <href>root://icons/palette-4.png</href>
                <x>64</x>
                <y>128</y>
                <w>32</w>
                <h>32</h>
              </Icon>
            </IconStyle>
            <LabelStyle id="khLabelStyle639">
              <color>ff7fffff</color>
              <scale>0.8999999761581421</scale>
            </LabelStyle>
          </Style>
          <Point id="khPoint643">
            <coordinates>100.5006071237904,13.78818022555389,0</coordinates>
          </Point>
        </Placemark>
        <Placemark id="khPlacemark597">
          <name>ซ.จรัลสนทวงศ์ 65</name>
          <LookAt id="khLookAt598">
            <longitude>100.4919974458644</longitude>
            <latitude>13.78274655996835</latitude>
            <range>625.5624709896001</range>
            <tilt>-5.38400162334917e-011</tilt>
            <heading>-0.0194251838077127</heading>
          </LookAt>
          <styleUrl>root://styleMaps#default+nicon=0x307+hicon=0x317</styleUrl>
          <Style id="khStyle599">
            <IconStyle id="khIconStyle600">
              <Icon>
                <href>root://icons/palette-4.png</href>
                <y>128</y>
                <w>32</w>
                <h>32</h>
              </Icon>
            </IconStyle>
            <LabelStyle id="khLabelStyle602">
              <color>ff7fffff</color>
            </LabelStyle>
          </Style>
          <Point id="khPoint606">
            <coordinates>100.4915431377761,13.78273050930608,0</coordinates>
          </Point>
        </Placemark>
        <Placemark id="khPlacemark560">
          <name>ซ.จรัลสนทวงศ์ 35</name>
          <LookAt id="khLookAt561">
            <longitude>100.4705416777454</longitude>
            <latitude>13.75932413609814</latitude>
            <range>635.0730113689251</range>
            <tilt>-9.368428878208836e-011</tilt>
            <heading>-0.0246174207157525</heading>
          </LookAt>
          <styleUrl>root://styleMaps#default+nicon=0x307+hicon=0x317</styleUrl>
          <Style id="khStyle562">
            <IconStyle id="khIconStyle563">
              <Icon>
                <href>root://icons/palette-4.png</href>
                <y>128</y>
                <w>32</w>
                <h>32</h>
              </Icon>
            </IconStyle>
            <LabelStyle id="khLabelStyle565">
              <color>ff7fffff</color>
            </LabelStyle>
          </Style>
          <Point id="khPoint569">
            <coordinates>100.4698002763588,13.75924336057958,0</coordinates>
          </Point>
        </Placemark>
        <Placemark>
          <name>ซ.จรัลสนทวงศ์ 13</name>
          <LookAt>
            <longitude>100.470773071318</longitude>
            <latitude>13.74199802013894</latitude>
            <range>1083.500429903923</range>
            <tilt>4.415513200956369e-011</tilt>
            <heading>-0.0246633426890331</heading>
          </LookAt>
          <styleUrl>root://styleMaps#default+nicon=0x307+hicon=0x317</styleUrl>
          <Style>
            <IconStyle>
              <Icon>
                <href>root://icons/palette-4.png</href>
                <y>128</y>
                <w>32</w>
                <h>32</h>
              </Icon>
            </IconStyle>
            <LabelStyle>
              <color>ff7fffff</color>
            </LabelStyle>
          </Style>
          <Point>
            <coordinates>100.470653106822,13.7411728921874,0</coordinates>
          </Point>
        </Placemark>
        <Placemark id="khPlacemark726">
          <name>ซ.วัดเทพลีลา</name>
          <LookAt id="khLookAt727">
            <longitude>100.6098736361296</longitude>
            <latitude>13.76180097854773</latitude>
            <range>1349.736083204775</range>
            <tilt>-5.41730705041906e-011</tilt>
            <heading>0.008572247904442408</heading>
          </LookAt>
          <styleUrl>root://styleMaps#default+nicon=0x307+hicon=0x317</styleUrl>
          <Style id="khStyle729">
            <IconStyle id="khIconStyle731">
              <Icon>
                <href>root://icons/palette-4.png</href>
                <y>128</y>
                <w>32</w>
                <h>32</h>
              </Icon>
            </IconStyle>
            <LabelStyle id="khLabelStyle733">
              <color>ff7fffff</color>
            </LabelStyle>
          </Style>
          <Point id="khPoint737">
            <coordinates>100.6123068362928,13.75997804599038,0</coordinates>
          </Point>
        </Placemark>
        <Placemark>
          <name>ถ.กรุงธนบุรี</name>
          <LookAt>
            <longitude>100.4999935067838</longitude>
            <latitude>13.72122937696969</latitude>
            <range>402.5062827614116</range>
            <tilt>-5.400430093570275e-011</tilt>
            <heading>-0.01775337086851304</heading>
          </LookAt>
          <styleUrl>#khStyle897</styleUrl>
          <Point>
            <coordinates>100.5001229363328,13.72081926476021,0</coordinates>
          </Point>
        </Placemark>
        <Placemark>
          <name>ถ.กรุงเทพ-นนทบุรี</name>
          <LookAt>
            <longitude>100.5186855467726</longitude>
            <latitude>13.83869734711482</latitude>
            <range>1708.575590891854</range>
            <tilt>-5.285700282208288e-011</tilt>
            <heading>-0.01381750767251416</heading>
          </LookAt>
          <styleUrl>#khStyle583</styleUrl>
          <Point>
            <coordinates>100.5207010519884,13.83480962440393,0</coordinates>
          </Point>
        </Placemark>
        <Placemark id="khPlacemark790">
          <name>ถ.เกษตร-นวมินทร์</name>
          <LookAt id="khLookAt791">
            <longitude>100.6423349811618</longitude>
            <latitude>13.81752416530913</latitude>
            <range>2194.412808894443</range>
            <tilt>12.09989433810198</tilt>
            <heading>0.0244033451783032</heading>
          </LookAt>
          <styleUrl>#khStyle583</styleUrl>
          <Point id="khPoint792">
            <coordinates>100.6436126732464,13.81470952982265,0</coordinates>
          </Point>
        </Placemark>
        <Placemark>
          <name>ถ.เกษตร-นวมินทร์</name>
          <LookAt>
            <longitude>100.6154702600409</longitude>
            <latitude>13.83360937582753</latitude>
            <range>4019.051136146577</range>
            <tilt>12.09989892777941</tilt>
            <heading>0.01798100466734123</heading>
          </LookAt>
          <styleUrl>#khStyle583</styleUrl>
          <Point>
            <coordinates>100.6139475207324,13.83149755838475,0</coordinates>
          </Point>
        </Placemark>
        <Placemark>
          <name>ถ.กำแพงเพชร</name>
          <LookAt>
            <longitude>100.5488723406224</longitude>
            <latitude>13.80132473711582</latitude>
            <range>3151.364733896908</range>
            <tilt>12.09989641614179</tilt>
            <heading>0.001992399200690713</heading>
          </LookAt>
          <styleUrl>#khStyle583</styleUrl>
          <Point>
            <coordinates>100.5432720718518,13.79749446808726,0</coordinates>
          </Point>
        </Placemark>
        <Placemark>
          <name>ถ.กำแพงเพชร 1</name>
          <LookAt id="khLookAt1058">
            <longitude>100.553648283698</longitude>
            <latitude>13.80557985252561</latitude>
            <range>1566.516327893069</range>
            <tilt>-3.118722661937124e-013</tilt>
            <heading>-0.00548208203871243</heading>
          </LookAt>
          <styleUrl>#khStyle583</styleUrl>
          <Point id="khPoint1059">
            <coordinates>100.5528659791421,13.80524945786675,0</coordinates>
          </Point>
        </Placemark>
        <Placemark id="khPlacemark1060">
          <name>ถ.กำแพงเพชร 2</name>
          <LookAt id="khLookAt674">
            <longitude>100.5488723405346</longitude>
            <latitude>13.80132228597552</latitude>
            <range>1392.462138191187</range>
            <tilt>12.09989396498699</tilt>
            <heading>0.001992399200691532</heading>
          </LookAt>
          <styleUrl>#khStyle583</styleUrl>
          <Point id="khPoint675">
            <coordinates>100.5480028336589,13.80219821243207,0</coordinates>
          </Point>
        </Placemark>
        <Placemark id="khPlacemark676">
          <name>ถ.กำแพงเพชร 4</name>
          <LookAt id="khLookAt677">
            <longitude>100.5488845217989</longitude>
            <latitude>13.81936454090516</latitude>
            <range>496.7936910042028</range>
            <tilt>1.010009739365472e-010</tilt>
            <heading>0.002659992554470338</heading>
          </LookAt>
          <styleUrl>#khStyle583</styleUrl>
          <Point id="khPoint678">
            <coordinates>100.5487302771274,13.82001953033733,0</coordinates>
          </Point>
        </Placemark>
        <Placemark id="khPlacemark697">
          <name>ถ.กำแพงเพชร 5</name>
          <LookAt id="khLookAt698">
            <longitude>100.5240416098967</longitude>
            <latitude>13.76074306573486</latitude>
            <range>342.2161239864745</range>
            <tilt>8.631713785628512e-011</tilt>
            <heading>-0.00326546503842111</heading>
          </LookAt>
          <styleUrl>#khStyle583</styleUrl>
          <Point id="khPoint699">
            <coordinates>100.5236920445921,13.76080083836185,0</coordinates>
          </Point>
        </Placemark>
        <Placemark id="khPlacemark686">
          <name>ถ.กำแพงเพชร 6</name>
          <LookAt id="khLookAt687">
            <longitude>100.5686274000007</longitude>
            <latitude>13.8633139701597</latitude>
            <range>528.9699482349153</range>
            <tilt>1.62141640412822e-010</tilt>
            <heading>0.007386307001658267</heading>
          </LookAt>
          <styleUrl>#khStyle583</styleUrl>
          <Point id="khPoint688">
            <coordinates>100.5697009049533,13.86461918927588,0</coordinates>
          </Point>
        </Placemark>
        <Placemark>
          <name>ถ.งามวงศ์วาน</name>
          <LookAt>
            <longitude>100.5557516930685</longitude>
            <latitude>13.84830322504996</latitude>
            <range>5912.701529993445</range>
            <tilt>12.09989370870447</tilt>
            <heading>0.003640022677043759</heading>
          </LookAt>
          <styleUrl>#khStyle583</styleUrl>
          <Point>
            <coordinates>100.5478057984959,13.85501239717012,0</coordinates>
          </Point>
        </Placemark>
        <Placemark id="khPlacemark693">
          <name>ถ.งามวงศ์วาน</name>
          <LookAt id="khLookAt694">
            <longitude>100.569897239728</longitude>
            <latitude>13.84157488065275</latitude>
            <range>3242.251344103011</range>
            <tilt>12.09988737412945</tilt>
            <heading>0.007024399442252732</heading>
          </LookAt>
          <styleUrl>#khStyle583</styleUrl>
          <Point id="khPoint695">
            <coordinates>100.5709566612831,13.84208723367971,0</coordinates>
          </Point>
        </Placemark>
        <Placemark id="khPlacemark1140">
          <name>ถ.จรัลสนิทวงศ์</name>
          <LookAt id="khLookAt554">
            <longitude>100.5138334742305</longitude>
            <latitude>13.80652289943896</latitude>
            <range>1071.291075604613</range>
            <tilt>-5.342059221109059e-011</tilt>
            <heading>-0.01500284900619127</heading>
          </LookAt>
          <styleUrl>#khStyle583</styleUrl>
          <Point id="khPoint555">
            <coordinates>100.5124622038966,13.80629683318944,0</coordinates>
          </Point>
        </Placemark>
        <Placemark>
          <name>ถ.จรัลสนิทวงศ์</name>
          <LookAt>
            <longitude>100.4744280458004</longitude>
            <latitude>13.76218327252854</latitude>
            <range>2432.58163563742</range>
            <tilt>-7.418318810048855e-011</tilt>
            <heading>-0.02437997401336826</heading>
          </LookAt>
          <styleUrl>#khStyle583</styleUrl>
          <Point>
            <coordinates>100.4765194840346,13.76645550804989,0</coordinates>
          </Point>
        </Placemark>
        <Placemark>
          <name>ถ.เจ้าคำรบ</name>
          <LookAt>
            <longitude>100.50747620024</longitude>
            <latitude>13.74689695499574</latitude>
            <range>560.1763306283551</range>
            <tilt>2.72326208442517e-010</tilt>
            <heading>0.002454390481027908</heading>
          </LookAt>
          <styleUrl>#khStyle897</styleUrl>
          <Point>
            <coordinates>100.5075971837338,13.74646471855542,0</coordinates>
          </Point>
        </Placemark>
        <Placemark>
          <name>ถ.เจริญนคร</name>
          <LookAt>
            <longitude>100.5110860377645</longitude>
            <latitude>13.73057530729624</latitude>
            <range>1895.574408512415</range>
            <tilt>7.293811976277631e-011</tilt>
            <heading>0.002633557995827339</heading>
          </LookAt>
          <styleUrl>#khStyle897</styleUrl>
          <Point>
            <coordinates>100.5092246316648,13.7283953685766,0</coordinates>
          </Point>
        </Placemark>
        <Placemark id="khPlacemark913">
          <name>ถ.เจริญนคร</name>
          <LookAt id="khLookAt914">
            <longitude>100.4848497445613</longitude>
            <latitude>13.69422163297038</latitude>
            <range>3063.41532223058</range>
            <tilt>7.193747219804617e-011</tilt>
            <heading>-0.003582000169401922</heading>
          </LookAt>
          <styleUrl>#khStyle897</styleUrl>
          <Point id="khPoint915">
            <coordinates>100.487005556181,13.69807938511923,0</coordinates>
          </Point>
        </Placemark>
        <Placemark>
          <name>ถ.เจริญรัถ</name>
          <LookAt>
            <longitude>100.4957460267276</longitude>
            <latitude>13.72575061520433</latitude>
            <range>1121.889818122208</range>
            <tilt>1.159140296279624e-010</tilt>
            <heading>-0.0009979502776351092</heading>
          </LookAt>
          <styleUrl>#khStyle897</styleUrl>
          <Point>
            <coordinates>100.4965669495869,13.72532530996693,0</coordinates>
          </Point>
        </Placemark>
        <Placemark id="khPlacemark550">
          <name>ถ.แจ้งวัฒนะ</name>
          <LookAt id="khLookAt551">
            <longitude>100.4993972830241</longitude>
            <latitude>13.91252262656653</latitude>
            <range>1553.023393692409</range>
            <tilt>-7.750598862089475e-011</tilt>
            <heading>-0.01846384874505031</heading>
          </LookAt>
          <styleUrl>#khStyle583</styleUrl>
          <Point id="khPoint552">
            <coordinates>100.4991395423128,13.91042842520589,0</coordinates>
          </Point>
        </Placemark>
        <Placemark>
          <name>ถ.แจ้งวัฒนะ</name>
          <LookAt>
            <longitude>100.5717692219916</longitude>
            <latitude>13.88823419746046</latitude>
            <range>3476.527353640776</range>
            <tilt>12.09988741751842</tilt>
            <heading>0.007393010502167959</heading>
          </LookAt>
          <styleUrl>#khStyle583</styleUrl>
          <Point>
            <coordinates>100.5684781083375,13.89026388877073,0</coordinates>
          </Point>
        </Placemark>
        <Placemark id="khPlacemark805">
          <name>ถ.เฉลิมพระเกียรติ ร.9</name>
          <LookAt id="khLookAt806">
            <longitude>100.6536638815301</longitude>
            <latitude>13.67802022556218</latitude>
            <range>473.397787512688</range>
            <tilt>12.09989381958155</tilt>
            <heading>0.02749960071674687</heading>
          </LookAt>
          <styleUrl>#khStyle583</styleUrl>
          <Point id="khPoint807">
            <coordinates>100.6537064675916,13.67729851732851,0</coordinates>
          </Point>
        </Placemark>
        <Placemark id="khPlacemark548">
          <name>ถ.เชิดวุฒากาศ</name>
          <LookAt id="khLookAt550">
            <longitude>100.6070273445586</longitude>
            <latitude>13.93958432737787</latitude>
            <range>2961.156092935104</range>
            <tilt>12.09989533041791</tilt>
            <heading>0.01588052895379967</heading>
          </LookAt>
          <styleUrl>#khStyle583</styleUrl>
          <Point id="khPoint551">
            <coordinates>100.6079740268529,13.94285997666544,0</coordinates>
          </Point>
        </Placemark>
        <Placemark id="khPlacemark551">
          <name>ถ.เทพารักษ์</name>
          <LookAt id="khLookAt552">
            <longitude>100.6232903567605</longitude>
            <latitude>13.63287072910699</latitude>
            <range>2542.080738849407</range>
            <tilt>1.107099263035977e-010</tilt>
            <heading>0.02852480197862497</heading>
          </LookAt>
          <styleUrl>#khStyle897</styleUrl>
          <Point id="khPoint553">
            <coordinates>100.617871519557,13.63233777541535,0</coordinates>
          </Point>
        </Placemark>
        <Placemark>
          <name>ถ.เทอดดำริห์</name>
          <LookAt>
            <longitude>100.5356755815439</longitude>
            <latitude>13.79278068456397</latitude>
            <range>810.0528206949314</range>
            <tilt>12.09989378356576</tilt>
            <heading>-0.00115362215362659</heading>
          </LookAt>
          <styleUrl>#khStyle583</styleUrl>
          <Point>
            <coordinates>100.5354777464677,13.79364665969255,0</coordinates>
          </Point>
        </Placemark>
        <Placemark>
          <name>ถ.เทอดไทย</name>
          <LookAt>
            <longitude>100.4695918215023</longitude>
            <latitude>13.72078893725865</latitude>
            <range>1283.644614029356</range>
            <tilt>1.086708788958697e-010</tilt>
            <heading>-0.007202972792846506</heading>
          </LookAt>
          <styleUrl>#khStyle897</styleUrl>
          <Point>
            <coordinates>100.4714305816986,13.71812326363027,0</coordinates>
          </Point>
        </Placemark>
        <Placemark>
          <name>ถ.ดาวคนอง</name>
          <LookAt>
            <longitude>100.4816005182973</longitude>
            <latitude>13.69155336634528</latitude>
            <range>2387.855573519165</range>
            <tilt>1.293608499674194e-010</tilt>
            <heading>-0.004331194456486359</heading>
          </LookAt>
          <styleUrl>#khStyle897</styleUrl>
          <Point>
            <coordinates>100.4816504719988,13.69103609354955,0</coordinates>
          </Point>
        </Placemark>
        <Placemark id="khPlacemark562">
          <name>ถ.ติวานนท์</name>
          <LookAt id="khLookAt564">
            <longitude>100.5080256015181</longitude>
            <latitude>13.91296289491278</latitude>
            <range>1835.952998527512</range>
            <tilt>-5.921538876258348e-011</tilt>
            <heading>-0.01639415272034561</heading>
          </LookAt>
          <styleUrl>#khStyle583</styleUrl>
          <Point id="khPoint567">
            <coordinates>100.5097112224065,13.91224198549079,0</coordinates>
          </Point>
        </Placemark>
        <Placemark id="khPlacemark1130">
          <name>ถ.ติวานนท์</name>
          <LookAt id="khLookAt1131">
            <longitude>100.5186152238429</longitude>
            <latitude>13.87335542631468</latitude>
            <range>2363.066542267517</range>
            <tilt>-9.879922637545673e-011</tilt>
            <heading>-0.01384667005879384</heading>
          </LookAt>
          <styleUrl>#khStyle583</styleUrl>
          <Point id="khPoint1133">
            <coordinates>100.5178118225551,13.87073106673996,0</coordinates>
          </Point>
        </Placemark>
        <Placemark id="khPlacemark1093">
          <name>ถ.ติวานนท์</name>
          <LookAt id="khLookAt1094">
            <longitude>100.5234285337695</longitude>
            <latitude>13.84894631125429</latitude>
            <range>6482.868153619153</range>
            <tilt>-7.590803297797029e-011</tilt>
            <heading>-0.01269786448649631</heading>
          </LookAt>
          <styleUrl>#khStyle583</styleUrl>
          <Point id="khPoint1095">
            <coordinates>100.5073431272694,13.83728337108694,0</coordinates>
          </Point>
        </Placemark>
        <Placemark id="khPlacemark561">
          <name>ถ.เตชะตุงคะห์</name>
          <LookAt id="khLookAt562">
            <longitude>100.595482808794</longitude>
            <latitude>13.9356873657892</latitude>
            <range>1211.917953193816</range>
            <tilt>-9.255504982557518e-011</tilt>
            <heading>0.004465834933320504</heading>
          </LookAt>
          <styleUrl>#khStyle583</styleUrl>
          <Point id="khPoint563">
            <coordinates>100.5988951504366,13.93728762463623,0</coordinates>
          </Point>
        </Placemark>
        <Placemark>
          <name>ถ.ท่าดินแดง</name>
          <LookAt>
            <longitude>100.5034863459714</longitude>
            <latitude>13.73445899279045</latitude>
            <range>1907.399100850937</range>
            <tilt>1.451765715127091e-010</tilt>
            <heading>0.0008391952055212716</heading>
          </LookAt>
          <styleUrl>#khStyle897</styleUrl>
          <Point>
            <coordinates>100.5034863459714,13.73445899279045,0</coordinates>
          </Point>
        </Placemark>
        <Placemark id="khPlacemark581">
          <name>ถ.ภูมิเวท</name>
          <LookAt id="khLookAt585">
            <longitude>100.4969364383529</longitude>
            <latitude>13.90483379483201</latitude>
            <range>950.1398219289472</range>
            <tilt>-8.813504563760738e-011</tilt>
            <heading>-0.0190427052243473</heading>
          </LookAt>
          <styleUrl>#khStyle583</styleUrl>
          <Point id="khPoint586">
            <coordinates>100.4975771178683,13.90491425063646,0</coordinates>
          </Point>
        </Placemark>
        <Placemark id="khPlacemark1328">
          <name>ถ.นวมินทร์</name>
          <description>ชื่อเดิม ถนนสุขาภิบาล 1</description>
          <LookAt id="khLookAt1329">
            <longitude>100.6554135838035</longitude>
            <latitude>13.81174886762378</latitude>
            <range>4418.483168846681</range>
            <tilt>12.09989379556362</tilt>
            <heading>0.02752449601464459</heading>
          </LookAt>
          <styleUrl>#khStyle583</styleUrl>
          <Point id="khPoint1330">
            <coordinates>100.6516275993101,13.81419067665451,0</coordinates>
          </Point>
        </Placemark>
        <Placemark id="khPlacemark526">
          <name>ถ.นิมิตรใหม่</name>
          <LookAt id="khLookAt528">
            <longitude>100.7389553044355</longitude>
            <latitude>13.83564936131699</latitude>
            <range>2874.079785709256</range>
            <tilt>12.09989492631127</tilt>
            <heading>0.04745946195017808</heading>
          </LookAt>
          <styleUrl>#khStyle583</styleUrl>
          <Point id="khPoint529">
            <coordinates>100.7365157245429,13.83389808084009,0</coordinates>
          </Point>
        </Placemark>
        <Placemark id="khPlacemark1081">
          <name>ถ.นวลจันทร์</name>
          <LookAt id="khLookAt539">
            <longitude>100.6438864876605</longitude>
            <latitude>13.83445823336867</latitude>
            <range>2542.624461614821</range>
            <tilt>12.09989289101996</tilt>
            <heading>0.0247263786382292</heading>
          </LookAt>
          <styleUrl>#khStyle583</styleUrl>
          <Point id="khPoint540">
            <coordinates>100.6373670545364,13.83245189250907,0</coordinates>
          </Point>
        </Placemark>
        <Placemark id="khPlacemark785">
          <name>ถ.บรมราชชนนี</name>
          <LookAt id="khLookAt786">
            <longitude>100.4801406860352</longitude>
            <latitude>13.7755184173584</latitude>
            <range>999.9999999999999</range>
            <tilt>0</tilt>
            <heading>0</heading>
          </LookAt>
          <styleUrl>#khStyle583</styleUrl>
          <Point id="khPoint787">
            <coordinates>100.4801406867008,13.77551841658066,0</coordinates>
          </Point>
        </Placemark>
        <Placemark>
          <name>ถ.บางขุนเทียน</name>
          <LookAt>
            <longitude>100.4305531266355</longitude>
            <latitude>13.66693406350883</latitude>
            <range>870.3042939372851</range>
            <tilt>1.689880398921013e-010</tilt>
            <heading>-0.01639191178085977</heading>
          </LookAt>
          <styleUrl>#khStyle897</styleUrl>
          <Point>
            <coordinates>100.4288166031901,13.66625149603325,0</coordinates>
          </Point>
        </Placemark>
        <Placemark>
          <name>ถ.บางกอกน้อย-ตลิ่งชัน</name>
          <LookAt>
            <longitude>100.4682218863991</longitude>
            <latitude>13.7721321802421</latitude>
            <range>735.3781018752317</range>
            <tilt>2.606218865104726e-012</tilt>
            <heading>-0.00283703626094463</heading>
          </LookAt>
          <styleUrl>#khStyle583</styleUrl>
          <Point>
            <coordinates>100.4681953239399,13.77186373190497,0</coordinates>
          </Point>
        </Placemark>
        <Placemark id="khPlacemark970">
          <name>ถ.บางขุนเทียน</name>
          <LookAt id="khLookAt971">
            <longitude>100.4318552957287</longitude>
            <latitude>13.6328394884786</latitude>
            <range>3891.842698930412</range>
            <tilt>1.548392518946872e-010</tilt>
            <heading>-0.01607829848159747</heading>
          </LookAt>
          <styleUrl>#khStyle897</styleUrl>
          <Point id="khPoint972">
            <coordinates>100.4360051510525,13.62419969516261,0</coordinates>
          </Point>
        </Placemark>
        <Placemark>
          <name>ถ.บางบอน</name>
          <LookAt>
            <longitude>100.4244729316241</longitude>
            <latitude>13.6803209690564</latitude>
            <range>944.5415083362807</range>
            <tilt>1.749377304005373e-010</tilt>
            <heading>-0.01784068971325382</heading>
          </LookAt>
          <styleUrl>#khStyle897</styleUrl>
          <Point>
            <coordinates>100.4242034857462,13.67982253069249,0</coordinates>
          </Point>
        </Placemark>
        <Placemark id="khPlacemark814">
          <name>ถ.บางนา-บางประกง</name>
          <LookAt id="khLookAt815">
            <longitude>100.6306636239254</longitude>
            <latitude>13.67159124275769</latitude>
            <range>1661.783330151868</range>
            <tilt>12.09988948982406</tilt>
            <heading>0.02235891337594662</heading>
          </LookAt>
          <styleUrl>#khStyle583</styleUrl>
          <Style id="khStyle816">
            <IconStyle id="khIconStyle817">
              <scale>0.5</scale>
              <Icon>
                <href>root://icons/palette-2.png</href>
                <y>128</y>
                <w>32</w>
                <h>32</h>
              </Icon>
            </IconStyle>
            <LabelStyle id="khLabelStyle819">
              <color>ffff00ff</color>
            </LabelStyle>
          </Style>
          <Point id="khPoint823">
            <coordinates>100.629867573477,13.66855083130058,0</coordinates>
          </Point>
        </Placemark>
        <Placemark>
          <name>ถ.บางมดพัฒนา</name>
          <LookAt>
            <longitude>100.4731691896966</longitude>
            <latitude>13.67743436705349</latitude>
            <range>789.5060244730202</range>
            <tilt>1.702008369214774e-010</tilt>
            <heading>-0.006322776484856248</heading>
          </LookAt>
          <styleUrl>#khStyle897</styleUrl>
          <Point>
            <coordinates>100.4715229189046,13.67788355275877,0</coordinates>
          </Point>
        </Placemark>
        <Placemark id="khPlacemark537">
          <name>ถ.บางบัวทอง-บางคูวัด</name>
          <LookAt id="khLookAt540">
            <longitude>100.5446013714834</longitude>
            <latitude>13.93943521285639</latitude>
            <range>596.4967449953784</range>
            <tilt>2.396869734834842e-010</tilt>
            <heading>0.01086785954790711</heading>
          </LookAt>
          <styleUrl>#khStyle897</styleUrl>
          <Point id="khPoint541">
            <coordinates>100.5438533110598,13.93877238226981,0</coordinates>
          </Point>
        </Placemark>
        <Placemark id="khPlacemark543">
          <name>ถ.บางแวก</name>
          <LookAt id="khLookAt544">
            <longitude>100.4490817398456</longitude>
            <latitude>13.73962971687149</latitude>
            <range>1336.823617365271</range>
            <tilt>5.345055498137168e-011</tilt>
            <heading>0.1897421798031224</heading>
          </LookAt>
          <styleUrl>#khStyle583</styleUrl>
          <Point id="khPoint545">
            <coordinates>100.4448801004024,13.73749967576779,0</coordinates>
          </Point>
        </Placemark>
        <Placemark>
          <name>ถ.ปิ่นเกล้า-นครชัยศรี</name>
          <LookAt id="khLookAt1271">
            <longitude>100.4135170253397</longitude>
            <latitude>13.78130172051398</latitude>
            <range>1471.495457108338</range>
            <tilt>12.09989143089138</tilt>
            <heading>-0.03064828837080914</heading>
          </LookAt>
          <styleUrl>#khStyle583</styleUrl>
          <Style>
            <IconStyle>
              <scale>0.5</scale>
              <Icon>
                <href>root://icons/palette-2.png</href>
                <y>128</y>
                <w>32</w>
                <h>32</h>
              </Icon>
            </IconStyle>
          </Style>
          <Point id="khPoint1279">
            <coordinates>100.4155983981825,13.78217964591902,0</coordinates>
          </Point>
        </Placemark>
        <Placemark id="khPlacemark589">
          <name>ถ.แบริ่ง</name>
          <description>สุขุมวิท 107</description>
          <LookAt id="khLookAt590">
            <longitude>100.6313001817875</longitude>
            <latitude>13.64726818106026</latitude>
            <range>722.7033135693821</range>
            <tilt>12.09989763966366</tilt>
            <heading>0.02127131911471539</heading>
          </LookAt>
          <styleUrl>#khStyle583</styleUrl>
          <Point id="khPoint591">
            <coordinates>100.630741992524,13.64721653802857,0</coordinates>
          </Point>
        </Placemark>
        <Placemark id="khPlacemark765">
          <name>ถ.ประชาสุข</name>
          <LookAt id="khLookAt766">
            <longitude>100.568061524906</longitude>
            <latitude>13.78219092473122</latitude>
            <range>768.097513450255</range>
            <tilt>12.09988964850673</tilt>
            <heading>0.006461231784231252</heading>
          </LookAt>
          <styleUrl>#khStyle583</styleUrl>
          <Point id="khPoint767">
            <coordinates>100.5668762568279,13.78459239706484,0</coordinates>
          </Point>
        </Placemark>
        <Placemark>
          <name>ถ.ประชาธิปก</name>
          <LookAt>
            <longitude>100.4949823371897</longitude>
            <latitude>13.7302937105323</latitude>
            <range>497.5086782019849</range>
            <tilt>12.0998849647314</tilt>
            <heading>-0.01089795677345092</heading>
          </LookAt>
          <styleUrl>#khStyle583</styleUrl>
          <Point>
            <coordinates>100.4945724647018,13.72937017813485,0</coordinates>
          </Point>
        </Placemark>
        <Placemark id="khPlacemark1071">
          <name>ถ.ประชานิเวศน์</name>
          <LookAt id="khLookAt1072">
            <longitude>100.5557516930685</longitude>
            <latitude>13.84830322513714</latitude>
            <range>5377.59343059603</range>
            <tilt>12.09989370879883</tilt>
            <heading>0.003640022677043791</heading>
          </LookAt>
          <styleUrl>#khStyle583</styleUrl>
          <Point id="khPoint1073">
            <coordinates>100.5488985329917,13.83981577331617,0</coordinates>
          </Point>
        </Placemark>
        <Placemark id="khPlacemark739">
          <name>ถ.ประชาชื่น</name>
          <LookAt id="khLookAt740">
            <longitude>100.532381858196</longitude>
            <latitude>13.80838952977902</latitude>
            <range>831.6417900254058</range>
            <tilt>-4.942429898341609e-011</tilt>
            <heading>-0.01050032879635175</heading>
          </LookAt>
          <styleUrl>#khStyle583</styleUrl>
          <Point id="khPoint741">
            <coordinates>100.533409153627,13.80763139933996,0</coordinates>
          </Point>
        </Placemark>
        <Placemark>
          <name>ถ.ประชาชื่น</name>
          <LookAt>
            <longitude>100.5492196349012</longitude>
            <latitude>13.88498214235001</latitude>
            <range>995.5463024063403</range>
            <tilt>-7.171254035217314e-011</tilt>
            <heading>-0.006469300189624132</heading>
          </LookAt>
          <styleUrl>#khStyle583</styleUrl>
          <Point>
            <coordinates>100.5511788363619,13.88301744530987,0</coordinates>
          </Point>
        </Placemark>
        <Placemark id="khPlacemark664">
          <name>ถ.ประชาราษฎร์</name>
          <LookAt id="khLookAt665">
            <longitude>100.4984728534028</longitude>
            <latitude>13.84355397188971</latitude>
            <range>933.3079162228031</range>
            <tilt>-2.922497425552699e-011</tilt>
            <heading>-0.009395885699444703</heading>
          </LookAt>
          <styleUrl>#khStyle583</styleUrl>
          <Point id="khPoint666">
            <coordinates>100.4979526135059,13.84348828595123,0</coordinates>
          </Point>
        </Placemark>
        <Placemark id="khPlacemark960">
          <name>ถ.ประชาราษฎร์</name>
          <LookAt id="khLookAt961">
            <longitude>100.5259626146537</longitude>
            <latitude>13.82450930149495</latitude>
            <range>6920.522169718999</range>
            <tilt>-4.469618464878766e-011</tilt>
            <heading>-0.01207543343646047</heading>
          </LookAt>
          <styleUrl>#khStyle583</styleUrl>
          <Point id="khPoint969">
            <coordinates>100.5313203857179,13.81255446887438,0</coordinates>
          </Point>
        </Placemark>
        <Placemark>
          <name>ถ.ประชาราษฎร์</name>
          <LookAt id="khLookAt723">
            <longitude>100.5196757035467</longitude>
            <latitude>13.83348822269705</latitude>
            <range>3575.589279225001</range>
            <tilt>-7.186395283440426e-011</tilt>
            <heading>-0.01358111248443499</heading>
          </LookAt>
          <styleUrl>#khStyle583</styleUrl>
          <Point id="khPoint731">
            <coordinates>100.5245663865374,13.83173061587256,0</coordinates>
          </Point>
        </Placemark>
        <Placemark id="khPlacemark1003">
          <name>ถ.ประชาราษฎร์สาย 1</name>
          <LookAt id="khLookAt1004">
            <longitude>100.5244552439048</longitude>
            <latitude>13.80744735750584</latitude>
            <range>1598.81913572532</range>
            <tilt>-1.839509757139772e-011</tilt>
            <heading>-0.01239147119359094</heading>
          </LookAt>
          <styleUrl>#khStyle583</styleUrl>
          <Point id="khPoint1012">
            <coordinates>100.5217831615107,13.80351380569424,0</coordinates>
          </Point>
        </Placemark>
        <Placemark id="khPlacemark682">
          <name>ถ.ประชาราษฎร์สาย 1</name>
          <LookAt id="khLookAt683">
            <longitude>100.5193770569379</longitude>
            <latitude>13.81207581996864</latitude>
            <range>3166.813611272889</range>
            <tilt>-3.608825020077431e-011</tilt>
            <heading>-0.01365085445380651</heading>
          </LookAt>
          <styleUrl>#khStyle583</styleUrl>
          <Point id="khPoint691">
            <coordinates>100.5188493669199,13.81394554391925,0</coordinates>
          </Point>
        </Placemark>
        <Placemark id="khPlacemark628">
          <name>ถ.ประชาราษฎร์สาย 2</name>
          <LookAt id="khLookAt1041">
            <longitude>100.5244552439048</longitude>
            <latitude>13.80744735750873</latitude>
            <range>1657.294958146505</range>
            <tilt>-2.454566330618473e-011</tilt>
            <heading>-0.01239147119359028</heading>
          </LookAt>
          <styleUrl>#khStyle583</styleUrl>
          <Point id="khPoint1049">
            <coordinates>100.5242995859602,13.80621260758583,0</coordinates>
          </Point>
        </Placemark>
        <Placemark id="khPlacemark774">
          <name>ถ.ประชาราษฎร์บำเพ็ญ</name>
          <LookAt id="khLookAt775">
            <longitude>100.5754646677194</longitude>
            <latitude>13.77869498233727</latitude>
            <range>416.0049481153032</range>
            <tilt>-4.128932502576658e-011</tilt>
            <heading>0.009020276687289013</heading>
          </LookAt>
          <styleUrl>#khStyle583</styleUrl>
          <Point id="khPoint776">
            <coordinates>100.5754796964501,13.77856049903883,0</coordinates>
          </Point>
        </Placemark>
        <Placemark id="khPlacemark598">
          <name>ถ.ประชาอุทิศ</name>
          <description>นนทบุรี</description>
          <LookAt id="khLookAt599">
            <longitude>100.4865991065392</longitude>
            <latitude>13.86406350397068</latitude>
            <range>475.5755607277816</range>
            <tilt>2.275813343674687e-010</tilt>
            <heading>-0.003185178675288882</heading>
          </LookAt>
          <styleUrl>#khStyle897</styleUrl>
          <Point id="khPoint600">
            <coordinates>100.4866713097918,13.86362970743551,0</coordinates>
          </Point>
        </Placemark>
        <Placemark>
          <name>ถ.ประชาอุทิศ</name>
          <description>เขตราษฎร์บูรณะ</description>
          <LookAt>
            <longitude>100.5057334712667</longitude>
            <latitude>13.67077243104777</latitude>
            <range>1330.602559601646</range>
            <tilt>8.670148778697319e-011</tilt>
            <heading>0.001234281189948775</heading>
          </LookAt>
          <styleUrl>#khStyle897</styleUrl>
          <Point>
            <coordinates>100.5056684847724,13.66940190545376,0</coordinates>
          </Point>
        </Placemark>
        <Placemark id="khPlacemark799">
          <name>ถ.ประดิษฐ์มนูธรรม</name>
          <description>เดิมชื่อ เอกมัย-รามอินทรา</description>
          <LookAt id="khLookAt1162">
            <longitude>100.6257152089964</longitude>
            <latitude>13.80229623866618</latitude>
            <range>4136.042976434226</range>
            <tilt>12.09989594567354</tilt>
            <heading>0.02042198711528109</heading>
          </LookAt>
          <styleUrl>#khStyle583</styleUrl>
          <Point id="khPoint1163">
            <coordinates>100.6212357810447,13.81341331413875,0</coordinates>
          </Point>
        </Placemark>
        <Placemark id="khPlacemark602">
          <name>ถ.ปู่เจ้าสมิงพราย</name>
          <LookAt id="khLookAt603">
            <longitude>100.5749787307026</longitude>
            <latitude>13.64707317353433</latitude>
            <range>995.5984793898153</range>
            <tilt>1.603727818586467e-010</tilt>
            <heading>0.01844383441631507</heading>
          </LookAt>
          <styleUrl>#khStyle897</styleUrl>
          <Point id="khPoint604">
            <coordinates>100.5735805831484,13.64692032616047,0</coordinates>
          </Point>
        </Placemark>
        <Placemark>
          <name>ถ.แปลงนาม</name>
          <LookAt>
            <longitude>100.5103593933693</longitude>
            <latitude>13.7410261868091</latitude>
            <range>394.6625720934829</range>
            <tilt>2.270042909479713e-010</tilt>
            <heading>0.003139319154041565</heading>
          </LookAt>
          <styleUrl>#khStyle897</styleUrl>
          <Point>
            <coordinates>100.5103401444378,13.74103687251084,0</coordinates>
          </Point>
        </Placemark>
        <Placemark>
          <name>ถ.พระราม 2</name>
          <LookAt>
            <longitude>100.4691538861551</longitude>
            <latitude>13.67564557720602</latitude>
            <range>3371.138616629072</range>
            <tilt>12.09989167456516</tilt>
            <heading>-0.02171219149560945</heading>
          </LookAt>
          <styleUrl>#khStyle1178</styleUrl>
          <Point>
            <coordinates>100.4678812710946,13.67891493639035,0</coordinates>
          </Point>
        </Placemark>
        <Placemark>
          <name>ถ.พรานนก</name>
          <LookAt>
            <longitude>100.4790145848122</longitude>
            <latitude>13.75552837833213</latitude>
            <range>356.1076866751969</range>
            <tilt>12.09988744416041</tilt>
            <heading>-0.01476872564898576</heading>
          </LookAt>
          <styleUrl>#khStyle583</styleUrl>
          <Point>
            <coordinates>100.4800871223001,13.75553740940729,0</coordinates>
          </Point>
        </Placemark>
        <Placemark id="khPlacemark556">
          <name>ถ.พหลโยธิน</name>
          <LookAt id="khLookAt557">
            <longitude>100.5613447428081</longitude>
            <latitude>13.8143088645552</latitude>
            <range>629.4373681565733</range>
            <tilt>1.331969605328473e-010</tilt>
            <heading>-0.003505734895722841</heading>
          </LookAt>
          <styleUrl>#khStyle583</styleUrl>
          <Point id="khPoint565">
            <coordinates>100.5607932914364,13.81485757304079,0</coordinates>
          </Point>
        </Placemark>
        <Placemark>
          <name>ถ.พหลโยธิน</name>
          <LookAt>
            <longitude>100.5942652645141</longitude>
            <latitude>13.86526287953743</latitude>
            <range>2951.146662162179</range>
            <tilt>12.09989164138679</tilt>
            <heading>0.01281254632380172</heading>
          </LookAt>
          <styleUrl>#khStyle583</styleUrl>
          <Point>
            <coordinates>100.5903682769926,13.86500485659667,0</coordinates>
          </Point>
        </Placemark>
        <Placemark>
          <name>ถ.พาหุรัด</name>
          <LookAt>
            <longitude>100.5013948105326</longitude>
            <latitude>13.74512204142025</latitude>
            <range>699.0625059189941</range>
            <tilt>1.314817960804855e-010</tilt>
            <heading>0.001009308092339643</heading>
          </LookAt>
          <styleUrl>#khStyle897</styleUrl>
          <Point>
            <coordinates>100.5013607683213,13.74452701742226,0</coordinates>
          </Point>
        </Placemark>
        <Placemark id="khPlacemark609">
          <name>ถ.พิบูลสงคราม</name>
          <LookAt id="khLookAt616">
            <longitude>100.5161360581418</longitude>
            <latitude>13.81870261037975</latitude>
            <range>1796.183705648679</range>
            <tilt>-2.556329806889725e-011</tilt>
            <heading>-0.01442548361250522</heading>
          </LookAt>
          <styleUrl>#khStyle583</styleUrl>
          <Point id="khPoint617">
            <coordinates>100.5125836707635,13.81903023837542,0</coordinates>
          </Point>
        </Placemark>
        <Placemark id="khPlacemark1112">
          <name>ถ.พิบูลสงคราม</name>
          <LookAt id="khLookAt1113">
            <longitude>100.5161360581418</longitude>
            <latitude>13.81870261037975</latitude>
            <range>1796.183705648679</range>
            <tilt>-2.556329806889725e-011</tilt>
            <heading>-0.01442548361250522</heading>
          </LookAt>
          <styleUrl>#khStyle583</styleUrl>
          <Point id="khPoint1114">
            <coordinates>100.5125836707635,13.81903023837542,0</coordinates>
          </Point>
        </Placemark>
        <Placemark>
          <name>ถ.พิบูลสงคราม</name>
          <LookAt>
            <longitude>100.5145387820897</longitude>
            <latitude>13.82978574388839</latitude>
            <range>5486.469168410751</range>
            <tilt>-8.173438291664133e-011</tilt>
            <heading>-0.01483001379745908</heading>
          </LookAt>
          <styleUrl>#khStyle583</styleUrl>
          <Point>
            <coordinates>100.5017936534398,13.83009063695402,0</coordinates>
          </Point>
        </Placemark>
        <Placemark>
          <name>ถ.พุทธมณฑล สาย 2</name>
          <LookAt>
            <longitude>100.39655449879</longitude>
            <latitude>13.7660314563819</latitude>
            <range>7133.03804052985</range>
            <tilt>1.549322275543505e-010</tilt>
            <heading>-0.02447241292092407</heading>
          </LookAt>
          <styleUrl>#khStyle897</styleUrl>
          <Point>
            <coordinates>100.3952125073542,13.76525828638874,0</coordinates>
          </Point>
        </Placemark>
        <Placemark id="khPlacemark1278">
          <name>ถ.เพชรเกษม</name>
          <LookAt id="khLookAt1279">
            <longitude>100.4731816347375</longitude>
            <latitude>13.72941003350947</latitude>
            <range>2568.362671005763</range>
            <tilt>12.09988670291745</tilt>
            <heading>-0.01614731089905996</heading>
          </LookAt>
          <styleUrl>#khStyle583</styleUrl>
          <Style id="khStyle1280">
            <IconStyle id="khIconStyle1281">
              <scale>0.5</scale>
              <Icon>
                <href>root://icons/palette-2.png</href>
                <y>128</y>
                <w>32</w>
                <h>32</h>
              </Icon>
            </IconStyle>
          </Style>
          <Point id="khPoint1287">
            <coordinates>100.4704015306597,13.7270950096992,0</coordinates>
          </Point>
        </Placemark>
        <Placemark>
          <name>ถ.เพชรเกษม</name>
          <LookAt>
            <longitude>100.4175588871202</longitude>
            <latitude>13.71290155292098</latitude>
            <range>1290.857308887122</range>
            <tilt>12.09989222870238</tilt>
            <heading>-0.02932741666468862</heading>
          </LookAt>
          <styleUrl>#khStyle583</styleUrl>
          <Style>
            <IconStyle>
              <scale>0.5</scale>
              <Icon>
                <href>root://icons/palette-2.png</href>
                <y>128</y>
                <w>32</w>
                <h>32</h>
              </Icon>
            </IconStyle>
          </Style>
          <Point>
            <coordinates>100.4159238049618,13.71115764301029,0</coordinates>
          </Point>
        </Placemark>
        <Placemark>
          <name>ถ.มหาจักร</name>
          <LookAt>
            <longitude>100.5084256130046</longitude>
            <latitude>13.74587656890397</latitude>
            <range>431.0942936298621</range>
            <tilt>1.487456537412805e-010</tilt>
            <heading>0.00267997250100013</heading>
          </LookAt>
          <styleUrl>#khStyle897</styleUrl>
          <Point>
            <coordinates>100.5085665175367,13.74626673124572,0</coordinates>
          </Point>
        </Placemark>
        <Placemark>
          <name>ถ.มไหสวรรค์</name>
          <LookAt>
            <longitude>100.4857355281606</longitude>
            <latitude>13.70335220982577</latitude>
            <range>552.3713735346616</range>
            <tilt>1.004250898936183e-010</tilt>
            <heading>-0.003372783195132373</heading>
          </LookAt>
          <styleUrl>#khStyle897</styleUrl>
          <Point>
            <coordinates>100.487482658003,13.70370297916868,0</coordinates>
          </Point>
        </Placemark>
        <Placemark>
          <name>ถ.ยมราชสุขุม</name>
          <LookAt>
            <longitude>100.50747620024</longitude>
            <latitude>13.74689695499574</latitude>
            <range>560.1763306283551</range>
            <tilt>2.72326208442517e-010</tilt>
            <heading>0.002454390481027908</heading>
          </LookAt>
          <styleUrl>#khStyle897</styleUrl>
          <Point>
            <coordinates>100.5071200086236,13.74573369811416,0</coordinates>
          </Point>
        </Placemark>
        <Placemark id="khPlacemark781">
          <name>ถ.รามอินทรา</name>
          <LookAt id="khLookAt782">
            <longitude>100.6404851495846</longitude>
            <latitude>13.84547038212343</latitude>
            <range>12934.44712847792</range>
            <tilt>12.09989201411721</tilt>
            <heading>0.02396932508522486</heading>
          </LookAt>
          <styleUrl>#khStyle583</styleUrl>
          <Point id="khPoint783">
            <coordinates>100.6148593002242,13.86410843635425,0</coordinates>
          </Point>
        </Placemark>
        <Placemark>
          <name>ถ.รามอินทรา</name>
          <LookAt>
            <longitude>100.6838472065923</longitude>
            <latitude>13.82273483232012</latitude>
            <range>4006.048727578399</range>
            <tilt>12.09989251424416</tilt>
            <heading>0.03431043743277944</heading>
          </LookAt>
          <styleUrl>#khStyle583</styleUrl>
          <Point>
            <coordinates>100.6848797183761,13.81689469571195,0</coordinates>
          </Point>
        </Placemark>
        <Placemark>
          <name>ถ.ราษฎร์บูรณะ</name>
          <LookAt>
            <longitude>100.507831867133</longitude>
            <latitude>13.68150242529331</latitude>
            <range>3472.25861220665</range>
            <tilt>1.466265697919603e-010</tilt>
            <heading>0.001844680736054221</heading>
          </LookAt>
          <styleUrl>#khStyle583</styleUrl>
          <Point>
            <coordinates>100.509404235006,13.68023312366386,0</coordinates>
          </Point>
        </Placemark>
        <Placemark id="khPlacemark991">
          <name>ถ.ริมทางรถไฟสายเก่า</name>
          <LookAt id="khLookAt1001">
            <longitude>100.5948570024078</longitude>
            <latitude>13.65860129056806</latitude>
            <range>1171.913547539801</range>
            <tilt>12.09983142260897</tilt>
            <heading>0.01283626436320612</heading>
          </LookAt>
          <styleUrl>#khStyle75601</styleUrl>
          <Point id="khPoint1002">
            <coordinates>100.5925417213285,13.65757833796553,0</coordinates>
          </Point>
        </Placemark>
        <Placemark id="khPlacemark592">
          <name>ถ.เรวดี</name>
          <LookAt id="khLookAt605">
            <longitude>100.5077483930789</longitude>
            <latitude>13.85414032468502</latitude>
            <range>1253.394985669498</range>
            <tilt>-4.665845914981548e-011</tilt>
            <heading>-0.01643262405243441</heading>
          </LookAt>
          <styleUrl>#khStyle583</styleUrl>
          <Point id="khPoint607">
            <coordinates>100.5076300598874,13.8553913291659,0</coordinates>
          </Point>
        </Placemark>
        <Placemark id="khPlacemark905">
          <name>ถ.รัฃดาภิเศก</name>
          <LookAt id="khLookAt929">
            <longitude>100.5695868397254</longitude>
            <latitude>13.82590824297958</latitude>
            <range>1371.036672980566</range>
            <tilt>-3.220819828357484e-011</tilt>
            <heading>-0.001623737378873536</heading>
          </LookAt>
          <styleUrl>#khStyle583</styleUrl>
          <Point id="khPoint930">
            <coordinates>100.5716591862774,13.82496473231166,0</coordinates>
          </Point>
        </Placemark>
        <Placemark>
          <name>ถ.รัชกาภิเษก</name>
          <description>เขตบางกอกใหญ่</description>
          <LookAt id="khLookAt932">
            <longitude>100.4761963207526</longitude>
            <latitude>13.72179035827901</latitude>
            <range>2302.789094781666</range>
            <tilt>1.149089308389279e-010</tilt>
            <heading>-0.005633244480070443</heading>
          </LookAt>
          <styleUrl>#khStyle897</styleUrl>
          <Point id="khPoint933">
            <coordinates>100.4753452234644,13.72762053214957,0</coordinates>
          </Point>
        </Placemark>
        <Placemark id="khPlacemark934">
          <name>ถ.รัชกาภิเษก</name>
          <description>เขตธนบุรี</description>
          <LookAt id="khLookAt935">
            <longitude>100.4817237745775</longitude>
            <latitude>13.70685044847674</latitude>
            <range>2517.258708860762</range>
            <tilt>1.150827588096596e-010</tilt>
            <heading>-0.004321417662979291</heading>
          </LookAt>
          <styleUrl>#khStyle897</styleUrl>
          <Point id="khPoint936">
            <coordinates>100.4828645665628,13.7064072218342,0</coordinates>
          </Point>
        </Placemark>
        <Placemark>
          <name>ถ.รัตนธิเบศร์</name>
          <LookAt>
            <longitude>100.4876370548502</longitude>
            <latitude>13.86795653243756</latitude>
            <range>2289.684251218322</range>
            <tilt>12.09989085395481</tilt>
            <heading>-0.01260788666929887</heading>
          </LookAt>
          <styleUrl>#khStyle583</styleUrl>
          <Point>
            <coordinates>100.4868436073721,13.869765044825,0</coordinates>
          </Point>
        </Placemark>
        <Placemark id="khPlacemark569">
          <name>ถ.ลาซาล</name>
          <description>สุขุมวิท 105</description>
          <LookAt id="khLookAt570">
            <longitude>100.6375045122745</longitude>
            <latitude>13.65907146295172</latitude>
            <range>1017.353424662728</range>
            <tilt>12.09989185584508</tilt>
            <heading>0.02273561486223055</heading>
          </LookAt>
          <styleUrl>#khStyle583</styleUrl>
          <Point id="khPoint571">
            <coordinates>100.6370427331912,13.65752051610564,0</coordinates>
          </Point>
        </Placemark>
        <Placemark>
          <name>ถ.ลาดหญ้า</name>
          <LookAt>
            <longitude>100.49875651492</longitude>
            <latitude>13.72842499059432</latitude>
            <range>973.8810265255821</range>
            <tilt>12.09988429342216</tilt>
            <heading>-0.01000203352447662</heading>
          </LookAt>
          <styleUrl>#khStyle583</styleUrl>
          <Point>
            <coordinates>100.4973879999659,13.72705718847283,0</coordinates>
          </Point>
        </Placemark>
        <Placemark>
          <name>ถ.วังเดิม</name>
          <LookAt>
            <longitude>100.4865211268469</longitude>
            <latitude>13.74091810098924</latitude>
            <range>636.7403260790317</range>
            <tilt>1.782917730415161e-010</tilt>
            <heading>-0.00318995355637941</heading>
          </LookAt>
          <styleUrl>#khStyle897</styleUrl>
          <Point>
            <coordinates>100.4858252296313,13.74103861871232,0</coordinates>
          </Point>
        </Placemark>
        <Placemark id="khPlacemark867">
          <name>ถ.วุฒากาศ</name>
          <LookAt id="khLookAt868">
            <longitude>100.4701584983437</longitude>
            <latitude>13.70880235769502</latitude>
            <range>1893.020803308998</range>
            <tilt>8.797012745197182e-011</tilt>
            <heading>-0.02482609410266405</heading>
          </LookAt>
          <styleUrl>#khStyle843</styleUrl>
          <Style id="khStyle869">
            <IconStyle id="khIconStyle870">
              <Icon>
                <href>root://icons/palette-4.png</href>
                <y>128</y>
                <w>32</w>
                <h>32</h>
              </Icon>
            </IconStyle>
            <LabelStyle id="khLabelStyle872">
              <color>ffffffff</color>
            </LabelStyle>
          </Style>
          <Point id="khPoint876">
            <coordinates>100.4686112485012,13.70543127502165,0</coordinates>
          </Point>
        </Placemark>
        <Placemark>
          <name>ถ.วุฒากาศ</name>
          <LookAt>
            <longitude>100.4736824136098</longitude>
            <latitude>13.71997472050877</latitude>
            <range>579.6742774223353</range>
            <tilt>4.850832873357232e-011</tilt>
            <heading>-0.02399087704481553</heading>
          </LookAt>
          <styleUrl>#khStyle843</styleUrl>
          <Style>
            <IconStyle>
              <Icon>
                <href>root://icons/palette-4.png</href>
                <y>128</y>
                <w>32</w>
                <h>32</h>
              </Icon>
            </IconStyle>
            <LabelStyle>
              <color>ffffffff</color>
            </LabelStyle>
          </Style>
          <Point>
            <coordinates>100.4738912912751,13.71962087991349,0</coordinates>
          </Point>
        </Placemark>
        <Placemark>
          <name>ถ.วงศ์สว่าง</name>
          <LookAt>
            <longitude>100.5259529576147</longitude>
            <latitude>13.82440306748786</latitude>
            <range>3345.375305017195</range>
            <tilt>-5.627120853825894e-011</tilt>
            <heading>-0.01208037930480472</heading>
          </LookAt>
          <styleUrl>#khStyle583</styleUrl>
          <Point>
            <coordinates>100.524040257381,13.82379136424368,0</coordinates>
          </Point>
        </Placemark>
        <Placemark id="khPlacemark963">
          <name>ถ.วงแหวนรอบนอก ตะวันตก</name>
          <LookAt id="khLookAt964">
            <longitude>100.4229259801106</longitude>
            <latitude>13.93108403222582</latitude>
            <range>16669.8122864337</range>
            <tilt>12.09989240079482</tilt>
            <heading>-0.03274683200695669</heading>
          </LookAt>
          <styleUrl>#khStyle583</styleUrl>
          <Style id="khStyle965">
            <IconStyle id="khIconStyle966">
              <scale>0.5</scale>
              <Icon>
                <href>root://icons/palette-2.png</href>
                <y>128</y>
                <w>32</w>
                <h>32</h>
              </Icon>
            </IconStyle>
            <LabelStyle>
              <color>ffff00ff</color>
            </LabelStyle>
          </Style>
          <Point id="khPoint972">
            <coordinates>100.422925978513,13.93108403291542,0</coordinates>
          </Point>
        </Placemark>
        <Placemark id="khPlacemark1034">
          <name>ถ.วงแหวนรอบนอก ฝั่งตะวันตก</name>
          <description>กาญจนาภิเษก</description>
          <LookAt id="khLookAt1035">
            <longitude>100.4193408386349</longitude>
            <latitude>13.82338737547218</latitude>
            <range>4544.717721374203</range>
            <tilt>12.0998915094367</tilt>
            <heading>-0.03360510227571234</heading>
          </LookAt>
          <styleUrl>#khStyle583</styleUrl>
          <Style id="khStyle1036">
            <IconStyle id="khIconStyle1037">
              <scale>0.5</scale>
              <Icon>
                <href>root://icons/palette-2.png</href>
                <y>128</y>
                <w>32</w>
                <h>32</h>
              </Icon>
            </IconStyle>
            <LabelStyle id="khLabelStyle1039">
              <color>ffff00ff</color>
            </LabelStyle>
          </Style>
          <Point id="khPoint1043">
            <coordinates>100.4121568782979,13.81299530455073,0</coordinates>
          </Point>
        </Placemark>
        <Placemark id="khPlacemark1206">
          <name>ถ.วงแหวนรอบนอก ฝั่งตะวันตก</name>
          <description>กาญจนาภิเษก</description>
          <LookAt id="khLookAt984">
            <longitude>100.438039245284</longitude>
            <latitude>13.63182026973155</latitude>
            <range>4269.314689926272</range>
            <tilt>1.300052230894085e-010</tilt>
            <heading>-0.01325894302150222</heading>
          </LookAt>
          <styleUrl>#khStyle583</styleUrl>
          <Style id="khStyle985">
            <IconStyle id="khIconStyle986">
              <scale>0.5</scale>
              <Icon>
                <href>root://icons/palette-2.png</href>
                <y>128</y>
                <w>32</w>
                <h>32</h>
              </Icon>
            </IconStyle>
            <LabelStyle id="khLabelStyle988">
              <color>ffff00ff</color>
            </LabelStyle>
          </Style>
          <Point id="khPoint992">
            <coordinates>100.420620343573,13.62824887026849,0</coordinates>
          </Point>
        </Placemark>
        <Placemark id="khPlacemark926">
          <name>ถ.วงแหวนรอบนอก ฝั่งตะวันออก</name>
          <LookAt id="khLookAt927">
            <longitude>100.7067156908326</longitude>
            <latitude>13.69722789129673</latitude>
            <range>16146.49049692592</range>
            <tilt>12.09989634479908</tilt>
            <heading>0.03973070814974582</heading>
          </LookAt>
          <styleUrl>#khStyle583</styleUrl>
          <Style id="khStyle928">
            <IconStyle id="khIconStyle929">
              <scale>0.5</scale>
              <Icon>
                <href>root://icons/palette-2.png</href>
                <y>128</y>
                <w>32</w>
                <h>32</h>
              </Icon>
            </IconStyle>
            <LabelStyle id="khLabelStyle931">
              <color>ffff00ff</color>
            </LabelStyle>
          </Style>
          <Point id="khPoint935">
            <coordinates>100.6996371056786,13.69262281311716,0</coordinates>
          </Point>
        </Placemark>
        <Placemark>
          <name>ถ.ศรีบูรพา</name>
          <LookAt>
            <longitude>100.6549953175276</longitude>
            <latitude>13.77082134296807</latitude>
            <range>1890.803814970841</range>
            <tilt>12.09988851901032</tilt>
            <heading>0.0274276502838315</heading>
          </LookAt>
          <styleUrl>#khStyle583</styleUrl>
          <Point>
            <coordinates>100.6556122577217,13.77095912693176,0</coordinates>
          </Point>
        </Placemark>
        <Placemark>
          <name>ถ.ศิริพงษ์</name>
          <LookAt>
            <longitude>100.5003682621724</longitude>
            <latitude>13.74831875584626</latitude>
            <range>522.9149686155499</range>
            <tilt>1.983137071172903e-010</tilt>
            <heading>0.0007652730439391274</heading>
          </LookAt>
          <styleUrl>#khStyle897</styleUrl>
          <Point>
            <coordinates>100.5020653944217,13.7491695612741,0</coordinates>
          </Point>
        </Placemark>
        <Placemark id="khPlacemark1216">
          <name>ถ.วงแหวนรอบนอก ฝั่งตะวันออก</name>
          <LookAt id="khLookAt1217">
            <longitude>100.682044215555</longitude>
            <latitude>13.78818990306388</latitude>
            <range>7930.04888891238</range>
            <tilt>12.0998940410806</tilt>
            <heading>0.03373130781256124</heading>
          </LookAt>
          <styleUrl>#khStyle583</styleUrl>
          <Style>
            <IconStyle>
              <scale>0.5</scale>
              <Icon>
                <href>root://icons/palette-2.png</href>
                <y>128</y>
                <w>32</w>
                <h>32</h>
              </Icon>
            </IconStyle>
            <LabelStyle>
              <color>ffff00ff</color>
            </LabelStyle>
          </Style>
          <Point id="khPoint1225">
            <coordinates>100.6785952732828,13.80797333906927,0</coordinates>
          </Point>
        </Placemark>
        <Placemark id="khPlacemark1095">
          <name>ถ.วงแหวนรอบนอก ฝั่งตะวันออก</name>
          <LookAt id="khLookAt1096">
            <longitude>100.6857511377238</longitude>
            <latitude>13.92917846203136</latitude>
            <range>9163.010013112995</range>
            <tilt>12.09988901059092</tilt>
            <heading>0.03482092577364464</heading>
          </LookAt>
          <styleUrl>#khStyle583</styleUrl>
          <Style id="khStyle1097">
            <IconStyle id="khIconStyle1098">
              <scale>0.5</scale>
              <Icon>
                <href>root://icons/palette-2.png</href>
                <y>128</y>
                <w>32</w>
                <h>32</h>
              </Icon>
            </IconStyle>
            <LabelStyle id="khLabelStyle1100">
              <color>ffff00ff</color>
            </LabelStyle>
          </Style>
          <Point id="khPoint1104">
            <coordinates>100.713317603357,13.95984868334708,0</coordinates>
          </Point>
        </Placemark>
        <Placemark id="khPlacemark917">
          <name>ถ.สุวินทวงศ์</name>
          <LookAt id="khLookAt918">
            <longitude>100.7266550180201</longitude>
            <latitude>13.819117590726</latitude>
            <range>5132.374131183286</range>
            <tilt>12.09989497743906</tilt>
            <heading>0.04452633458661746</heading>
          </LookAt>
          <styleUrl>#khStyle583</styleUrl>
          <Point id="khPoint919">
            <coordinates>100.7209868158147,13.81570756967074,0</coordinates>
          </Point>
        </Placemark>
        <Placemark id="khPlacemark593">
          <name>ถ.วิภาวดีรังสิต</name>
          <LookAt id="khLookAt594">
            <longitude>100.5619163621532</longitude>
            <latitude>13.83735426796423</latitude>
            <range>11562.58994248783</range>
            <tilt>12.09989225437695</tilt>
            <heading>0.0050536516921217</heading>
          </LookAt>
          <styleUrl>#khStyle583</styleUrl>
          <Point id="khPoint605">
            <coordinates>100.5717865611912,13.86824756059529,0</coordinates>
          </Point>
        </Placemark>
        <Placemark>
          <name>ถ.วัดลาดปลาเค้า</name>
          <LookAt>
            <longitude>100.611073799643</longitude>
            <latitude>13.85772441029132</latitude>
            <range>1469.755455972078</range>
            <tilt>12.09989273968492</tilt>
            <heading>0.01691916513650795</heading>
          </LookAt>
          <styleUrl>#khStyle583</styleUrl>
          <Point>
            <coordinates>100.6105032860757,13.85861810899057,0</coordinates>
          </Point>
        </Placemark>
        <Placemark>
          <name>ถ.เศรษฐศิริ</name>
          <LookAt id="khLookAt1180">
            <longitude>100.5261274973024</longitude>
            <latitude>13.78285287796862</latitude>
            <range>506.1975543921371</range>
            <tilt>-7.962155807315075e-012</tilt>
            <heading>-0.01198315326710251</heading>
          </LookAt>
          <styleUrl>#khStyle583</styleUrl>
          <Point id="khPoint1188">
            <coordinates>100.5270636462319,13.78252762027029,0</coordinates>
          </Point>
        </Placemark>
        <Placemark>
          <name>ถ.สมเด็จพระเจ้าตากสิน</name>
          <LookAt>
            <longitude>100.4919781922672</longitude>
            <latitude>13.72452579815702</latitude>
            <range>2095.624195890023</range>
            <tilt>8.494772655954346e-011</tilt>
            <heading>-0.01965484226069742</heading>
          </LookAt>
          <styleUrl>#khStyle897</styleUrl>
          <Point>
            <coordinates>100.4921298230271,13.72218184175985,0</coordinates>
          </Point>
        </Placemark>
        <Placemark id="khPlacemark946">
          <name>ถ.สมเด็จพระเจ้าตากสิน</name>
          <LookAt id="khLookAt947">
            <longitude>100.4856340040241</longitude>
            <latitude>13.70187176991033</latitude>
            <range>2836.435298992761</range>
            <tilt>1.369959532588785e-010</tilt>
            <heading>-0.003376918194522606</heading>
          </LookAt>
          <styleUrl>#khStyle897</styleUrl>
          <Point id="khPoint948">
            <coordinates>100.4863641771701,13.70555405142658,0</coordinates>
          </Point>
        </Placemark>
        <Placemark>
          <name>ถ.สมเด็จเจ้าพระยา</name>
          <LookAt>
            <longitude>100.501551268641</longitude>
            <latitude>13.73220884040265</latitude>
            <range>778.9221736487707</range>
            <tilt>12.09988798507265</tilt>
            <heading>-0.00933856556281785</heading>
          </LookAt>
          <styleUrl>#khStyle583</styleUrl>
          <Point>
            <coordinates>100.5015228374228,13.73251093078724,0</coordinates>
          </Point>
        </Placemark>
        <Placemark id="khPlacemark527">
          <name>ถ.ศรีสมาน</name>
          <LookAt id="khLookAt529">
            <longitude>100.5621494645403</longitude>
            <latitude>13.93606412836713</latitude>
            <range>2101.137512772959</range>
            <tilt>12.09989694487925</tilt>
            <heading>0.004982119550227239</heading>
          </LookAt>
          <styleUrl>#khStyle583</styleUrl>
          <Point id="khPoint530">
            <coordinates>100.5615328859271,13.93510564381887,0</coordinates>
          </Point>
        </Placemark>
        <Placemark id="khPlacemark580">
          <name>ถ.สนามบินน้ำ</name>
          <LookAt id="khLookAt583">
            <longitude>100.5080197982292</longitude>
            <latitude>13.88018095559309</latitude>
            <range>860.8760625198801</range>
            <tilt>12.09989245711185</tilt>
            <heading>-0.00797483887569527</heading>
          </LookAt>
          <styleUrl>#khStyle583</styleUrl>
          <Point id="khPoint584">
            <coordinates>100.5060267115193,13.87970116648692,0</coordinates>
          </Point>
        </Placemark>
        <Placemark id="khPlacemark571">
          <name>ถ.สามัคคี</name>
          <LookAt id="khLookAt572">
            <longitude>100.5311030030594</longitude>
            <latitude>13.88106316866312</latitude>
            <range>1125.457340276576</range>
            <tilt>12.09988936819894</tilt>
            <heading>-0.002437514188105178</heading>
          </LookAt>
          <styleUrl>#khStyle583</styleUrl>
          <Point id="khPoint573">
            <coordinates>100.5324640342687,13.88222622909523,0</coordinates>
          </Point>
        </Placemark>
        <Placemark id="khPlacemark1304">
          <name>ถ.สรงประภา</name>
          <LookAt id="khLookAt1305">
            <longitude>100.5845045848565</longitude>
            <latitude>13.92920052710216</latitude>
            <range>2338.838900495296</range>
            <tilt>12.09988878639333</tilt>
            <heading>0.01036150513533082</heading>
          </LookAt>
          <styleUrl>#khStyle583</styleUrl>
          <Point id="khPoint1306">
            <coordinates>100.5914904020648,13.92572812826944,0</coordinates>
          </Point>
        </Placemark>
        <Placemark>
          <name>ถ.สุขาภิบาล 5 (สายไหม)</name>
          <LookAt id="khLookAt1323">
            <longitude>100.6471040954757</longitude>
            <latitude>13.9223745726879</latitude>
            <range>2169.298146246381</range>
            <tilt>12.09988825146712</tilt>
            <heading>0.02556284630484555</heading>
          </LookAt>
          <styleUrl>#khStyle583</styleUrl>
          <Point id="khPoint1324">
            <coordinates>100.6467134502234,13.92178873393972,0</coordinates>
          </Point>
        </Placemark>
        <Placemark id="khPlacemark1313">
          <name>ถ.สุขาภิบาล 5 (ออเงิน)</name>
          <LookAt id="khLookAt1314">
            <longitude>100.6767785023131</longitude>
            <latitude>13.89276934253637</latitude>
            <range>8614.656252897041</range>
            <tilt>12.0998947759851</tilt>
            <heading>0.03268257447117293</heading>
          </LookAt>
          <styleUrl>#khStyle583</styleUrl>
          <Point id="khPoint1315">
            <coordinates>100.6916365565744,13.89475221535568,0</coordinates>
          </Point>
        </Placemark>
        <Placemark id="khPlacemark534">
          <name>สุขุมวิท</name>
          <LookAt id="khLookAt536">
            <longitude>100.6052556817153</longitude>
            <latitude>13.65581218271171</latitude>
            <range>3050.630707534847</range>
            <tilt>12.0998320168624</tilt>
            <heading>0.0152893627060895</heading>
          </LookAt>
          <styleUrl>#khStyle68522</styleUrl>
          <Point id="khPoint537">
            <coordinates>100.5999137392833,13.65643165058811,0</coordinates>
          </Point>
        </Placemark>
        <Placemark id="khPlacemark795">
          <name>สุขุมวิท 103</name>
          <LookAt id="khLookAt796">
            <longitude>100.6217052881414</longitude>
            <latitude>13.67953163728176</latitude>
            <range>957.0581409974477</range>
            <tilt>5.237282114380644e-012</tilt>
            <heading>0.03360661089884433</heading>
          </LookAt>
          <styleUrl>#khStyle68522</styleUrl>
          <Point id="khPoint797">
            <coordinates>100.6216007486621,13.67833471891441,0</coordinates>
          </Point>
        </Placemark>
        <Placemark id="khPlacemark976">
          <name>ถ.สวรรคโลค</name>
          <LookAt id="khLookAt983">
            <longitude>100.5284665812967</longitude>
            <latitude>13.77522515104758</latitude>
            <range>2752.51226547032</range>
            <tilt>-2.615535195996136e-011</tilt>
            <heading>-0.01142640624333412</heading>
          </LookAt>
          <styleUrl>#khStyle583</styleUrl>
          <Point id="khPoint984">
            <coordinates>100.5274521500154,13.7717837785685,0</coordinates>
          </Point>
        </Placemark>
        <Placemark id="khPlacemark1086">
          <name>ถ.สรรพวุธ</name>
          <LookAt id="khLookAt1087">
            <longitude>100.5957529535879</longitude>
            <latitude>13.67522478519924</latitude>
            <range>11238.24496950562</range>
            <tilt>-5.768066696652658e-011</tilt>
            <heading>0.004510448122892772</heading>
          </LookAt>
          <styleUrl>#khStyle583</styleUrl>
          <Point id="khPoint1088">
            <coordinates>100.5957529562807,13.67522478538159,0</coordinates>
          </Point>
        </Placemark>
        <Placemark id="khPlacemark533">
          <name>ถ.สิรินธร</name>
          <LookAt id="khLookAt534">
            <longitude>100.4759839386864</longitude>
            <latitude>13.78784697375093</latitude>
            <range>2751.094083140902</range>
            <tilt>-2.369355458362748e-011</tilt>
            <heading>-0.02392146920199819</heading>
          </LookAt>
          <styleUrl>#khStyle583</styleUrl>
          <Point id="khPoint535">
            <coordinates>100.4754854864601,13.78943239713854,0</coordinates>
          </Point>
        </Placemark>
        <Placemark id="khPlacemark614">
          <name>ถ.สุขสวัสดิ์</name>
          <LookAt id="khLookAt615">
            <longitude>100.5424542368124</longitude>
            <latitude>13.62104696742624</latitude>
            <range>1989.124646129972</range>
            <tilt>1.323817777009639e-010</tilt>
            <heading>0.01078267714844863</heading>
          </LookAt>
          <styleUrl>#khStyle897</styleUrl>
          <Point id="khPoint616">
            <coordinates>100.5433601159232,13.61819420361112,0</coordinates>
          </Point>
        </Placemark>
        <Placemark>
          <name>ถ.สุขสวัสดิ์</name>
          <LookAt>
            <longitude>100.5126901517677</longitude>
            <latitude>13.67014843456743</latitude>
            <range>1046.205375956273</range>
            <tilt>1.389728992955276e-010</tilt>
            <heading>0.003017505677888087</heading>
          </LookAt>
          <styleUrl>#khStyle897</styleUrl>
          <Point>
            <coordinates>100.511924135341,13.66968063084337,0</coordinates>
          </Point>
        </Placemark>
        <Placemark id="khPlacemark1213">
          <name>ถ.สุวินทวงศ์</name>
          <LookAt id="khLookAt1214">
            <longitude>100.7266550180201</longitude>
            <latitude>13.819117590726</latitude>
            <range>5132.374131183286</range>
            <tilt>12.09989497743906</tilt>
            <heading>0.04452633458661746</heading>
          </LookAt>
          <styleUrl>#khStyle583</styleUrl>
          <Point id="khPoint1215">
            <coordinates>100.7209868158147,13.81570756967074,0</coordinates>
          </Point>
        </Placemark>
        <Placemark>
          <name>ถ.อนุวงษ์</name>
          <LookAt>
            <longitude>100.5045063805549</longitude>
            <latitude>13.74043484985141</latitude>
            <range>399.7735507980249</range>
            <tilt>2.282807327318542e-010</tilt>
            <heading>0.001749206783597804</heading>
          </LookAt>
          <styleUrl>#khStyle897</styleUrl>
          <Point>
            <coordinates>100.504313749375,13.7400769100478,0</coordinates>
          </Point>
        </Placemark>
        <Placemark id="khPlacemark1245">
          <name>ถ.อรุณอัมรินทร์</name>
          <LookAt id="khLookAt1246">
            <longitude>100.484539138321</longitude>
            <latitude>13.75714886155941</latitude>
            <range>894.2248730769484</range>
            <tilt>12.09984941351458</tilt>
            <heading>-0.01345501914739754</heading>
          </LookAt>
          <styleUrl>#khStyle583</styleUrl>
          <Point id="khPoint1247">
            <coordinates>100.4835252200993,13.75750445238711,0</coordinates>
          </Point>
        </Placemark>
        <Placemark>
          <name>ถ.อุณากรรณ</name>
          <LookAt>
            <longitude>100.5003682621724</longitude>
            <latitude>13.74831875584626</latitude>
            <range>522.9149686155499</range>
            <tilt>1.983137071172903e-010</tilt>
            <heading>0.0007652730439391274</heading>
          </LookAt>
          <styleUrl>#khStyle897</styleUrl>
          <Point>
            <coordinates>100.501713593043,13.74837539755314,0</coordinates>
          </Point>
        </Placemark>
        <Placemark>
          <name>ถ.อินทรพิทักษ์</name>
          <LookAt>
            <longitude>100.4865622270503</longitude>
            <latitude>13.72910109506842</latitude>
            <range>2593.240198319391</range>
            <tilt>12.09989257725029</tilt>
            <heading>-0.01297329398138711</heading>
          </LookAt>
          <styleUrl>#khStyle583</styleUrl>
          <Point>
            <coordinates>100.4895891520602,13.72676378035655,0</coordinates>
          </Point>
        </Placemark>
        <Placemark id="khPlacemark1236">
          <name>ถ.อิสรภาพ</name>
          <LookAt id="khLookAt1237">
            <longitude>100.4960320958644</longitude>
            <latitude>13.73011031645309</latitude>
            <range>968.3416752073682</range>
            <tilt>12.09988764366417</tilt>
            <heading>-0.01072643469190255</heading>
          </LookAt>
          <styleUrl>#khStyle583</styleUrl>
          <Point id="khPoint1238">
            <coordinates>100.497898393216,13.72972440479479,0</coordinates>
          </Point>
        </Placemark>
        <Placemark>
          <name>ถ.อิสรภาพ</name>
          <LookAt id="khLookAt1224">
            <longitude>100.4827306230646</longitude>
            <latitude>13.74123788204962</latitude>
            <range>948.3292276213138</range>
            <tilt>12.09988632401888</tilt>
            <heading>-0.01388554742774522</heading>
          </LookAt>
          <styleUrl>#khStyle583</styleUrl>
          <Point id="khPoint1226">
            <coordinates>100.4829334076324,13.74204564761683,0</coordinates>
          </Point>
        </Placemark>
        <Placemark>
          <name>ถ.เสรีไทย</name>
          <description>เดิมชื่อ สุขาภิบาล 2</description>
          <LookAt>
            <longitude>100.6608579725485</longitude>
            <latitude>13.77523832774978</latitude>
            <range>3207.636552565932</range>
            <tilt>12.09989493754619</tilt>
            <heading>0.0287917806412912</heading>
          </LookAt>
          <styleUrl>#khStyle583</styleUrl>
          <Point>
            <coordinates>100.6606480426572,13.77635282599221,0</coordinates>
          </Point>
        </Placemark>
        <Placemark id="khPlacemark1185">
          <name>ถ.อำนวยสงคราม</name>
          <LookAt id="khLookAt1186">
            <longitude>100.5178325623903</longitude>
            <latitude>13.78689397099917</latitude>
            <range>429.472411572626</range>
            <tilt>12.09988680476702</tilt>
            <heading>-0.005402525839856585</heading>
          </LookAt>
          <styleUrl>#khStyle583</styleUrl>
          <Point id="khPoint1187">
            <coordinates>100.5180387902692,13.78730302451795,0</coordinates>
          </Point>
        </Placemark>
        <Placemark id="khPlacemark1194">
          <name>ถ.เอกชัย</name>
          <LookAt id="khLookAt1195">
            <longitude>100.4295503344417</longitude>
            <latitude>13.67527643067278</latitude>
            <range>3809.01998222083</range>
            <tilt>12.09988684702527</tilt>
            <heading>-0.02634044231140283</heading>
          </LookAt>
          <styleUrl>#khStyle583</styleUrl>
          <Point id="khPoint1196">
            <coordinates>100.423086987848,13.67226653778205,0</coordinates>
          </Point>
        </Placemark>
        <Placemark>
          <name>ถ.จอมทอง</name>
          <LookAt id="khLookAt1201">
            <longitude>100.4744925852935</longitude>
            <latitude>13.69517944229444</latitude>
            <range>2071.236680210627</range>
            <tilt>12.09989481589784</tilt>
            <heading>-0.01571286142165717</heading>
          </LookAt>
          <styleUrl>#khStyle583</styleUrl>
          <Point id="khPoint1202">
            <coordinates>100.4773641636577,13.69553772051533,0</coordinates>
          </Point>
        </Placemark>
        <Placemark id="khPlacemark766">
          <name>ถ.อ่อนนุช</name>
          <LookAt id="khLookAt1228">
            <longitude>100.6551287887607</longitude>
            <latitude>13.71577910203356</latitude>
            <range>3008.192428363958</range>
            <tilt>12.09989400584684</tilt>
            <heading>0.02698156012731229</heading>
          </LookAt>
          <styleUrl>#khStyle583</styleUrl>
          <Point id="khPoint1229">
            <coordinates>100.6584031820059,13.71704426717335,0</coordinates>
          </Point>
        </Placemark>
      </Folder>
      <Folder>
        <name>Intersection</name>
        <Placemark>
          <name>แยกแคลาย</name>
          <LookAt>
            <longitude>100.5217231425629</longitude>
            <latitude>13.86066614298681</latitude>
            <range>958.8388158793466</range>
            <tilt>1.67401766801871e-010</tilt>
            <heading>0.005216526039389834</heading>
          </LookAt>
          <styleUrl>#khStyle5973110</styleUrl>
          <Point>
            <coordinates>100.5220085965791,13.85888053777022,0</coordinates>
          </Point>
        </Placemark>
        <Placemark id="khPlacemark532">
          <name>ห้าแยกปากเกร็ด</name>
          <LookAt id="khLookAt535">
            <longitude>100.5046541916681</longitude>
            <latitude>13.90855073745594</latitude>
            <range>869.7392403573301</range>
            <tilt>-8.883784484673216e-011</tilt>
            <heading>-0.01720090641404202</heading>
          </LookAt>
          <styleUrl>#khStyle5973110</styleUrl>
          <Point id="khPoint536">
            <coordinates>100.5044846246822,13.90729199761261,0</coordinates>
          </Point>
        </Placemark>
        <Placemark>
          <name>แยกเกียกกาย</name>
          <LookAt>
            <longitude>100.521714318715</longitude>
            <latitude>13.79541326067419</latitude>
            <range>1575.144203732264</range>
            <tilt>-3.13933626880698e-010</tilt>
            <heading>-0.01818438677067219</heading>
          </LookAt>
          <styleUrl>#khStyle526</styleUrl>
          <Style>
            <IconStyle>
              <Icon>
                <href>root://icons/palette-3.png</href>
                <x>192</x>
                <y>64</y>
                <w>32</w>
                <h>32</h>
              </Icon>
            </IconStyle>
          </Style>
          <Point>
            <coordinates>100.5217137619046,13.79711911781223,0</coordinates>
          </Point>
        </Placemark>
        <Placemark>
          <name>แยกกล้วยน้ำไท</name>
          <LookAt>
            <longitude>100.5842033043677</longitude>
            <latitude>13.71251125743196</latitude>
            <range>569.7094865685144</range>
            <tilt>-9.021275647974862e-011</tilt>
            <heading>0.01109887188880961</heading>
          </LookAt>
          <styleUrl>#khStyle662</styleUrl>
          <Point>
            <coordinates>100.5839438445924,13.71282346042609,0</coordinates>
          </Point>
        </Placemark>
        <Placemark>
          <name>แยกกล้วยน้ำไท-สุขุมวิท</name>
          <LookAt>
            <longitude>100.5921648067736</longitude>
            <latitude>13.71372696308614</latitude>
            <range>532.0732921422286</range>
            <tilt>-3.483722558686724e-011</tilt>
            <heading>0.0129860550871399</heading>
          </LookAt>
          <styleUrl>#khStyle662</styleUrl>
          <Point>
            <coordinates>100.5924146002704,13.71416726977123,0</coordinates>
          </Point>
        </Placemark>
        <Placemark>
          <name>แยกเขาดิน</name>
          <LookAt>
            <longitude>100.5198230338792</longitude>
            <latitude>13.77342311898389</latitude>
            <range>401.6157497031887</range>
            <tilt>-7.167264712429321e-011</tilt>
            <heading>-0.01863329363131163</heading>
          </LookAt>
          <styleUrl>#khStyle526</styleUrl>
          <Style>
            <IconStyle>
              <Icon>
                <href>root://icons/palette-3.png</href>
                <x>192</x>
                <y>64</y>
                <w>32</w>
                <h>32</h>
              </Icon>
            </IconStyle>
          </Style>
          <Point>
            <coordinates>100.5193941377466,13.77339798911678,0</coordinates>
          </Point>
        </Placemark>
        <Placemark>
          <name>แยกคลองถม</name>
          <LookAt>
            <longitude>100.5067203173601</longitude>
            <latitude>13.74673819627247</latitude>
            <range>469.8635439328443</range>
            <tilt>12.0998686440434</tilt>
            <heading>-0.003127222871727219</heading>
          </LookAt>
          <styleUrl>#khStyle1296</styleUrl>
          <Point>
            <coordinates>100.5069281214032,13.7468145764255,0</coordinates>
          </Point>
        </Placemark>
        <Placemark>
          <name>แยกคลองเตย</name>
          <LookAt>
            <longitude>100.5604250371669</longitude>
            <latitude>13.72002578382421</latitude>
            <range>1035.551407736575</range>
            <tilt>12.09987565505715</tilt>
            <heading>0.005291288589421605</heading>
          </LookAt>
          <styleUrl>#khStyle676</styleUrl>
          <Point>
            <coordinates>100.559584128493,13.71991965372149,0</coordinates>
          </Point>
        </Placemark>
        <Placemark>
          <name>แยกคอกวัว</name>
          <LookAt>
            <longitude>100.4983454426504</longitude>
            <latitude>13.75656094811248</latitude>
            <range>1530.612541977735</range>
            <tilt>12.09989353285408</tilt>
            <heading>-0.01008718366672006</heading>
          </LookAt>
          <styleUrl>#khStyle879</styleUrl>
          <Point>
            <coordinates>100.4993151077512,13.75722097226993,0</coordinates>
          </Point>
        </Placemark>
        <Placemark>
          <name>แยกเฉลิมกรุง</name>
          <LookAt>
            <longitude>100.4999988930078</longitude>
            <latitude>13.74697692290852</latitude>
            <range>620.752075480216</range>
            <tilt>12.09986792052124</tilt>
            <heading>-0.00472413110578179</heading>
          </LookAt>
          <styleUrl>#khStyle1296</styleUrl>
          <Point>
            <coordinates>100.500113595656,13.74697253730513,0</coordinates>
          </Point>
        </Placemark>
        <Placemark>
          <name>แยกเฉลิมเผ่า</name>
          <LookAt>
            <longitude>100.5361855997529</longitude>
            <latitude>13.74511243727097</latitude>
            <range>354.2273357613532</range>
            <tilt>-1.496599899217589e-010</tilt>
            <heading>-0.01475062977422867</heading>
          </LookAt>
          <styleUrl>root://styleMaps#default+nicon=0x307+hicon=0x317</styleUrl>
          <Style>
            <IconStyle>
              <Icon>
                <href>root://icons/palette-3.png</href>
                <x>192</x>
                <y>64</y>
                <w>32</w>
                <h>32</h>
              </Icon>
            </IconStyle>
          </Style>
          <Point>
            <coordinates>100.5361000032126,13.74513931348521,0</coordinates>
          </Point>
        </Placemark>
        <Placemark>
          <name>แยกตึกชัย</name>
          <LookAt>
            <longitude>100.5297963311881</longitude>
            <latitude>13.76799942571284</latitude>
            <range>1190.926619801119</range>
            <tilt>12.09986916277407</tilt>
            <heading>-0.001985616840274917</heading>
          </LookAt>
          <styleUrl>#khStyle652</styleUrl>
          <Point>
            <coordinates>100.5285374073485,13.76924183745265,0</coordinates>
          </Point>
        </Placemark>
        <Placemark>
          <name>แยกทองหล่อ</name>
          <LookAt>
            <longitude>100.5803465118755</longitude>
            <latitude>13.72410449009812</latitude>
            <range>627.5926124623468</range>
            <tilt>6.793837648229752e-011</tilt>
            <heading>0.01018488402711799</heading>
          </LookAt>
          <styleUrl>#khStyle756</styleUrl>
          <Style>
            <IconStyle>
              <Icon>
                <href>root://icons/palette-3.png</href>
                <x>192</x>
                <y>64</y>
                <w>32</w>
                <h>32</h>
              </Icon>
            </IconStyle>
          </Style>
          <Point>
            <coordinates>100.5794451685335,13.72360308863467,0</coordinates>
          </Point>
        </Placemark>
        <Placemark>
          <name>แยกทองหล่อ-เพชรบุรี</name>
          <LookAt>
            <longitude>100.5879427589453</longitude>
            <latitude>13.74417727570469</latitude>
            <range>1223.789354280232</range>
            <tilt>6.311527578749227e-011</tilt>
            <heading>0.01198759670033546</heading>
          </LookAt>
          <styleUrl>#khStyle662</styleUrl>
          <Point>
            <coordinates>100.5860600432357,13.74433220068115,0</coordinates>
          </Point>
        </Placemark>
        <Placemark>
          <name>แยกเทเวศน์</name>
          <LookAt>
            <longitude>100.5060930150064</longitude>
            <latitude>13.76885356568018</latitude>
            <range>2140.631026728328</range>
            <tilt>12.09990012926916</tilt>
            <heading>-0.008245339484967152</heading>
          </LookAt>
          <styleUrl>#khStyle879</styleUrl>
          <Point>
            <coordinates>100.5041702291869,13.7694745071497,0</coordinates>
          </Point>
        </Placemark>
        <Placemark>
          <name>แยกทำเนียบรัฐบาล</name>
          <LookAt>
            <longitude>100.5151513079123</longitude>
            <latitude>13.76379513046424</latitude>
            <range>761.899559177322</range>
            <tilt>12.09988957644783</tilt>
            <heading>-0.006243796883280841</heading>
          </LookAt>
          <styleUrl>#khStyle773</styleUrl>
          <Style>
            <IconStyle>
              <Icon>
                <href>root://icons/palette-3.png</href>
                <x>192</x>
                <y>64</y>
                <w>32</w>
                <h>32</h>
              </Icon>
            </IconStyle>
          </Style>
          <Point>
            <coordinates>100.5137124273809,13.76320395624185,0</coordinates>
          </Point>
        </Placemark>
        <Placemark>
          <name>แยกนางเลิ้ง</name>
          <LookAt>
            <longitude>100.5135659201394</longitude>
            <latitude>13.76158315631724</latitude>
            <range>1116.306824284715</range>
            <tilt>12.09989318518008</tilt>
            <heading>-0.0064669848960698</heading>
          </LookAt>
          <styleUrl>#khStyle855</styleUrl>
          <Point>
            <coordinates>100.5131995950761,13.75999082764803,0</coordinates>
          </Point>
        </Placemark>
        <Placemark>
          <name>แยกนานา</name>
          <LookAt>
            <longitude>100.5514327675163</longitude>
            <latitude>13.74125490484813</latitude>
            <range>2884.788224822744</range>
            <tilt>12.09983983321073</tilt>
            <heading>0.003161632623210193</heading>
          </LookAt>
          <styleUrl>#khStyle697</styleUrl>
          <Style>
            <IconStyle>
              <Icon>
                <href>root://icons/palette-3.png</href>
                <x>192</x>
                <y>64</y>
                <w>32</w>
                <h>32</h>
              </Icon>
            </IconStyle>
          </Style>
          <Point>
            <coordinates>100.553386504012,13.74206471455402,0</coordinates>
          </Point>
        </Placemark>
        <Placemark>
          <name>แยกบรรทัดทอง</name>
          <LookAt>
            <longitude>100.5258103202717</longitude>
            <latitude>13.74475918934782</latitude>
            <range>1532.158159742998</range>
            <tilt>12.09989644653869</tilt>
            <heading>-0.003558487186555156</heading>
          </LookAt>
          <styleUrl>#khStyle879</styleUrl>
          <Point>
            <coordinates>100.5240989573809,13.74734203811294,0</coordinates>
          </Point>
        </Placemark>
        <Placemark>
          <name>แยกบางขุนพรหม</name>
          <LookAt>
            <longitude>100.505733380828</longitude>
            <latitude>13.76882360654401</latitude>
            <range>2140.675581891735</range>
            <tilt>12.09990021327078</tilt>
            <heading>-0.008330933445156332</heading>
          </LookAt>
          <styleUrl>#khStyle879</styleUrl>
          <Point>
            <coordinates>100.5015084293558,13.76673062553501,0</coordinates>
          </Point>
        </Placemark>
        <Placemark>
          <name>แยกบางลำภู</name>
          <LookAt>
            <longitude>100.4997447443681</longitude>
            <latitude>13.76208364001157</latitude>
            <range>1721.626688707625</range>
            <tilt>12.09989373218682</tilt>
            <heading>-0.009755901075767006</heading>
          </LookAt>
          <styleUrl>#khStyle879</styleUrl>
          <Point>
            <coordinates>100.4985932383528,13.76203253840868,0</coordinates>
          </Point>
        </Placemark>
        <Placemark>
          <name>แยกบ้านหม้อ</name>
          <LookAt>
            <longitude>100.4980116009531</longitude>
            <latitude>13.74535443979769</latitude>
            <range>387.1838280527354</range>
            <tilt>12.0998664321632</tilt>
            <heading>-0.005196271379142966</heading>
          </LookAt>
          <styleUrl>#khStyle1296</styleUrl>
          <Point>
            <coordinates>100.4977881646571,13.74519452171577,0</coordinates>
          </Point>
        </Placemark>
        <Placemark>
          <name>แยกโบถแม่พระฟาติมา</name>
          <LookAt>
            <longitude>100.5552296406797</longitude>
            <latitude>13.76030914299646</latitude>
            <range>614.3163679539848</range>
            <tilt>12.09990272477641</tilt>
            <heading>0.003451685563781941</heading>
          </LookAt>
          <styleUrl>#khStyle794</styleUrl>
          <Style>
            <IconStyle>
              <Icon>
                <href>root://icons/palette-3.png</href>
                <x>192</x>
                <y>64</y>
                <w>32</w>
                <h>32</h>
              </Icon>
            </IconStyle>
          </Style>
          <Point>
            <coordinates>100.5555077195978,13.76020389195961,0</coordinates>
          </Point>
        </Placemark>
        <Placemark>
          <name>แยกประดิพัทธ์</name>
          <LookAt>
            <longitude>100.5372851908906</longitude>
            <latitude>13.79331397083318</latitude>
            <range>2415.471489363607</range>
            <tilt>12.09990073777945</tilt>
            <heading>-0.0008182083631285824</heading>
          </LookAt>
          <styleUrl>#khStyle848</styleUrl>
          <Style>
            <IconStyle>
              <Icon>
                <href>root://icons/palette-3.png</href>
                <x>192</x>
                <y>64</y>
                <w>32</w>
                <h>32</h>
              </Icon>
            </IconStyle>
          </Style>
          <Point>
            <coordinates>100.5378859809857,13.79177829453282,0</coordinates>
          </Point>
        </Placemark>
        <Placemark>
          <name>แยกประตูน้ำ</name>
          <LookAt>
            <longitude>100.5425448826985</longitude>
            <latitude>13.74924893990595</latitude>
            <range>1183.474891162943</range>
            <tilt>12.09985511537015</tilt>
            <heading>0.001047252594052882</heading>
          </LookAt>
          <styleUrl>#khStyle652</styleUrl>
          <Point>
            <coordinates>100.541481351907,13.74978669484144,0</coordinates>
          </Point>
        </Placemark>
        <Placemark>
          <name>แยกผังเมือง</name>
          <LookAt>
            <longitude>100.5704945961251</longitude>
            <latitude>13.75520020308501</latitude>
            <range>912.9632370444926</range>
            <tilt>12.09989437594022</tilt>
            <heading>0.00709428982390582</heading>
          </LookAt>
          <styleUrl>#khStyle827</styleUrl>
          <Style>
            <IconStyle>
              <Icon>
                <href>root://icons/palette-3.png</href>
                <x>192</x>
                <y>64</y>
                <w>32</w>
                <h>32</h>
              </Icon>
            </IconStyle>
          </Style>
          <Point>
            <coordinates>100.5736231925723,13.75550470978818,0</coordinates>
          </Point>
        </Placemark>
        <Placemark>
          <name>แยกผ่านฟ้า</name>
          <LookAt>
            <longitude>100.5089045451133</longitude>
            <latitude>13.75560019178108</latitude>
            <range>1105.468442313934</range>
            <tilt>12.09988730098814</tilt>
            <heading>-0.007575483313975243</heading>
          </LookAt>
          <styleUrl>#khStyle855</styleUrl>
          <Point>
            <coordinates>100.5060877687673,13.75597750602715,0</coordinates>
          </Point>
        </Placemark>
        <Placemark>
          <name>แยกพญาไท</name>
          <LookAt>
            <longitude>100.5344546331278</longitude>
            <latitude>13.75801269023096</latitude>
            <range>1182.521596470466</range>
            <tilt>12.09985331828053</tilt>
            <heading>-0.0008781756209832172</heading>
          </LookAt>
          <styleUrl>#khStyle652</styleUrl>
          <Point>
            <coordinates>100.5348864007336,13.75770631410746,0</coordinates>
          </Point>
        </Placemark>
        <Placemark>
          <name>แยกพระรูปทรงม้า</name>
          <LookAt>
            <longitude>100.5138575107495</longitude>
            <latitude>13.77017457202244</latitude>
            <range>2260.582840332891</range>
            <tilt>12.0999007968525</tilt>
            <heading>-0.006397228846993644</heading>
          </LookAt>
          <styleUrl>#khStyle855</styleUrl>
          <Point>
            <coordinates>100.5118310446357,13.76805198018072,0</coordinates>
          </Point>
        </Placemark>
        <Placemark>
          <name>แยกพระราม 4</name>
          <LookAt>
            <longitude>100.5220900028075</longitude>
            <latitude>13.73603766988694</latitude>
            <range>595.6854544702878</range>
            <tilt>12.09989993837345</tilt>
            <heading>-0.004441904394191341</heading>
          </LookAt>
          <styleUrl>#khStyle879</styleUrl>
          <Point>
            <coordinates>100.5219185604742,13.73561439534248,0</coordinates>
          </Point>
        </Placemark>
        <Placemark>
          <name>แยกเพชร-พระราม</name>
          <LookAt>
            <longitude>100.5281975560906</longitude>
            <latitude>13.75472641216692</latitude>
            <range>1189.537500609981</range>
            <tilt>12.09986654413192</tilt>
            <heading>-0.002365978751790736</heading>
          </LookAt>
          <styleUrl>#khStyle652</styleUrl>
          <Point>
            <coordinates>100.5272443603332,13.75474427756583,0</coordinates>
          </Point>
        </Placemark>
        <Placemark>
          <name>แยกพงษ์-พระราม</name>
          <LookAt>
            <longitude>100.5234624444038</longitude>
            <latitude>13.74858269686614</latitude>
            <range>1343.281034121067</range>
            <tilt>12.09989482599866</tilt>
            <heading>-0.004096034225276718</heading>
          </LookAt>
          <styleUrl>#khStyle780</styleUrl>
          <Style>
            <IconStyle>
              <Icon>
                <href>root://icons/palette-3.png</href>
                <x>192</x>
                <y>64</y>
                <w>32</w>
                <h>32</h>
              </Icon>
            </IconStyle>
          </Style>
          <Point>
            <coordinates>100.5210954646148,13.74775800699123,0</coordinates>
          </Point>
        </Placemark>
        <Placemark>
          <name>แยกเพลินจิต-วิทยุ</name>
          <LookAt>
            <longitude>100.5481081767543</longitude>
            <latitude>13.74284474219957</latitude>
            <range>1289.995836366353</range>
            <tilt>12.09985876202783</tilt>
            <heading>0.002378156030900209</heading>
          </LookAt>
          <styleUrl>#khStyle742</styleUrl>
          <Style>
            <IconStyle>
              <Icon>
                <href>root://icons/palette-3.png</href>
                <x>192</x>
                <y>64</y>
                <w>32</w>
                <h>32</h>
              </Icon>
            </IconStyle>
          </Style>
          <Point>
            <coordinates>100.5479866302656,13.74312298736657,0</coordinates>
          </Point>
        </Placemark>
        <Placemark>
          <name>แยกพร้อมพงษ์-สุขุมวิท</name>
          <LookAt>
            <longitude>100.571236317596</longitude>
            <latitude>13.72969373732831</latitude>
            <range>558.7853285778137</range>
            <tilt>7.681664136145152e-012</tilt>
            <heading>0.008021561628098159</heading>
          </LookAt>
          <styleUrl>#khStyle662</styleUrl>
          <Point>
            <coordinates>100.5707843177051,13.72995804880357,0</coordinates>
          </Point>
        </Placemark>
        <Placemark>
          <name>แยกพร้อมพงศ์-เพชร</name>
          <LookAt>
            <longitude>100.5738791832535</longitude>
            <latitude>13.7465686049893</latitude>
            <range>554.2595867803503</range>
            <tilt>9.373439493252085e-011</tilt>
            <heading>0.008648214723327977</heading>
          </LookAt>
          <styleUrl>#khStyle662</styleUrl>
          <Point>
            <coordinates>100.573674598861,13.7471143770791,0</coordinates>
          </Point>
        </Placemark>
        <Placemark>
          <name>แยกฟอร์จูน</name>
          <LookAt>
            <longitude>100.5654887404655</longitude>
            <latitude>13.7554417207788</latitude>
            <range>472.3445871657278</range>
            <tilt>12.09990028802748</tilt>
            <heading>0.005904083938505994</heading>
          </LookAt>
          <styleUrl>#khStyle756</styleUrl>
          <Style>
            <IconStyle>
              <Icon>
                <href>root://icons/palette-3.png</href>
                <x>192</x>
                <y>64</y>
                <w>32</w>
                <h>32</h>
              </Icon>
            </IconStyle>
          </Style>
          <Point>
            <coordinates>100.565365709954,13.75605824508557,0</coordinates>
          </Point>
        </Placemark>
        <Placemark>
          <name>แยกมาบุญครอง</name>
          <LookAt>
            <longitude>100.5330525442537</longitude>
            <latitude>13.74433860162509</latitude>
            <range>2095.950065000044</range>
            <tilt>12.09986778973963</tilt>
            <heading>-0.001200773166347707</heading>
          </LookAt>
          <styleUrl>#khStyle669</styleUrl>
          <Style>
            <IconStyle>
              <Icon>
                <href>root://icons/palette-3.png</href>
                <x>192</x>
                <y>64</y>
                <w>32</w>
                <h>32</h>
              </Icon>
            </IconStyle>
          </Style>
          <Point>
            <coordinates>100.5311650279063,13.74605910681872,0</coordinates>
          </Point>
        </Placemark>
        <Placemark>
          <name>แยกมักกะสัน</name>
          <LookAt>
            <longitude>100.5434888595752</longitude>
            <latitude>13.75601990908964</latitude>
            <range>1872.265452231342</range>
            <tilt>12.09987250074904</tilt>
            <heading>0.001272216276007677</heading>
          </LookAt>
          <styleUrl>#khStyle652</styleUrl>
          <Point>
            <coordinates>100.5427482187974,13.75588149336217,0</coordinates>
          </Point>
        </Placemark>
        <Placemark>
          <name>แยกมัฆวาฬ</name>
          <LookAt>
            <longitude>100.5099790554219</longitude>
            <latitude>13.76359239816216</latitude>
            <range>517.6379244490519</range>
            <tilt>12.09989854550531</tilt>
            <heading>-0.007320103453504386</heading>
          </LookAt>
          <styleUrl>#khStyle855</styleUrl>
          <Point>
            <coordinates>100.5099300262187,13.76381627607798,0</coordinates>
          </Point>
        </Placemark>
        <Placemark>
          <name>แยกเม่งจ๋าย</name>
          <LookAt>
            <longitude>100.5864651534693</longitude>
            <latitude>13.77003211194853</latitude>
            <range>464.9133460361412</range>
            <tilt>12.0998997043961</tilt>
            <heading>0.01089414571214459</heading>
          </LookAt>
          <styleUrl>#khStyle834</styleUrl>
          <Style>
            <IconStyle>
              <Icon>
                <href>root://icons/palette-3.png</href>
                <x>192</x>
                <y>64</y>
                <w>32</w>
                <h>32</h>
              </Icon>
            </IconStyle>
          </Style>
          <Point>
            <coordinates>100.5861817040311,13.76985600311553,0</coordinates>
          </Point>
        </Placemark>
        <Placemark>
          <name>แยกยมราช</name>
          <LookAt>
            <longitude>100.5228418496197</longitude>
            <latitude>13.75618299792251</latitude>
            <range>2389.588657676449</range>
            <tilt>12.09986718849503</tilt>
            <heading>-0.003623748493050475</heading>
          </LookAt>
          <styleUrl>#khStyle763</styleUrl>
          <Style>
            <IconStyle>
              <Icon>
                <href>root://icons/palette-3.png</href>
                <x>192</x>
                <y>64</y>
                <w>32</w>
                <h>32</h>
              </Icon>
            </IconStyle>
          </Style>
          <Point>
            <coordinates>100.5210851579428,13.75691689886437,0</coordinates>
          </Point>
        </Placemark>
        <Placemark>
          <name>แยกยศเส</name>
          <LookAt>
            <longitude>100.518229353358</longitude>
            <latitude>13.7504292289389</latitude>
            <range>1113.948636142037</range>
            <tilt>12.09988873968265</tilt>
            <heading>-0.005358195783728505</heading>
          </LookAt>
          <styleUrl>#khStyle855</styleUrl>
          <Point>
            <coordinates>100.5171630796667,13.74889953717054,0</coordinates>
          </Point>
        </Placemark>
        <Placemark>
          <name>แยกราชเทวี</name>
          <LookAt>
            <longitude>100.5320727311495</longitude>
            <latitude>13.75420222575052</latitude>
            <range>1187.589585335987</range>
            <tilt>12.09986287204225</tilt>
            <heading>-0.001444669788048964</heading>
          </LookAt>
          <styleUrl>#khStyle652</styleUrl>
          <Point>
            <coordinates>100.5323819603108,13.75303609966692,0</coordinates>
          </Point>
        </Placemark>
        <Placemark>
          <name>แยกราชประสงค์</name>
          <LookAt>
            <longitude>100.5409397337618</longitude>
            <latitude>13.74517135010435</latitude>
            <range>1179.398754965959</range>
            <tilt>12.0998474313772</tilt>
            <heading>0.0006616854178468697</heading>
          </LookAt>
          <styleUrl>#khStyle604</styleUrl>
          <Style>
            <IconStyle>
              <Icon>
                <href>root://icons/palette-3.png</href>
                <x>192</x>
                <y>64</y>
                <w>32</w>
                <h>32</h>
              </Icon>
            </IconStyle>
          </Style>
          <Point>
            <coordinates>100.5406484153918,13.74425353863665,0</coordinates>
          </Point>
        </Placemark>
        <Placemark>
          <name>แยกโรงกรองน้ำ</name>
          <LookAt>
            <longitude>100.5304486380785</longitude>
            <latitude>13.77591454562163</latitude>
            <range>538.8484387422353</range>
            <tilt>12.09989557753452</tilt>
            <heading>-0.002447380399786564</heading>
          </LookAt>
          <styleUrl>#khStyle855</styleUrl>
          <Point>
            <coordinates>100.5307900532556,13.77500259290863,0</coordinates>
          </Point>
        </Placemark>
        <Placemark>
          <name>แยกวรจักร์</name>
          <LookAt>
            <longitude>100.5077126641006</longitude>
            <latitude>13.74805544605117</latitude>
            <range>434.9196836743844</range>
            <tilt>12.09986505518934</tilt>
            <heading>-0.002891145136537426</heading>
          </LookAt>
          <styleUrl>#khStyle1296</styleUrl>
          <Point>
            <coordinates>100.5073513227475,13.74787026723512,0</coordinates>
          </Point>
        </Placemark>
        <Placemark>
          <name>แยกวชิราวุธ</name>
          <LookAt>
            <longitude>100.5212255582527</longitude>
            <latitude>13.77637301826012</latitude>
            <range>364.806854320098</range>
            <tilt>-3.223223251305877e-010</tilt>
            <heading>-0.01829912381596788</heading>
          </LookAt>
          <styleUrl>#khStyle526</styleUrl>
          <Style>
            <IconStyle>
              <Icon>
                <href>root://icons/palette-3.png</href>
                <x>192</x>
                <y>64</y>
                <w>32</w>
                <h>32</h>
              </Icon>
            </IconStyle>
          </Style>
          <Point>
            <coordinates>100.5209969161031,13.77640070487772,0</coordinates>
          </Point>
        </Placemark>
        <Placemark>
          <name>แยกวัดเบญจ</name>
          <LookAt>
            <longitude>100.5198332052459</longitude>
            <latitude>13.7676035933096</latitude>
            <range>2390.796211605609</range>
            <tilt>12.09986946487314</tilt>
            <heading>-0.004337959682197054</heading>
          </LookAt>
          <styleUrl>#khStyle604</styleUrl>
          <Style>
            <IconStyle>
              <Icon>
                <href>root://icons/palette-3.png</href>
                <x>192</x>
                <y>64</y>
                <w>32</w>
                <h>32</h>
              </Icon>
            </IconStyle>
          </Style>
          <Point>
            <coordinates>100.515488981177,13.7662860075362,0</coordinates>
          </Point>
        </Placemark>
        <Placemark>
          <name>แยกศาลาแดง</name>
          <LookAt>
            <longitude>100.535670661262</longitude>
            <latitude>13.73363985193962</latitude>
            <range>2091.559679238839</range>
            <tilt>12.09985951333286</tilt>
            <heading>-0.0005792295816125845</heading>
          </LookAt>
          <styleUrl>#khStyle676</styleUrl>
          <Point>
            <coordinates>100.5369243522073,13.72946631712265,0</coordinates>
          </Point>
        </Placemark>
        <Placemark>
          <name>แยกศรีย่าน</name>
          <LookAt>
            <longitude>100.5236969777242</longitude>
            <latitude>13.77952010439925</latitude>
            <range>977.5767797481709</range>
            <tilt>-3.208245370331771e-010</tilt>
            <heading>-0.01771040513733379</heading>
          </LookAt>
          <styleUrl>#khStyle526</styleUrl>
          <Style>
            <IconStyle>
              <Icon>
                <href>root://icons/palette-3.png</href>
                <x>192</x>
                <y>64</y>
                <w>32</w>
                <h>32</h>
              </Icon>
            </IconStyle>
          </Style>
          <Point>
            <coordinates>100.5226707433298,13.77936489371303,0</coordinates>
          </Point>
        </Placemark>
        <Placemark>
          <name>แยกศรีอยุธยา</name>
          <LookAt>
            <longitude>100.5291174695139</longitude>
            <latitude>13.76136791121268</latitude>
            <range>1189.628039923949</range>
            <tilt>12.09986671479265</tilt>
            <heading>-0.002147324696397636</heading>
          </LookAt>
          <styleUrl>#khStyle652</styleUrl>
          <Point>
            <coordinates>100.5261555906838,13.76157846901642,0</coordinates>
          </Point>
        </Placemark>
        <Placemark>
          <name>แยกศูนย์วัฒนะธรรม</name>
          <LookAt>
            <longitude>100.5757060108482</longitude>
            <latitude>13.76793642123148</latitude>
            <range>968.139009882275</range>
            <tilt>12.0999046526068</tilt>
            <heading>0.008334182304126227</heading>
          </LookAt>
          <styleUrl>#khStyle827</styleUrl>
          <Style>
            <IconStyle>
              <Icon>
                <href>root://icons/palette-3.png</href>
                <x>192</x>
                <y>64</y>
                <w>32</w>
                <h>32</h>
              </Icon>
            </IconStyle>
          </Style>
          <Point>
            <coordinates>100.5729383489976,13.76804908878737,0</coordinates>
          </Point>
        </Placemark>
        <Placemark>
          <name>แยกสะพานเหล็ก</name>
          <LookAt>
            <longitude>100.5045320520371</longitude>
            <latitude>13.74649091349171</latitude>
            <range>479.2926652893061</range>
            <tilt>12.09986505519069</tilt>
            <heading>-0.003646946573693742</heading>
          </LookAt>
          <styleUrl>#khStyle1296</styleUrl>
          <Point>
            <coordinates>100.5045183676823,13.74656905193099,0</coordinates>
          </Point>
        </Placemark>
        <Placemark>
          <name>แยกสะพานแดง</name>
          <LookAt>
            <longitude>100.5302949735282</longitude>
            <latitude>13.79306220319909</latitude>
            <range>870.7490030349727</range>
            <tilt>-3.951514535116085e-010</tilt>
            <heading>-0.01613851247950056</heading>
          </LookAt>
          <styleUrl>#khStyle526</styleUrl>
          <Style>
            <IconStyle>
              <Icon>
                <href>root://icons/palette-3.png</href>
                <x>192</x>
                <y>64</y>
                <w>32</w>
                <h>32</h>
              </Icon>
            </IconStyle>
          </Style>
          <Point>
            <coordinates>100.5296142727339,13.79341653642039,0</coordinates>
          </Point>
        </Placemark>
        <Placemark>
          <name>แยกสะพานดำ</name>
          <LookAt>
            <longitude>100.5095757651806</longitude>
            <latitude>13.75178920736228</latitude>
            <range>400.3227720851792</range>
            <tilt>12.09986524679712</tilt>
            <heading>-0.002448364428150455</heading>
          </LookAt>
          <styleUrl>#khStyle1279</styleUrl>
          <Style>
            <IconStyle>
              <Icon>
                <href>root://icons/palette-3.png</href>
                <x>192</x>
                <y>64</y>
                <w>32</w>
                <h>32</h>
              </Icon>
            </IconStyle>
          </Style>
          <Point>
            <coordinates>100.5090739536615,13.75173380213916,0</coordinates>
          </Point>
        </Placemark>
        <Placemark>
          <name>แยกสี่กั๊กพระยาศรี</name>
          <LookAt>
            <longitude>100.4979535229207</longitude>
            <latitude>13.74669267098173</latitude>
            <range>811.3936157282401</range>
            <tilt>12.09986421929612</tilt>
            <heading>-0.005210149887052555</heading>
          </LookAt>
          <styleUrl>#khStyle1296</styleUrl>
          <Point>
            <coordinates>100.4979885318602,13.74711729343164,0</coordinates>
          </Point>
        </Placemark>
        <Placemark>
          <name>แยกสนามม้า</name>
          <LookAt>
            <longitude>100.5158890136103</longitude>
            <latitude>13.76170795077649</latitude>
            <range>449.8455091988806</range>
            <tilt>12.09989863691129</tilt>
            <heading>-0.005900090965168582</heading>
          </LookAt>
          <styleUrl>#khStyle773</styleUrl>
          <Style>
            <IconStyle>
              <Icon>
                <href>root://icons/palette-3.png</href>
                <x>192</x>
                <y>64</y>
                <w>32</w>
                <h>32</h>
              </Icon>
            </IconStyle>
          </Style>
          <Point>
            <coordinates>100.5157896474494,13.76149674349786,0</coordinates>
          </Point>
        </Placemark>
        <Placemark>
          <name>แยกสนามมวย</name>
          <LookAt>
            <longitude>100.5086734512411</longitude>
            <latitude>13.76000204045426</latitude>
            <range>496.8856611302181</range>
            <tilt>12.09989465812966</tilt>
            <heading>-0.007631363798380944</heading>
          </LookAt>
          <styleUrl>#khStyle872</styleUrl>
          <Style>
            <IconStyle>
              <Icon>
                <href>root://icons/palette-3.png</href>
                <x>192</x>
                <y>64</y>
                <w>32</w>
                <h>32</h>
              </Icon>
            </IconStyle>
          </Style>
          <Point>
            <coordinates>100.5079701870972,13.75982626317728,0</coordinates>
          </Point>
        </Placemark>
        <Placemark>
          <name>แยกสวนมิกกวัน</name>
          <LookAt>
            <longitude>100.5106099851164</longitude>
            <latitude>13.76575016437923</latitude>
            <range>1000.713188254619</range>
            <tilt>-4.755397723773574e-011</tilt>
            <heading>-0.02082635054127573</heading>
          </LookAt>
          <styleUrl>#khStyle526</styleUrl>
          <Style>
            <IconStyle>
              <Icon>
                <href>root://icons/palette-3.png</href>
                <x>192</x>
                <y>64</y>
                <w>32</w>
                <h>32</h>
              </Icon>
            </IconStyle>
          </Style>
          <Point>
            <coordinates>100.5107807138328,13.76575713467988,0</coordinates>
          </Point>
        </Placemark>
        <Placemark>
          <name>แยกสวนพลู</name>
          <LookAt>
            <longitude>100.5368064848197</longitude>
            <latitude>13.72177470068543</latitude>
            <range>1108.788558813933</range>
            <tilt>12.09988403643978</tilt>
            <heading>-0.0009455067816560109</heading>
          </LookAt>
          <styleUrl>#khStyle879</styleUrl>
          <Point>
            <coordinates>100.5369509925952,13.72340984785828,0</coordinates>
          </Point>
        </Placemark>
        <Placemark>
          <name>แยกสามยอด</name>
          <LookAt>
            <longitude>100.5056573878049</longitude>
            <latitude>13.7457233293142</latitude>
            <range>386.5548288695051</range>
            <tilt>12.09988933522573</tilt>
            <heading>-0.008332866399553593</heading>
          </LookAt>
          <styleUrl>#khStyle945</styleUrl>
          <Style>
            <IconStyle>
              <Icon>
                <href>root://icons/palette-3.png</href>
                <x>192</x>
                <y>64</y>
                <w>32</w>
                <h>32</h>
              </Icon>
            </IconStyle>
          </Style>
          <Point>
            <coordinates>100.5060689555389,13.74550846693749,0</coordinates>
          </Point>
        </Placemark>
        <Placemark>
          <name>แยกสามย่าน</name>
          <LookAt>
            <longitude>100.5321639204243</longitude>
            <latitude>13.73713246026485</latitude>
            <range>2091.605796229627</range>
            <tilt>12.09985960026889</tilt>
            <heading>-0.001411822798741705</heading>
          </LookAt>
          <styleUrl>#khStyle676</styleUrl>
          <Point>
            <coordinates>100.5291555033584,13.73279490538586,0</coordinates>
          </Point>
        </Placemark>
        <Placemark>
          <name>แยกสาทร</name>
          <LookAt>
            <longitude>100.5387699638554</longitude>
            <latitude>13.72872810104785</latitude>
            <range>4208.410681455756</range>
            <tilt>12.09987705277081</tilt>
            <heading>0.0001572078127091967</heading>
          </LookAt>
          <styleUrl>#khStyle676</styleUrl>
          <Point>
            <coordinates>100.5450751992213,13.72593630597555,0</coordinates>
          </Point>
        </Placemark>
        <Placemark>
          <name>แยกสุโขทัย</name>
          <LookAt>
            <longitude>100.5277758491922</longitude>
            <latitude>13.77422240786449</latitude>
            <range>455.3920707062467</range>
            <tilt>-1.966462814964582e-010</tilt>
            <heading>-0.01673980586519198</heading>
          </LookAt>
          <styleUrl>#khStyle526</styleUrl>
          <Style>
            <IconStyle>
              <Icon>
                <href>root://icons/palette-3.png</href>
                <x>192</x>
                <y>64</y>
                <w>32</w>
                <h>32</h>
              </Icon>
            </IconStyle>
          </Style>
          <Point>
            <coordinates>100.527497890104,13.77349032908979,0</coordinates>
          </Point>
        </Placemark>
        <Placemark>
          <name>แยกสะพานขาว</name>
          <LookAt>
            <longitude>100.5170580923481</longitude>
            <latitude>13.75819813293685</latitude>
            <range>1118.299051069825</range>
            <tilt>12.09989694077912</tilt>
            <heading>-0.005636619165599034</heading>
          </LookAt>
          <styleUrl>#khStyle855</styleUrl>
          <Point>
            <coordinates>100.5163967577493,13.75649752676388,0</coordinates>
          </Point>
        </Placemark>
        <Placemark>
          <name>แยกสะพานเหลือง</name>
          <LookAt>
            <longitude>100.5220900028075</longitude>
            <latitude>13.73603766988818</latitude>
            <range>1191.974338726581</range>
            <tilt>12.09989993835795</tilt>
            <heading>-0.004441904394181056</heading>
          </LookAt>
          <styleUrl>#khStyle879</styleUrl>
          <Point>
            <coordinates>100.5194707491535,13.73655272656779,0</coordinates>
          </Point>
        </Placemark>
        <Placemark>
          <name>แยกสุทธิสาร</name>
          <LookAt>
            <longitude>100.5721323501275</longitude>
            <latitude>13.78751993686083</latitude>
            <range>1624.475571368748</range>
            <tilt>12.09990045277117</tilt>
            <heading>0.007482256668094062</heading>
          </LookAt>
          <styleUrl>#khStyle841</styleUrl>
          <Point>
            <coordinates>100.5737655604,13.78968521985482,0</coordinates>
          </Point>
        </Placemark>
        <Placemark>
          <name>แยกเสาวณีย์</name>
          <LookAt>
            <longitude>100.5257461606516</longitude>
            <latitude>13.76176074071886</latitude>
            <range>1194.164625774447</range>
            <tilt>12.09987526678067</tilt>
            <heading>-0.002949137624493044</heading>
          </LookAt>
          <styleUrl>#khStyle652</styleUrl>
          <Point>
            <coordinates>100.5234909302282,13.76278582610145,0</coordinates>
          </Point>
        </Placemark>
        <Placemark>
          <name>แยกหัวลำโพง</name>
          <LookAt>
            <longitude>100.5189240178734</longitude>
            <latitude>13.73749689789764</latitude>
            <range>1188.298174317572</range>
            <tilt>12.09989300833919</tilt>
            <heading>-0.005193554851438955</heading>
          </LookAt>
          <styleUrl>#khStyle879</styleUrl>
          <Point>
            <coordinates>100.5166202645009,13.7376859410744,0</coordinates>
          </Point>
        </Placemark>
        <Placemark>
          <name>แยกห้วยขวาง</name>
          <LookAt>
            <longitude>100.574958449833</longitude>
            <latitude>13.77770610149342</latitude>
            <range>1453.972367144979</range>
            <tilt>12.09989639425173</tilt>
            <heading>0.008155937931576429</heading>
          </LookAt>
          <styleUrl>#khStyle841</styleUrl>
          <Point>
            <coordinates>100.5733761636398,13.77838577226693,0</coordinates>
          </Point>
        </Placemark>
        <Placemark>
          <name>ห้าแยก ณ ระนอง</name>
          <LookAt>
            <longitude>100.5595714290047</longitude>
            <latitude>13.71809085704015</latitude>
            <range>1032.569380732238</range>
            <tilt>12.09987003354865</tilt>
            <heading>0.005088869328726788</heading>
          </LookAt>
          <styleUrl>#khStyle676</styleUrl>
          <Point>
            <coordinates>100.5585052719931,13.71736762924769,0</coordinates>
          </Point>
        </Placemark>
        <Placemark>
          <name>ห้าแยกพลับพลาไชย</name>
          <LookAt>
            <longitude>100.512499864993</longitude>
            <latitude>13.74653536505709</latitude>
            <range>421.0269308954671</range>
            <tilt>11.43231894041294</tilt>
            <heading>-0.006523589948537136</heading>
          </LookAt>
          <styleUrl>#khStyle969</styleUrl>
          <Style>
            <IconStyle>
              <Icon>
                <href>root://icons/palette-3.png</href>
                <x>192</x>
                <y>64</y>
                <w>32</w>
                <h>32</h>
              </Icon>
            </IconStyle>
          </Style>
          <Point>
            <coordinates>100.5121020597402,13.74620285076578,0</coordinates>
          </Point>
        </Placemark>
        <Placemark>
          <name>แยก อสมท</name>
          <LookAt>
            <longitude>100.5704945961251</longitude>
            <latitude>13.75520020310213</latitude>
            <range>912.8493245594663</range>
            <tilt>12.09989437593537</tilt>
            <heading>0.00709428982390936</heading>
          </LookAt>
          <styleUrl>#khStyle827</styleUrl>
          <Style>
            <IconStyle>
              <Icon>
                <href>root://icons/palette-3.png</href>
                <x>192</x>
                <y>64</y>
                <w>32</w>
                <h>32</h>
              </Icon>
            </IconStyle>
          </Style>
          <Point>
            <coordinates>100.5701821954734,13.75568390703199,0</coordinates>
          </Point>
        </Placemark>
        <Placemark>
          <name>แยกเอกมัย-สุขุมวิท</name>
          <LookAt>
            <longitude>100.5852134241476</longitude>
            <latitude>13.71974776792985</latitude>
            <range>684.8377516966076</range>
            <tilt>1.659504458217897e-011</tilt>
            <heading>0.01133928884703203</heading>
          </LookAt>
          <styleUrl>#khStyle756</styleUrl>
          <Style>
            <IconStyle>
              <Icon>
                <href>root://icons/palette-3.png</href>
                <x>192</x>
                <y>64</y>
                <w>32</w>
                <h>32</h>
              </Icon>
            </IconStyle>
          </Style>
          <Point>
            <coordinates>100.5844381021662,13.7200453810678,0</coordinates>
          </Point>
        </Placemark>
        <Placemark>
          <name>แยกอโศก</name>
          <LookAt>
            <longitude>100.5637797426966</longitude>
            <latitude>13.73572718991013</latitude>
            <range>1256.835084234268</range>
            <tilt>12.0998612978962</tilt>
            <heading>0.006090845289755266</heading>
          </LookAt>
          <styleUrl>#khStyle683</styleUrl>
          <Style>
            <IconStyle>
              <Icon>
                <href>root://icons/palette-3.png</href>
                <x>192</x>
                <y>64</y>
                <w>32</w>
                <h>32</h>
              </Icon>
            </IconStyle>
          </Style>
          <Point>
            <coordinates>100.561643080614,13.73620762935125,0</coordinates>
          </Point>
        </Placemark>
        <Placemark>
          <name>แยกอโศก-เพชร</name>
          <LookAt>
            <longitude>100.5645197581199</longitude>
            <latitude>13.74998074771251</latitude>
            <range>737.0929958562705</range>
            <tilt>12.09987881919104</tilt>
            <heading>0.006271817251403133</heading>
          </LookAt>
          <styleUrl>#khStyle728</styleUrl>
          <Style>
            <IconStyle>
              <Icon>
                <href>root://icons/palette-3.png</href>
                <x>192</x>
                <y>64</y>
                <w>32</w>
                <h>32</h>
              </Icon>
            </IconStyle>
          </Style>
          <Point>
            <coordinates>100.5638065421603,13.74891847296812,0</coordinates>
          </Point>
        </Placemark>
        <Placemark>
          <name>แยกอังรีดูนังค์</name>
          <LookAt>
            <longitude>100.5349877687211</longitude>
            <latitude>13.73196184774002</latitude>
            <range>774.3040144912687</range>
            <tilt>-6.383565343496455e-011</tilt>
            <heading>-0.01503598194537578</heading>
          </LookAt>
          <styleUrl>#khStyle526</styleUrl>
          <Style>
            <IconStyle>
              <Icon>
                <href>root://icons/palette-3.png</href>
                <x>192</x>
                <y>64</y>
                <w>32</w>
                <h>32</h>
              </Icon>
            </IconStyle>
          </Style>
          <Point>
            <coordinates>100.5340505283104,13.73079904806926,0</coordinates>
          </Point>
        </Placemark>
        <Placemark>
          <name>แยกอุรุพงษ์</name>
          <LookAt>
            <longitude>100.5228418496197</longitude>
            <latitude>13.75618299792251</latitude>
            <range>2389.588657676449</range>
            <tilt>12.09986718849503</tilt>
            <heading>-0.003623748493050475</heading>
          </LookAt>
          <styleUrl>#khStyle756</styleUrl>
          <Style>
            <IconStyle>
              <Icon>
                <href>root://icons/palette-3.png</href>
                <x>192</x>
                <y>64</y>
                <w>32</w>
                <h>32</h>
              </Icon>
            </IconStyle>
          </Style>
          <Point>
            <coordinates>100.5240630677182,13.7560096973145,0</coordinates>
          </Point>
        </Placemark>
      </Folder>
      <Folder>
        <name>HOSPITAL</name>
        <LookAt>
          <longitude>100.5668527354652</longitude>
          <latitude>13.71560078376799</latitude>
          <range>1097.397353810243</range>
          <tilt>-6.100100284500521e-011</tilt>
          <heading>0.004846617375066109</heading>
        </LookAt>
        <Placemark>
          <name>รพ.สยาม</name>
          <LookAt>
            <longitude>100.5954914954655</longitude>
            <latitude>13.80151580104464</latitude>
            <range>486.8715444387321</range>
            <tilt>-2.912202353452141e-010</tilt>
            <heading>0.01173101050938978</heading>
          </LookAt>
          <styleUrl>#khStyle2014</styleUrl>
          <Point>
            <coordinates>100.5958319242059,13.80189395889732,0</coordinates>
          </Point>
        </Placemark>
        <Placemark>
          <name>รพ.เวชธานี</name>
          <LookAt>
            <longitude>100.6350691183917</longitude>
            <latitude>13.77191494609605</latitude>
            <range>395.7571882649062</range>
            <tilt>-2.838559549876141e-010</tilt>
            <heading>0.02115021893915134</heading>
          </LookAt>
          <styleUrl>#khStyle2014</styleUrl>
          <Point>
            <coordinates>100.6351692262215,13.77174534337678,0</coordinates>
          </Point>
        </Placemark>
        <Placemark>
          <name>รพ.ลาดพร้าว</name>
          <LookAt>
            <longitude>100.6238978731484</longitude>
            <latitude>13.77743428753703</latitude>
            <range>773.6830923647831</range>
            <tilt>-2.167817106974209e-010</tilt>
            <heading>0.01850816105618451</heading>
          </LookAt>
          <styleUrl>#khStyle2014</styleUrl>
          <Point>
            <coordinates>100.6236361453488,13.77831693081364,0</coordinates>
          </Point>
        </Placemark>
        <Placemark>
          <name>รพ.ยาสูบ</name>
          <LookAt>
            <longitude>100.5556116313604</longitude>
            <latitude>13.72455010205834</latitude>
            <range>573.3618589990499</range>
            <tilt>-2.588648554558199e-010</tilt>
            <heading>0.002267005865976524</heading>
          </LookAt>
          <styleUrl>#khStyle2014</styleUrl>
          <Point>
            <coordinates>100.5546168292707,13.7245300887271,0</coordinates>
          </Point>
        </Placemark>
        <Placemark>
          <name>รพ.เมโย พหลโยธิน</name>
          <LookAt>
            <longitude>100.5742822510647</longitude>
            <latitude>13.83513359879722</latitude>
            <range>2741.198497055378</range>
            <tilt>-2.191424325518739e-010</tilt>
            <heading>0.006634025175109321</heading>
          </LookAt>
          <styleUrl>#khStyle2014</styleUrl>
          <Point>
            <coordinates>100.5719210311752,13.83276433011169,0</coordinates>
          </Point>
        </Placemark>
        <Placemark>
          <name>รพ.มเหสักช์</name>
          <LookAt>
            <longitude>100.5207965272332</longitude>
            <latitude>13.72508207600558</latitude>
            <range>365.2648097557633</range>
            <tilt>-2.707927632528736e-010</tilt>
            <heading>-0.006108915015241682</heading>
          </LookAt>
          <styleUrl>#khStyle2014</styleUrl>
          <Point>
            <coordinates>100.5206563438745,13.7248893236564,0</coordinates>
          </Point>
        </Placemark>
        <Placemark>
          <name>รพ.มิชชั่น</name>
          <LookAt>
            <longitude>100.5196492113929</longitude>
            <latitude>13.75699550005867</latitude>
            <range>446.3526739416312</range>
            <tilt>-1.863884368577347e-010</tilt>
            <heading>-0.006381195401198184</heading>
          </LookAt>
          <styleUrl>#khStyle2014</styleUrl>
          <Point>
            <coordinates>100.519581415784,13.75703625451515,0</coordinates>
          </Point>
        </Placemark>
        <Placemark>
          <name>รพ.พระนคร</name>
          <LookAt>
            <longitude>100.5490300656066</longitude>
            <latitude>13.78880981855254</latitude>
            <range>464.3046315026525</range>
            <tilt>-9.130913824046643e-011</tilt>
            <heading>-0.01171711018648473</heading>
          </LookAt>
          <styleUrl>#khStyle1990</styleUrl>
          <Style>
            <IconStyle>
              <scale>0.5</scale>
              <Icon>
                <href>root://icons/palette-3.png</href>
                <x>192</x>
                <y>96</y>
                <w>32</w>
                <h>32</h>
              </Icon>
            </IconStyle>
          </Style>
          <Point>
            <coordinates>100.5500163592089,13.7894868282352,0</coordinates>
          </Point>
        </Placemark>
        <Placemark>
          <name>รพ.เทียนฟ้ามูลนิธิ</name>
          <LookAt>
            <longitude>100.5119561669975</longitude>
            <latitude>13.73737582352138</latitude>
            <range>779.0200286597398</range>
            <tilt>-6.155174435513627e-011</tilt>
            <heading>-0.02052283418896841</heading>
          </LookAt>
          <styleUrl>#khStyle1966</styleUrl>
          <Style>
            <IconStyle>
              <Icon>
                <href>root://icons/palette-3.png</href>
                <x>192</x>
                <y>96</y>
                <w>32</w>
                <h>32</h>
              </Icon>
            </IconStyle>
          </Style>
          <Point>
            <coordinates>100.5127158523028,13.73773145842661,0</coordinates>
          </Point>
        </Placemark>
        <Placemark>
          <name>รพ.เซ็นต์คาลอส</name>
          <LookAt>
            <longitude>100.5746685450094</longitude>
            <latitude>13.78573668109102</latitude>
            <range>630.2929768062502</range>
            <tilt>-3.047744036245486e-011</tilt>
            <heading>-0.005600775378324719</heading>
          </LookAt>
          <styleUrl>#khStyle1911</styleUrl>
          <Point>
            <coordinates>100.5755105398526,13.78500748541581,0</coordinates>
          </Point>
        </Placemark>
        <Placemark>
          <name>รพ.จักษุ รัตนิน</name>
          <LookAt>
            <longitude>100.5637935738932</longitude>
            <latitude>13.74607911702822</latitude>
            <range>572.9940758353773</range>
            <tilt>3.426500213569504e-011</tilt>
            <heading>-0.008192776097491561</heading>
          </LookAt>
          <styleUrl>#khStyle1904</styleUrl>
          <Style>
            <IconStyle>
              <scale>0.5</scale>
              <Icon>
                <href>root://icons/palette-3.png</href>
                <x>192</x>
                <y>96</y>
                <w>32</w>
                <h>32</h>
              </Icon>
            </IconStyle>
          </Style>
          <Point>
            <coordinates>100.5634520756246,13.74581926121782,0</coordinates>
          </Point>
        </Placemark>
        <Placemark>
          <name>รพ.จงจินต์</name>
          <LookAt>
            <longitude>100.520068725369</longitude>
            <latitude>13.74670970635857</latitude>
            <range>357.2872714416726</range>
            <tilt>12.09972620633912</tilt>
            <heading>0.0003192274040280869</heading>
          </LookAt>
          <styleUrl>#khStyle1804</styleUrl>
          <Point>
            <coordinates>100.5188880955235,13.74652267137224,0</coordinates>
          </Point>
        </Placemark>
        <Placemark>
          <name>รพ.คามิลเลี่ยน</name>
          <LookAt>
            <longitude>100.5842334342087</longitude>
            <latitude>13.73957157627858</latitude>
            <range>440.3211425304014</range>
            <tilt>12.09974296234634</tilt>
            <heading>0.0155425015003768</heading>
          </LookAt>
          <styleUrl>#khStyle573</styleUrl>
          <Style>
            <IconStyle>
              <scale>0.5</scale>
              <Icon>
                <href>root://icons/palette-3.png</href>
                <x>192</x>
                <y>96</y>
                <w>32</w>
                <h>32</h>
              </Icon>
            </IconStyle>
            <LabelStyle>
              <color>ffffffff</color>
              <scale>1</scale>
            </LabelStyle>
          </Style>
          <Point>
            <coordinates>100.583722665164,13.73920435073524,0</coordinates>
          </Point>
        </Placemark>
        <Placemark>
          <name>รพ.กล้วยน้ำไท 2</name>
          <LookAt>
            <longitude>100.6067269433443</longitude>
            <latitude>13.67693151420515</latitude>
            <range>850.4100839677011</range>
            <tilt>-1.932532602791613e-010</tilt>
            <heading>0.01647238909799373</heading>
          </LookAt>
          <styleUrl>#khStyle573</styleUrl>
          <Style>
            <IconStyle>
              <scale>0.5</scale>
              <Icon>
                <href>root://icons/palette-3.png</href>
                <x>192</x>
                <y>96</y>
                <w>32</w>
                <h>32</h>
              </Icon>
            </IconStyle>
            <LabelStyle>
              <color>ffffffff</color>
              <scale>1</scale>
            </LabelStyle>
          </Style>
          <Point>
            <coordinates>100.6063030792117,13.67731970732232,0</coordinates>
          </Point>
        </Placemark>
        <Placemark>
          <name>รพ.กรุงธน</name>
          <LookAt>
            <longitude>100.4906618694183</longitude>
            <latitude>13.71467407381515</latitude>
            <range>265.7699474368048</range>
            <tilt>12.099864976655</tilt>
            <heading>-0.01133411050002882</heading>
          </LookAt>
          <styleUrl>#khStyle539</styleUrl>
          <Style>
            <IconStyle>
              <scale>0.5</scale>
              <Icon>
                <href>root://icons/palette-3.png</href>
                <x>192</x>
                <y>96</y>
                <w>32</w>
                <h>32</h>
              </Icon>
            </IconStyle>
          </Style>
          <Point>
            <coordinates>100.4904863476023,13.71448038820809,0</coordinates>
          </Point>
        </Placemark>
        <Placemark>
          <name>รพ.กรมชลประทาน</name>
          <LookAt>
            <longitude>100.5124875754842</longitude>
            <latitude>13.78752730539484</latitude>
            <range>523.8992064530781</range>
            <tilt>12.09987422326587</tilt>
            <heading>-0.006098541532947676</heading>
          </LookAt>
          <styleUrl>#khStyle539</styleUrl>
          <Style>
            <IconStyle>
              <scale>0.5</scale>
              <Icon>
                <href>root://icons/palette-3.png</href>
                <x>192</x>
                <y>96</y>
                <w>32</w>
                <h>32</h>
              </Icon>
            </IconStyle>
          </Style>
          <Point>
            <coordinates>100.5111697418183,13.78897857692961,0</coordinates>
          </Point>
        </Placemark>
        <Placemark>
          <name>รพ.การไฟฟ้านครหลวง</name>
          <LookAt>
            <longitude>100.5115611145842</longitude>
            <latitude>13.7865040839665</latitude>
            <range>688.1190161856321</range>
            <tilt>12.09987193878588</tilt>
            <heading>-0.006319335126024547</heading>
          </LookAt>
          <styleUrl>#khStyle539</styleUrl>
          <Style>
            <IconStyle>
              <scale>0.5</scale>
              <Icon>
                <href>root://icons/palette-3.png</href>
                <x>192</x>
                <y>96</y>
                <w>32</w>
                <h>32</h>
              </Icon>
            </IconStyle>
          </Style>
          <Point>
            <coordinates>100.5102044398152,13.78709522550399,0</coordinates>
          </Point>
        </Placemark>
        <Placemark>
          <name>รพ.เจริญกรุงประชารักษ์</name>
          <LookAt>
            <longitude>100.4960602951816</longitude>
            <latitude>13.69426867315738</latitude>
            <range>1125.499843458214</range>
            <tilt>12.09987330700077</tilt>
            <heading>-0.005280463747284525</heading>
          </LookAt>
          <styleUrl>#khStyle1204</styleUrl>
          <Style>
            <IconStyle>
              <scale>0.5</scale>
              <Icon>
                <href>root://icons/palette-3.png</href>
                <x>192</x>
                <y>96</y>
                <w>32</w>
                <h>32</h>
              </Icon>
            </IconStyle>
          </Style>
          <Point>
            <coordinates>100.4941727987645,13.69346350071899,0</coordinates>
          </Point>
        </Placemark>
        <Placemark>
          <name>รพ.ยศเส</name>
          <LookAt>
            <longitude>100.5160095295027</longitude>
            <latitude>13.74824628400781</latitude>
            <range>454.3881452711037</range>
            <tilt>12.09986157645558</tilt>
            <heading>-0.0005642452821508756</heading>
          </LookAt>
          <styleUrl>#khStyle1279</styleUrl>
          <Style>
            <IconStyle>
              <scale>0.5</scale>
            </IconStyle>
          </Style>
          <Point>
            <coordinates>100.5163942191361,13.74768388409057,0</coordinates>
          </Point>
        </Placemark>
        <Placemark>
          <name>รพ.หัวเฉียว</name>
          <LookAt>
            <longitude>100.5160362150199</longitude>
            <latitude>13.74954335911173</latitude>
            <range>402.2252469865787</range>
            <tilt>12.09985934750797</tilt>
            <heading>-0.0005579003196410294</heading>
          </LookAt>
          <styleUrl>#khStyle1279</styleUrl>
          <Style>
            <IconStyle>
              <scale>0.5</scale>
            </IconStyle>
          </Style>
          <Point>
            <coordinates>100.5160017318759,13.74964270059322,0</coordinates>
          </Point>
        </Placemark>
        <Placemark>
          <name>รพ.ศิริราช</name>
          <LookAt>
            <longitude>100.4870222237329</longitude>
            <latitude>13.75729360389992</latitude>
            <range>420.0564084614671</range>
            <tilt>12.09986280553393</tilt>
            <heading>-0.007454252197584559</heading>
          </LookAt>
          <styleUrl>#khStyle1279</styleUrl>
          <Style>
            <IconStyle>
              <scale>0.5</scale>
            </IconStyle>
          </Style>
          <Point>
            <coordinates>100.4865858641799,13.75733685773781,0</coordinates>
          </Point>
        </Placemark>
        <Placemark>
          <name>รพ.กรุณาพิทักษ์</name>
          <LookAt>
            <longitude>100.5478807436192</longitude>
            <latitude>13.71008789072621</latitude>
            <range>366.2670930123297</range>
            <tilt>12.09987219255425</tilt>
            <heading>0.006981781027032476</heading>
          </LookAt>
          <styleUrl>#khStyle1255</styleUrl>
          <Style>
            <IconStyle>
              <scale>0.5</scale>
              <Icon>
                <href>root://icons/palette-3.png</href>
                <x>192</x>
                <y>96</y>
                <w>32</w>
                <h>32</h>
              </Icon>
            </IconStyle>
          </Style>
          <Point>
            <coordinates>100.5475155476345,13.70967262459471,0</coordinates>
          </Point>
        </Placemark>
        <Placemark>
          <name>รพ.กลาง</name>
          <LookAt>
            <longitude>100.5113115637781</longitude>
            <latitude>13.7461687176978</latitude>
            <range>332.2103806918144</range>
            <tilt>12.09986392022586</tilt>
            <heading>-0.006382333633182237</heading>
          </LookAt>
          <styleUrl>#khStyle1204</styleUrl>
          <Style>
            <IconStyle>
              <scale>0.5</scale>
              <Icon>
                <href>root://icons/palette-3.png</href>
                <x>192</x>
                <y>96</y>
                <w>32</w>
                <h>32</h>
              </Icon>
            </IconStyle>
          </Style>
          <Point>
            <coordinates>100.5113639668305,13.74628520708286,0</coordinates>
          </Point>
        </Placemark>
        <Placemark>
          <name>รพ.วชิระ</name>
          <LookAt>
            <longitude>100.5102332060042</longitude>
            <latitude>13.78061163819086</latitude>
            <range>361.2407891770249</range>
            <tilt>-3.411408851374211e-010</tilt>
            <heading>-0.02091728162866448</heading>
          </LookAt>
          <styleUrl>#khStyle526</styleUrl>
          <Style>
            <IconStyle>
              <scale>0.5</scale>
              <Icon>
                <href>root://icons/palette-3.png</href>
                <x>192</x>
                <y>96</y>
                <w>32</w>
                <h>32</h>
              </Icon>
            </IconStyle>
          </Style>
          <Point>
            <coordinates>100.5095784057142,13.78046482574081,0</coordinates>
          </Point>
        </Placemark>
        <Placemark>
          <name>รพ.เพชรเวช</name>
          <LookAt>
            <longitude>100.5896811767601</longitude>
            <latitude>13.74483890123395</latitude>
            <range>1868.9205546167</range>
            <tilt>-7.603362831815323e-011</tilt>
            <heading>0.01026311217844644</heading>
          </LookAt>
          <styleUrl>#khStyle815</styleUrl>
          <Style>
            <IconStyle>
              <scale>0.5</scale>
              <Icon>
                <href>root://icons/palette-3.png</href>
                <x>192</x>
                <y>96</y>
                <w>32</w>
                <h>32</h>
              </Icon>
            </IconStyle>
          </Style>
          <Point>
            <coordinates>100.5918474303498,13.743452956377,0</coordinates>
          </Point>
        </Placemark>
        <Placemark>
          <name>รพ.กรุงเทพ</name>
          <LookAt>
            <longitude>100.585522938255</longitude>
            <latitude>13.7475274772626</latitude>
            <range>924.3767228131943</range>
            <tilt>-1.303867115936849e-010</tilt>
            <heading>0.009275439228180402</heading>
          </LookAt>
          <styleUrl>#khStyle815</styleUrl>
          <Style>
            <IconStyle>
              <scale>0.5</scale>
              <Icon>
                <href>root://icons/palette-3.png</href>
                <x>192</x>
                <y>96</y>
                <w>32</w>
                <h>32</h>
              </Icon>
            </IconStyle>
          </Style>
          <Point>
            <coordinates>100.5834492296783,13.7488362493268,0</coordinates>
          </Point>
        </Placemark>
        <Placemark>
          <name>รพ.พระราม 9</name>
          <LookAt>
            <longitude>100.5767304600844</longitude>
            <latitude>13.74947178160654</latitude>
            <range>2065.407144058937</range>
            <tilt>-9.936202252678543e-011</tilt>
            <heading>0.007186026483260759</heading>
          </LookAt>
          <styleUrl>#khStyle815</styleUrl>
          <Style>
            <IconStyle>
              <scale>0.5</scale>
              <Icon>
                <href>root://icons/palette-3.png</href>
                <x>192</x>
                <y>96</y>
                <w>32</w>
                <h>32</h>
              </Icon>
            </IconStyle>
          </Style>
          <Point>
            <coordinates>100.5715366178956,13.75366484860192,0</coordinates>
          </Point>
        </Placemark>
        <Placemark>
          <name>รพ.เทพทารินทร์</name>
          <LookAt>
            <longitude>100.5798017960538</longitude>
            <latitude>13.71258210852088</latitude>
            <range>557.6379188847446</range>
            <tilt>-1.240487647807612e-010</tilt>
            <heading>0.007916604504639305</heading>
          </LookAt>
          <styleUrl>#khStyle815</styleUrl>
          <Style>
            <IconStyle>
              <scale>0.5</scale>
              <Icon>
                <href>root://icons/palette-3.png</href>
                <x>192</x>
                <y>96</y>
                <w>32</w>
                <h>32</h>
              </Icon>
            </IconStyle>
          </Style>
          <Point>
            <coordinates>100.5792913770549,13.71266026816227,0</coordinates>
          </Point>
        </Placemark>
        <Placemark>
          <name>รพ.ท่าเรือ</name>
          <LookAt>
            <longitude>100.5668527354653</longitude>
            <latitude>13.71560078376798</latitude>
            <range>1097.397311110563</range>
            <tilt>-5.314632386602871e-011</tilt>
            <heading>0.004846617375080955</heading>
          </LookAt>
          <styleUrl>#khStyle815</styleUrl>
          <Style>
            <IconStyle>
              <scale>0.5</scale>
              <Icon>
                <href>root://icons/palette-3.png</href>
                <x>192</x>
                <y>96</y>
                <w>32</w>
                <h>32</h>
              </Icon>
            </IconStyle>
          </Style>
          <Point>
            <coordinates>100.5662273573174,13.71470884854715,0</coordinates>
          </Point>
        </Placemark>
        <Placemark>
          <name>พร้อมมิตร</name>
          <LookAt>
            <longitude>100.5737220777669</longitude>
            <latitude>13.73284776592829</latitude>
            <range>218.238618855644</range>
            <tilt>-1.679065677866538e-010</tilt>
            <heading>0.006473792931565571</heading>
          </LookAt>
          <styleUrl>#khStyle815</styleUrl>
          <Style>
            <IconStyle>
              <scale>0.5</scale>
              <Icon>
                <href>root://icons/palette-3.png</href>
                <x>192</x>
                <y>96</y>
                <w>32</w>
                <h>32</h>
              </Icon>
            </IconStyle>
          </Style>
          <Point>
            <coordinates>100.5738558712318,13.73306177694516,0</coordinates>
          </Point>
        </Placemark>
        <Placemark>
          <name>พัฒนเวช</name>
          <LookAt>
            <longitude>100.5967654622241</longitude>
            <latitude>13.72496863294577</latitude>
            <range>345.0287654900812</range>
            <tilt>3.908690090185832e-011</tilt>
            <heading>0.01193007553994967</heading>
          </LookAt>
          <styleUrl>#khStyle815</styleUrl>
          <Style>
            <IconStyle>
              <scale>0.5</scale>
              <Icon>
                <href>root://icons/palette-3.png</href>
                <x>192</x>
                <y>96</y>
                <w>32</w>
                <h>32</h>
              </Icon>
            </IconStyle>
          </Style>
          <Point>
            <coordinates>100.5960780609856,13.72549921867704,0</coordinates>
          </Point>
        </Placemark>
        <Placemark>
          <name>วิภาวดี อิเคดะ</name>
          <LookAt>
            <longitude>100.6461052400247</longitude>
            <latitude>13.73453203735459</latitude>
            <range>327.7891206477053</range>
            <tilt>-1.034421983951791e-010</tilt>
            <heading>0.02362425479747685</heading>
          </LookAt>
          <styleUrl>#khStyle815</styleUrl>
          <Style>
            <IconStyle>
              <scale>0.5</scale>
              <Icon>
                <href>root://icons/palette-3.png</href>
                <x>192</x>
                <y>96</y>
                <w>32</w>
                <h>32</h>
              </Icon>
            </IconStyle>
          </Style>
          <Point>
            <coordinates>100.6457363424875,13.73464779665231,0</coordinates>
          </Point>
        </Placemark>
        <Placemark>
          <name>สมิติเวช ศรีนครินทร์</name>
          <LookAt>
            <longitude>100.6389081506846</longitude>
            <latitude>13.74878295981715</latitude>
            <range>598.8238751647604</range>
            <tilt>-6.808181468666941e-012</tilt>
            <heading>0.02191420574377528</heading>
          </LookAt>
          <styleUrl>#khStyle798</styleUrl>
          <Style>
            <IconStyle>
              <scale>0.5</scale>
              <Icon>
                <href>root://icons/palette-3.png</href>
                <x>192</x>
                <y>96</y>
                <w>32</w>
                <h>32</h>
              </Icon>
            </IconStyle>
          </Style>
          <Point>
            <coordinates>100.6386273858671,13.74866560414602,0</coordinates>
          </Point>
        </Placemark>
        <Placemark>
          <name>สมิติเวช พร้อมพงษ์</name>
          <LookAt>
            <longitude>100.5766931859471</longitude>
            <latitude>13.73414871920454</latitude>
            <range>457.5012856392731</range>
            <tilt>-6.25033600559287e-011</tilt>
            <heading>0.007179304252132493</heading>
          </LookAt>
          <styleUrl>#khStyle815</styleUrl>
          <Style>
            <IconStyle>
              <scale>0.5</scale>
              <Icon>
                <href>root://icons/palette-3.png</href>
                <x>192</x>
                <y>96</y>
                <w>32</w>
                <h>32</h>
              </Icon>
            </IconStyle>
          </Style>
          <Point>
            <coordinates>100.5768219778205,13.73477706218286,0</coordinates>
          </Point>
        </Placemark>
        <Placemark>
          <name>รพ.รามคำแหง</name>
          <LookAt>
            <longitude>100.6361455183264</longitude>
            <latitude>13.76077479723132</latitude>
            <range>577.1078914692906</range>
            <tilt>-3.459939122449826e-011</tilt>
            <heading>0.0212572207260206</heading>
          </LookAt>
          <styleUrl>#khStyle798</styleUrl>
          <Style>
            <IconStyle>
              <scale>0.5</scale>
              <Icon>
                <href>root://icons/palette-3.png</href>
                <x>192</x>
                <y>96</y>
                <w>32</w>
                <h>32</h>
              </Icon>
            </IconStyle>
          </Style>
          <Point>
            <coordinates>100.6358407635531,13.7610994299169,0</coordinates>
          </Point>
        </Placemark>
        <Placemark>
          <name>รพ.แพทย์ปัญญา</name>
          <LookAt>
            <longitude>100.6036697215858</longitude>
            <latitude>13.74479987537149</latitude>
            <range>479.2715307187263</range>
            <tilt>6.444530673286284e-011</tilt>
            <heading>0.01352595105333177</heading>
          </LookAt>
          <styleUrl>#khStyle798</styleUrl>
          <Style>
            <IconStyle>
              <scale>0.5</scale>
              <Icon>
                <href>root://icons/palette-3.png</href>
                <x>192</x>
                <y>96</y>
                <w>32</w>
                <h>32</h>
              </Icon>
            </IconStyle>
          </Style>
          <Point>
            <coordinates>100.6031257103795,13.74437598670086,0</coordinates>
          </Point>
        </Placemark>
        <Placemark>
          <name>รพ.คลองตัน</name>
          <LookAt>
            <longitude>100.5946328910832</longitude>
            <latitude>13.74137646213879</latitude>
            <range>1266.33388510226</range>
            <tilt>7.174499742584636e-011</tilt>
            <heading>0.01361386397980882</heading>
          </LookAt>
          <styleUrl>#khStyle685</styleUrl>
          <Style>
            <IconStyle>
              <scale>0.5</scale>
              <Icon>
                <href>root://icons/palette-3.png</href>
                <x>192</x>
                <y>96</y>
                <w>32</w>
                <h>32</h>
              </Icon>
            </IconStyle>
          </Style>
          <Point>
            <coordinates>100.5947880724209,13.7420849963933,0</coordinates>
          </Point>
        </Placemark>
        <Placemark>
          <name>รพ.สุขุมวิท</name>
          <LookAt>
            <longitude>100.5910266540637</longitude>
            <latitude>13.71629603934869</latitude>
            <range>742.592999612246</range>
            <tilt>1.145921499795756e-010</tilt>
            <heading>0.0127566317744304</heading>
          </LookAt>
          <styleUrl>#khStyle692</styleUrl>
          <Style>
            <IconStyle>
              <scale>0.5</scale>
              <Icon>
                <href>root://icons/palette-3.png</href>
                <x>192</x>
                <y>96</y>
                <w>32</w>
                <h>32</h>
              </Icon>
            </IconStyle>
          </Style>
          <Point>
            <coordinates>100.5908072229056,13.71631688459478,0</coordinates>
          </Point>
        </Placemark>
        <Placemark>
          <name>รพ.กล้วยน้ำไท-พระราม4</name>
          <LookAt>
            <longitude>100.5861547966225</longitude>
            <latitude>13.71342193625556</latitude>
            <range>409.5141960378666</range>
            <tilt>-1.552096141624667e-010</tilt>
            <heading>0.0116017538641803</heading>
          </LookAt>
          <styleUrl>#khStyle685</styleUrl>
          <Style>
            <IconStyle>
              <scale>0.5</scale>
              <Icon>
                <href>root://icons/palette-3.png</href>
                <x>192</x>
                <y>96</y>
                <w>32</w>
                <h>32</h>
              </Icon>
            </IconStyle>
          </Style>
          <Point>
            <coordinates>100.5858172360367,13.71422370583615,0</coordinates>
          </Point>
        </Placemark>
        <Placemark>
          <name>รพ.เนิสซิ่งโฮม</name>
          <LookAt>
            <longitude>100.5359063365113</longitude>
            <latitude>13.72413616900461</latitude>
            <range>313.3868837841127</range>
            <tilt>-1.184468288501525e-011</tilt>
            <heading>-0.000353522040637679</heading>
          </LookAt>
          <styleUrl>#khStyle567</styleUrl>
          <Style>
            <IconStyle>
              <scale>0.5</scale>
              <Icon>
                <href>root://icons/palette-3.png</href>
                <x>192</x>
                <y>96</y>
                <w>32</w>
                <h>32</h>
              </Icon>
            </IconStyle>
          </Style>
          <Point>
            <coordinates>100.5356609308179,13.72399618904339,0</coordinates>
          </Point>
        </Placemark>
        <Placemark>
          <name>รพ.สาทร</name>
          <LookAt>
            <longitude>100.5375809848115</longitude>
            <latitude>13.72730100372145</latitude>
            <range>558.8415326953935</range>
            <tilt>-9.214765185564557e-012</tilt>
            <heading>4.391418481669884e-005</heading>
          </LookAt>
          <styleUrl>#khStyle567</styleUrl>
          <Style>
            <IconStyle>
              <scale>0.5</scale>
              <Icon>
                <href>root://icons/palette-3.png</href>
                <x>192</x>
                <y>96</y>
                <w>32</w>
                <h>32</h>
              </Icon>
            </IconStyle>
          </Style>
          <Point>
            <coordinates>100.5379592872011,13.72846275826263,0</coordinates>
          </Point>
        </Placemark>
        <Placemark>
          <name>รพ.กรุเทพคริสเตียน</name>
          <LookAt>
            <longitude>100.5319128869136</longitude>
            <latitude>13.72745095882367</latitude>
            <range>536.7287915823116</range>
            <tilt>8.011972754952107e-011</tilt>
            <heading>-0.002715933909970449</heading>
          </LookAt>
          <styleUrl>#khStyle567</styleUrl>
          <Style>
            <IconStyle>
              <scale>0.5</scale>
              <Icon>
                <href>root://icons/palette-3.png</href>
                <x>192</x>
                <y>96</y>
                <w>32</w>
                <h>32</h>
              </Icon>
            </IconStyle>
          </Style>
          <Point>
            <coordinates>100.5318623250525,13.72787395581586,0</coordinates>
          </Point>
        </Placemark>
        <Placemark>
          <name>รพ.ทหารผ่านศึก</name>
          <LookAt>
            <longitude>100.5509664620194</longitude>
            <latitude>13.77114870452802</latitude>
            <range>1122.886442419181</range>
            <tilt>6.590987294780164e-011</tilt>
            <heading>0.001814650658069365</heading>
          </LookAt>
          <styleUrl>#khStyle567</styleUrl>
          <Style>
            <IconStyle>
              <scale>0.5</scale>
              <Icon>
                <href>root://icons/palette-3.png</href>
                <x>192</x>
                <y>96</y>
                <w>32</w>
                <h>32</h>
              </Icon>
            </IconStyle>
          </Style>
          <Point>
            <coordinates>100.551299161013,13.77212588305866,0</coordinates>
          </Point>
        </Placemark>
        <Placemark>
          <name>รพ.ราชานุกูล</name>
          <LookAt>
            <longitude>100.5536693729145</longitude>
            <latitude>13.7614825205074</latitude>
            <range>561.3230169293693</range>
            <tilt>7.460486760300848e-011</tilt>
            <heading>0.002457415114091707</heading>
          </LookAt>
          <styleUrl>#khStyle567</styleUrl>
          <Style>
            <IconStyle>
              <scale>0.5</scale>
              <Icon>
                <href>root://icons/palette-3.png</href>
                <x>192</x>
                <y>96</y>
                <w>32</w>
                <h>32</h>
              </Icon>
            </IconStyle>
          </Style>
          <Point>
            <coordinates>100.553827266285,13.76145891980668,0</coordinates>
          </Point>
        </Placemark>
        <Placemark>
          <name>บำรุงราษฎร์</name>
          <LookAt>
            <longitude>100.5541465499212</longitude>
            <latitude>13.74595334399381</latitude>
            <range>706.7374013640191</range>
            <tilt>1.557673379995391e-011</tilt>
            <heading>0.002571764224746459</heading>
          </LookAt>
          <styleUrl>#khStyle567</styleUrl>
          <Style>
            <IconStyle>
              <scale>0.5</scale>
              <Icon>
                <href>root://icons/palette-3.png</href>
                <x>192</x>
                <y>96</y>
                <w>32</w>
                <h>32</h>
              </Icon>
            </IconStyle>
          </Style>
          <Point>
            <coordinates>100.5534503135781,13.74555846622481,0</coordinates>
          </Point>
        </Placemark>
        <Placemark>
          <name>รพ.รถไฟ</name>
          <LookAt>
            <longitude>100.5516933395418</longitude>
            <latitude>13.75217484694825</latitude>
            <range>459.457214129859</range>
            <tilt>1.219461950240208e-010</tilt>
            <heading>0.00220554349966432</heading>
          </LookAt>
          <styleUrl>#khStyle567</styleUrl>
          <Style>
            <IconStyle>
              <scale>0.5</scale>
              <Icon>
                <href>root://icons/palette-3.png</href>
                <x>192</x>
                <y>96</y>
                <w>32</w>
                <h>32</h>
              </Icon>
            </IconStyle>
          </Style>
          <Point>
            <coordinates>100.5519950337767,13.7519043219924,0</coordinates>
          </Point>
        </Placemark>
        <Placemark>
          <name>รพ.ตำรวจ</name>
          <LookAt>
            <longitude>100.5397593742621</longitude>
            <latitude>13.74276007549755</latitude>
            <range>708.1075149556349</range>
            <tilt>5.690198669843404e-011</tilt>
            <heading>-0.0006310164279693727</heading>
          </LookAt>
          <styleUrl>#khStyle567</styleUrl>
          <Style>
            <IconStyle>
              <scale>0.5</scale>
              <Icon>
                <href>root://icons/palette-3.png</href>
                <x>192</x>
                <y>96</y>
                <w>32</w>
                <h>32</h>
              </Icon>
            </IconStyle>
          </Style>
          <Point>
            <coordinates>100.5397644181704,13.74386031911484,0</coordinates>
          </Point>
        </Placemark>
        <Placemark>
          <name>สภากาชาดไทย</name>
          <LookAt>
            <longitude>100.5334998840102</longitude>
            <latitude>13.73120987401027</latitude>
            <range>715.0823387738329</range>
            <tilt>2.903276118934876e-011</tilt>
            <heading>-0.002117163870261165</heading>
          </LookAt>
          <styleUrl>#khStyle567</styleUrl>
          <Style>
            <IconStyle>
              <color>ff00ff00</color>
              <scale>0.5</scale>
              <Icon>
                <href>root://icons/palette-3.png</href>
                <x>192</x>
                <y>96</y>
                <w>32</w>
                <h>32</h>
              </Icon>
            </IconStyle>
          </Style>
          <Point>
            <coordinates>100.5330604614847,13.73164172697938,0</coordinates>
          </Point>
        </Placemark>
        <Placemark>
          <name>รพ.จุฬา</name>
          <LookAt>
            <longitude>100.5351319326305</longitude>
            <latitude>13.73047208242121</latitude>
            <range>714.7780461472237</range>
            <tilt>5.690205771578529e-011</tilt>
            <heading>-0.001729824464530654</heading>
          </LookAt>
          <styleUrl>#khStyle567</styleUrl>
          <Style>
            <IconStyle>
              <scale>0.5</scale>
              <Icon>
                <href>root://icons/palette-3.png</href>
                <x>192</x>
                <y>96</y>
                <w>32</w>
                <h>32</h>
              </Icon>
            </IconStyle>
          </Style>
          <Point>
            <coordinates>100.5358895214111,13.73076247663047,0</coordinates>
          </Point>
        </Placemark>
        <Placemark>
          <name>สมเด็จเจ้าพระยา</name>
          <LookAt>
            <longitude>100.5071367496037</longitude>
            <latitude>13.73066642490292</latitude>
            <range>673.0488221863968</range>
            <tilt>3.894015205567284e-011</tilt>
            <heading>-0.008375512484804242</heading>
          </LookAt>
          <styleUrl>#khStyle567</styleUrl>
          <Style>
            <IconStyle>
              <scale>0.5</scale>
              <Icon>
                <href>root://icons/palette-3.png</href>
                <x>192</x>
                <y>96</y>
                <w>32</w>
                <h>32</h>
              </Icon>
            </IconStyle>
          </Style>
          <Point>
            <coordinates>100.5060056501498,13.7303644395977,0</coordinates>
          </Point>
        </Placemark>
        <Placemark>
          <name>รพ.ประสาท</name>
          <LookAt>
            <longitude>100.5288813416083</longitude>
            <latitude>13.76834594349744</latitude>
            <range>982.039046427507</range>
            <tilt>11.43232558229642</tilt>
            <heading>-0.002621610513814276</heading>
          </LookAt>
          <styleUrl>#khStyle1002</styleUrl>
          <Style>
            <IconStyle>
              <scale>0.5</scale>
              <Icon>
                <href>root://icons/palette-3.png</href>
                <x>192</x>
                <y>96</y>
                <w>32</w>
                <h>32</h>
              </Icon>
            </IconStyle>
          </Style>
          <Point>
            <coordinates>100.527993362483,13.76900122581159,0</coordinates>
          </Point>
        </Placemark>
        <Placemark>
          <name>สถาบันมะเร็งฯ</name>
          <LookAt>
            <longitude>100.5288813416083</longitude>
            <latitude>13.76834594349744</latitude>
            <range>982.039046427507</range>
            <tilt>11.43232558229642</tilt>
            <heading>-0.002621610513814276</heading>
          </LookAt>
          <styleUrl>#khStyle1002</styleUrl>
          <Style>
            <IconStyle>
              <color>ff00ff00</color>
              <scale>0.5</scale>
              <Icon>
                <href>root://icons/palette-3.png</href>
                <x>192</x>
                <y>96</y>
                <w>32</w>
                <h>32</h>
              </Icon>
            </IconStyle>
          </Style>
          <Point>
            <coordinates>100.5276885052426,13.76800387231466,0</coordinates>
          </Point>
        </Placemark>
        <Placemark>
          <name>รพ.ตากสิน</name>
          <LookAt>
            <longitude>100.5087689691726</longitude>
            <latitude>13.73021525776379</latitude>
            <range>668.8787453171497</range>
            <tilt>5.492138979803751e-011</tilt>
            <heading>-0.007967145843182161</heading>
          </LookAt>
          <styleUrl>root://styleMaps#default+nicon=0x307+hicon=0x317</styleUrl>
          <Style>
            <IconStyle>
              <scale>0.5</scale>
              <Icon>
                <href>root://icons/palette-3.png</href>
                <x>192</x>
                <y>96</y>
                <w>32</w>
                <h>32</h>
              </Icon>
            </IconStyle>
          </Style>
          <Point>
            <coordinates>100.5088027048242,13.73047772737406,0</coordinates>
          </Point>
        </Placemark>
        <Placemark>
          <name>เปาโล สะพานควาย</name>
          <LookAt>
            <longitude>100.5488378678448</longitude>
            <latitude>13.79233738671565</latitude>
            <range>1209.334512287669</range>
            <tilt>11.43231857334633</tilt>
            <heading>0.002127668396496785</heading>
          </LookAt>
          <styleUrl>#khStyle1002</styleUrl>
          <Style>
            <IconStyle>
              <scale>0.5</scale>
              <Icon>
                <href>root://icons/palette-3.png</href>
                <x>192</x>
                <y>96</y>
                <w>32</w>
                <h>32</h>
              </Icon>
            </IconStyle>
          </Style>
          <Point>
            <coordinates>100.549460118552,13.79228120155949,0</coordinates>
          </Point>
        </Placemark>
        <Placemark>
          <name>รพ.เปาโล (พระโขนง)</name>
          <LookAt>
            <longitude>100.5964850066565</longitude>
            <latitude>13.71084520723949</latitude>
            <range>734.5538104702509</range>
            <tilt>3.612155626469557e-011</tilt>
            <heading>0.01405007353610007</heading>
          </LookAt>
          <styleUrl>#khStyle692</styleUrl>
          <Style>
            <IconStyle>
              <scale>0.5</scale>
              <Icon>
                <href>root://icons/palette-3.png</href>
                <x>192</x>
                <y>96</y>
                <w>32</w>
                <h>32</h>
              </Icon>
            </IconStyle>
          </Style>
          <Point>
            <coordinates>100.5961514993497,13.71112306232171,0</coordinates>
          </Point>
        </Placemark>
        <Placemark>
          <name>ทันตแพทย์มหิดล</name>
          <LookAt>
            <longitude>100.5330699823547</longitude>
            <latitude>13.76359653288131</latitude>
            <range>279.5978104040262</range>
            <tilt>11.4323151593874</tilt>
            <heading>-0.001625007898827748</heading>
          </LookAt>
          <styleUrl>#khStyle1002</styleUrl>
          <Style>
            <IconStyle>
              <color>ff00ff00</color>
              <scale>0.5</scale>
              <Icon>
                <href>root://icons/palette-3.png</href>
                <x>192</x>
                <y>96</y>
                <w>32</w>
                <h>32</h>
              </Icon>
            </IconStyle>
          </Style>
          <Point>
            <coordinates>100.5330937909733,13.76396039304215,0</coordinates>
          </Point>
        </Placemark>
        <Placemark>
          <name>เภสัชศาสตร์มหิดล</name>
          <LookAt>
            <longitude>100.5297645457314</longitude>
            <latitude>13.76031791084015</latitude>
            <range>565.433545269324</range>
            <tilt>11.43232283892173</tilt>
            <heading>-0.002411359786872363</heading>
          </LookAt>
          <styleUrl>#khStyle1002</styleUrl>
          <Style>
            <IconStyle>
              <color>ff00ff00</color>
              <scale>0.5</scale>
              <Icon>
                <href>root://icons/palette-3.png</href>
                <x>192</x>
                <y>96</y>
                <w>32</w>
                <h>32</h>
              </Icon>
            </IconStyle>
          </Style>
          <Point>
            <coordinates>100.5291821738745,13.76072373467562,0</coordinates>
          </Point>
        </Placemark>
        <Placemark>
          <name>เดชา</name>
          <LookAt>
            <longitude>100.5366817453533</longitude>
            <latitude>13.7569367462065</latitude>
            <range>312.7293696945813</range>
            <tilt>11.43231822452748</tilt>
            <heading>-0.0007661103331321387</heading>
          </LookAt>
          <styleUrl>#khStyle1002</styleUrl>
          <Style>
            <IconStyle>
              <scale>0.5</scale>
              <Icon>
                <href>root://icons/palette-3.png</href>
                <x>192</x>
                <y>96</y>
                <w>32</w>
                <h>32</h>
              </Icon>
            </IconStyle>
          </Style>
          <Point>
            <coordinates>100.5359925287234,13.75685035630021,0</coordinates>
          </Point>
        </Placemark>
        <Placemark>
          <name>วิชัยยุทธ</name>
          <LookAt>
            <longitude>100.5319221560367</longitude>
            <latitude>13.78005146297218</latitude>
            <range>361.6349937496079</range>
            <tilt>11.43232143468262</tilt>
            <heading>-0.001898589333216734</heading>
          </LookAt>
          <styleUrl>#khStyle1002</styleUrl>
          <Style>
            <IconStyle>
              <scale>0.5</scale>
              <Icon>
                <href>root://icons/palette-3.png</href>
                <x>192</x>
                <y>96</y>
                <w>32</w>
                <h>32</h>
              </Icon>
            </IconStyle>
          </Style>
          <Point>
            <coordinates>100.5319221560367,13.78005146297218,0</coordinates>
          </Point>
        </Placemark>
        <Placemark>
          <name>ราชวิถี</name>
          <LookAt>
            <longitude>100.5362232781681</longitude>
            <latitude>13.76505410299699</latitude>
            <range>795.2180434415614</range>
            <tilt>11.43231455656173</tilt>
            <heading>-0.0008739381141454282</heading>
          </LookAt>
          <styleUrl>#khStyle1002</styleUrl>
          <Style>
            <IconStyle>
              <scale>0.5</scale>
              <Icon>
                <href>root://icons/palette-3.png</href>
                <x>192</x>
                <y>96</y>
                <w>32</w>
                <h>32</h>
              </Icon>
            </IconStyle>
          </Style>
          <Point>
            <coordinates>100.5360916442278,13.76475559922464,0</coordinates>
          </Point>
        </Placemark>
        <Placemark>
          <name>เวชศาสตร์เขตร้อน</name>
          <LookAt>
            <longitude>100.5348390821626</longitude>
            <latitude>13.7670715372517</latitude>
            <range>683.7827178698827</range>
            <tilt>11.43231364604293</tilt>
            <heading>-0.001203211885887879</heading>
          </LookAt>
          <styleUrl>#khStyle1002</styleUrl>
          <Style>
            <IconStyle>
              <color>ff00ff00</color>
              <scale>0.5</scale>
              <Icon>
                <href>root://icons/palette-3.png</href>
                <x>192</x>
                <y>96</y>
                <w>32</w>
                <h>32</h>
              </Icon>
            </IconStyle>
          </Style>
          <Point>
            <coordinates>100.5339380625297,13.76620769431639,0</coordinates>
          </Point>
        </Placemark>
        <Placemark>
          <name>รพ.เด็ก</name>
          <LookAt>
            <longitude>100.5348390821626</longitude>
            <latitude>13.76707153721111</latitude>
            <range>1311.421528117705</range>
            <tilt>11.43231364603142</tilt>
            <heading>-0.001203211885882675</heading>
          </LookAt>
          <styleUrl>#khStyle1002</styleUrl>
          <Style>
            <IconStyle>
              <scale>0.5</scale>
              <Icon>
                <href>root://icons/palette-3.png</href>
                <x>192</x>
                <y>96</y>
                <w>32</w>
                <h>32</h>
              </Icon>
            </IconStyle>
          </Style>
          <Point>
            <coordinates>100.5351982971025,13.7658648653887,0</coordinates>
          </Point>
        </Placemark>
        <Placemark>
          <name>พญาไท 1</name>
          <LookAt>
            <longitude>100.5393928886261</longitude>
            <latitude>13.75643674885998</latitude>
            <range>320.2528945376308</range>
            <tilt>11.43231225791748</tilt>
            <heading>-0.0001214306960126985</heading>
          </LookAt>
          <styleUrl>#khStyle1002</styleUrl>
          <Style>
            <IconStyle>
              <scale>0.5</scale>
              <Icon>
                <href>root://icons/palette-3.png</href>
                <x>192</x>
                <y>96</y>
                <w>32</w>
                <h>32</h>
              </Icon>
            </IconStyle>
          </Style>
          <Point>
            <coordinates>100.5395340574867,13.75624450814234,0</coordinates>
          </Point>
        </Placemark>
        <Placemark>
          <name>พญาไท 2</name>
          <LookAt id="khLookAt876">
            <longitude>100.5403932207424</longitude>
            <latitude>13.77027031104511</latitude>
            <range>297.718210500123</range>
            <tilt>11.43231159347318</tilt>
            <heading>0.0001188020490416843</heading>
          </LookAt>
          <styleUrl>#khStyle1002</styleUrl>
          <Style id="khStyle877">
            <IconStyle id="khIconStyle878">
              <scale>0.5</scale>
              <Icon>
                <href>root://icons/palette-3.png</href>
                <x>192</x>
                <y>96</y>
                <w>32</w>
                <h>32</h>
              </Icon>
            </IconStyle>
          </Style>
          <Point id="khPoint884">
            <coordinates>100.5401204562193,13.76989293218883,0</coordinates>
          </Point>
        </Placemark>
        <Placemark>
          <name>รพ.สงฆ์</name>
          <LookAt>
            <longitude>100.5281148734011</longitude>
            <latitude>13.76155875934524</latitude>
            <range>563.0048975070665</range>
            <tilt>11.43231782015373</tilt>
            <heading>-0.002803752876841127</heading>
          </LookAt>
          <styleUrl>#khStyle1002</styleUrl>
          <Style>
            <IconStyle>
              <scale>0.5</scale>
              <Icon>
                <href>root://icons/palette-3.png</href>
                <x>192</x>
                <y>96</y>
                <w>32</w>
                <h>32</h>
              </Icon>
            </IconStyle>
          </Style>
          <Point>
            <coordinates>100.5271413904847,13.76170906743266,0</coordinates>
          </Point>
        </Placemark>
        <Placemark>
          <name>รพ.เซ็นหลุย</name>
          <LookAt>
            <longitude>100.5261327384755</longitude>
            <latitude>13.71920620324644</latitude>
            <range>386.5263944530348</range>
            <tilt>-1.469533882293211e-013</tilt>
            <heading>-0.002673429713027811</heading>
          </LookAt>
          <styleUrl>#khStyle567</styleUrl>
          <Style>
            <IconStyle>
              <scale>0.5</scale>
              <Icon>
                <href>root://icons/palette-3.png</href>
                <x>192</x>
                <y>96</y>
                <w>32</w>
                <h>32</h>
              </Icon>
            </IconStyle>
          </Style>
          <Point>
            <coordinates>100.525511021311,13.71927117613722,0</coordinates>
          </Point>
        </Placemark>
        <Placemark>
          <name>รพ.เลิศสิน</name>
          <LookAt>
            <longitude>100.5190716177281</longitude>
            <latitude>13.72191356958192</latitude>
            <range>657.8131692490958</range>
            <tilt>-9.75826140884086e-011</tilt>
            <heading>-0.004348473441516627</heading>
          </LookAt>
          <styleUrl>#khStyle567</styleUrl>
          <Style>
            <IconStyle>
              <scale>0.5</scale>
              <Icon>
                <href>root://icons/palette-3.png</href>
                <x>192</x>
                <y>96</y>
                <w>32</w>
                <h>32</h>
              </Icon>
            </IconStyle>
          </Style>
          <Point>
            <coordinates>100.5180143638079,13.72207929345598,0</coordinates>
          </Point>
        </Placemark>
        <Placemark>
          <name>รพ.บางรัก</name>
          <LookAt>
            <longitude>100.5282650820332</longitude>
            <latitude>13.72015840689284</latitude>
            <range>409.8216778781856</range>
            <tilt>-8.753353924691504e-011</tilt>
            <heading>-0.002167741912194553</heading>
          </LookAt>
          <styleUrl>#khStyle567</styleUrl>
          <Style>
            <IconStyle>
              <scale>0.5</scale>
              <Icon>
                <href>root://icons/palette-3.png</href>
                <x>192</x>
                <y>96</y>
                <w>32</w>
                <h>32</h>
              </Icon>
            </IconStyle>
          </Style>
          <Point>
            <coordinates>100.5280609471162,13.72056073635717,0</coordinates>
          </Point>
        </Placemark>
        <Placemark>
          <name>รามาธิบดี</name>
          <LookAt>
            <longitude>100.5282768456835</longitude>
            <latitude>13.76625223963088</latitude>
            <range>502.8759606351345</range>
            <tilt>11.43231152360541</tilt>
            <heading>-0.002765487787440903</heading>
          </LookAt>
          <styleUrl>#khStyle1002</styleUrl>
          <Style>
            <IconStyle>
              <scale>0.5</scale>
              <Icon>
                <href>root://icons/palette-3.png</href>
                <x>192</x>
                <y>96</y>
                <w>32</w>
                <h>32</h>
              </Icon>
            </IconStyle>
          </Style>
          <Point>
            <coordinates>100.5273686213762,13.7661290188385,0</coordinates>
          </Point>
        </Placemark>
        <Placemark>
          <name>รพ.พระมงกุฎ</name>
          <LookAt>
            <longitude>100.5346443074187</longitude>
            <latitude>13.76778607939311</latitude>
            <range>719.376197128482</range>
            <tilt>12.09986505457537</tilt>
            <heading>-0.0008364184253196404</heading>
          </LookAt>
          <styleUrl>#khStyle550</styleUrl>
          <Style>
            <IconStyle>
              <Icon>
                <href>root://icons/palette-3.png</href>
                <x>192</x>
                <y>96</y>
                <w>32</w>
                <h>32</h>
              </Icon>
            </IconStyle>
          </Style>
          <Point>
            <coordinates>100.5340382275814,13.76764580456944,0</coordinates>
          </Point>
        </Placemark>
      </Folder>
    </Folder>
  </Folder>
</Document>
</kml>
