Fri Dec 22 15:27:12 Saved as file D:\USERS\IT\PCB\CAMERA.MAX
Fri Dec 22 15:27:12 Saved as file BACKUP1.MAX
Fri Dec 22 15:27:12 Saved as file D:\USERS\IT\PCB\CAMERA.MAX
Fri Dec 22 15:27:13 UserDiv from Layout.INI for AutoECO: 60
Fri Dec 22 15:27:13 Loaded file D:\USERS\IT\PCB\CAMERA.MAX
Fri Dec 22 15:27:13 Loaded file D:\PROJECTS\OPAII\PCB\OPAII.LLB
Fri Dec 22 15:27:13 Loaded file \\ESL_SERVER\PUB\ORCAD\LAYOUT\LIBRARY\WARA1.LLB
Fri Dec 22 15:27:13 Loaded file D:\Program Files\OrCAD\Layout_Plus\library\BCON100T.llb
Fri Dec 22 15:27:13 Loaded file D:\Program Files\OrCAD\Layout_Plus\library\BCON156T.llb
Fri Dec 22 15:27:13 Loaded file D:\Program Files\OrCAD\Layout_Plus\library\BGA.llb
Fri Dec 22 15:27:13 Loaded file D:\Program Files\OrCAD\Layout_Plus\library\CLCC.llb
Fri Dec 22 15:27:13 Loaded file D:\Program Files\OrCAD\Layout_Plus\library\DCON050T.llb
Fri Dec 22 15:27:13 Loaded file D:\Program Files\OrCAD\Layout_Plus\library\DCON085T.llb
Fri Dec 22 15:27:14 Loaded file D:\Program Files\OrCAD\Layout_Plus\library\DIMM050F.llb
Fri Dec 22 15:27:14 Loaded file D:\Program Files\OrCAD\Layout_Plus\library\DIMM050T.llb
Fri Dec 22 15:27:14 Loaded file D:\Program Files\OrCAD\Layout_Plus\library\DIN.llb
Fri Dec 22 15:27:14 Loaded file D:\Program Files\OrCAD\Layout_Plus\library\DIP100B.llb
Fri Dec 22 15:27:14 Loaded file D:\Program Files\OrCAD\Layout_Plus\library\DIP100T.llb
Fri Dec 22 15:27:14 Loaded file D:\Program Files\OrCAD\Layout_Plus\library\DSUBT.llb
Fri Dec 22 15:27:14 Loaded file D:\Program Files\OrCAD\Layout_Plus\library\DSUBT_HD.LLB
Fri Dec 22 15:27:14 Loaded file D:\Program Files\OrCAD\Layout_Plus\library\ECON100T.llb
Fri Dec 22 15:27:14 Loaded file D:\Program Files\OrCAD\Layout_Plus\library\FBUS.llb
Fri Dec 22 15:27:14 Loaded file D:\Program Files\OrCAD\Layout_Plus\library\ISA.llb
Fri Dec 22 15:27:14 Loaded file D:\Program Files\OrCAD\Layout_Plus\library\JUMPER.LLB
Fri Dec 22 15:27:14 Loaded file D:\Program Files\OrCAD\Layout_Plus\library\LAYOUT.llb
Fri Dec 22 15:27:14 Loaded file D:\Program Files\OrCAD\Layout_Plus\library\LCON100T.llb
Fri Dec 22 15:27:14 Loaded file D:\Program Files\OrCAD\Layout_Plus\library\PC104.llb
Fri Dec 22 15:27:14 Loaded file D:\Program Files\OrCAD\Layout_Plus\library\PCI.llb
Fri Dec 22 15:27:14 Loaded file D:\Program Files\OrCAD\Layout_Plus\library\PCON100T.llb
Fri Dec 22 15:27:14 Loaded file D:\Program Files\OrCAD\Layout_Plus\library\PCON156T.llb
Fri Dec 22 15:27:14 Loaded file D:\Program Files\OrCAD\Layout_Plus\library\PGA.llb
Fri Dec 22 15:27:14 Loaded file D:\Program Files\OrCAD\Layout_Plus\library\PLCC.llb
Fri Dec 22 15:27:14 Loaded file D:\Program Files\OrCAD\Layout_Plus\library\QUAD.llb
Fri Dec 22 15:27:14 Loaded file D:\Program Files\OrCAD\Layout_Plus\library\QUADB.llb
Fri Dec 22 15:27:14 Loaded file D:\Program Files\OrCAD\Layout_Plus\library\RELAY.llb
Fri Dec 22 15:27:14 Loaded file D:\Program Files\OrCAD\Layout_Plus\library\RF.llb
Fri Dec 22 15:27:14 Loaded file D:\Program Files\OrCAD\Layout_Plus\library\SBUS.llb
Fri Dec 22 15:27:14 Loaded file D:\Program Files\OrCAD\Layout_Plus\library\SIMM050F.llb
Fri Dec 22 15:27:14 Loaded file D:\Program Files\OrCAD\Layout_Plus\library\SIMM050T.llb
Fri Dec 22 15:27:14 Loaded file D:\Program Files\OrCAD\Layout_Plus\library\SIMM100F.llb
Fri Dec 22 15:27:14 Loaded file D:\Program Files\OrCAD\Layout_Plus\library\SIMM100T.llb
Fri Dec 22 15:27:14 Loaded file D:\Program Files\OrCAD\Layout_Plus\library\SIP.llb
Fri Dec 22 15:27:14 Loaded file D:\Program Files\OrCAD\Layout_Plus\library\SM.llb
Fri Dec 22 15:27:15 Loaded file D:\Program Files\OrCAD\Layout_Plus\library\SOG.llb
Fri Dec 22 15:27:15 Loaded file D:\Program Files\OrCAD\Layout_Plus\library\SOJ.llb
Fri Dec 22 15:27:15 Loaded file D:\Program Files\OrCAD\Layout_Plus\library\STIFF.llb
Fri Dec 22 15:27:15 Loaded file D:\Program Files\OrCAD\Layout_Plus\library\TELE.llb
Fri Dec 22 15:27:15 Loaded file D:\Program Files\OrCAD\Layout_Plus\library\TM_AXIAL.llb
Fri Dec 22 15:27:15 Loaded file D:\Program Files\OrCAD\Layout_Plus\library\TM_CAP_P.llb
Fri Dec 22 15:27:15 Loaded file D:\Program Files\OrCAD\Layout_Plus\library\TM_CYLND.llb
Fri Dec 22 15:27:15 Loaded file D:\Program Files\OrCAD\Layout_Plus\library\TM_DIODE.llb
Fri Dec 22 15:27:15 Loaded file D:\Program Files\OrCAD\Layout_Plus\library\TM_DISC.llb
Fri Dec 22 15:27:15 Loaded file D:\Program Files\OrCAD\Layout_Plus\library\TM_RAD.llb
Fri Dec 22 15:27:15 Loaded file D:\Program Files\OrCAD\Layout_Plus\library\TO.llb
Fri Dec 22 15:27:15 Loaded file D:\Program Files\OrCAD\Layout_Plus\library\TRAINING.LLB
Fri Dec 22 15:27:15 Loaded file D:\Program Files\OrCAD\Layout_Plus\library\VRES.llb
Fri Dec 22 15:27:15 Loaded file D:\Program Files\OrCAD\Layout_Plus\library\WCON100T.llb
Fri Dec 22 15:27:15 Loaded file D:\Program Files\OrCAD\Layout_Plus\library\XT.llb
Fri Dec 22 15:27:15 Loaded file D:\Program Files\OrCAD\Layout_Plus\library\ZIGZAG.llb
Fri Dec 22 15:27:16 Loaded file D:\USERS\IT\PCB\CAMERA.MAX
Fri Dec 22 15:27:17 Saved as file D:\USERS\IT\PCB\CAMERA.MAX
Fri Dec 22 15:27:17 Loaded file D:\USERS\IT\PCB\CAMERA.MAX
Fri Dec 22 15:28:31 Loaded file D:\USERS\IT\PCB\CAMERA.MAX
Fri Dec 22 15:28:31 Loaded file D:\PROJECTS\OPAII\PCB\OPAII.LLB
Fri Dec 22 15:28:31 Loaded file \\ESL_SERVER\PUB\ORCAD\LAYOUT\LIBRARY\WARA1.LLB
Fri Dec 22 15:28:31 Loaded file D:\Program Files\OrCAD\Layout_Plus\library\BCON100T.llb
Fri Dec 22 15:28:31 Loaded file D:\Program Files\OrCAD\Layout_Plus\library\BCON156T.llb
Fri Dec 22 15:28:31 Loaded file D:\Program Files\OrCAD\Layout_Plus\library\BGA.llb
Fri Dec 22 15:28:32 Loaded file D:\Program Files\OrCAD\Layout_Plus\library\CLCC.llb
Fri Dec 22 15:28:32 Loaded file D:\Program Files\OrCAD\Layout_Plus\library\DCON050T.llb
Fri Dec 22 15:28:32 Loaded file D:\Program Files\OrCAD\Layout_Plus\library\DCON085T.llb
Fri Dec 22 15:28:32 Loaded file D:\Program Files\OrCAD\Layout_Plus\library\DIMM050F.llb
Fri Dec 22 15:28:32 Loaded file D:\Program Files\OrCAD\Layout_Plus\library\DIMM050T.llb
Fri Dec 22 15:28:32 Loaded file D:\Program Files\OrCAD\Layout_Plus\library\DIN.llb
Fri Dec 22 15:28:32 Loaded file D:\Program Files\OrCAD\Layout_Plus\library\DIP100B.llb
Fri Dec 22 15:28:32 Loaded file D:\Program Files\OrCAD\Layout_Plus\library\DIP100T.llb
Fri Dec 22 15:28:32 Loaded file D:\Program Files\OrCAD\Layout_Plus\library\DSUBT.llb
Fri Dec 22 15:28:32 Loaded file D:\Program Files\OrCAD\Layout_Plus\library\DSUBT_HD.LLB
Fri Dec 22 15:28:32 Loaded file D:\Program Files\OrCAD\Layout_Plus\library\ECON100T.llb
Fri Dec 22 15:28:32 Loaded file D:\Program Files\OrCAD\Layout_Plus\library\FBUS.llb
Fri Dec 22 15:28:32 Loaded file D:\Program Files\OrCAD\Layout_Plus\library\ISA.llb
Fri Dec 22 15:28:32 Loaded file D:\Program Files\OrCAD\Layout_Plus\library\JUMPER.LLB
Fri Dec 22 15:28:32 Loaded file D:\Program Files\OrCAD\Layout_Plus\library\LAYOUT.llb
Fri Dec 22 15:28:32 Loaded file D:\Program Files\OrCAD\Layout_Plus\library\LCON100T.llb
Fri Dec 22 15:28:32 Loaded file D:\Program Files\OrCAD\Layout_Plus\library\PC104.llb
Fri Dec 22 15:28:32 Loaded file D:\Program Files\OrCAD\Layout_Plus\library\PCI.llb
Fri Dec 22 15:28:32 Loaded file D:\Program Files\OrCAD\Layout_Plus\library\PCON100T.llb
Fri Dec 22 15:28:32 Loaded file D:\Program Files\OrCAD\Layout_Plus\library\PCON156T.llb
Fri Dec 22 15:28:32 Loaded file D:\Program Files\OrCAD\Layout_Plus\library\PGA.llb
Fri Dec 22 15:28:32 Loaded file D:\Program Files\OrCAD\Layout_Plus\library\PLCC.llb
Fri Dec 22 15:28:32 Loaded file D:\Program Files\OrCAD\Layout_Plus\library\QUAD.llb
Fri Dec 22 15:28:32 Loaded file D:\Program Files\OrCAD\Layout_Plus\library\QUADB.llb
Fri Dec 22 15:28:32 Loaded file D:\Program Files\OrCAD\Layout_Plus\library\RELAY.llb
Fri Dec 22 15:28:32 Loaded file D:\Program Files\OrCAD\Layout_Plus\library\RF.llb
Fri Dec 22 15:28:32 Loaded file D:\Program Files\OrCAD\Layout_Plus\library\SBUS.llb
Fri Dec 22 15:28:33 Loaded file D:\Program Files\OrCAD\Layout_Plus\library\SIMM050F.llb
Fri Dec 22 15:28:33 Loaded file D:\Program Files\OrCAD\Layout_Plus\library\SIMM050T.llb
Fri Dec 22 15:28:33 Loaded file D:\Program Files\OrCAD\Layout_Plus\library\SIMM100F.llb
Fri Dec 22 15:28:33 Loaded file D:\Program Files\OrCAD\Layout_Plus\library\SIMM100T.llb
Fri Dec 22 15:28:33 Loaded file D:\Program Files\OrCAD\Layout_Plus\library\SIP.llb
Fri Dec 22 15:28:33 Loaded file D:\Program Files\OrCAD\Layout_Plus\library\SM.llb
Fri Dec 22 15:28:33 Loaded file D:\Program Files\OrCAD\Layout_Plus\library\SOG.llb
Fri Dec 22 15:28:33 Loaded file D:\Program Files\OrCAD\Layout_Plus\library\SOJ.llb
Fri Dec 22 15:28:33 Loaded file D:\Program Files\OrCAD\Layout_Plus\library\STIFF.llb
Fri Dec 22 15:28:33 Loaded file D:\Program Files\OrCAD\Layout_Plus\library\TELE.llb
Fri Dec 22 15:28:33 Loaded file D:\Program Files\OrCAD\Layout_Plus\library\TM_AXIAL.llb
Fri Dec 22 15:28:33 Loaded file D:\Program Files\OrCAD\Layout_Plus\library\TM_CAP_P.llb
Fri Dec 22 15:28:33 Loaded file D:\Program Files\OrCAD\Layout_Plus\library\TM_CYLND.llb
Fri Dec 22 15:28:33 Loaded file D:\Program Files\OrCAD\Layout_Plus\library\TM_DIODE.llb
Fri Dec 22 15:28:33 Loaded file D:\Program Files\OrCAD\Layout_Plus\library\TM_DISC.llb
Fri Dec 22 15:28:33 Loaded file D:\Program Files\OrCAD\Layout_Plus\library\TM_RAD.llb
Fri Dec 22 15:28:33 Loaded file D:\Program Files\OrCAD\Layout_Plus\library\TO.llb
Fri Dec 22 15:28:33 Loaded file D:\Program Files\OrCAD\Layout_Plus\library\TRAINING.LLB
Fri Dec 22 15:28:33 Loaded file D:\Program Files\OrCAD\Layout_Plus\library\VRES.llb
Fri Dec 22 15:28:33 Loaded file D:\Program Files\OrCAD\Layout_Plus\library\WCON100T.llb
Fri Dec 22 15:28:33 Loaded file D:\Program Files\OrCAD\Layout_Plus\library\XT.llb
Fri Dec 22 15:28:33 Loaded file D:\Program Files\OrCAD\Layout_Plus\library\ZIGZAG.llb
Fri Dec 22 15:28:40 Loaded file \\ESL_SERVER\PUB\ORCAD\LAYOUT\LIBRARY\WARA1.LLB
Fri Dec 22 15:28:40 Loaded file \\ESL_SERVER\PUB\ORCAD\LAYOUT\LIBRARY\WARA1.LLB
Fri Dec 22 15:28:41 Loaded file \\ESL_SERVER\PUB\ORCAD\LAYOUT\LIBRARY\WARA1.LLB
Fri Dec 22 15:28:42 Loaded file \\ESL_SERVER\PUB\ORCAD\LAYOUT\LIBRARY\WARA1.LLB
Fri Dec 22 15:28:42 Loaded file \\ESL_SERVER\PUB\ORCAD\LAYOUT\LIBRARY\WARA1.LLB
Fri Dec 22 15:28:43 Loaded file \\ESL_SERVER\PUB\ORCAD\LAYOUT\LIBRARY\WARA1.LLB
Fri Dec 22 15:28:43 Loaded file \\ESL_SERVER\PUB\ORCAD\LAYOUT\LIBRARY\WARA1.LLB
Fri Dec 22 15:28:44 Loaded file \\ESL_SERVER\PUB\ORCAD\LAYOUT\LIBRARY\WARA1.LLB
Fri Dec 22 15:28:45 Loaded file \\ESL_SERVER\PUB\ORCAD\LAYOUT\LIBRARY\WARA1.LLB
Fri Dec 22 15:28:45 Loaded file \\ESL_SERVER\PUB\ORCAD\LAYOUT\LIBRARY\WARA1.LLB
Fri Dec 22 15:28:46 Loaded file \\ESL_SERVER\PUB\ORCAD\LAYOUT\LIBRARY\WARA1.LLB
Fri Dec 22 15:28:47 Loaded file \\ESL_SERVER\PUB\ORCAD\LAYOUT\LIBRARY\WARA1.LLB
Fri Dec 22 15:28:47 Loaded file \\ESL_SERVER\PUB\ORCAD\LAYOUT\LIBRARY\WARA1.LLB
Fri Dec 22 15:28:48 Loaded file \\ESL_SERVER\PUB\ORCAD\LAYOUT\LIBRARY\WARA1.LLB
Fri Dec 22 15:28:48 Loaded file \\ESL_SERVER\PUB\ORCAD\LAYOUT\LIBRARY\WARA1.LLB
Fri Dec 22 15:28:56 Loaded file D:\Program Files\OrCAD\Layout_Plus\data\template.imp
Fri Dec 22 15:28:56 Loaded file D:\Program Files\OrCAD\Layout_Plus\data\template.imp
Fri Dec 22 15:29:07 Loaded file \\ESL_SERVER\PUB\ORCAD\LAYOUT\LIBRARY\WARA1.LLB
Fri Dec 22 15:29:16 Loaded file D:\Program Files\OrCAD\Layout_Plus\data\template.imp
Fri Dec 22 15:29:17 Loaded file \\ESL_SERVER\PUB\ORCAD\LAYOUT\LIBRARY\WARA1.LLB
Fri Dec 22 15:29:29 Library file not found:USER.PRT
Fri Dec 22 15:29:29 Library file not found:USER.PRT
Fri Dec 22 15:29:30 Loaded file \\ESL_SERVER\PUB\ORCAD\LAYOUT\LIBRARY\WARA1.LLB
Fri Dec 22 15:29:31 Library file not found:USER.PRT
Fri Dec 22 15:29:31 Library file not found:USER.PRT
Fri Dec 22 15:29:31 Loaded file \\ESL_SERVER\PUB\ORCAD\LAYOUT\LIBRARY\WARA1.LLB
Fri Dec 22 15:29:32 Loaded file D:\Program Files\OrCAD\Layout_Plus\library\BCON100T.llb
Fri Dec 22 15:29:32 Loaded file \\ESL_SERVER\PUB\ORCAD\LAYOUT\LIBRARY\WARA1.LLB
Fri Dec 22 15:29:33 Library file not found:USER.PRT
Fri Dec 22 15:29:33 Library file not found:USER.PRT
Fri Dec 22 15:29:35 Loaded file D:\PROJECTS\OPAII\PCB\OPAII.LLB
Fri Dec 22 15:29:36 Loaded file D:\USERS\IT\PCB\CAMERA.MAX
Fri Dec 22 15:30:07 Saved as file BACKUP1.MAX
Fri Dec 22 15:30:07 Saved as file D:\USERS\IT\PCB\CAMERA.MAX
Fri Dec 22 15:30:08 UserDiv from Layout.INI for AutoECO: 60
Fri Dec 22 15:30:08 Loaded file D:\USERS\IT\PCB\CAMERA.MAX
Fri Dec 22 15:30:08 Loaded file D:\PROJECTS\OPAII\PCB\OPAII.LLB
Fri Dec 22 15:30:08 Loaded file \\ESL_SERVER\PUB\ORCAD\LAYOUT\LIBRARY\WARA1.LLB
Fri Dec 22 15:30:08 Loaded file D:\Program Files\OrCAD\Layout_Plus\library\BCON100T.llb
Fri Dec 22 15:30:08 Loaded file D:\Program Files\OrCAD\Layout_Plus\library\BCON156T.llb
Fri Dec 22 15:30:08 Loaded file D:\Program Files\OrCAD\Layout_Plus\library\BGA.llb
Fri Dec 22 15:30:08 Loaded file D:\Program Files\OrCAD\Layout_Plus\library\CLCC.llb
Fri Dec 22 15:30:08 Loaded file D:\Program Files\OrCAD\Layout_Plus\library\DCON050T.llb
Fri Dec 22 15:30:08 Loaded file D:\Program Files\OrCAD\Layout_Plus\library\DCON085T.llb
Fri Dec 22 15:30:08 Loaded file D:\Program Files\OrCAD\Layout_Plus\library\DIMM050F.llb
Fri Dec 22 15:30:08 Loaded file D:\Program Files\OrCAD\Layout_Plus\library\DIMM050T.llb
Fri Dec 22 15:30:08 Loaded file D:\Program Files\OrCAD\Layout_Plus\library\DIN.llb
Fri Dec 22 15:30:08 Loaded file D:\Program Files\OrCAD\Layout_Plus\library\DIP100B.llb
Fri Dec 22 15:30:08 Loaded file D:\Program Files\OrCAD\Layout_Plus\library\DIP100T.llb
Fri Dec 22 15:30:08 Loaded file D:\Program Files\OrCAD\Layout_Plus\library\DSUBT.llb
Fri Dec 22 15:30:08 Loaded file D:\Program Files\OrCAD\Layout_Plus\library\DSUBT_HD.LLB
Fri Dec 22 15:30:08 Loaded file D:\Program Files\OrCAD\Layout_Plus\library\ECON100T.llb
Fri Dec 22 15:30:08 Loaded file D:\Program Files\OrCAD\Layout_Plus\library\FBUS.llb
Fri Dec 22 15:30:08 Loaded file D:\Program Files\OrCAD\Layout_Plus\library\ISA.llb
Fri Dec 22 15:30:08 Loaded file D:\Program Files\OrCAD\Layout_Plus\library\JUMPER.LLB
Fri Dec 22 15:30:08 Loaded file D:\Program Files\OrCAD\Layout_Plus\library\LAYOUT.llb
Fri Dec 22 15:30:08 Loaded file D:\Program Files\OrCAD\Layout_Plus\library\LCON100T.llb
Fri Dec 22 15:30:08 Loaded file D:\Program Files\OrCAD\Layout_Plus\library\PC104.llb
Fri Dec 22 15:30:09 Loaded file D:\Program Files\OrCAD\Layout_Plus\library\PCI.llb
Fri Dec 22 15:30:09 Loaded file D:\Program Files\OrCAD\Layout_Plus\library\PCON100T.llb
Fri Dec 22 15:30:09 Loaded file D:\Program Files\OrCAD\Layout_Plus\library\PCON156T.llb
Fri Dec 22 15:30:09 Loaded file D:\Program Files\OrCAD\Layout_Plus\library\PGA.llb
Fri Dec 22 15:30:09 Loaded file D:\Program Files\OrCAD\Layout_Plus\library\PLCC.llb
Fri Dec 22 15:30:09 Loaded file D:\Program Files\OrCAD\Layout_Plus\library\QUAD.llb
Fri Dec 22 15:30:09 Loaded file D:\Program Files\OrCAD\Layout_Plus\library\QUADB.llb
Fri Dec 22 15:30:09 Loaded file D:\Program Files\OrCAD\Layout_Plus\library\RELAY.llb
Fri Dec 22 15:30:09 Loaded file D:\Program Files\OrCAD\Layout_Plus\library\RF.llb
Fri Dec 22 15:30:09 Loaded file D:\Program Files\OrCAD\Layout_Plus\library\SBUS.llb
Fri Dec 22 15:30:09 Loaded file D:\Program Files\OrCAD\Layout_Plus\library\SIMM050F.llb
Fri Dec 22 15:30:09 Loaded file D:\Program Files\OrCAD\Layout_Plus\library\SIMM050T.llb
Fri Dec 22 15:30:09 Loaded file D:\Program Files\OrCAD\Layout_Plus\library\SIMM100F.llb
Fri Dec 22 15:30:09 Loaded file D:\Program Files\OrCAD\Layout_Plus\library\SIMM100T.llb
Fri Dec 22 15:30:09 Loaded file D:\Program Files\OrCAD\Layout_Plus\library\SIP.llb
Fri Dec 22 15:30:09 Loaded file D:\Program Files\OrCAD\Layout_Plus\library\SM.llb
Fri Dec 22 15:30:09 Loaded file D:\Program Files\OrCAD\Layout_Plus\library\SOG.llb
Fri Dec 22 15:30:09 Loaded file D:\Program Files\OrCAD\Layout_Plus\library\SOJ.llb
Fri Dec 22 15:30:09 Loaded file D:\Program Files\OrCAD\Layout_Plus\library\STIFF.llb
Fri Dec 22 15:30:09 Loaded file D:\Program Files\OrCAD\Layout_Plus\library\TELE.llb
Fri Dec 22 15:30:09 Loaded file D:\Program Files\OrCAD\Layout_Plus\library\TM_AXIAL.llb
Fri Dec 22 15:30:09 Loaded file D:\Program Files\OrCAD\Layout_Plus\library\TM_CAP_P.llb
Fri Dec 22 15:30:09 Loaded file D:\Program Files\OrCAD\Layout_Plus\library\TM_CYLND.llb
Fri Dec 22 15:30:09 Loaded file D:\Program Files\OrCAD\Layout_Plus\library\TM_DIODE.llb
Fri Dec 22 15:30:09 Loaded file D:\Program Files\OrCAD\Layout_Plus\library\TM_DISC.llb
Fri Dec 22 15:30:09 Loaded file D:\Program Files\OrCAD\Layout_Plus\library\TM_RAD.llb
Fri Dec 22 15:30:09 Loaded file D:\Program Files\OrCAD\Layout_Plus\library\TO.llb
Fri Dec 22 15:30:09 Loaded file D:\Program Files\OrCAD\Layout_Plus\library\TRAINING.LLB
Fri Dec 22 15:30:10 Loaded file D:\Program Files\OrCAD\Layout_Plus\library\VRES.llb
Fri Dec 22 15:30:10 Loaded file D:\Program Files\OrCAD\Layout_Plus\library\WCON100T.llb
Fri Dec 22 15:30:10 Loaded file D:\Program Files\OrCAD\Layout_Plus\library\XT.llb
Fri Dec 22 15:30:10 Loaded file D:\Program Files\OrCAD\Layout_Plus\library\ZIGZAG.llb
Fri Dec 22 15:30:10 Loaded file \\ESL_SERVER\PUB\ORCAD\LAYOUT\LIBRARY\WARA1.LLB
Fri Dec 22 15:30:11 Loaded file \\ESL_SERVER\PUB\ORCAD\LAYOUT\LIBRARY\WARA1.LLB
Fri Dec 22 15:30:12 Loaded file \\ESL_SERVER\PUB\ORCAD\LAYOUT\LIBRARY\WARA1.LLB
Fri Dec 22 15:30:12 Loaded file \\ESL_SERVER\PUB\ORCAD\LAYOUT\LIBRARY\WARA1.LLB
Fri Dec 22 15:30:13 Loaded file \\ESL_SERVER\PUB\ORCAD\LAYOUT\LIBRARY\WARA1.LLB
Fri Dec 22 15:30:13 Loaded file \\ESL_SERVER\PUB\ORCAD\LAYOUT\LIBRARY\WARA1.LLB
Fri Dec 22 15:30:14 Loaded file \\ESL_SERVER\PUB\ORCAD\LAYOUT\LIBRARY\WARA1.LLB
Fri Dec 22 15:30:15 Loaded file \\ESL_SERVER\PUB\ORCAD\LAYOUT\LIBRARY\WARA1.LLB
Fri Dec 22 15:30:15 Loaded file \\ESL_SERVER\PUB\ORCAD\LAYOUT\LIBRARY\WARA1.LLB
Fri Dec 22 15:30:16 Loaded file \\ESL_SERVER\PUB\ORCAD\LAYOUT\LIBRARY\WARA1.LLB
Fri Dec 22 15:30:17 Loaded file \\ESL_SERVER\PUB\ORCAD\LAYOUT\LIBRARY\WARA1.LLB
Fri Dec 22 15:30:17 Loaded file \\ESL_SERVER\PUB\ORCAD\LAYOUT\LIBRARY\WARA1.LLB
Fri Dec 22 15:30:18 Loaded file \\ESL_SERVER\PUB\ORCAD\LAYOUT\LIBRARY\WARA1.LLB
Fri Dec 22 15:30:18 Error code 5200.306
Fri Dec 22 15:30:18 Loaded file \\ESL_SERVER\PUB\ORCAD\LAYOUT\LIBRARY\WARA1.LLB
Fri Dec 22 15:30:18 Saved as file Backup0.max
Fri Dec 22 15:30:18 Windows which were open at time of error:
Fri Dec 22 15:30:18 	ActiveWindow: Library Manager
Fri Dec 22 15:30:18 End-of-list
Fri Dec 22 15:30:19 Loaded file \\ESL_SERVER\PUB\ORCAD\LAYOUT\LIBRARY\WARA1.LLB
Fri Dec 22 15:30:19 Loaded file BACKUP0.MAX
Fri Dec 22 15:30:24 Library file not found:USER.PRT
Fri Dec 22 15:30:24 Library file not found:USER.PRT
Fri Dec 22 15:30:25 Loaded file \\ESL_SERVER\PUB\ORCAD\LAYOUT\LIBRARY\WARA1.LLB
Fri Dec 22 15:30:26 Library file not found:USER.PRT
Fri Dec 22 15:30:26 Library file not found:USER.PRT
Fri Dec 22 15:30:27 Loaded file \\ESL_SERVER\PUB\ORCAD\LAYOUT\LIBRARY\WARA1.LLB
Fri Dec 22 15:30:28 Loaded file D:\Program Files\OrCAD\Layout_Plus\library\BCON100T.llb
Fri Dec 22 15:30:28 Loaded file \\ESL_SERVER\PUB\ORCAD\LAYOUT\LIBRARY\WARA1.LLB
Fri Dec 22 15:30:28 Library file not found:USER.PRT
Fri Dec 22 15:30:28 Library file not found:USER.PRT
Fri Dec 22 15:30:30 Loaded file D:\PROJECTS\OPAII\PCB\OPAII.LLB
Fri Dec 22 15:30:30 Loaded file D:\USERS\IT\PCB\CAMERA.MAX
Fri Dec 22 15:30:30 Saved as file D:\USERS\IT\PCB\CAMERA.MAX
Fri Dec 22 15:30:30 Loaded file D:\USERS\IT\PCB\CAMERA.MAX
Fri Dec 22 15:30:38 Loaded file D:\PROGRAM FILES\ORCAD\LAYOUT_PLUS\data\template.imp
Fri Dec 22 15:30:38 Loaded file D:\PROGRAM FILES\ORCAD\LAYOUT_PLUS\data\template.imp
Fri Dec 22 15:30:40 Loaded file \\ESL_SERVER\PUB\ORCAD\LAYOUT\LIBRARY\WARA1.LLB
Fri Dec 22 15:30:41 Loaded file D:\PROJECTS\OPAII\PCB\OPAII.LLB
Fri Dec 22 15:30:45 Loaded file \\ESL_SERVER\PUB\ORCAD\LAYOUT\LIBRARY\WARA1.LLB
Fri Dec 22 15:30:47 Loaded file D:\PROGRAM FILES\ORCAD\LAYOUT_PLUS\data\template.imp
Fri Dec 22 15:30:48 Loaded file D:\PROGRAM FILES\ORCAD\LAYOUT_PLUS\data\template.imp
Fri Dec 22 15:30:48 Loaded file D:\PROGRAM FILES\ORCAD\LAYOUT_PLUS\data\template.imp
Fri Dec 22 15:30:51 Loaded file D:\PROGRAM FILES\ORCAD\LAYOUT_PLUS\library\padstack.llb
Fri Dec 22 15:30:58 Loaded file D:\PROGRAM FILES\ORCAD\LAYOUT_PLUS\library\padstack.llb
Fri Dec 22 15:31:35 Loaded file \\ESL_SERVER\PUB\ORCAD\LAYOUT\LIBRARY\WARA1.LLB
Fri Dec 22 15:31:35 Saved as file \\ESL_SERVER\PUB\ORCAD\LAYOUT\LIBRARY\WARA1.LLB
Fri Dec 22 15:31:36 Loaded file D:\PROGRAM FILES\ORCAD\LAYOUT_PLUS\data\template.imp
Fri Dec 22 15:32:05 Loaded file D:\PROGRAM FILES\ORCAD\LAYOUT_PLUS\data\template.imp
Fri Dec 22 15:32:16 Loaded file D:\PROGRAM FILES\ORCAD\LAYOUT_PLUS\data\template.imp
Fri Dec 22 15:32:19 Loaded file D:\PROGRAM FILES\ORCAD\LAYOUT_PLUS\library\padstack.llb
Fri Dec 22 15:32:26 Loaded file D:\PROGRAM FILES\ORCAD\LAYOUT_PLUS\library\padstack.llb
Fri Dec 22 15:32:30 Loaded file D:\PROGRAM FILES\ORCAD\LAYOUT_PLUS\library\padstack.llb
Fri Dec 22 15:32:33 Loaded file D:\PROGRAM FILES\ORCAD\LAYOUT_PLUS\library\padstack.llb
Fri Dec 22 15:32:37 Loaded file D:\PROGRAM FILES\ORCAD\LAYOUT_PLUS\library\padstack.llb
Fri Dec 22 15:33:02 Loaded file \\ESL_SERVER\PUB\ORCAD\LAYOUT\LIBRARY\WARA1.LLB
Fri Dec 22 15:33:02 Saved as file \\ESL_SERVER\PUB\ORCAD\LAYOUT\LIBRARY\WARA1.LLB
Fri Dec 22 15:33:04 Loaded file \\ESL_SERVER\PUB\ORCAD\LAYOUT\LIBRARY\WARA1.LLB
Fri Dec 22 15:33:05 Saved as file \\ESL_SERVER\PUB\ORCAD\LAYOUT\LIBRARY\WARA1.LLB
Fri Dec 22 18:53:06 Loaded file D:\PROGRAM FILES\ORCAD\LAYOUT_PLUS\data\template.imp
Fri Dec 22 18:53:11 Saved as file D:\USERS\IT\PCB\CAMERA.MAX
Fri Dec 22 18:53:19 Saved as file BACKUP1.MAX
Fri Dec 22 18:53:43 Saved as file BACKUP1.MAX
Fri Dec 22 18:53:43 Saved as file D:\USERS\IT\PCB\CAMERA.MAX
Fri Dec 22 18:53:43 UserDiv from Layout.INI for AutoECO: 60
Fri Dec 22 18:53:43 Loaded file D:\USERS\IT\PCB\CAMERA.MAX
Fri Dec 22 18:53:44 Loaded file \\ESL_SERVER\PUB\ORCAD\LAYOUT\LIBRARY\WARA1.LLB
Fri Dec 22 18:53:44 Loaded file D:\Program Files\OrCAD\Layout_Plus\library\BCON100T.llb
Fri Dec 22 18:53:44 Loaded file D:\Program Files\OrCAD\Layout_Plus\library\BCON156T.llb
Fri Dec 22 18:53:44 Loaded file D:\Program Files\OrCAD\Layout_Plus\library\BGA.llb
Fri Dec 22 18:53:44 Loaded file D:\Program Files\OrCAD\Layout_Plus\library\CLCC.llb
Fri Dec 22 18:53:44 Loaded file D:\Program Files\OrCAD\Layout_Plus\library\DCON050T.llb
Fri Dec 22 18:53:44 Loaded file D:\Program Files\OrCAD\Layout_Plus\library\DCON085T.llb
Fri Dec 22 18:53:44 Loaded file D:\Program Files\OrCAD\Layout_Plus\library\DIMM050F.llb
Fri Dec 22 18:53:44 Loaded file D:\Program Files\OrCAD\Layout_Plus\library\DIMM050T.llb
Fri Dec 22 18:53:44 Loaded file D:\Program Files\OrCAD\Layout_Plus\library\DIN.llb
Fri Dec 22 18:53:44 Loaded file D:\Program Files\OrCAD\Layout_Plus\library\DIP100B.llb
Fri Dec 22 18:53:44 Loaded file D:\Program Files\OrCAD\Layout_Plus\library\DIP100T.llb
Fri Dec 22 18:53:44 Loaded file D:\Program Files\OrCAD\Layout_Plus\library\DSUBT.llb
Fri Dec 22 18:53:44 Loaded file D:\Program Files\OrCAD\Layout_Plus\library\DSUBT_HD.LLB
Fri Dec 22 18:53:44 Loaded file D:\Program Files\OrCAD\Layout_Plus\library\ECON100T.llb
Fri Dec 22 18:53:44 Loaded file D:\Program Files\OrCAD\Layout_Plus\library\FBUS.llb
Fri Dec 22 18:53:44 Loaded file D:\Program Files\OrCAD\Layout_Plus\library\ISA.llb
Fri Dec 22 18:53:44 Loaded file D:\Program Files\OrCAD\Layout_Plus\library\JUMPER.LLB
Fri Dec 22 18:53:44 Loaded file D:\Program Files\OrCAD\Layout_Plus\library\LAYOUT.llb
Fri Dec 22 18:53:44 Loaded file D:\Program Files\OrCAD\Layout_Plus\library\LCON100T.llb
Fri Dec 22 18:53:44 Loaded file D:\Program Files\OrCAD\Layout_Plus\library\PC104.llb
Fri Dec 22 18:53:44 Loaded file D:\Program Files\OrCAD\Layout_Plus\library\PCI.llb
Fri Dec 22 18:53:44 Loaded file D:\Program Files\OrCAD\Layout_Plus\library\PCON100T.llb
Fri Dec 22 18:53:44 Loaded file D:\Program Files\OrCAD\Layout_Plus\library\PCON156T.llb
Fri Dec 22 18:53:44 Loaded file D:\Program Files\OrCAD\Layout_Plus\library\PGA.llb
Fri Dec 22 18:53:44 Loaded file D:\Program Files\OrCAD\Layout_Plus\library\PLCC.llb
Fri Dec 22 18:53:45 Loaded file D:\Program Files\OrCAD\Layout_Plus\library\QUAD.llb
Fri Dec 22 18:53:45 Loaded file D:\Program Files\OrCAD\Layout_Plus\library\QUADB.llb
Fri Dec 22 18:53:45 Loaded file D:\Program Files\OrCAD\Layout_Plus\library\RELAY.llb
Fri Dec 22 18:53:45 Loaded file D:\Program Files\OrCAD\Layout_Plus\library\RF.llb
Fri Dec 22 18:53:45 Loaded file D:\Program Files\OrCAD\Layout_Plus\library\SBUS.llb
Fri Dec 22 18:53:45 Loaded file D:\Program Files\OrCAD\Layout_Plus\library\SIMM050F.llb
Fri Dec 22 18:53:45 Loaded file D:\Program Files\OrCAD\Layout_Plus\library\SIMM050T.llb
Fri Dec 22 18:53:45 Loaded file D:\Program Files\OrCAD\Layout_Plus\library\SIMM100F.llb
Fri Dec 22 18:53:45 Loaded file D:\Program Files\OrCAD\Layout_Plus\library\SIMM100T.llb
Fri Dec 22 18:53:45 Loaded file D:\Program Files\OrCAD\Layout_Plus\library\SIP.llb
Fri Dec 22 18:53:45 Loaded file D:\Program Files\OrCAD\Layout_Plus\library\SM.llb
Fri Dec 22 18:53:45 Loaded file D:\Program Files\OrCAD\Layout_Plus\library\SOG.llb
Fri Dec 22 18:53:45 Loaded file D:\Program Files\OrCAD\Layout_Plus\library\SOJ.llb
Fri Dec 22 18:53:45 Loaded file D:\Program Files\OrCAD\Layout_Plus\library\STIFF.llb
Fri Dec 22 18:53:45 Loaded file D:\Program Files\OrCAD\Layout_Plus\library\TELE.llb
Fri Dec 22 18:53:45 Loaded file D:\Program Files\OrCAD\Layout_Plus\library\TM_AXIAL.llb
Fri Dec 22 18:53:45 Loaded file D:\Program Files\OrCAD\Layout_Plus\library\TM_CAP_P.llb
Fri Dec 22 18:53:45 Loaded file D:\Program Files\OrCAD\Layout_Plus\library\TM_CYLND.llb
Fri Dec 22 18:53:45 Loaded file D:\Program Files\OrCAD\Layout_Plus\library\TM_DIODE.llb
Fri Dec 22 18:53:45 Loaded file D:\Program Files\OrCAD\Layout_Plus\library\TM_DISC.llb
Fri Dec 22 18:53:45 Loaded file D:\Program Files\OrCAD\Layout_Plus\library\TM_RAD.llb
Fri Dec 22 18:53:45 Loaded file D:\Program Files\OrCAD\Layout_Plus\library\TO.llb
Fri Dec 22 18:53:46 Loaded file D:\Program Files\OrCAD\Layout_Plus\library\TRAINING.LLB
Fri Dec 22 18:53:46 Loaded file D:\Program Files\OrCAD\Layout_Plus\library\VRES.llb
Fri Dec 22 18:53:46 Loaded file D:\Program Files\OrCAD\Layout_Plus\library\WCON100T.llb
Fri Dec 22 18:53:46 Loaded file D:\Program Files\OrCAD\Layout_Plus\library\XT.llb
Fri Dec 22 18:53:46 Loaded file D:\Program Files\OrCAD\Layout_Plus\library\ZIGZAG.llb
Fri Dec 22 18:53:47 Loaded file \\ESL_SERVER\PUB\ORCAD\LAYOUT\LIBRARY\WARA1.LLB
Fri Dec 22 18:53:47 Loaded file \\ESL_SERVER\PUB\ORCAD\LAYOUT\LIBRARY\WARA1.LLB
Fri Dec 22 18:53:47 Loaded file \\ESL_SERVER\PUB\ORCAD\LAYOUT\LIBRARY\WARA1.LLB
Fri Dec 22 18:53:48 Loaded file \\ESL_SERVER\PUB\ORCAD\LAYOUT\LIBRARY\WARA1.LLB
Fri Dec 22 18:53:48 Loaded file \\ESL_SERVER\PUB\ORCAD\LAYOUT\LIBRARY\WARA1.LLB
Fri Dec 22 18:53:49 Loaded file \\ESL_SERVER\PUB\ORCAD\LAYOUT\LIBRARY\WARA1.LLB
Fri Dec 22 18:53:49 Loaded file \\ESL_SERVER\PUB\ORCAD\LAYOUT\LIBRARY\WARA1.LLB
Fri Dec 22 18:53:49 Loaded file \\ESL_SERVER\PUB\ORCAD\LAYOUT\LIBRARY\WARA1.LLB
Fri Dec 22 18:53:50 Loaded file \\ESL_SERVER\PUB\ORCAD\LAYOUT\LIBRARY\WARA1.LLB
Fri Dec 22 18:53:50 Loaded file \\ESL_SERVER\PUB\ORCAD\LAYOUT\LIBRARY\WARA1.LLB
Fri Dec 22 18:53:51 Loaded file \\ESL_SERVER\PUB\ORCAD\LAYOUT\LIBRARY\WARA1.LLB
Fri Dec 22 18:53:51 Loaded file \\ESL_SERVER\PUB\ORCAD\LAYOUT\LIBRARY\WARA1.LLB
Fri Dec 22 18:53:51 Loaded file \\ESL_SERVER\PUB\ORCAD\LAYOUT\LIBRARY\WARA1.LLB
Fri Dec 22 18:53:52 Loaded file \\ESL_SERVER\PUB\ORCAD\LAYOUT\LIBRARY\WARA1.LLB
Fri Dec 22 18:53:52 Loaded file \\ESL_SERVER\PUB\ORCAD\LAYOUT\LIBRARY\WARA1.LLB
Fri Dec 22 18:53:52 Library file not found:USER.PRT
Fri Dec 22 18:53:53 Library file not found:USER.PRT
Fri Dec 22 18:54:17 Loaded file D:\PROGRAM FILES\ORCAD\LAYOUT_PLUS\data\template.imp
Fri Dec 22 18:54:17 Loaded file D:\PROGRAM FILES\ORCAD\LAYOUT_PLUS\data\template.imp
Fri Dec 22 18:54:20 Loaded file \\ESL_SERVER\PUB\ORCAD\LAYOUT\LIBRARY\WARA1.LLB
Fri Dec 22 18:54:24 Loaded file D:\PROGRAM FILES\ORCAD\LAYOUT_PLUS\data\template.imp
Fri Dec 22 18:54:25 Loaded file \\ESL_SERVER\PUB\ORCAD\LAYOUT\LIBRARY\WARA1.LLB
Fri Dec 22 18:54:26 Loaded file \\ESL_SERVER\PUB\ORCAD\LAYOUT\LIBRARY\WARA1.LLB
Fri Dec 22 18:54:26 Loaded file \\ESL_SERVER\PUB\ORCAD\LAYOUT\LIBRARY\WARA1.LLB
Fri Dec 22 18:54:27 Loaded file D:\Program Files\OrCAD\Layout_Plus\library\BCON100T.llb
Fri Dec 22 18:54:27 Loaded file \\ESL_SERVER\PUB\ORCAD\LAYOUT\LIBRARY\WARA1.LLB
Fri Dec 22 18:54:27 Saved as file D:\USERS\IT\PCB\CAMERA.MAX
Fri Dec 22 18:54:28 Loaded file D:\USERS\IT\PCB\CAMERA.MAX
Fri Dec 22 18:56:59 Loaded file D:\PROGRAM FILES\ORCAD\LAYOUT_PLUS\data\template.imp
Fri Dec 22 18:56:59 Loaded file D:\PROGRAM FILES\ORCAD\LAYOUT_PLUS\data\template.imp
Fri Dec 22 18:57:01 Loaded file \\ESL_SERVER\PUB\ORCAD\LAYOUT\LIBRARY\WARA1.LLB
Fri Dec 22 18:57:03 Loaded file D:\PROGRAM FILES\ORCAD\LAYOUT_PLUS\data\template.imp
Fri Dec 22 18:57:04 Loaded file D:\PROGRAM FILES\ORCAD\LAYOUT_PLUS\data\template.imp
Fri Dec 22 18:57:05 Loaded file D:\PROGRAM FILES\ORCAD\LAYOUT_PLUS\data\template.imp
Fri Dec 22 18:57:07 Loaded file D:\PROGRAM FILES\ORCAD\LAYOUT_PLUS\data\template.imp
Fri Dec 22 18:57:09 Loaded file D:\PROGRAM FILES\ORCAD\LAYOUT_PLUS\data\template.imp
Fri Dec 22 18:57:13 Loaded file D:\PROGRAM FILES\ORCAD\LAYOUT_PLUS\data\template.imp
Fri Dec 22 18:57:14 Loaded file D:\PROGRAM FILES\ORCAD\LAYOUT_PLUS\data\template.imp
Fri Dec 22 18:57:15 Loaded file D:\PROGRAM FILES\ORCAD\LAYOUT_PLUS\data\template.imp
Fri Dec 22 18:57:19 Loaded file D:\PROGRAM FILES\ORCAD\LAYOUT_PLUS\data\template.imp
Fri Dec 22 18:57:22 Loaded file D:\PROGRAM FILES\ORCAD\LAYOUT_PLUS\data\template.imp
Fri Dec 22 18:57:24 Loaded file D:\PROGRAM FILES\ORCAD\LAYOUT_PLUS\data\template.imp
Fri Dec 22 18:57:25 Loaded file D:\PROGRAM FILES\ORCAD\LAYOUT_PLUS\data\template.imp
Fri Dec 22 18:57:29 Loaded file D:\PROGRAM FILES\ORCAD\LAYOUT_PLUS\data\template.imp
Fri Dec 22 18:58:10 Loaded file \\ESL_SERVER\PUB\ORCAD\LAYOUT\LIBRARY\WARA1.LLB
Fri Dec 22 18:58:11 Saved as file \\ESL_SERVER\PUB\ORCAD\LAYOUT\LIBRARY\WARA1.LLB
Fri Dec 22 18:58:14 Loaded file D:\Program Files\OrCAD\Layout_Plus\library\BCON100T.llb
Fri Dec 22 18:58:18 Loaded file D:\PROGRAM FILES\ORCAD\LAYOUT_PLUS\data\template.imp
Fri Dec 22 18:58:20 Loaded file D:\PROGRAM FILES\ORCAD\LAYOUT_PLUS\data\template.imp
Fri Dec 22 18:58:26 Loaded file \\ESL_SERVER\PUB\ORCAD\LAYOUT\LIBRARY\WARA1.LLB
Fri Dec 22 18:58:26 Saved as file \\ESL_SERVER\PUB\ORCAD\LAYOUT\LIBRARY\WARA1.LLB
Fri Dec 22 18:58:31 Loaded file \\ESL_SERVER\PUB\ORCAD\LAYOUT\LIBRARY\WARA1.LLB
Fri Dec 22 18:58:33 Loaded file D:\PROGRAM FILES\ORCAD\LAYOUT_PLUS\data\template.imp
Fri Dec 22 18:58:35 Loaded file D:\PROGRAM FILES\ORCAD\LAYOUT_PLUS\data\template.imp
Fri Dec 22 18:58:36 Loaded file D:\PROGRAM FILES\ORCAD\LAYOUT_PLUS\data\template.imp
Fri Dec 22 18:58:38 Loaded file D:\PROGRAM FILES\ORCAD\LAYOUT_PLUS\data\template.imp
Fri Dec 22 18:58:53 Loaded file D:\PROGRAM FILES\ORCAD\LAYOUT_PLUS\data\template.imp
Fri Dec 22 18:59:00 Loaded file D:\PROGRAM FILES\ORCAD\LAYOUT_PLUS\data\template.imp
Fri Dec 22 18:59:01 Loaded file D:\PROGRAM FILES\ORCAD\LAYOUT_PLUS\data\template.imp
Fri Dec 22 18:59:02 Loaded file D:\PROGRAM FILES\ORCAD\LAYOUT_PLUS\data\template.imp
Fri Dec 22 18:59:04 Loaded file D:\PROGRAM FILES\ORCAD\LAYOUT_PLUS\data\template.imp
Fri Dec 22 18:59:38 Loaded file \\ESL_SERVER\PUB\ORCAD\LAYOUT\LIBRARY\WARA1.LLB
Fri Dec 22 18:59:39 Saved as file \\ESL_SERVER\PUB\ORCAD\LAYOUT\LIBRARY\WARA1.LLB
Fri Dec 22 18:59:40 Loaded file \\ESL_SERVER\PUB\ORCAD\LAYOUT\LIBRARY\WARA1.LLB
Fri Dec 22 18:59:41 Saved as file \\ESL_SERVER\PUB\ORCAD\LAYOUT\LIBRARY\WARA1.LLB
Fri Dec 22 18:59:51 Loaded file D:\PROGRAM FILES\ORCAD\LAYOUT_PLUS\data\template.imp
Fri Dec 22 18:59:51 Loaded file D:\PROGRAM FILES\ORCAD\LAYOUT_PLUS\data\template.imp
Fri Dec 22 18:59:51 Loaded file D:\PROGRAM FILES\ORCAD\LAYOUT_PLUS\data\template.imp
Fri Dec 22 18:59:51 Loaded file D:\PROGRAM FILES\ORCAD\LAYOUT_PLUS\data\template.imp
Fri Dec 22 18:59:52 Loaded file \\ESL_SERVER\PUB\ORCAD\LAYOUT\LIBRARY\WARA1.LLB
Fri Dec 22 18:59:55 Loaded file D:\PROGRAM FILES\ORCAD\LAYOUT_PLUS\data\template.imp
Fri Dec 22 19:00:19 Loaded file D:\PROGRAM FILES\ORCAD\LAYOUT_PLUS\data\template.imp
Fri Dec 22 19:00:19 Loaded file D:\PROGRAM FILES\ORCAD\LAYOUT_PLUS\data\template.imp
Fri Dec 22 19:00:21 Loaded file \\ESL_SERVER\PUB\ORCAD\LAYOUT\LIBRARY\WARA1.LLB
Fri Dec 22 19:00:23 Loaded file D:\PROGRAM FILES\ORCAD\LAYOUT_PLUS\data\template.imp
Fri Dec 22 19:00:25 Loaded file D:\PROGRAM FILES\ORCAD\LAYOUT_PLUS\data\template.imp
Fri Dec 22 19:00:26 Loaded file D:\PROGRAM FILES\ORCAD\LAYOUT_PLUS\data\template.imp
Fri Dec 22 19:01:07 Loaded file \\ESL_SERVER\PUB\ORCAD\LAYOUT\LIBRARY\WARA1.LLB
Fri Dec 22 19:01:07 Saved as file \\ESL_SERVER\PUB\ORCAD\LAYOUT\LIBRARY\WARA1.LLB
Fri Dec 22 19:01:14 Loaded file D:\PROGRAM FILES\ORCAD\LAYOUT_PLUS\data\template.imp
Fri Dec 22 19:01:14 Loaded file D:\PROGRAM FILES\ORCAD\LAYOUT_PLUS\data\template.imp
Fri Dec 22 19:01:14 Loaded file D:\PROGRAM FILES\ORCAD\LAYOUT_PLUS\data\template.imp
Fri Dec 22 19:01:15 Loaded file D:\PROGRAM FILES\ORCAD\LAYOUT_PLUS\data\template.imp
Fri Dec 22 19:01:16 Loaded file \\ESL_SERVER\PUB\ORCAD\LAYOUT\LIBRARY\WARA1.LLB
Fri Dec 22 19:01:19 Loaded file D:\PROGRAM FILES\ORCAD\LAYOUT_PLUS\data\template.imp
Fri Dec 22 19:01:28 Loaded file D:\PROGRAM FILES\ORCAD\LAYOUT_PLUS\data\template.imp
Fri Dec 22 19:01:28 Loaded file D:\PROGRAM FILES\ORCAD\LAYOUT_PLUS\data\template.imp
Fri Dec 22 19:01:28 Loaded file D:\PROGRAM FILES\ORCAD\LAYOUT_PLUS\data\template.imp
Fri Dec 22 19:01:28 Loaded file D:\PROGRAM FILES\ORCAD\LAYOUT_PLUS\data\template.imp
Fri Dec 22 19:01:29 Loaded file \\ESL_SERVER\PUB\ORCAD\LAYOUT\LIBRARY\WARA1.LLB
Fri Dec 22 19:01:31 Loaded file D:\PROGRAM FILES\ORCAD\LAYOUT_PLUS\data\template.imp
Fri Dec 22 19:02:42 Loaded file D:\PROGRAM FILES\ORCAD\LAYOUT_PLUS\data\template.imp
Fri Dec 22 19:02:42 Loaded file D:\PROGRAM FILES\ORCAD\LAYOUT_PLUS\data\template.imp
Fri Dec 22 19:02:45 Loaded file \\ESL_SERVER\PUB\ORCAD\LAYOUT\LIBRARY\WARA1.LLB
Fri Dec 22 19:02:48 Loaded file D:\PROGRAM FILES\ORCAD\LAYOUT_PLUS\data\template.imp
Fri Dec 22 19:02:57 Loaded file D:\PROGRAM FILES\ORCAD\LAYOUT_PLUS\data\template.imp
Fri Dec 22 19:03:01 Loaded file D:\PROGRAM FILES\ORCAD\LAYOUT_PLUS\data\template.imp
Fri Dec 22 19:03:16 Loaded file \\ESL_SERVER\PUB\ORCAD\LAYOUT\LIBRARY\WARA1.LLB
Fri Dec 22 19:03:17 Saved as file \\ESL_SERVER\PUB\ORCAD\LAYOUT\LIBRARY\WARA1.LLB
Fri Dec 22 19:03:19 Loaded file \\ESL_SERVER\PUB\ORCAD\LAYOUT\LIBRARY\WARA1.LLB
Fri Dec 22 19:03:19 Saved as file \\ESL_SERVER\PUB\ORCAD\LAYOUT\LIBRARY\WARA1.LLB
Fri Dec 22 19:03:25 Loaded file D:\PROGRAM FILES\ORCAD\LAYOUT_PLUS\data\template.imp
Fri Dec 22 19:03:25 Loaded file D:\PROGRAM FILES\ORCAD\LAYOUT_PLUS\data\template.imp
Fri Dec 22 19:03:25 Loaded file D:\PROGRAM FILES\ORCAD\LAYOUT_PLUS\data\template.imp
Fri Dec 22 19:03:25 Loaded file D:\PROGRAM FILES\ORCAD\LAYOUT_PLUS\data\template.imp
Fri Dec 22 19:03:28 Loaded file \\ESL_SERVER\PUB\ORCAD\LAYOUT\LIBRARY\WARA1.LLB
Fri Dec 22 19:03:31 Loaded file D:\PROGRAM FILES\ORCAD\LAYOUT_PLUS\data\template.imp
Fri Dec 22 19:04:32 Loaded file D:\PROGRAM FILES\ORCAD\LAYOUT_PLUS\data\template.imp
Fri Dec 22 19:04:32 Loaded file D:\PROGRAM FILES\ORCAD\LAYOUT_PLUS\data\template.imp
Fri Dec 22 19:04:35 Loaded file \\ESL_SERVER\PUB\ORCAD\LAYOUT\LIBRARY\WARA1.LLB
Fri Dec 22 19:04:39 Loaded file D:\PROGRAM FILES\ORCAD\LAYOUT_PLUS\data\template.imp
Fri Dec 22 19:04:43 Loaded file D:\PROGRAM FILES\ORCAD\LAYOUT_PLUS\data\template.imp
Fri Dec 22 19:06:41 Loaded file \\ESL_SERVER\PUB\ORCAD\LAYOUT\LIBRARY\WARA1.LLB
Fri Dec 22 19:06:42 Saved as file \\ESL_SERVER\PUB\ORCAD\LAYOUT\LIBRARY\WARA1.LLB
Fri Dec 22 19:06:43 Loaded file \\ESL_SERVER\PUB\ORCAD\LAYOUT\LIBRARY\WARA1.LLB
Fri Dec 22 19:06:43 Saved as file \\ESL_SERVER\PUB\ORCAD\LAYOUT\LIBRARY\WARA1.LLB
Fri Dec 22 19:06:49 Loaded file D:\PROGRAM FILES\ORCAD\LAYOUT_PLUS\data\template.imp
Fri Dec 22 19:06:49 Loaded file D:\PROGRAM FILES\ORCAD\LAYOUT_PLUS\data\template.imp
Fri Dec 22 19:06:49 Loaded file D:\PROGRAM FILES\ORCAD\LAYOUT_PLUS\data\template.imp
Fri Dec 22 19:06:49 Loaded file D:\PROGRAM FILES\ORCAD\LAYOUT_PLUS\data\template.imp
Fri Dec 22 19:06:51 Loaded file \\ESL_SERVER\PUB\ORCAD\LAYOUT\LIBRARY\WARA1.LLB
Fri Dec 22 19:06:54 Loaded file D:\PROGRAM FILES\ORCAD\LAYOUT_PLUS\data\template.imp
Fri Dec 22 19:07:27 Saved as file D:\USERS\IT\PCB\CAMERA.MAX
Fri Dec 22 19:07:50 Saved as file BACKUP1.MAX
Fri Dec 22 19:18:20 Saved as file BACKUP1.MAX
Fri Dec 22 19:28:50 Saved as file BACKUP1.MAX
Fri Dec 22 19:39:20 Saved as file BACKUP1.MAX
Fri Dec 22 19:49:50 Saved as file BACKUP1.MAX
Fri Dec 22 20:00:20 Saved as file BACKUP1.MAX
Fri Dec 22 20:10:50 Saved as file BACKUP1.MAX
Fri Dec 22 20:21:20 Saved as file BACKUP1.MAX
Fri Dec 22 20:30:50 Saved as file D:\USERS\IT\PCB\CAMERA.MAX
Fri Dec 22 20:31:20 Saved as file BACKUP1.MAX
Fri Dec 22 20:41:20 Saved as file BACKUP1.MAX
Fri Dec 22 20:51:50 Saved as file BACKUP1.MAX
Fri Dec 22 21:02:20 Saved as file BACKUP1.MAX
Fri Dec 22 21:12:50 Saved as file BACKUP1.MAX
Fri Dec 22 21:23:20 Saved as file BACKUP1.MAX
Fri Dec 22 21:33:50 Saved as file BACKUP1.MAX
Fri Dec 22 21:44:20 Saved as file BACKUP1.MAX
Fri Dec 22 21:54:50 Saved as file BACKUP1.MAX
Fri Dec 22 22:05:20 Saved as file BACKUP1.MAX
Fri Dec 22 22:15:50 Saved as file BACKUP1.MAX
Fri Dec 22 22:26:20 Saved as file BACKUP1.MAX
Fri Dec 22 22:36:50 Saved as file BACKUP1.MAX
Fri Dec 22 22:47:20 Saved as file BACKUP1.MAX
Fri Dec 22 22:57:50 Saved as file BACKUP1.MAX
Fri Dec 22 23:08:20 Saved as file BACKUP1.MAX
Fri Dec 22 23:18:50 Saved as file BACKUP1.MAX
Fri Dec 22 23:29:20 Saved as file BACKUP1.MAX
Fri Dec 22 23:39:20 Saved as file BACKUP1.MAX
Fri Dec 22 23:49:20 Saved as file BACKUP1.MAX
Fri Dec 22 23:59:50 Saved as file BACKUP1.MAX
Sat Dec 23 00:10:20 Saved as file BACKUP1.MAX
Sat Dec 23 00:20:50 Saved as file BACKUP1.MAX
Sat Dec 23 00:20:53 Loaded file D:\PROGRAM FILES\ORCAD\LAYOUT_PLUS\data\template.imp
Sat Dec 23 00:20:53 Loaded file D:\PROGRAM FILES\ORCAD\LAYOUT_PLUS\data\template.imp
Sat Dec 23 00:20:56 Loaded file \\ESL_SERVER\PUB\ORCAD\LAYOUT\LIBRARY\WARA1.LLB
Sat Dec 23 00:20:59 Loaded file D:\PROGRAM FILES\ORCAD\LAYOUT_PLUS\data\template.imp
Sat Dec 23 00:21:01 Loaded file D:\PROGRAM FILES\ORCAD\LAYOUT_PLUS\data\template.imp
Sat Dec 23 00:31:24 Saved as file D:\USERS\IT\PCB\CAMERA.MAX
Sat Dec 23 00:31:27 Loaded file \\ESL_SERVER\PUB\ORCAD\LAYOUT\LIBRARY\WARA1.LLB
Sat Dec 23 00:31:27 Saved as file \\ESL_SERVER\PUB\ORCAD\LAYOUT\LIBRARY\WARA1.LLB
Sat Dec 23 00:32:43 Loaded file \\ESL_SERVER\PUB\ORCAD\LAYOUT\LIBRARY\WARA1.LLB
Sat Dec 23 00:32:43 Saved as file \\ESL_SERVER\PUB\ORCAD\LAYOUT\LIBRARY\WARA1.LLB
Sat Dec 23 00:32:44 Loaded file D:\PROGRAM FILES\ORCAD\LAYOUT_PLUS\data\template.imp
Sat Dec 23 00:32:45 Loaded file D:\PROGRAM FILES\ORCAD\LAYOUT_PLUS\data\template.imp
Sat Dec 23 00:32:54 Loaded file D:\PROGRAM FILES\ORCAD\LAYOUT_PLUS\data\template.imp
Sat Dec 23 00:46:17 Loaded file \\ESL_SERVER\PUB\ORCAD\LAYOUT\LIBRARY\WARA1.LLB
Sat Dec 23 00:46:18 Saved as file \\ESL_SERVER\PUB\ORCAD\LAYOUT\LIBRARY\WARA1.LLB
Sat Dec 23 00:46:27 Loaded file D:\PROGRAM FILES\ORCAD\LAYOUT_PLUS\data\template.imp
Sat Dec 23 00:46:27 Loaded file D:\PROGRAM FILES\ORCAD\LAYOUT_PLUS\data\template.imp
Sat Dec 23 00:46:28 Loaded file D:\PROGRAM FILES\ORCAD\LAYOUT_PLUS\data\template.imp
Sat Dec 23 00:46:28 Loaded file D:\PROGRAM FILES\ORCAD\LAYOUT_PLUS\data\template.imp
Sat Dec 23 00:46:29 Loaded file \\ESL_SERVER\PUB\ORCAD\LAYOUT\LIBRARY\WARA1.LLB
Sat Dec 23 00:46:38 Loaded file D:\PROGRAM FILES\ORCAD\LAYOUT_PLUS\data\template.imp
Sat Dec 23 00:46:42 Loaded file D:\Program Files\OrCAD\Layout_Plus\library\BCON100T.llb
Sat Dec 23 00:46:44 Loaded file \\ESL_SERVER\PUB\ORCAD\LAYOUT\LIBRARY\WARA1.LLB
Sat Dec 23 00:46:45 Loaded file D:\PROGRAM FILES\ORCAD\LAYOUT_PLUS\data\template.imp
Sat Dec 23 00:46:46 Loaded file D:\PROGRAM FILES\ORCAD\LAYOUT_PLUS\data\template.imp
Sat Dec 23 00:46:47 Loaded file D:\PROGRAM FILES\ORCAD\LAYOUT_PLUS\data\template.imp
Sat Dec 23 00:46:48 Loaded file D:\PROGRAM FILES\ORCAD\LAYOUT_PLUS\data\template.imp
Sat Dec 23 00:46:53 Loaded file D:\PROGRAM FILES\ORCAD\LAYOUT_PLUS\data\template.imp
Sat Dec 23 00:47:06 Loaded file D:\PROGRAM FILES\ORCAD\LAYOUT_PLUS\data\template.imp
Sat Dec 23 00:47:06 Loaded file D:\PROGRAM FILES\ORCAD\LAYOUT_PLUS\data\template.imp
Sat Dec 23 00:47:09 Loaded file \\ESL_SERVER\PUB\ORCAD\LAYOUT\LIBRARY\WARA1.LLB
Sat Dec 23 00:47:12 Loaded file D:\PROGRAM FILES\ORCAD\LAYOUT_PLUS\data\template.imp
Sat Dec 23 00:47:42 Loaded file D:\PROGRAM FILES\ORCAD\LAYOUT_PLUS\data\template.imp
Sat Dec 23 00:50:39 Loaded file \\ESL_SERVER\PUB\ORCAD\LAYOUT\LIBRARY\WARA1.LLB
Sat Dec 23 00:50:39 Saved as file \\ESL_SERVER\PUB\ORCAD\LAYOUT\LIBRARY\WARA1.LLB
Sat Dec 23 00:50:39 Loaded file D:\PROGRAM FILES\ORCAD\LAYOUT_PLUS\data\template.imp
Sat Dec 23 00:50:42 Loaded file D:\PROGRAM FILES\ORCAD\LAYOUT_PLUS\data\template.imp
Sat Dec 23 00:52:24 Loaded file \\ESL_SERVER\PUB\ORCAD\LAYOUT\LIBRARY\WARA1.LLB
Sat Dec 23 00:52:24 Saved as file \\ESL_SERVER\PUB\ORCAD\LAYOUT\LIBRARY\WARA1.LLB
Sat Dec 23 00:52:29 Loaded file D:\PROGRAM FILES\ORCAD\LAYOUT_PLUS\data\template.imp
Sat Dec 23 00:52:35 Loaded file D:\PROGRAM FILES\ORCAD\LAYOUT_PLUS\data\template.imp
Sat Dec 23 00:56:43 Loaded file D:\PROGRAM FILES\ORCAD\LAYOUT_PLUS\data\template.imp
Sat Dec 23 00:56:55 Loaded file D:\PROGRAM FILES\ORCAD\LAYOUT_PLUS\data\template.imp
Sat Dec 23 00:57:00 Loaded file D:\PROGRAM FILES\ORCAD\LAYOUT_PLUS\data\template.imp
Sat Dec 23 00:59:58 Loaded file \\ESL_SERVER\PUB\ORCAD\LAYOUT\LIBRARY\WARA1.LLB
Sat Dec 23 00:59:59 Saved as file \\ESL_SERVER\PUB\ORCAD\LAYOUT\LIBRARY\WARA1.LLB
Sat Dec 23 01:07:48 Loaded file \\ESL_SERVER\PUB\ORCAD\LAYOUT\LIBRARY\WARA1.LLB
Sat Dec 23 01:07:49 Saved as file \\ESL_SERVER\PUB\ORCAD\LAYOUT\LIBRARY\WARA1.LLB
Sat Dec 23 01:07:51 Loaded file \\ESL_SERVER\PUB\ORCAD\LAYOUT\LIBRARY\WARA1.LLB
Sat Dec 23 01:07:52 Saved as file \\ESL_SERVER\PUB\ORCAD\LAYOUT\LIBRARY\WARA1.LLB
Sat Dec 23 01:07:52 Loaded file D:\PROGRAM FILES\ORCAD\LAYOUT_PLUS\data\template.imp
Sat Dec 23 01:09:35 Loaded file \\ESL_SERVER\PUB\ORCAD\LAYOUT\LIBRARY\WARA1.LLB
Sat Dec 23 01:09:35 Saved as file \\ESL_SERVER\PUB\ORCAD\LAYOUT\LIBRARY\WARA1.LLB
Sat Dec 23 01:09:35 Loaded file D:\PROGRAM FILES\ORCAD\LAYOUT_PLUS\data\template.imp
Sat Dec 23 01:09:45 Loaded file D:\PROGRAM FILES\ORCAD\LAYOUT_PLUS\data\template.imp
Sat Dec 23 01:09:48 Loaded file D:\PROGRAM FILES\ORCAD\LAYOUT_PLUS\data\template.imp
Sat Dec 23 01:09:53 Loaded file D:\PROGRAM FILES\ORCAD\LAYOUT_PLUS\data\template.imp
Sat Dec 23 01:09:57 Loaded file D:\PROGRAM FILES\ORCAD\LAYOUT_PLUS\data\template.imp
Sat Dec 23 01:10:16 Loaded file \\ESL_SERVER\PUB\ORCAD\LAYOUT\LIBRARY\WARA1.LLB
Sat Dec 23 01:10:16 Saved as file \\ESL_SERVER\PUB\ORCAD\LAYOUT\LIBRARY\WARA1.LLB
Sat Dec 23 01:11:19 Loaded file D:\PROGRAM FILES\ORCAD\LAYOUT_PLUS\data\template.imp
Sat Dec 23 01:11:19 Loaded file D:\PROGRAM FILES\ORCAD\LAYOUT_PLUS\data\template.imp
Sat Dec 23 01:11:19 Loaded file D:\PROGRAM FILES\ORCAD\LAYOUT_PLUS\data\template.imp
Sat Dec 23 01:11:19 Loaded file D:\PROGRAM FILES\ORCAD\LAYOUT_PLUS\data\template.imp
Sat Dec 23 01:11:20 Loaded file \\ESL_SERVER\PUB\ORCAD\LAYOUT\LIBRARY\WARA1.LLB
Sat Dec 23 01:11:25 Loaded file D:\PROGRAM FILES\ORCAD\LAYOUT_PLUS\data\template.imp
Sat Dec 23 01:11:51 Saved as file D:\USERS\IT\PCB\CAMERA.MAX
Sat Dec 23 01:12:09 Loaded file D:\USERS\IT\PCB\CAMERA.MAX
Sat Dec 23 01:12:10 Loaded file \\ESL_SERVER\PUB\ORCAD\LAYOUT\LIBRARY\WARA1.LLB
Sat Dec 23 01:12:10 Loaded file D:\Program Files\OrCAD\Layout_Plus\library\BCON100T.llb
Sat Dec 23 01:12:10 Loaded file D:\Program Files\OrCAD\Layout_Plus\library\BCON156T.llb
Sat Dec 23 01:12:10 Loaded file D:\Program Files\OrCAD\Layout_Plus\library\BGA.llb
Sat Dec 23 01:12:11 Loaded file D:\Program Files\OrCAD\Layout_Plus\library\CLCC.llb
Sat Dec 23 01:12:11 Loaded file D:\Program Files\OrCAD\Layout_Plus\library\DCON050T.llb
Sat Dec 23 01:12:11 Loaded file D:\Program Files\OrCAD\Layout_Plus\library\DCON085T.llb
Sat Dec 23 01:12:11 Loaded file D:\Program Files\OrCAD\Layout_Plus\library\DIMM050F.llb
Sat Dec 23 01:12:12 Loaded file D:\Program Files\OrCAD\Layout_Plus\library\DIMM050T.llb
Sat Dec 23 01:12:12 Loaded file D:\Program Files\OrCAD\Layout_Plus\library\DIN.llb
Sat Dec 23 01:12:12 Loaded file D:\Program Files\OrCAD\Layout_Plus\library\DIP100B.llb
Sat Dec 23 01:12:12 Loaded file D:\Program Files\OrCAD\Layout_Plus\library\DIP100T.llb
Sat Dec 23 01:12:12 Loaded file D:\Program Files\OrCAD\Layout_Plus\library\DSUBT.llb
Sat Dec 23 01:12:12 Loaded file D:\Program Files\OrCAD\Layout_Plus\library\DSUBT_HD.LLB
Sat Dec 23 01:12:12 Loaded file D:\Program Files\OrCAD\Layout_Plus\library\ECON100T.llb
Sat Dec 23 01:12:12 Loaded file D:\Program Files\OrCAD\Layout_Plus\library\FBUS.llb
Sat Dec 23 01:12:12 Loaded file D:\Program Files\OrCAD\Layout_Plus\library\ISA.llb
Sat Dec 23 01:12:12 Loaded file D:\Program Files\OrCAD\Layout_Plus\library\JUMPER.LLB
Sat Dec 23 01:12:12 Loaded file D:\Program Files\OrCAD\Layout_Plus\library\LAYOUT.llb
Sat Dec 23 01:12:12 Loaded file D:\Program Files\OrCAD\Layout_Plus\library\LCON100T.llb
Sat Dec 23 01:12:12 Loaded file D:\Program Files\OrCAD\Layout_Plus\library\PC104.llb
Sat Dec 23 01:12:12 Loaded file D:\Program Files\OrCAD\Layout_Plus\library\PCI.llb
Sat Dec 23 01:12:12 Loaded file D:\Program Files\OrCAD\Layout_Plus\library\PCON100T.llb
Sat Dec 23 01:12:12 Loaded file D:\Program Files\OrCAD\Layout_Plus\library\PCON156T.llb
Sat Dec 23 01:12:12 Loaded file D:\Program Files\OrCAD\Layout_Plus\library\PGA.llb
Sat Dec 23 01:12:12 Loaded file D:\Program Files\OrCAD\Layout_Plus\library\PLCC.llb
Sat Dec 23 01:12:12 Loaded file D:\Program Files\OrCAD\Layout_Plus\library\QUAD.llb
Sat Dec 23 01:12:13 Loaded file D:\Program Files\OrCAD\Layout_Plus\library\QUADB.llb
Sat Dec 23 01:12:13 Loaded file D:\Program Files\OrCAD\Layout_Plus\library\RELAY.llb
Sat Dec 23 01:12:13 Loaded file D:\Program Files\OrCAD\Layout_Plus\library\RF.llb
Sat Dec 23 01:12:13 Loaded file D:\Program Files\OrCAD\Layout_Plus\library\SBUS.llb
Sat Dec 23 01:12:13 Loaded file D:\Program Files\OrCAD\Layout_Plus\library\SIMM050F.llb
Sat Dec 23 01:12:13 Loaded file D:\Program Files\OrCAD\Layout_Plus\library\SIMM050T.llb
Sat Dec 23 01:12:13 Loaded file D:\Program Files\OrCAD\Layout_Plus\library\SIMM100F.llb
Sat Dec 23 01:12:13 Loaded file D:\Program Files\OrCAD\Layout_Plus\library\SIMM100T.llb
Sat Dec 23 01:12:13 Loaded file D:\Program Files\OrCAD\Layout_Plus\library\SIP.llb
Sat Dec 23 01:12:13 Loaded file D:\Program Files\OrCAD\Layout_Plus\library\SM.llb
Sat Dec 23 01:12:13 Loaded file D:\Program Files\OrCAD\Layout_Plus\library\SOG.llb
Sat Dec 23 01:12:13 Loaded file D:\Program Files\OrCAD\Layout_Plus\library\SOJ.llb
Sat Dec 23 01:12:13 Loaded file D:\Program Files\OrCAD\Layout_Plus\library\STIFF.llb
Sat Dec 23 01:12:13 Loaded file D:\Program Files\OrCAD\Layout_Plus\library\TELE.llb
Sat Dec 23 01:12:13 Loaded file D:\Program Files\OrCAD\Layout_Plus\library\TM_AXIAL.llb
Sat Dec 23 01:12:13 Loaded file D:\Program Files\OrCAD\Layout_Plus\library\TM_CAP_P.llb
Sat Dec 23 01:12:13 Loaded file D:\Program Files\OrCAD\Layout_Plus\library\TM_CYLND.llb
Sat Dec 23 01:12:13 Loaded file D:\Program Files\OrCAD\Layout_Plus\library\TM_DIODE.llb
Sat Dec 23 01:12:13 Loaded file D:\Program Files\OrCAD\Layout_Plus\library\TM_DISC.llb
Sat Dec 23 01:12:13 Loaded file D:\Program Files\OrCAD\Layout_Plus\library\TM_RAD.llb
Sat Dec 23 01:12:13 Loaded file D:\Program Files\OrCAD\Layout_Plus\library\TO.llb
Sat Dec 23 01:12:14 Loaded file D:\Program Files\OrCAD\Layout_Plus\library\TRAINING.LLB
Sat Dec 23 01:12:14 Loaded file D:\Program Files\OrCAD\Layout_Plus\library\VRES.llb
Sat Dec 23 01:12:14 Loaded file D:\Program Files\OrCAD\Layout_Plus\library\WCON100T.llb
Sat Dec 23 01:12:14 Loaded file D:\Program Files\OrCAD\Layout_Plus\library\XT.llb
Sat Dec 23 01:12:14 Loaded file D:\Program Files\OrCAD\Layout_Plus\library\ZIGZAG.llb
Sat Dec 23 01:12:29 Saved as file D:\USERS\IT\PCB\CAMERA.MAX
Sat Dec 23 01:12:30 Loaded file D:\USERS\IT\PCB\CAMERA.MAX
Sat Dec 23 01:12:40 Saved as file PLACE1.MAX
Sat Dec 23 01:12:40 Saved as file PLACE2.MAX
Sat Dec 23 01:13:15 Saved as file PLACE3.MAX
Sat Dec 23 01:13:16 Saved as file PLACE4.MAX
Sat Dec 23 01:13:17 Saved as file PLACE5.MAX
Sat Dec 23 01:13:18 Batch place completed in 00:00:38
Sat Dec 23 01:13:50 Saved as file D:\USERS\IT\PCB\CAMERA.MAX
Sat Dec 23 01:14:01 Loaded file D:\USERS\IT\PCB\CAMERA.MAX
Sat Dec 23 01:14:01 Loaded file \\ESL_SERVER\PUB\ORCAD\LAYOUT\LIBRARY\WARA1.LLB
Sat Dec 23 01:14:01 Loaded file D:\Program Files\OrCAD\Layout_Plus\library\BCON100T.llb
Sat Dec 23 01:14:01 Loaded file D:\Program Files\OrCAD\Layout_Plus\library\BCON156T.llb
Sat Dec 23 01:14:01 Loaded file D:\Program Files\OrCAD\Layout_Plus\library\BGA.llb
Sat Dec 23 01:14:01 Loaded file D:\Program Files\OrCAD\Layout_Plus\library\CLCC.llb
Sat Dec 23 01:14:01 Loaded file D:\Program Files\OrCAD\Layout_Plus\library\DCON050T.llb
Sat Dec 23 01:14:01 Loaded file D:\Program Files\OrCAD\Layout_Plus\library\DCON085T.llb
Sat Dec 23 01:14:01 Loaded file D:\Program Files\OrCAD\Layout_Plus\library\DIMM050F.llb
Sat Dec 23 01:14:01 Loaded file D:\Program Files\OrCAD\Layout_Plus\library\DIMM050T.llb
Sat Dec 23 01:14:01 Loaded file D:\Program Files\OrCAD\Layout_Plus\library\DIN.llb
Sat Dec 23 01:14:01 Loaded file D:\Program Files\OrCAD\Layout_Plus\library\DIP100B.llb
Sat Dec 23 01:14:01 Loaded file D:\Program Files\OrCAD\Layout_Plus\library\DIP100T.llb
Sat Dec 23 01:14:01 Loaded file D:\Program Files\OrCAD\Layout_Plus\library\DSUBT.llb
Sat Dec 23 01:14:01 Loaded file D:\Program Files\OrCAD\Layout_Plus\library\DSUBT_HD.LLB
Sat Dec 23 01:14:02 Loaded file D:\Program Files\OrCAD\Layout_Plus\library\ECON100T.llb
Sat Dec 23 01:14:02 Loaded file D:\Program Files\OrCAD\Layout_Plus\library\FBUS.llb
Sat Dec 23 01:14:02 Loaded file D:\Program Files\OrCAD\Layout_Plus\library\ISA.llb
Sat Dec 23 01:14:02 Loaded file D:\Program Files\OrCAD\Layout_Plus\library\JUMPER.LLB
Sat Dec 23 01:14:02 Loaded file D:\Program Files\OrCAD\Layout_Plus\library\LAYOUT.llb
Sat Dec 23 01:14:02 Loaded file D:\Program Files\OrCAD\Layout_Plus\library\LCON100T.llb
Sat Dec 23 01:14:02 Loaded file D:\Program Files\OrCAD\Layout_Plus\library\PC104.llb
Sat Dec 23 01:14:02 Loaded file D:\Program Files\OrCAD\Layout_Plus\library\PCI.llb
Sat Dec 23 01:14:02 Loaded file D:\Program Files\OrCAD\Layout_Plus\library\PCON100T.llb
Sat Dec 23 01:14:02 Loaded file D:\Program Files\OrCAD\Layout_Plus\library\PCON156T.llb
Sat Dec 23 01:14:02 Loaded file D:\Program Files\OrCAD\Layout_Plus\library\PGA.llb
Sat Dec 23 01:14:02 Loaded file D:\Program Files\OrCAD\Layout_Plus\library\PLCC.llb
Sat Dec 23 01:14:02 Loaded file D:\Program Files\OrCAD\Layout_Plus\library\QUAD.llb
Sat Dec 23 01:14:02 Loaded file D:\Program Files\OrCAD\Layout_Plus\library\QUADB.llb
Sat Dec 23 01:14:02 Loaded file D:\Program Files\OrCAD\Layout_Plus\library\RELAY.llb
Sat Dec 23 01:14:02 Loaded file D:\Program Files\OrCAD\Layout_Plus\library\RF.llb
Sat Dec 23 01:14:02 Loaded file D:\Program Files\OrCAD\Layout_Plus\library\SBUS.llb
Sat Dec 23 01:14:02 Loaded file D:\Program Files\OrCAD\Layout_Plus\library\SIMM050F.llb
Sat Dec 23 01:14:02 Loaded file D:\Program Files\OrCAD\Layout_Plus\library\SIMM050T.llb
Sat Dec 23 01:14:02 Loaded file D:\Program Files\OrCAD\Layout_Plus\library\SIMM100F.llb
Sat Dec 23 01:14:02 Loaded file D:\Program Files\OrCAD\Layout_Plus\library\SIMM100T.llb
Sat Dec 23 01:14:02 Loaded file D:\Program Files\OrCAD\Layout_Plus\library\SIP.llb
Sat Dec 23 01:14:02 Loaded file D:\Program Files\OrCAD\Layout_Plus\library\SM.llb
Sat Dec 23 01:14:02 Loaded file D:\Program Files\OrCAD\Layout_Plus\library\SOG.llb
Sat Dec 23 01:14:02 Loaded file D:\Program Files\OrCAD\Layout_Plus\library\SOJ.llb
Sat Dec 23 01:14:02 Loaded file D:\Program Files\OrCAD\Layout_Plus\library\STIFF.llb
Sat Dec 23 01:14:02 Loaded file D:\Program Files\OrCAD\Layout_Plus\library\TELE.llb
Sat Dec 23 01:14:02 Loaded file D:\Program Files\OrCAD\Layout_Plus\library\TM_AXIAL.llb
Sat Dec 23 01:14:02 Loaded file D:\Program Files\OrCAD\Layout_Plus\library\TM_CAP_P.llb
Sat Dec 23 01:14:03 Loaded file D:\Program Files\OrCAD\Layout_Plus\library\TM_CYLND.llb
Sat Dec 23 01:14:03 Loaded file D:\Program Files\OrCAD\Layout_Plus\library\TM_DIODE.llb
Sat Dec 23 01:14:03 Loaded file D:\Program Files\OrCAD\Layout_Plus\library\TM_DISC.llb
Sat Dec 23 01:14:03 Loaded file D:\Program Files\OrCAD\Layout_Plus\library\TM_RAD.llb
Sat Dec 23 01:14:03 Loaded file D:\Program Files\OrCAD\Layout_Plus\library\TO.llb
Sat Dec 23 01:14:03 Loaded file D:\Program Files\OrCAD\Layout_Plus\library\TRAINING.LLB
Sat Dec 23 01:14:03 Loaded file D:\Program Files\OrCAD\Layout_Plus\library\VRES.llb
Sat Dec 23 01:14:03 Loaded file D:\Program Files\OrCAD\Layout_Plus\library\WCON100T.llb
Sat Dec 23 01:14:03 Loaded file D:\Program Files\OrCAD\Layout_Plus\library\XT.llb
Sat Dec 23 01:14:03 Loaded file D:\Program Files\OrCAD\Layout_Plus\library\ZIGZAG.llb
Sat Dec 23 01:14:16 Saved as file D:\USERS\IT\PCB\CAMERA.MAX
Sat Dec 23 01:14:16 Loaded file D:\USERS\IT\PCB\CAMERA.MAX
Sat Dec 23 01:22:20 Saved as file BACKUP1.MAX
Sat Dec 23 01:32:50 Saved as file BACKUP1.MAX
Sat Dec 23 01:34:09 Loaded file D:\PROGRAM FILES\ORCAD\LAYOUT_PLUS\data\template.imp
Sat Dec 23 01:34:09 Loaded file D:\PROGRAM FILES\ORCAD\LAYOUT_PLUS\data\template.imp
Sat Dec 23 01:34:20 Loaded file D:\Program Files\OrCAD\Layout_Plus\library\DSUBT.llb
Sat Dec 23 01:34:22 Loaded file D:\PROGRAM FILES\ORCAD\LAYOUT_PLUS\data\template.imp
Sat Dec 23 01:34:54 Loaded file D:\PROGRAM FILES\ORCAD\LAYOUT_PLUS\data\template.imp
Sat Dec 23 01:35:13 Loaded file D:\PROGRAM FILES\ORCAD\LAYOUT_PLUS\data\template.imp
Sat Dec 23 01:35:32 Loaded file D:\PROGRAM FILES\ORCAD\LAYOUT_PLUS\data\template.imp
Sat Dec 23 01:35:46 Loaded file D:\PROGRAM FILES\ORCAD\LAYOUT_PLUS\data\template.imp
Sat Dec 23 01:35:57 Loaded file D:\PROGRAM FILES\ORCAD\LAYOUT_PLUS\data\template.imp
Sat Dec 23 01:36:08 Loaded file D:\PROGRAM FILES\ORCAD\LAYOUT_PLUS\data\template.imp
Sat Dec 23 01:39:55 Loaded file D:\PROGRAM FILES\ORCAD\LAYOUT_PLUS\data\template.imp
Sat Dec 23 01:52:09 Loaded file \\ESL_SERVER\PUB\ORCAD\LAYOUT\LIBRARY\WARA1.LLB
Sat Dec 23 01:52:10 Saved as file \\ESL_SERVER\PUB\ORCAD\LAYOUT\LIBRARY\WARA1.LLB
Sat Dec 23 01:52:14 Loaded file \\ESL_SERVER\PUB\ORCAD\LAYOUT\LIBRARY\WARA1.LLB
Sat Dec 23 01:53:28 Loaded file D:\Program Files\OrCAD\Layout_Plus\library\DSUBT.llb
Sat Dec 23 01:53:28 Saved as file D:\Program Files\OrCAD\Layout_Plus\library\DSUBT.llb
Sat Dec 23 01:54:02 Loaded file D:\PROGRAM FILES\ORCAD\LAYOUT_PLUS\data\template.imp
Sat Dec 23 01:55:20 Saved as file BACKUP1.MAX
Sat Dec 23 01:55:21 Saved as file BACKUP1.MAX
Sat Dec 23 01:55:21 Saved as file D:\USERS\IT\PCB\CAMERA.MAX
Sat Dec 23 01:55:22 UserDiv from Layout.INI for AutoECO: 60
Sat Dec 23 01:55:22 Loaded file D:\USERS\IT\PCB\CAMERA.MAX
Sat Dec 23 01:55:22 Loaded file \\ESL_SERVER\PUB\ORCAD\LAYOUT\LIBRARY\WARA1.LLB
Sat Dec 23 01:55:22 Loaded file D:\Program Files\OrCAD\Layout_Plus\library\BCON100T.llb
Sat Dec 23 01:55:22 Loaded file D:\Program Files\OrCAD\Layout_Plus\library\BCON156T.llb
Sat Dec 23 01:55:23 Loaded file D:\Program Files\OrCAD\Layout_Plus\library\BGA.llb
Sat Dec 23 01:55:23 Loaded file D:\Program Files\OrCAD\Layout_Plus\library\CLCC.llb
Sat Dec 23 01:55:23 Loaded file D:\Program Files\OrCAD\Layout_Plus\library\DCON050T.llb
Sat Dec 23 01:55:23 Loaded file D:\Program Files\OrCAD\Layout_Plus\library\DCON085T.llb
Sat Dec 23 01:55:23 Loaded file D:\Program Files\OrCAD\Layout_Plus\library\DIMM050F.llb
Sat Dec 23 01:55:23 Loaded file D:\Program Files\OrCAD\Layout_Plus\library\DIMM050T.llb
Sat Dec 23 01:55:23 Loaded file D:\Program Files\OrCAD\Layout_Plus\library\DIN.llb
Sat Dec 23 01:55:23 Loaded file D:\Program Files\OrCAD\Layout_Plus\library\DIP100B.llb
Sat Dec 23 01:55:23 Loaded file D:\Program Files\OrCAD\Layout_Plus\library\DIP100T.llb
Sat Dec 23 01:55:23 Loaded file D:\Program Files\OrCAD\Layout_Plus\library\DSUBT.llb
Sat Dec 23 01:55:23 Loaded file D:\Program Files\OrCAD\Layout_Plus\library\DSUBT_HD.LLB
Sat Dec 23 01:55:23 Loaded file D:\Program Files\OrCAD\Layout_Plus\library\ECON100T.llb
Sat Dec 23 01:55:23 Loaded file D:\Program Files\OrCAD\Layout_Plus\library\FBUS.llb
Sat Dec 23 01:55:23 Loaded file D:\Program Files\OrCAD\Layout_Plus\library\ISA.llb
Sat Dec 23 01:55:23 Loaded file D:\Program Files\OrCAD\Layout_Plus\library\JUMPER.LLB
Sat Dec 23 01:55:23 Loaded file D:\Program Files\OrCAD\Layout_Plus\library\LAYOUT.llb
Sat Dec 23 01:55:23 Loaded file D:\Program Files\OrCAD\Layout_Plus\library\LCON100T.llb
Sat Dec 23 01:55:23 Loaded file D:\Program Files\OrCAD\Layout_Plus\library\PC104.llb
Sat Dec 23 01:55:23 Loaded file D:\Program Files\OrCAD\Layout_Plus\library\PCI.llb
Sat Dec 23 01:55:23 Loaded file D:\Program Files\OrCAD\Layout_Plus\library\PCON100T.llb
Sat Dec 23 01:55:23 Loaded file D:\Program Files\OrCAD\Layout_Plus\library\PCON156T.llb
Sat Dec 23 01:55:23 Loaded file D:\Program Files\OrCAD\Layout_Plus\library\PGA.llb
Sat Dec 23 01:55:23 Loaded file D:\Program Files\OrCAD\Layout_Plus\library\PLCC.llb
Sat Dec 23 01:55:23 Loaded file D:\Program Files\OrCAD\Layout_Plus\library\QUAD.llb
Sat Dec 23 01:55:23 Loaded file D:\Program Files\OrCAD\Layout_Plus\library\QUADB.llb
Sat Dec 23 01:55:23 Loaded file D:\Program Files\OrCAD\Layout_Plus\library\RELAY.llb
Sat Dec 23 01:55:23 Loaded file D:\Program Files\OrCAD\Layout_Plus\library\RF.llb
Sat Dec 23 01:55:23 Loaded file D:\Program Files\OrCAD\Layout_Plus\library\SBUS.llb
Sat Dec 23 01:55:24 Loaded file D:\Program Files\OrCAD\Layout_Plus\library\SIMM050F.llb
Sat Dec 23 01:55:24 Loaded file D:\Program Files\OrCAD\Layout_Plus\library\SIMM050T.llb
Sat Dec 23 01:55:24 Loaded file D:\Program Files\OrCAD\Layout_Plus\library\SIMM100F.llb
Sat Dec 23 01:55:24 Loaded file D:\Program Files\OrCAD\Layout_Plus\library\SIMM100T.llb
Sat Dec 23 01:55:24 Loaded file D:\Program Files\OrCAD\Layout_Plus\library\SIP.llb
Sat Dec 23 01:55:24 Loaded file D:\Program Files\OrCAD\Layout_Plus\library\SM.llb
Sat Dec 23 01:55:24 Loaded file D:\Program Files\OrCAD\Layout_Plus\library\SOG.llb
Sat Dec 23 01:55:24 Loaded file D:\Program Files\OrCAD\Layout_Plus\library\SOJ.llb
Sat Dec 23 01:55:24 Loaded file D:\Program Files\OrCAD\Layout_Plus\library\STIFF.llb
Sat Dec 23 01:55:24 Loaded file D:\Program Files\OrCAD\Layout_Plus\library\TELE.llb
Sat Dec 23 01:55:24 Loaded file D:\Program Files\OrCAD\Layout_Plus\library\TM_AXIAL.llb
Sat Dec 23 01:55:24 Loaded file D:\Program Files\OrCAD\Layout_Plus\library\TM_CAP_P.llb
Sat Dec 23 01:55:24 Loaded file D:\Program Files\OrCAD\Layout_Plus\library\TM_CYLND.llb
Sat Dec 23 01:55:24 Loaded file D:\Program Files\OrCAD\Layout_Plus\library\TM_DIODE.llb
Sat Dec 23 01:55:24 Loaded file D:\Program Files\OrCAD\Layout_Plus\library\TM_DISC.llb
Sat Dec 23 01:55:24 Loaded file D:\Program Files\OrCAD\Layout_Plus\library\TM_RAD.llb
Sat Dec 23 01:55:24 Loaded file D:\Program Files\OrCAD\Layout_Plus\library\TO.llb
Sat Dec 23 01:55:24 Loaded file D:\Program Files\OrCAD\Layout_Plus\library\TRAINING.LLB
Sat Dec 23 01:55:24 Loaded file D:\Program Files\OrCAD\Layout_Plus\library\VRES.llb
Sat Dec 23 01:55:24 Loaded file D:\Program Files\OrCAD\Layout_Plus\library\WCON100T.llb
Sat Dec 23 01:55:25 Loaded file D:\Program Files\OrCAD\Layout_Plus\library\XT.llb
Sat Dec 23 01:55:25 Loaded file D:\Program Files\OrCAD\Layout_Plus\library\ZIGZAG.llb
Sat Dec 23 01:55:25 Loaded file \\ESL_SERVER\PUB\ORCAD\LAYOUT\LIBRARY\WARA1.LLB
Sat Dec 23 01:55:26 Saved as file D:\USERS\IT\PCB\CAMERA.MAX
Sat Dec 23 01:55:26 Loaded file D:\USERS\IT\PCB\CAMERA.MAX
Sat Dec 23 01:57:29 Loaded file D:\USERS\IT\PCB\CAMERA.MAX
Sat Dec 23 01:57:29 Loaded file \\ESL_SERVER\PUB\ORCAD\LAYOUT\LIBRARY\WARA1.LLB
Sat Dec 23 01:57:29 Loaded file D:\Program Files\OrCAD\Layout_Plus\library\BCON100T.llb
Sat Dec 23 01:57:29 Loaded file D:\Program Files\OrCAD\Layout_Plus\library\BCON156T.llb
Sat Dec 23 01:57:29 Loaded file D:\Program Files\OrCAD\Layout_Plus\library\BGA.llb
Sat Dec 23 01:57:29 Loaded file D:\Program Files\OrCAD\Layout_Plus\library\CLCC.llb
Sat Dec 23 01:57:30 Loaded file D:\Program Files\OrCAD\Layout_Plus\library\DCON050T.llb
Sat Dec 23 01:57:30 Loaded file D:\Program Files\OrCAD\Layout_Plus\library\DCON085T.llb
Sat Dec 23 01:57:30 Loaded file D:\Program Files\OrCAD\Layout_Plus\library\DIMM050F.llb
Sat Dec 23 01:57:30 Loaded file D:\Program Files\OrCAD\Layout_Plus\library\DIMM050T.llb
Sat Dec 23 01:57:30 Loaded file D:\Program Files\OrCAD\Layout_Plus\library\DIN.llb
Sat Dec 23 01:57:30 Loaded file D:\Program Files\OrCAD\Layout_Plus\library\DIP100B.llb
Sat Dec 23 01:57:30 Loaded file D:\Program Files\OrCAD\Layout_Plus\library\DIP100T.llb
Sat Dec 23 01:57:30 Loaded file D:\Program Files\OrCAD\Layout_Plus\library\DSUBT.llb
Sat Dec 23 01:57:30 Loaded file D:\Program Files\OrCAD\Layout_Plus\library\DSUBT_HD.LLB
Sat Dec 23 01:57:30 Loaded file D:\Program Files\OrCAD\Layout_Plus\library\ECON100T.llb
Sat Dec 23 01:57:30 Loaded file D:\Program Files\OrCAD\Layout_Plus\library\FBUS.llb
Sat Dec 23 01:57:30 Loaded file D:\Program Files\OrCAD\Layout_Plus\library\ISA.llb
Sat Dec 23 01:57:30 Loaded file D:\Program Files\OrCAD\Layout_Plus\library\JUMPER.LLB
Sat Dec 23 01:57:30 Loaded file D:\Program Files\OrCAD\Layout_Plus\library\LAYOUT.llb
Sat Dec 23 01:57:30 Loaded file D:\Program Files\OrCAD\Layout_Plus\library\LCON100T.llb
Sat Dec 23 01:57:30 Loaded file D:\Program Files\OrCAD\Layout_Plus\library\PC104.llb
Sat Dec 23 01:57:30 Loaded file D:\Program Files\OrCAD\Layout_Plus\library\PCI.llb
Sat Dec 23 01:57:30 Loaded file D:\Program Files\OrCAD\Layout_Plus\library\PCON100T.llb
Sat Dec 23 01:57:30 Loaded file D:\Program Files\OrCAD\Layout_Plus\library\PCON156T.llb
Sat Dec 23 01:57:30 Loaded file D:\Program Files\OrCAD\Layout_Plus\library\PGA.llb
Sat Dec 23 01:57:30 Loaded file D:\Program Files\OrCAD\Layout_Plus\library\PLCC.llb
Sat Dec 23 01:57:30 Loaded file D:\Program Files\OrCAD\Layout_Plus\library\QUAD.llb
Sat Dec 23 01:57:30 Loaded file D:\Program Files\OrCAD\Layout_Plus\library\QUADB.llb
Sat Dec 23 01:57:30 Loaded file D:\Program Files\OrCAD\Layout_Plus\library\RELAY.llb
Sat Dec 23 01:57:30 Loaded file D:\Program Files\OrCAD\Layout_Plus\library\RF.llb
Sat Dec 23 01:57:30 Loaded file D:\Program Files\OrCAD\Layout_Plus\library\SBUS.llb
Sat Dec 23 01:57:30 Loaded file D:\Program Files\OrCAD\Layout_Plus\library\SIMM050F.llb
Sat Dec 23 01:57:30 Loaded file D:\Program Files\OrCAD\Layout_Plus\library\SIMM050T.llb
Sat Dec 23 01:57:30 Loaded file D:\Program Files\OrCAD\Layout_Plus\library\SIMM100F.llb
Sat Dec 23 01:57:30 Loaded file D:\Program Files\OrCAD\Layout_Plus\library\SIMM100T.llb
Sat Dec 23 01:57:30 Loaded file D:\Program Files\OrCAD\Layout_Plus\library\SIP.llb
Sat Dec 23 01:57:30 Loaded file D:\Program Files\OrCAD\Layout_Plus\library\SM.llb
Sat Dec 23 01:57:30 Loaded file D:\Program Files\OrCAD\Layout_Plus\library\SOG.llb
Sat Dec 23 01:57:30 Loaded file D:\Program Files\OrCAD\Layout_Plus\library\SOJ.llb
Sat Dec 23 01:57:30 Loaded file D:\Program Files\OrCAD\Layout_Plus\library\STIFF.llb
Sat Dec 23 01:57:30 Loaded file D:\Program Files\OrCAD\Layout_Plus\library\TELE.llb
Sat Dec 23 01:57:30 Loaded file D:\Program Files\OrCAD\Layout_Plus\library\TM_AXIAL.llb
Sat Dec 23 01:57:31 Loaded file D:\Program Files\OrCAD\Layout_Plus\library\TM_CAP_P.llb
Sat Dec 23 01:57:31 Loaded file D:\Program Files\OrCAD\Layout_Plus\library\TM_CYLND.llb
Sat Dec 23 01:57:31 Loaded file D:\Program Files\OrCAD\Layout_Plus\library\TM_DIODE.llb
Sat Dec 23 01:57:31 Loaded file D:\Program Files\OrCAD\Layout_Plus\library\TM_DISC.llb
Sat Dec 23 01:57:31 Loaded file D:\Program Files\OrCAD\Layout_Plus\library\TM_RAD.llb
Sat Dec 23 01:57:31 Loaded file D:\Program Files\OrCAD\Layout_Plus\library\TO.llb
Sat Dec 23 01:57:31 Loaded file D:\Program Files\OrCAD\Layout_Plus\library\TRAINING.LLB
Sat Dec 23 01:57:31 Loaded file D:\Program Files\OrCAD\Layout_Plus\library\VRES.llb
Sat Dec 23 01:57:31 Loaded file D:\Program Files\OrCAD\Layout_Plus\library\WCON100T.llb
Sat Dec 23 01:57:31 Loaded file D:\Program Files\OrCAD\Layout_Plus\library\XT.llb
Sat Dec 23 01:57:31 Loaded file D:\Program Files\OrCAD\Layout_Plus\library\ZIGZAG.llb
Sat Dec 23 01:57:41 Saved as file D:\USERS\IT\PCB\CAMERA.MAX
Sat Dec 23 01:57:41 Loaded file D:\USERS\IT\PCB\CAMERA.MAX
Sat Dec 23 01:59:47 Error code 5255.017 (494)
Sat Dec 23 01:59:47 Saved as file Backup0.max
Sat Dec 23 01:59:47 Windows which were open at time of error:
Sat Dec 23 01:59:47 	ActiveWindow: Co&lor
Sat Dec 23 01:59:47 	Child: &Place
Sat Dec 23 01:59:47 	Icon: &Components
Sat Dec 23 01:59:47 	Icon: &Nets
Sat Dec 23 01:59:47 	Icon: Post Proces&s
Sat Dec 23 01:59:47 End-of-list
Sat Dec 23 01:59:48 Loaded file BACKUP0.MAX
Sat Dec 23 02:10:18 Saved as file BACKUP1.MAX
Sat Dec 23 02:14:26 Loaded file D:\PROGRAM FILES\ORCAD\LAYOUT_PLUS\data\template.imp
Sat Dec 23 02:14:26 Loaded file D:\PROGRAM FILES\ORCAD\LAYOUT_PLUS\data\template.imp
Sat Dec 23 02:14:31 Loaded file D:\Program Files\OrCAD\Layout_Plus\library\ZIGZAG.llb
Sat Dec 23 02:14:33 Loaded file \\ESL_SERVER\PUB\ORCAD\LAYOUT\LIBRARY\WARA1.LLB
Sat Dec 23 02:14:33 Loaded file D:\Program Files\OrCAD\Layout_Plus\library\BCON100T.llb
Sat Dec 23 02:14:33 Loaded file D:\Program Files\OrCAD\Layout_Plus\library\BCON156T.llb
Sat Dec 23 02:14:33 Loaded file D:\Program Files\OrCAD\Layout_Plus\library\BGA.llb
Sat Dec 23 02:14:33 Loaded file D:\Program Files\OrCAD\Layout_Plus\library\CLCC.llb
Sat Dec 23 02:14:33 Loaded file D:\Program Files\OrCAD\Layout_Plus\library\DCON050T.llb
Sat Dec 23 02:14:33 Loaded file D:\Program Files\OrCAD\Layout_Plus\library\DCON085T.llb
Sat Dec 23 02:14:33 Loaded file D:\Program Files\OrCAD\Layout_Plus\library\DIMM050F.llb
Sat Dec 23 02:14:33 Loaded file D:\Program Files\OrCAD\Layout_Plus\library\DIMM050T.llb
Sat Dec 23 02:14:33 Loaded file D:\Program Files\OrCAD\Layout_Plus\library\DIN.llb
Sat Dec 23 02:14:33 Loaded file D:\Program Files\OrCAD\Layout_Plus\library\DIP100B.llb
Sat Dec 23 02:14:34 Loaded file D:\Program Files\OrCAD\Layout_Plus\library\DIP100T.llb
Sat Dec 23 02:14:34 Loaded file D:\Program Files\OrCAD\Layout_Plus\library\DSUBT.llb
Sat Dec 23 02:14:34 Loaded file D:\Program Files\OrCAD\Layout_Plus\library\DSUBT_HD.LLB
Sat Dec 23 02:14:34 Loaded file D:\Program Files\OrCAD\Layout_Plus\library\ECON100T.llb
Sat Dec 23 02:14:34 Loaded file D:\Program Files\OrCAD\Layout_Plus\library\FBUS.llb
Sat Dec 23 02:14:34 Loaded file D:\Program Files\OrCAD\Layout_Plus\library\ISA.llb
Sat Dec 23 02:14:34 Loaded file D:\Program Files\OrCAD\Layout_Plus\library\JUMPER.LLB
Sat Dec 23 02:14:34 Loaded file D:\Program Files\OrCAD\Layout_Plus\library\LAYOUT.llb
Sat Dec 23 02:14:34 Loaded file D:\Program Files\OrCAD\Layout_Plus\library\LCON100T.llb
Sat Dec 23 02:14:34 Loaded file D:\Program Files\OrCAD\Layout_Plus\library\PC104.llb
Sat Dec 23 02:14:34 Loaded file D:\Program Files\OrCAD\Layout_Plus\library\PCI.llb
Sat Dec 23 02:14:34 Loaded file D:\Program Files\OrCAD\Layout_Plus\library\PCON100T.llb
Sat Dec 23 02:14:34 Loaded file D:\Program Files\OrCAD\Layout_Plus\library\PCON156T.llb
Sat Dec 23 02:14:34 Loaded file D:\Program Files\OrCAD\Layout_Plus\library\PGA.llb
Sat Dec 23 02:14:34 Loaded file D:\Program Files\OrCAD\Layout_Plus\library\PLCC.llb
Sat Dec 23 02:14:34 Loaded file D:\Program Files\OrCAD\Layout_Plus\library\QUAD.llb
Sat Dec 23 02:14:34 Loaded file D:\Program Files\OrCAD\Layout_Plus\library\QUADB.llb
Sat Dec 23 02:14:34 Loaded file D:\Program Files\OrCAD\Layout_Plus\library\RELAY.llb
Sat Dec 23 02:14:34 Loaded file D:\Program Files\OrCAD\Layout_Plus\library\RF.llb
Sat Dec 23 02:14:34 Loaded file D:\Program Files\OrCAD\Layout_Plus\library\SBUS.llb
Sat Dec 23 02:14:34 Loaded file D:\Program Files\OrCAD\Layout_Plus\library\SIMM050F.llb
Sat Dec 23 02:14:34 Loaded file D:\Program Files\OrCAD\Layout_Plus\library\SIMM050T.llb
Sat Dec 23 02:14:34 Loaded file D:\Program Files\OrCAD\Layout_Plus\library\SIMM100F.llb
Sat Dec 23 02:14:34 Loaded file D:\Program Files\OrCAD\Layout_Plus\library\SIMM100T.llb
Sat Dec 23 02:14:34 Loaded file D:\Program Files\OrCAD\Layout_Plus\library\SIP.llb
Sat Dec 23 02:14:34 Loaded file D:\Program Files\OrCAD\Layout_Plus\library\SM.llb
Sat Dec 23 02:14:34 Loaded file D:\Program Files\OrCAD\Layout_Plus\library\SOG.llb
Sat Dec 23 02:14:34 Loaded file D:\Program Files\OrCAD\Layout_Plus\library\SOJ.llb
Sat Dec 23 02:14:34 Loaded file D:\Program Files\OrCAD\Layout_Plus\library\STIFF.llb
Sat Dec 23 02:14:34 Loaded file D:\Program Files\OrCAD\Layout_Plus\library\TELE.llb
Sat Dec 23 02:14:34 Loaded file D:\Program Files\OrCAD\Layout_Plus\library\TM_AXIAL.llb
Sat Dec 23 02:14:34 Loaded file D:\Program Files\OrCAD\Layout_Plus\library\TM_CAP_P.llb
Sat Dec 23 02:14:34 Loaded file D:\Program Files\OrCAD\Layout_Plus\library\TM_CYLND.llb
Sat Dec 23 02:14:34 Loaded file D:\Program Files\OrCAD\Layout_Plus\library\TM_DIODE.llb
Sat Dec 23 02:14:35 Loaded file D:\Program Files\OrCAD\Layout_Plus\library\TM_DISC.llb
Sat Dec 23 02:14:35 Loaded file D:\Program Files\OrCAD\Layout_Plus\library\TM_RAD.llb
Sat Dec 23 02:14:35 Loaded file D:\Program Files\OrCAD\Layout_Plus\library\TO.llb
Sat Dec 23 02:14:35 Loaded file D:\Program Files\OrCAD\Layout_Plus\library\TRAINING.LLB
Sat Dec 23 02:14:35 Loaded file D:\Program Files\OrCAD\Layout_Plus\library\VRES.llb
Sat Dec 23 02:14:35 Loaded file D:\Program Files\OrCAD\Layout_Plus\library\WCON100T.llb
Sat Dec 23 02:14:35 Loaded file D:\Program Files\OrCAD\Layout_Plus\library\XT.llb
Sat Dec 23 02:14:35 Loaded file D:\Program Files\OrCAD\Layout_Plus\library\ZIGZAG.llb
Sat Dec 23 02:16:30 Loaded file D:\PROGRAM FILES\ORCAD\LAYOUT_PLUS\data\template.imp
Sat Dec 23 02:16:30 Loaded file D:\PROGRAM FILES\ORCAD\LAYOUT_PLUS\data\template.imp
Sat Dec 23 02:16:35 Loaded file \\ESL_SERVER\PUB\ORCAD\LAYOUT\LIBRARY\WARA1.LLB
Sat Dec 23 02:16:50 Loaded file D:\PROGRAM FILES\ORCAD\LAYOUT_PLUS\data\template.imp
Sat Dec 23 02:17:37 Loaded file D:\PROGRAM FILES\ORCAD\LAYOUT_PLUS\library\padstack.llb
Sat Dec 23 02:21:13 Loaded file \\ESL_SERVER\PUB\ORCAD\LAYOUT\LIBRARY\WARA1.LLB
Sat Dec 23 02:21:13 Saved as file \\ESL_SERVER\PUB\ORCAD\LAYOUT\LIBRARY\WARA1.LLB
Sat Dec 23 02:21:18 Saved as file BACKUP1.MAX
Sat Dec 23 02:21:33 Loaded file D:\PROGRAM FILES\ORCAD\LAYOUT_PLUS\data\template.imp
Sat Dec 23 02:21:33 Loaded file D:\PROGRAM FILES\ORCAD\LAYOUT_PLUS\data\template.imp
Sat Dec 23 02:21:39 Loaded file \\ESL_SERVER\PUB\ORCAD\LAYOUT\LIBRARY\WARA1.LLB
Sat Dec 23 02:21:42 Loaded file D:\PROGRAM FILES\ORCAD\LAYOUT_PLUS\data\template.imp
Sat Dec 23 02:21:42 Loaded file D:\PROGRAM FILES\ORCAD\LAYOUT_PLUS\data\template.imp
Sat Dec 23 02:21:56 Loaded file D:\PROGRAM FILES\ORCAD\LAYOUT_PLUS\data\template.imp
Sat Dec 23 02:21:56 Loaded file D:\PROGRAM FILES\ORCAD\LAYOUT_PLUS\data\template.imp
Sat Dec 23 02:22:00 Loaded file D:\PROGRAM FILES\ORCAD\LAYOUT_PLUS\data\template.imp
Sat Dec 23 02:33:48 Saved as file BACKUP1.MAX
Sat Dec 23 02:35:14 Saved as file D:\USERS\IT\PCB\CAMERA.MAX
Sat Dec 23 02:35:16 Saved as file D:\USERS\IT\PCB\CAMERA.MAX
Sat Dec 23 02:35:28 Saved as file D:\USERS\IT\PCB\CAMERA.MAX
Sat Dec 23 02:35:42 Loaded file D:\USERS\IT\PCB\CAMERA.MAX
Sat Dec 23 02:35:42 Loaded file \\ESL_SERVER\PUB\ORCAD\LAYOUT\LIBRARY\WARA1.LLB
Sat Dec 23 02:35:42 Loaded file D:\Program Files\OrCAD\Layout_Plus\library\BCON100T.llb
Sat Dec 23 02:35:42 Loaded file D:\Program Files\OrCAD\Layout_Plus\library\BCON156T.llb
Sat Dec 23 02:35:42 Loaded file D:\Program Files\OrCAD\Layout_Plus\library\BGA.llb
Sat Dec 23 02:35:42 Loaded file D:\Program Files\OrCAD\Layout_Plus\library\CLCC.llb
Sat Dec 23 02:35:42 Loaded file D:\Program Files\OrCAD\Layout_Plus\library\DCON050T.llb
Sat Dec 23 02:35:42 Loaded file D:\Program Files\OrCAD\Layout_Plus\library\DCON085T.llb
Sat Dec 23 02:35:42 Loaded file D:\Program Files\OrCAD\Layout_Plus\library\DIMM050F.llb
Sat Dec 23 02:35:42 Loaded file D:\Program Files\OrCAD\Layout_Plus\library\DIMM050T.llb
Sat Dec 23 02:35:42 Loaded file D:\Program Files\OrCAD\Layout_Plus\library\DIN.llb
Sat Dec 23 02:35:42 Loaded file D:\Program Files\OrCAD\Layout_Plus\library\DIP100B.llb
Sat Dec 23 02:35:42 Loaded file D:\Program Files\OrCAD\Layout_Plus\library\DIP100T.llb
Sat Dec 23 02:35:42 Loaded file D:\Program Files\OrCAD\Layout_Plus\library\DSUBT.llb
Sat Dec 23 02:35:42 Loaded file D:\Program Files\OrCAD\Layout_Plus\library\DSUBT_HD.LLB
Sat Dec 23 02:35:42 Loaded file D:\Program Files\OrCAD\Layout_Plus\library\ECON100T.llb
Sat Dec 23 02:35:42 Loaded file D:\Program Files\OrCAD\Layout_Plus\library\FBUS.llb
Sat Dec 23 02:35:42 Loaded file D:\Program Files\OrCAD\Layout_Plus\library\ISA.llb
Sat Dec 23 02:35:42 Loaded file D:\Program Files\OrCAD\Layout_Plus\library\JUMPER.LLB
Sat Dec 23 02:35:42 Loaded file D:\Program Files\OrCAD\Layout_Plus\library\LAYOUT.llb
Sat Dec 23 02:35:42 Loaded file D:\Program Files\OrCAD\Layout_Plus\library\LCON100T.llb
Sat Dec 23 02:35:42 Loaded file D:\Program Files\OrCAD\Layout_Plus\library\PC104.llb
Sat Dec 23 02:35:42 Loaded file D:\Program Files\OrCAD\Layout_Plus\library\PCI.llb
Sat Dec 23 02:35:42 Loaded file D:\Program Files\OrCAD\Layout_Plus\library\PCON100T.llb
Sat Dec 23 02:35:42 Loaded file D:\Program Files\OrCAD\Layout_Plus\library\PCON156T.llb
Sat Dec 23 02:35:43 Loaded file D:\Program Files\OrCAD\Layout_Plus\library\PGA.llb
Sat Dec 23 02:35:43 Loaded file D:\Program Files\OrCAD\Layout_Plus\library\PLCC.llb
Sat Dec 23 02:35:43 Loaded file D:\Program Files\OrCAD\Layout_Plus\library\QUAD.llb
Sat Dec 23 02:35:43 Loaded file D:\Program Files\OrCAD\Layout_Plus\library\QUADB.llb
Sat Dec 23 02:35:43 Loaded file D:\Program Files\OrCAD\Layout_Plus\library\RELAY.llb
Sat Dec 23 02:35:43 Loaded file D:\Program Files\OrCAD\Layout_Plus\library\RF.llb
Sat Dec 23 02:35:43 Loaded file D:\Program Files\OrCAD\Layout_Plus\library\SBUS.llb
Sat Dec 23 02:35:43 Loaded file D:\Program Files\OrCAD\Layout_Plus\library\SIMM050F.llb
Sat Dec 23 02:35:43 Loaded file D:\Program Files\OrCAD\Layout_Plus\library\SIMM050T.llb
Sat Dec 23 02:35:43 Loaded file D:\Program Files\OrCAD\Layout_Plus\library\SIMM100F.llb
Sat Dec 23 02:35:43 Loaded file D:\Program Files\OrCAD\Layout_Plus\library\SIMM100T.llb
Sat Dec 23 02:35:43 Loaded file D:\Program Files\OrCAD\Layout_Plus\library\SIP.llb
Sat Dec 23 02:35:43 Loaded file D:\Program Files\OrCAD\Layout_Plus\library\SM.llb
Sat Dec 23 02:35:43 Loaded file D:\Program Files\OrCAD\Layout_Plus\library\SOG.llb
Sat Dec 23 02:35:43 Loaded file D:\Program Files\OrCAD\Layout_Plus\library\SOJ.llb
Sat Dec 23 02:35:43 Loaded file D:\Program Files\OrCAD\Layout_Plus\library\STIFF.llb
Sat Dec 23 02:35:43 Loaded file D:\Program Files\OrCAD\Layout_Plus\library\TELE.llb
Sat Dec 23 02:35:43 Loaded file D:\Program Files\OrCAD\Layout_Plus\library\TM_AXIAL.llb
Sat Dec 23 02:35:43 Loaded file D:\Program Files\OrCAD\Layout_Plus\library\TM_CAP_P.llb
Sat Dec 23 02:35:43 Loaded file D:\Program Files\OrCAD\Layout_Plus\library\TM_CYLND.llb
Sat Dec 23 02:35:43 Loaded file D:\Program Files\OrCAD\Layout_Plus\library\TM_DIODE.llb
Sat Dec 23 02:35:43 Loaded file D:\Program Files\OrCAD\Layout_Plus\library\TM_DISC.llb
Sat Dec 23 02:35:43 Loaded file D:\Program Files\OrCAD\Layout_Plus\library\TM_RAD.llb
Sat Dec 23 02:35:43 Loaded file D:\Program Files\OrCAD\Layout_Plus\library\TO.llb
Sat Dec 23 02:35:43 Loaded file D:\Program Files\OrCAD\Layout_Plus\library\TRAINING.LLB
Sat Dec 23 02:35:43 Loaded file D:\Program Files\OrCAD\Layout_Plus\library\VRES.llb
Sat Dec 23 02:35:43 Loaded file D:\Program Files\OrCAD\Layout_Plus\library\WCON100T.llb
Sat Dec 23 02:35:44 Loaded file D:\Program Files\OrCAD\Layout_Plus\library\XT.llb
Sat Dec 23 02:35:44 Loaded file D:\Program Files\OrCAD\Layout_Plus\library\ZIGZAG.llb
Sat Dec 23 02:36:30 Saved as file D:\USERS\IT\PCB\CAMERA.MAX
Sat Dec 23 02:36:44 Loaded file D:\USERS\IT\PCB\CAMERA.MAX
Sat Dec 23 02:36:44 Loaded file \\ESL_SERVER\PUB\ORCAD\LAYOUT\LIBRARY\WARA1.LLB
Sat Dec 23 02:36:44 Loaded file D:\Program Files\OrCAD\Layout_Plus\library\BCON100T.llb
Sat Dec 23 02:36:44 Loaded file D:\Program Files\OrCAD\Layout_Plus\library\BCON156T.llb
Sat Dec 23 02:36:44 Loaded file D:\Program Files\OrCAD\Layout_Plus\library\BGA.llb
Sat Dec 23 02:36:44 Loaded file D:\Program Files\OrCAD\Layout_Plus\library\CLCC.llb
Sat Dec 23 02:36:44 Loaded file D:\Program Files\OrCAD\Layout_Plus\library\DCON050T.llb
Sat Dec 23 02:36:44 Loaded file D:\Program Files\OrCAD\Layout_Plus\library\DCON085T.llb
Sat Dec 23 02:36:44 Loaded file D:\Program Files\OrCAD\Layout_Plus\library\DIMM050F.llb
Sat Dec 23 02:36:44 Loaded file D:\Program Files\OrCAD\Layout_Plus\library\DIMM050T.llb
Sat Dec 23 02:36:44 Loaded file D:\Program Files\OrCAD\Layout_Plus\library\DIN.llb
Sat Dec 23 02:36:44 Loaded file D:\Program Files\OrCAD\Layout_Plus\library\DIP100B.llb
Sat Dec 23 02:36:44 Loaded file D:\Program Files\OrCAD\Layout_Plus\library\DIP100T.llb
Sat Dec 23 02:36:44 Loaded file D:\Program Files\OrCAD\Layout_Plus\library\DSUBT.llb
Sat Dec 23 02:36:44 Loaded file D:\Program Files\OrCAD\Layout_Plus\library\DSUBT_HD.LLB
Sat Dec 23 02:36:44 Loaded file D:\Program Files\OrCAD\Layout_Plus\library\ECON100T.llb
Sat Dec 23 02:36:44 Loaded file D:\Program Files\OrCAD\Layout_Plus\library\FBUS.llb
Sat Dec 23 02:36:44 Loaded file D:\Program Files\OrCAD\Layout_Plus\library\ISA.llb
Sat Dec 23 02:36:44 Loaded file D:\Program Files\OrCAD\Layout_Plus\library\JUMPER.LLB
Sat Dec 23 02:36:44 Loaded file D:\Program Files\OrCAD\Layout_Plus\library\LAYOUT.llb
Sat Dec 23 02:36:44 Loaded file D:\Program Files\OrCAD\Layout_Plus\library\LCON100T.llb
Sat Dec 23 02:36:44 Loaded file D:\Program Files\OrCAD\Layout_Plus\library\PC104.llb
Sat Dec 23 02:36:44 Loaded file D:\Program Files\OrCAD\Layout_Plus\library\PCI.llb
Sat Dec 23 02:36:44 Loaded file D:\Program Files\OrCAD\Layout_Plus\library\PCON100T.llb
Sat Dec 23 02:36:44 Loaded file D:\Program Files\OrCAD\Layout_Plus\library\PCON156T.llb
Sat Dec 23 02:36:44 Loaded file D:\Program Files\OrCAD\Layout_Plus\library\PGA.llb
Sat Dec 23 02:36:44 Loaded file D:\Program Files\OrCAD\Layout_Plus\library\PLCC.llb
Sat Dec 23 02:36:45 Loaded file D:\Program Files\OrCAD\Layout_Plus\library\QUAD.llb
Sat Dec 23 02:36:45 Loaded file D:\Program Files\OrCAD\Layout_Plus\library\QUADB.llb
Sat Dec 23 02:36:45 Loaded file D:\Program Files\OrCAD\Layout_Plus\library\RELAY.llb
Sat Dec 23 02:36:45 Loaded file D:\Program Files\OrCAD\Layout_Plus\library\RF.llb
Sat Dec 23 02:36:45 Loaded file D:\Program Files\OrCAD\Layout_Plus\library\SBUS.llb
Sat Dec 23 02:36:45 Loaded file D:\Program Files\OrCAD\Layout_Plus\library\SIMM050F.llb
Sat Dec 23 02:36:45 Loaded file D:\Program Files\OrCAD\Layout_Plus\library\SIMM050T.llb
Sat Dec 23 02:36:45 Loaded file D:\Program Files\OrCAD\Layout_Plus\library\SIMM100F.llb
Sat Dec 23 02:36:45 Loaded file D:\Program Files\OrCAD\Layout_Plus\library\SIMM100T.llb
Sat Dec 23 02:36:45 Loaded file D:\Program Files\OrCAD\Layout_Plus\library\SIP.llb
Sat Dec 23 02:36:45 Loaded file D:\Program Files\OrCAD\Layout_Plus\library\SM.llb
Sat Dec 23 02:36:45 Loaded file D:\Program Files\OrCAD\Layout_Plus\library\SOG.llb
Sat Dec 23 02:36:45 Loaded file D:\Program Files\OrCAD\Layout_Plus\library\SOJ.llb
Sat Dec 23 02:36:45 Loaded file D:\Program Files\OrCAD\Layout_Plus\library\STIFF.llb
Sat Dec 23 02:36:45 Loaded file D:\Program Files\OrCAD\Layout_Plus\library\TELE.llb
Sat Dec 23 02:36:45 Loaded file D:\Program Files\OrCAD\Layout_Plus\library\TM_AXIAL.llb
Sat Dec 23 02:36:45 Loaded file D:\Program Files\OrCAD\Layout_Plus\library\TM_CAP_P.llb
Sat Dec 23 02:36:45 Loaded file D:\Program Files\OrCAD\Layout_Plus\library\TM_CYLND.llb
Sat Dec 23 02:36:45 Loaded file D:\Program Files\OrCAD\Layout_Plus\library\TM_DIODE.llb
Sat Dec 23 02:36:45 Loaded file D:\Program Files\OrCAD\Layout_Plus\library\TM_DISC.llb
Sat Dec 23 02:36:45 Loaded file D:\Program Files\OrCAD\Layout_Plus\library\TM_RAD.llb
Sat Dec 23 02:36:45 Loaded file D:\Program Files\OrCAD\Layout_Plus\library\TO.llb
Sat Dec 23 02:36:45 Loaded file D:\Program Files\OrCAD\Layout_Plus\library\TRAINING.LLB
Sat Dec 23 02:36:45 Loaded file D:\Program Files\OrCAD\Layout_Plus\library\VRES.llb
Sat Dec 23 02:36:45 Loaded file D:\Program Files\OrCAD\Layout_Plus\library\WCON100T.llb
Sat Dec 23 02:36:45 Loaded file D:\Program Files\OrCAD\Layout_Plus\library\XT.llb
Sat Dec 23 02:36:45 Loaded file D:\Program Files\OrCAD\Layout_Plus\library\ZIGZAG.llb
Sat Dec 23 02:37:00 Saved as file D:\USERS\IT\PCB\CAMERA.MAX
Sat Dec 23 02:37:00 Loaded file D:\USERS\IT\PCB\CAMERA.MAX
Sat Dec 23 02:37:04 Saved as file D:\USERS\IT\PCB\CAMERA.MAX
Sat Dec 23 02:44:18 Saved as file BACKUP1.MAX
Sat Dec 23 02:47:54 Saved as file D:\USERS\IT\PCB\CAMERA.MAX
Sat Dec 23 02:47:56 Saved as file D:\USERS\IT\PCB\CAMERA.MAX
Sat Dec 23 02:48:28 Loaded file D:\USERS\IT\PCB\CAMERA.MAX
Sat Dec 23 02:48:28 Loaded file \\ESL_SERVER\PUB\ORCAD\LAYOUT\LIBRARY\WARA1.LLB
Sat Dec 23 02:48:28 Loaded file D:\Program Files\OrCAD\Layout_Plus\library\BCON100T.llb
Sat Dec 23 02:48:28 Loaded file D:\Program Files\OrCAD\Layout_Plus\library\BCON156T.llb
Sat Dec 23 02:48:28 Loaded file D:\Program Files\OrCAD\Layout_Plus\library\BGA.llb
Sat Dec 23 02:48:28 Loaded file D:\Program Files\OrCAD\Layout_Plus\library\CLCC.llb
Sat Dec 23 02:48:28 Loaded file D:\Program Files\OrCAD\Layout_Plus\library\DCON050T.llb
Sat Dec 23 02:48:28 Loaded file D:\Program Files\OrCAD\Layout_Plus\library\DCON085T.llb
Sat Dec 23 02:48:28 Loaded file D:\Program Files\OrCAD\Layout_Plus\library\DIMM050F.llb
Sat Dec 23 02:48:28 Loaded file D:\Program Files\OrCAD\Layout_Plus\library\DIMM050T.llb
Sat Dec 23 02:48:28 Loaded file D:\Program Files\OrCAD\Layout_Plus\library\DIN.llb
Sat Dec 23 02:48:28 Loaded file D:\Program Files\OrCAD\Layout_Plus\library\DIP100B.llb
Sat Dec 23 02:48:28 Loaded file D:\Program Files\OrCAD\Layout_Plus\library\DIP100T.llb
Sat Dec 23 02:48:28 Loaded file D:\Program Files\OrCAD\Layout_Plus\library\DSUBT.llb
Sat Dec 23 02:48:28 Loaded file D:\Program Files\OrCAD\Layout_Plus\library\DSUBT_HD.LLB
Sat Dec 23 02:48:28 Loaded file D:\Program Files\OrCAD\Layout_Plus\library\ECON100T.llb
Sat Dec 23 02:48:28 Loaded file D:\Program Files\OrCAD\Layout_Plus\library\FBUS.llb
Sat Dec 23 02:48:28 Loaded file D:\Program Files\OrCAD\Layout_Plus\library\ISA.llb
Sat Dec 23 02:48:28 Loaded file D:\Program Files\OrCAD\Layout_Plus\library\JUMPER.LLB
Sat Dec 23 02:48:29 Loaded file D:\Program Files\OrCAD\Layout_Plus\library\LAYOUT.llb
Sat Dec 23 02:48:29 Loaded file D:\Program Files\OrCAD\Layout_Plus\library\LCON100T.llb
Sat Dec 23 02:48:29 Loaded file D:\Program Files\OrCAD\Layout_Plus\library\PC104.llb
Sat Dec 23 02:48:29 Loaded file D:\Program Files\OrCAD\Layout_Plus\library\PCI.llb
Sat Dec 23 02:48:29 Loaded file D:\Program Files\OrCAD\Layout_Plus\library\PCON100T.llb
Sat Dec 23 02:48:29 Loaded file D:\Program Files\OrCAD\Layout_Plus\library\PCON156T.llb
Sat Dec 23 02:48:29 Loaded file D:\Program Files\OrCAD\Layout_Plus\library\PGA.llb
Sat Dec 23 02:48:29 Loaded file D:\Program Files\OrCAD\Layout_Plus\library\PLCC.llb
Sat Dec 23 02:48:29 Loaded file D:\Program Files\OrCAD\Layout_Plus\library\QUAD.llb
Sat Dec 23 02:48:29 Loaded file D:\Program Files\OrCAD\Layout_Plus\library\QUADB.llb
Sat Dec 23 02:48:29 Loaded file D:\Program Files\OrCAD\Layout_Plus\library\RELAY.llb
Sat Dec 23 02:48:29 Loaded file D:\Program Files\OrCAD\Layout_Plus\library\RF.llb
Sat Dec 23 02:48:29 Loaded file D:\Program Files\OrCAD\Layout_Plus\library\SBUS.llb
Sat Dec 23 02:48:29 Loaded file D:\Program Files\OrCAD\Layout_Plus\library\SIMM050F.llb
Sat Dec 23 02:48:29 Loaded file D:\Program Files\OrCAD\Layout_Plus\library\SIMM050T.llb
Sat Dec 23 02:48:29 Loaded file D:\Program Files\OrCAD\Layout_Plus\library\SIMM100F.llb
Sat Dec 23 02:48:29 Loaded file D:\Program Files\OrCAD\Layout_Plus\library\SIMM100T.llb
Sat Dec 23 02:48:29 Loaded file D:\Program Files\OrCAD\Layout_Plus\library\SIP.llb
Sat Dec 23 02:48:29 Loaded file D:\Program Files\OrCAD\Layout_Plus\library\SM.llb
Sat Dec 23 02:48:29 Loaded file D:\Program Files\OrCAD\Layout_Plus\library\SOG.llb
Sat Dec 23 02:48:29 Loaded file D:\Program Files\OrCAD\Layout_Plus\library\SOJ.llb
Sat Dec 23 02:48:29 Loaded file D:\Program Files\OrCAD\Layout_Plus\library\STIFF.llb
Sat Dec 23 02:48:29 Loaded file D:\Program Files\OrCAD\Layout_Plus\library\TELE.llb
Sat Dec 23 02:48:29 Loaded file D:\Program Files\OrCAD\Layout_Plus\library\TM_AXIAL.llb
Sat Dec 23 02:48:29 Loaded file D:\Program Files\OrCAD\Layout_Plus\library\TM_CAP_P.llb
Sat Dec 23 02:48:29 Loaded file D:\Program Files\OrCAD\Layout_Plus\library\TM_CYLND.llb
Sat Dec 23 02:48:29 Loaded file D:\Program Files\OrCAD\Layout_Plus\library\TM_DIODE.llb
Sat Dec 23 02:48:29 Loaded file D:\Program Files\OrCAD\Layout_Plus\library\TM_DISC.llb
Sat Dec 23 02:48:29 Loaded file D:\Program Files\OrCAD\Layout_Plus\library\TM_RAD.llb
Sat Dec 23 02:48:29 Loaded file D:\Program Files\OrCAD\Layout_Plus\library\TO.llb
Sat Dec 23 02:48:29 Loaded file D:\Program Files\OrCAD\Layout_Plus\library\TRAINING.LLB
Sat Dec 23 02:48:29 Loaded file D:\Program Files\OrCAD\Layout_Plus\library\VRES.llb
Sat Dec 23 02:48:30 Loaded file D:\Program Files\OrCAD\Layout_Plus\library\WCON100T.llb
Sat Dec 23 02:48:30 Loaded file D:\Program Files\OrCAD\Layout_Plus\library\XT.llb
Sat Dec 23 02:48:30 Loaded file D:\Program Files\OrCAD\Layout_Plus\library\ZIGZAG.llb
Sat Dec 23 02:48:41 Saved as file D:\USERS\IT\PCB\CAMERA.MAX
Sat Dec 23 02:49:12 Saved as file D:\USERS\IT\PCB\CAMERA.MAX
Sat Dec 23 02:50:40 Saved as file D:\USERS\IT\PCB\CAMERA.MAX
Sat Dec 23 02:50:41 Saved as file D:\USERS\IT\PCB\CAMERA.MAX
Sat Dec 23 02:51:07 Saved as file D:\USERS\IT\PCB\CAMERA.MAX
Sat Dec 23 02:59:33 Saved as file BACKUP1.MAX
Sat Dec 23 03:10:03 Saved as file BACKUP1.MAX
Sat Dec 23 03:20:33 Saved as file BACKUP1.MAX
Sat Dec 23 03:31:03 Saved as file BACKUP1.MAX
Sat Dec 23 03:41:33 Saved as file BACKUP1.MAX
Sat Dec 23 03:52:03 Saved as file BACKUP1.MAX
Sat Dec 23 04:02:33 Saved as file BACKUP1.MAX
Sat Dec 23 04:13:03 Saved as file BACKUP1.MAX
Sat Dec 23 04:23:33 Saved as file BACKUP1.MAX
Sat Dec 23 04:34:03 Saved as file BACKUP1.MAX
Sat Dec 23 04:44:33 Saved as file BACKUP1.MAX
Sat Dec 23 04:55:03 Saved as file BACKUP1.MAX
Sat Dec 23 05:05:33 Saved as file BACKUP1.MAX
Sat Dec 23 05:16:03 Saved as file BACKUP1.MAX
Sat Dec 23 05:26:33 Saved as file BACKUP1.MAX
Sat Dec 23 05:37:03 Saved as file BACKUP1.MAX
Sat Dec 23 05:47:33 Saved as file BACKUP1.MAX
Sat Dec 23 05:58:03 Saved as file BACKUP1.MAX
Sat Dec 23 06:08:33 Saved as file BACKUP1.MAX
Sat Dec 23 06:19:03 Saved as file BACKUP1.MAX
Sat Dec 23 06:29:33 Saved as file BACKUP1.MAX
Sat Dec 23 06:40:03 Saved as file BACKUP1.MAX
Sat Dec 23 06:50:33 Saved as file BACKUP1.MAX
Sat Dec 23 07:01:03 Saved as file BACKUP1.MAX
Sat Dec 23 07:11:33 Saved as file BACKUP1.MAX
Sat Dec 23 07:22:03 Saved as file BACKUP1.MAX
Sat Dec 23 07:32:33 Saved as file BACKUP1.MAX
Sat Dec 23 07:43:03 Saved as file BACKUP1.MAX
Sat Dec 23 07:53:33 Saved as file BACKUP1.MAX
Sat Dec 23 08:04:03 Saved as file BACKUP1.MAX
Sat Dec 23 08:14:33 Saved as file BACKUP1.MAX
Sat Dec 23 08:25:03 Saved as file BACKUP1.MAX
Sat Dec 23 08:35:33 Saved as file BACKUP1.MAX
Sat Dec 23 08:46:03 Saved as file BACKUP1.MAX
Sat Dec 23 08:56:33 Saved as file BACKUP1.MAX
Sat Dec 23 09:07:03 Saved as file BACKUP1.MAX
Sat Dec 23 09:17:33 Saved as file BACKUP1.MAX
Sat Dec 23 09:28:03 Saved as file BACKUP1.MAX
Sat Dec 23 09:38:33 Saved as file BACKUP1.MAX
Sat Dec 23 09:49:03 Saved as file BACKUP1.MAX
Sat Dec 23 09:59:33 Saved as file BACKUP1.MAX
Sat Dec 23 10:10:03 Saved as file BACKUP1.MAX
Sat Dec 23 10:20:03 Saved as file BACKUP1.MAX
Sat Dec 23 10:30:33 Saved as file BACKUP1.MAX
Sat Dec 23 10:39:20 Loaded file D:\Program Files\OrCAD\Layout_Plus\data\template.imp
Sat Dec 23 10:39:20 Loaded file D:\Program Files\OrCAD\Layout_Plus\data\template.imp
Sat Dec 23 10:39:32 Loaded file \\ESL_SERVER\PUB\ORCAD\LAYOUT\LIBRARY\WARA1.LLB
Sat Dec 23 10:39:39 Loaded file D:\Program Files\OrCAD\Layout_Plus\data\template.imp
Sat Dec 23 10:42:37 Saved as file D:\USERS\IT\PCB\CAMERA.MAX
Sat Dec 23 10:42:49 Loaded file \\ESL_SERVER\PUB\ORCAD\LAYOUT\LIBRARY\WARA1.LLB
Sat Dec 23 10:42:50 Saved as file \\ESL_SERVER\PUB\ORCAD\LAYOUT\LIBRARY\WARA1.LLB
Sat Dec 23 10:42:56 Loaded file D:\Program Files\OrCAD\Layout_Plus\data\template.imp
Sat Dec 23 10:42:56 Loaded file D:\Program Files\OrCAD\Layout_Plus\data\template.imp
Sat Dec 23 10:42:56 Loaded file D:\Program Files\OrCAD\Layout_Plus\data\template.imp
Sat Dec 23 10:42:57 Loaded file D:\Program Files\OrCAD\Layout_Plus\data\template.imp
Sat Dec 23 10:42:58 Loaded file \\ESL_SERVER\PUB\ORCAD\LAYOUT\LIBRARY\WARA1.LLB
Sat Dec 23 10:43:04 Loaded file D:\Program Files\OrCAD\Layout_Plus\data\template.imp
Sat Dec 23 10:44:33 Saved as file BACKUP1.MAX
Sat Dec 23 10:55:03 Saved as file BACKUP1.MAX
Sat Dec 23 10:56:18 Saved as file D:\USERS\IT\PCB\CAMERA.MAX
Sat Dec 23 11:05:33 Saved as file BACKUP1.MAX
Sat Dec 23 11:16:03 Saved as file BACKUP1.MAX
Sat Dec 23 11:26:33 Saved as file BACKUP1.MAX
Sat Dec 23 11:37:03 Saved as file BACKUP1.MAX
Sat Dec 23 11:47:33 Saved as file BACKUP1.MAX
Sat Dec 23 11:58:03 Saved as file BACKUP1.MAX
Sat Dec 23 12:08:33 Saved as file BACKUP1.MAX
Sat Dec 23 12:19:03 Saved as file BACKUP1.MAX
Sat Dec 23 12:29:33 Saved as file BACKUP1.MAX
Sat Dec 23 12:40:03 Saved as file BACKUP1.MAX
Sat Dec 23 12:46:39 Loaded file D:\Program Files\OrCAD\Layout_Plus\data\template.imp
Sat Dec 23 12:46:39 Loaded file D:\Program Files\OrCAD\Layout_Plus\data\template.imp
Sat Dec 23 12:46:49 Loaded file \\ESL_SERVER\PUB\ORCAD\LAYOUT\LIBRARY\WARA1.LLB
Sat Dec 23 12:46:52 Loaded file D:\Program Files\OrCAD\Layout_Plus\library\BCON100T.llb
Sat Dec 23 12:46:57 Loaded file D:\Program Files\OrCAD\Layout_Plus\data\template.imp
Sat Dec 23 12:46:59 Loaded file D:\Program Files\OrCAD\Layout_Plus\data\template.imp
Sat Dec 23 12:47:03 Loaded file D:\Program Files\OrCAD\Layout_Plus\data\template.imp
Sat Dec 23 12:47:07 Loaded file D:\Program Files\OrCAD\Layout_Plus\data\template.imp
Sat Dec 23 12:47:09 Loaded file D:\Program Files\OrCAD\Layout_Plus\data\template.imp
Sat Dec 23 12:47:11 Loaded file D:\Program Files\OrCAD\Layout_Plus\data\template.imp
Sat Dec 23 12:47:14 Loaded file D:\Program Files\OrCAD\Layout_Plus\data\template.imp
Sat Dec 23 12:47:24 Loaded file \\ESL_SERVER\PUB\ORCAD\LAYOUT\LIBRARY\WARA1.LLB
Sat Dec 23 12:47:24 Saved as file \\ESL_SERVER\PUB\ORCAD\LAYOUT\LIBRARY\WARA1.LLB
Sat Dec 23 12:47:27 Loaded file \\ESL_SERVER\PUB\ORCAD\LAYOUT\LIBRARY\WARA1.LLB
Sat Dec 23 12:47:29 Loaded file D:\Program Files\OrCAD\Layout_Plus\data\template.imp
Sat Dec 23 12:47:30 Loaded file D:\Program Files\OrCAD\Layout_Plus\data\template.imp
Sat Dec 23 12:48:14 Saved as file D:\USERS\IT\PCB\CAMERA.MAX
Sat Dec 23 12:48:36 Loaded file D:\Program Files\OrCAD\Layout_Plus\data\template.imp
Sat Dec 23 12:48:36 Loaded file D:\Program Files\OrCAD\Layout_Plus\data\template.imp
Sat Dec 23 12:48:36 Loaded file D:\Program Files\OrCAD\Layout_Plus\data\template.imp
Sat Dec 23 12:48:36 Loaded file D:\Program Files\OrCAD\Layout_Plus\data\template.imp
Sat Dec 23 12:48:38 Loaded file \\ESL_SERVER\PUB\ORCAD\LAYOUT\LIBRARY\WARA1.LLB
Sat Dec 23 12:48:39 Loaded file D:\Program Files\OrCAD\Layout_Plus\data\template.imp
Sat Dec 23 12:50:03 Saved as file BACKUP1.MAX
Sat Dec 23 13:00:33 Saved as file BACKUP1.MAX
Sat Dec 23 13:11:03 Saved as file BACKUP1.MAX
Sat Dec 23 13:21:33 Saved as file BACKUP1.MAX
Sat Dec 23 13:32:03 Saved as file BACKUP1.MAX
Sat Dec 23 13:42:33 Saved as file BACKUP1.MAX
Sat Dec 23 13:53:03 Saved as file BACKUP1.MAX
Sat Dec 23 14:03:33 Saved as file BACKUP1.MAX
Sat Dec 23 14:14:03 Saved as file BACKUP1.MAX
Sat Dec 23 14:24:33 Saved as file BACKUP1.MAX
Sat Dec 23 14:35:03 Saved as file BACKUP1.MAX
Sat Dec 23 14:45:33 Saved as file BACKUP1.MAX
Sat Dec 23 14:56:03 Saved as file BACKUP1.MAX
Sat Dec 23 15:06:33 Saved as file BACKUP1.MAX
Sat Dec 23 15:17:03 Saved as file BACKUP1.MAX
Sat Dec 23 15:27:33 Saved as file BACKUP1.MAX
Sat Dec 23 15:38:03 Saved as file BACKUP1.MAX
Sat Dec 23 15:48:33 Saved as file BACKUP1.MAX
Sat Dec 23 15:59:03 Saved as file BACKUP1.MAX
Sat Dec 23 16:09:33 Saved as file BACKUP1.MAX
Sat Dec 23 16:20:03 Saved as file BACKUP1.MAX
Sat Dec 23 16:30:33 Saved as file BACKUP1.MAX
Sat Dec 23 16:41:03 Saved as file BACKUP1.MAX
Sat Dec 23 16:51:33 Saved as file BACKUP1.MAX
Sat Dec 23 17:02:03 Saved as file BACKUP1.MAX
Sat Dec 23 17:12:33 Saved as file BACKUP1.MAX
Sat Dec 23 17:23:03 Saved as file BACKUP1.MAX
Sat Dec 23 17:33:33 Saved as file BACKUP1.MAX
Sat Dec 23 17:44:03 Saved as file BACKUP1.MAX
Sat Dec 23 17:54:33 Saved as file BACKUP1.MAX
Sat Dec 23 18:05:03 Saved as file BACKUP1.MAX
Sat Dec 23 18:15:33 Saved as file BACKUP1.MAX
Sat Dec 23 18:26:03 Saved as file BACKUP1.MAX
Sat Dec 23 18:36:33 Saved as file BACKUP1.MAX
Sat Dec 23 18:47:03 Saved as file BACKUP1.MAX
Sat Dec 23 18:57:33 Saved as file BACKUP1.MAX
Sat Dec 23 19:08:03 Saved as file BACKUP1.MAX
Sat Dec 23 19:18:33 Saved as file BACKUP1.MAX
Sat Dec 23 19:29:03 Saved as file BACKUP1.MAX
Sat Dec 23 19:39:33 Saved as file BACKUP1.MAX
Sat Dec 23 19:50:03 Saved as file BACKUP1.MAX
Sat Dec 23 20:00:33 Saved as file BACKUP1.MAX
Sat Dec 23 20:11:03 Saved as file BACKUP1.MAX
Sat Dec 23 20:19:26 Saved as file D:\USERS\IT\PCB\CAMERA.MAX
Sat Dec 23 20:19:28 Saved as file D:\USERS\IT\PCB\CAMERA.MAX
Sat Dec 23 20:19:56 Saved as file D:\USERS\IT\PCB\CAMERA.MAX
Sat Dec 23 20:21:33 Saved as file BACKUP1.MAX
Sat Dec 23 20:32:03 Saved as file BACKUP1.MAX
Sat Dec 23 20:42:33 Saved as file BACKUP1.MAX
Sat Dec 23 20:53:03 Saved as file BACKUP1.MAX
Sat Dec 23 21:03:33 Saved as file BACKUP1.MAX
Sat Dec 23 21:14:03 Saved as file BACKUP1.MAX
Sat Dec 23 21:24:33 Saved as file BACKUP1.MAX
Sat Dec 23 21:35:03 Saved as file BACKUP1.MAX
Sat Dec 23 21:45:20 Saved as file BACKUP1.MAX
Sat Dec 23 21:45:20 Saved as file D:\USERS\IT\PCB\CAMERA.MAX
Sat Dec 23 21:45:22 UserDiv from Layout.INI for AutoECO: 60
Sat Dec 23 21:45:22 Loaded file D:\USERS\IT\PCB\CAMERA.MAX
Sat Dec 23 21:45:23 Loaded file \\ESL_SERVER\PUB\ORCAD\LAYOUT\LIBRARY\WARA1.LLB
Sat Dec 23 21:45:23 Loaded file D:\Program Files\OrCAD\Layout_Plus\library\BCON100T.llb
Sat Dec 23 21:45:23 Loaded file D:\Program Files\OrCAD\Layout_Plus\library\BCON156T.llb
Sat Dec 23 21:45:23 Loaded file D:\Program Files\OrCAD\Layout_Plus\library\BGA.llb
Sat Dec 23 21:45:23 Loaded file D:\Program Files\OrCAD\Layout_Plus\library\CLCC.llb
Sat Dec 23 21:45:23 Loaded file D:\Program Files\OrCAD\Layout_Plus\library\DCON050T.llb
Sat Dec 23 21:45:23 Loaded file D:\Program Files\OrCAD\Layout_Plus\library\DCON085T.llb
Sat Dec 23 21:45:23 Loaded file D:\Program Files\OrCAD\Layout_Plus\library\DIMM050F.llb
Sat Dec 23 21:45:23 Loaded file D:\Program Files\OrCAD\Layout_Plus\library\DIMM050T.llb
Sat Dec 23 21:45:23 Loaded file D:\Program Files\OrCAD\Layout_Plus\library\DIN.llb
Sat Dec 23 21:45:23 Loaded file D:\Program Files\OrCAD\Layout_Plus\library\DIP100B.llb
Sat Dec 23 21:45:23 Loaded file D:\Program Files\OrCAD\Layout_Plus\library\DIP100T.llb
Sat Dec 23 21:45:23 Loaded file D:\Program Files\OrCAD\Layout_Plus\library\DSUBT.llb
Sat Dec 23 21:45:23 Loaded file D:\Program Files\OrCAD\Layout_Plus\library\DSUBT_HD.LLB
Sat Dec 23 21:45:24 Loaded file D:\Program Files\OrCAD\Layout_Plus\library\ECON100T.llb
Sat Dec 23 21:45:24 Loaded file D:\Program Files\OrCAD\Layout_Plus\library\FBUS.llb
Sat Dec 23 21:45:24 Loaded file D:\Program Files\OrCAD\Layout_Plus\library\ISA.llb
Sat Dec 23 21:45:24 Loaded file D:\Program Files\OrCAD\Layout_Plus\library\JUMPER.LLB
Sat Dec 23 21:45:24 Loaded file D:\Program Files\OrCAD\Layout_Plus\library\LAYOUT.llb
Sat Dec 23 21:45:24 Loaded file D:\Program Files\OrCAD\Layout_Plus\library\LCON100T.llb
Sat Dec 23 21:45:24 Loaded file D:\Program Files\OrCAD\Layout_Plus\library\PC104.llb
Sat Dec 23 21:45:24 Loaded file D:\Program Files\OrCAD\Layout_Plus\library\PCI.llb
Sat Dec 23 21:45:24 Loaded file D:\Program Files\OrCAD\Layout_Plus\library\PCON100T.llb
Sat Dec 23 21:45:24 Loaded file D:\Program Files\OrCAD\Layout_Plus\library\PCON156T.llb
Sat Dec 23 21:45:24 Loaded file D:\Program Files\OrCAD\Layout_Plus\library\PGA.llb
Sat Dec 23 21:45:24 Loaded file D:\Program Files\OrCAD\Layout_Plus\library\PLCC.llb
Sat Dec 23 21:45:24 Loaded file D:\Program Files\OrCAD\Layout_Plus\library\QUAD.llb
Sat Dec 23 21:45:24 Loaded file D:\Program Files\OrCAD\Layout_Plus\library\QUADB.llb
Sat Dec 23 21:45:24 Loaded file D:\Program Files\OrCAD\Layout_Plus\library\RELAY.llb
Sat Dec 23 21:45:24 Loaded file D:\Program Files\OrCAD\Layout_Plus\library\RF.llb
Sat Dec 23 21:45:24 Loaded file D:\Program Files\OrCAD\Layout_Plus\library\SBUS.llb
Sat Dec 23 21:45:24 Loaded file D:\Program Files\OrCAD\Layout_Plus\library\SIMM050F.llb
Sat Dec 23 21:45:24 Loaded file D:\Program Files\OrCAD\Layout_Plus\library\SIMM050T.llb
Sat Dec 23 21:45:24 Loaded file D:\Program Files\OrCAD\Layout_Plus\library\SIMM100F.llb
Sat Dec 23 21:45:24 Loaded file D:\Program Files\OrCAD\Layout_Plus\library\SIMM100T.llb
Sat Dec 23 21:45:24 Loaded file D:\Program Files\OrCAD\Layout_Plus\library\SIP.llb
Sat Dec 23 21:45:24 Loaded file D:\Program Files\OrCAD\Layout_Plus\library\SM.llb
Sat Dec 23 21:45:24 Loaded file D:\Program Files\OrCAD\Layout_Plus\library\SOG.llb
Sat Dec 23 21:45:24 Loaded file D:\Program Files\OrCAD\Layout_Plus\library\SOJ.llb
Sat Dec 23 21:45:25 Loaded file D:\Program Files\OrCAD\Layout_Plus\library\STIFF.llb
Sat Dec 23 21:45:25 Loaded file D:\Program Files\OrCAD\Layout_Plus\library\TELE.llb
Sat Dec 23 21:45:25 Loaded file D:\Program Files\OrCAD\Layout_Plus\library\TM_AXIAL.llb
Sat Dec 23 21:45:25 Loaded file D:\Program Files\OrCAD\Layout_Plus\library\TM_CAP_P.llb
Sat Dec 23 21:45:25 Loaded file D:\Program Files\OrCAD\Layout_Plus\library\TM_CYLND.llb
Sat Dec 23 21:45:25 Loaded file D:\Program Files\OrCAD\Layout_Plus\library\TM_DIODE.llb
Sat Dec 23 21:45:25 Loaded file D:\Program Files\OrCAD\Layout_Plus\library\TM_DISC.llb
Sat Dec 23 21:45:25 Loaded file D:\Program Files\OrCAD\Layout_Plus\library\TM_RAD.llb
Sat Dec 23 21:45:25 Loaded file D:\Program Files\OrCAD\Layout_Plus\library\TO.llb
Sat Dec 23 21:45:25 Loaded file D:\Program Files\OrCAD\Layout_Plus\library\TRAINING.LLB
Sat Dec 23 21:45:25 Loaded file D:\Program Files\OrCAD\Layout_Plus\library\VRES.llb
Sat Dec 23 21:45:25 Loaded file D:\Program Files\OrCAD\Layout_Plus\library\WCON100T.llb
Sat Dec 23 21:45:25 Loaded file D:\Program Files\OrCAD\Layout_Plus\library\XT.llb
Sat Dec 23 21:45:25 Loaded file D:\Program Files\OrCAD\Layout_Plus\library\ZIGZAG.llb
Sat Dec 23 21:45:26 Saved as file D:\USERS\IT\PCB\CAMERA.MAX
Sat Dec 23 21:45:27 Loaded file D:\USERS\IT\PCB\CAMERA.MAX
Sat Dec 23 21:46:33 Saved as file BACKUP1.MAX
Sat Dec 23 21:51:37 Saved as file D:\USERS\IT\PCB\CAMERA1.MAX
Sat Dec 23 21:57:03 Saved as file BACKUP1.MAX
Sat Dec 23 21:58:20 Saved as file BACKUP1.MAX
Sat Dec 23 21:58:20 Saved as file BACKUP1.MAX
Sat Dec 23 21:58:21 Saved as file BACKUP1.MAX
Sat Dec 23 21:58:21 Saved as file BACKUP1.MAX
Sat Dec 23 21:58:21 Saved as file BACKUP1.MAX
Sat Dec 23 21:58:22 Saved as file BACKUP1.MAX
Sat Dec 23 21:58:22 Routed 11 connections in 2 seconds.
Sat Dec 23 21:58:22 Total is now 26 out of 62 (41%).
Sat Dec 23 21:58:22 Saved as file SWEEP1.MAX
Sat Dec 23 21:58:24 Saved as file BACKUP1.MAX
Sat Dec 23 21:58:25 Saved as file BACKUP1.MAX
Sat Dec 23 21:58:25 Saved as file BACKUP1.MAX
Sat Dec 23 21:58:25 Saved as file BACKUP1.MAX
Sat Dec 23 21:58:26 Saved as file BACKUP1.MAX
Sat Dec 23 21:58:26 Saved as file BACKUP1.MAX
Sat Dec 23 21:58:26 Routed 36 connections in 4 seconds.
Sat Dec 23 21:58:26 Total is now 62 out of 62 (100%).
Sat Dec 23 21:58:26 Saved as file SWEEP2.MAX
Sat Dec 23 21:58:27 No new connections routed.
Sat Dec 23 21:58:27 Total is now 62 out of 62 (100%).
Sat Dec 23 21:58:27 Saved as file SWEEP3.MAX
Sat Dec 23 21:58:27 No new connections routed.
Sat Dec 23 21:58:27 Total is now 62 out of 62 (100%).
Sat Dec 23 21:58:28 Saved as file SWEEP4.MAX
Sat Dec 23 21:58:28 No new connections routed.
Sat Dec 23 21:58:28 Total is now 62 out of 62 (100%).
Sat Dec 23 21:58:28 Saved as file SWEEP5.MAX
Sat Dec 23 22:07:33 Saved as file BACKUP1.MAX
Sat Dec 23 22:12:31 Loaded file D:\Program Files\OrCAD\Layout_Plus\data\template.imp
Sat Dec 23 22:12:31 Loaded file D:\Program Files\OrCAD\Layout_Plus\data\template.imp
Sat Dec 23 22:12:31 Loaded file D:\Program Files\OrCAD\Layout_Plus\data\template.imp
Sat Dec 23 22:12:32 Loaded file D:\Program Files\OrCAD\Layout_Plus\data\template.imp
Sat Dec 23 22:12:33 Loaded file \\ESL_SERVER\PUB\ORCAD\LAYOUT\LIBRARY\WARA1.LLB
Sat Dec 23 22:12:35 Loaded file D:\Program Files\OrCAD\Layout_Plus\data\template.imp
Sat Dec 23 22:15:04 Loaded file D:\Program Files\OrCAD\Layout_Plus\data\template.imp
Sat Dec 23 22:15:04 Loaded file D:\Program Files\OrCAD\Layout_Plus\data\template.imp
Sat Dec 23 22:15:05 Loaded file D:\Program Files\OrCAD\Layout_Plus\data\template.imp
Sat Dec 23 22:15:05 Loaded file D:\Program Files\OrCAD\Layout_Plus\data\template.imp
Sat Dec 23 22:15:06 Loaded file \\ESL_SERVER\PUB\ORCAD\LAYOUT\LIBRARY\WARA1.LLB
Sat Dec 23 22:15:08 Loaded file D:\Program Files\OrCAD\Layout_Plus\data\template.imp
Sat Dec 23 22:15:08 Loaded file D:\Program Files\OrCAD\Layout_Plus\data\template.imp
Sat Dec 23 22:16:04 Loaded file D:\Program Files\OrCAD\Layout_Plus\data\template.imp
Sat Dec 23 22:16:04 Loaded file D:\Program Files\OrCAD\Layout_Plus\data\template.imp
Sat Dec 23 22:16:04 Loaded file D:\Program Files\OrCAD\Layout_Plus\data\template.imp
Sat Dec 23 22:16:05 Loaded file D:\Program Files\OrCAD\Layout_Plus\data\template.imp
Sat Dec 23 22:16:06 Loaded file \\ESL_SERVER\PUB\ORCAD\LAYOUT\LIBRARY\WARA1.LLB
Sat Dec 23 22:16:07 Loaded file D:\Program Files\OrCAD\Layout_Plus\data\template.imp
Sat Dec 23 22:19:03 Saved as file BACKUP1.MAX
Sat Dec 23 22:19:50 Loaded file D:\Program Files\OrCAD\Layout_Plus\data\template.imp
Sat Dec 23 22:19:50 Loaded file D:\Program Files\OrCAD\Layout_Plus\data\template.imp
Sat Dec 23 22:19:50 Loaded file D:\Program Files\OrCAD\Layout_Plus\data\template.imp
Sat Dec 23 22:19:51 Loaded file D:\Program Files\OrCAD\Layout_Plus\data\template.imp
Sat Dec 23 22:19:52 Loaded file \\ESL_SERVER\PUB\ORCAD\LAYOUT\LIBRARY\WARA1.LLB
Sat Dec 23 22:19:54 Loaded file D:\Program Files\OrCAD\Layout_Plus\data\template.imp
Sat Dec 23 22:20:06 Loaded file D:\Program Files\OrCAD\Layout_Plus\data\template.imp
Sat Dec 23 22:20:06 Loaded file D:\Program Files\OrCAD\Layout_Plus\data\template.imp
Sat Dec 23 22:20:06 Loaded file D:\Program Files\OrCAD\Layout_Plus\data\template.imp
Sat Dec 23 22:20:07 Loaded file D:\Program Files\OrCAD\Layout_Plus\data\template.imp
Sat Dec 23 22:20:08 Loaded file \\ESL_SERVER\PUB\ORCAD\LAYOUT\LIBRARY\WARA1.LLB
Sat Dec 23 22:20:09 Loaded file D:\Program Files\OrCAD\Layout_Plus\data\template.imp
Sat Dec 23 22:27:23 Saved as file BACKUP1.MAX
Sat Dec 23 22:27:23 Saved as file BACKUP1.MAX
Sat Dec 23 22:27:24 Saved as file BACKUP1.MAX
Sat Dec 23 22:27:24 Saved as file BACKUP1.MAX
Sat Dec 23 22:27:24 Routed 1 connections in 2 seconds.
Sat Dec 23 22:27:24 Total is now 64 out of 66 (96%).
Sat Dec 23 22:27:24 Saved as file SWEEP1.MAX
Sat Dec 23 22:27:25 Saved as file BACKUP1.MAX
Sat Dec 23 22:27:25 Saved as file BACKUP1.MAX
Sat Dec 23 22:27:26 Saved as file BACKUP1.MAX
Sat Dec 23 22:27:26 Saved as file BACKUP1.MAX
Sat Dec 23 22:27:26 Routed 2 connections in 2 seconds.
Sat Dec 23 22:27:26 Total is now 66 out of 66 (100%).
Sat Dec 23 22:27:26 Saved as file SWEEP2.MAX
Sat Dec 23 22:27:27 No new connections routed.
Sat Dec 23 22:27:27 Total is now 66 out of 66 (100%).
Sat Dec 23 22:27:27 Saved as file SWEEP3.MAX
Sat Dec 23 22:27:28 No new connections routed.
Sat Dec 23 22:27:28 Total is now 66 out of 66 (100%).
Sat Dec 23 22:27:28 Saved as file SWEEP4.MAX
Sat Dec 23 22:27:28 No new connections routed.
Sat Dec 23 22:27:28 Total is now 66 out of 66 (100%).
Sat Dec 23 22:27:28 Saved as file SWEEP5.MAX
Sat Dec 23 22:29:33 Saved as file BACKUP1.MAX
Sat Dec 23 22:33:05 Saved as file D:\USERS\IT\PCB\CAMERA1.MAX
Sat Dec 23 22:33:57 Saved as file D:\USERS\IT\PCB\CAMERA1.MAX
Sat Dec 23 22:34:05 Saved as file D:\USERS\IT\PCB\CAMERA2.MAX
Sat Dec 23 22:34:30 Saved as file BACKUP1.MAX
Sat Dec 23 22:34:30 Saved as file BACKUP1.MAX
Sat Dec 23 22:34:30 Saved as file BACKUP1.MAX
Sat Dec 23 22:34:31 Saved as file BACKUP1.MAX
Sat Dec 23 22:34:31 Saved as file BACKUP1.MAX
Sat Dec 23 22:34:31 Saved as file BACKUP1.MAX
Sat Dec 23 22:34:31 Routed 6 connections in 2 seconds.
Sat Dec 23 22:34:31 Total is now 6 out of 94 (6%).
Sat Dec 23 22:34:31 Saved as file SWEEP1.MAX
Sat Dec 23 22:34:44 Saved as file BACKUP1.MAX
Sat Dec 23 22:34:44 Saved as file BACKUP1.MAX
Sat Dec 23 22:34:45 Saved as file BACKUP1.MAX
Sat Dec 23 22:34:46 Saved as file BACKUP1.MAX
Sat Dec 23 22:34:46 Saved as file BACKUP1.MAX
Sat Dec 23 22:34:46 Saved as file BACKUP1.MAX
Sat Dec 23 22:34:46 Routed 91 connections in 14 seconds.
Sat Dec 23 22:34:46 Total is now 92 out of 94 (97%).
Sat Dec 23 22:34:46 Saved as file SWEEP2.MAX
Sat Dec 23 22:34:49 Routed 2 connections in 2 seconds.
Sat Dec 23 22:34:49 Total is now 94 out of 94 (100%).
Sat Dec 23 22:34:49 Saved as file SWEEP3.MAX
Sat Dec 23 22:34:50 No new connections routed.
Sat Dec 23 22:34:50 Total is now 94 out of 94 (100%).
Sat Dec 23 22:34:50 Saved as file SWEEP4.MAX
Sat Dec 23 22:34:51 No new connections routed.
Sat Dec 23 22:34:51 Total is now 94 out of 94 (100%).
Sat Dec 23 22:34:51 Saved as file SWEEP5.MAX
Sat Dec 23 22:35:50 Saved as file D:\USERS\IT\PCB\CAMERA.MAX
Sat Dec 23 22:36:42 Saved as file D:\USERS\IT\PCB\CAMERA.MAX
Sat Dec 23 22:38:39 Saved as file D:\USERS\IT\PCB\CAMERA.MAX
Sat Dec 23 22:40:13 Saved as file D:\USERS\IT\PCB\CAMERA.MAX
Sat Dec 23 22:41:33 Saved as file BACKUP1.MAX
Sat Dec 23 22:41:44 Saved as file D:\USERS\IT\PCB\CAMERA.MAX
Sat Dec 23 22:43:17 Saved as file D:\USERS\IT\PCB\CAMERA.MAX
Sat Dec 23 22:43:49 Saved as file D:\USERS\IT\PCB\CAMERA.MAX
Sat Dec 23 22:45:19 Loaded file D:\Program Files\OrCAD\Layout_Plus\data\template.imp
Sat Dec 23 22:45:19 Loaded file D:\Program Files\OrCAD\Layout_Plus\data\template.imp
Sat Dec 23 22:45:19 Loaded file D:\Program Files\OrCAD\Layout_Plus\data\template.imp
Sat Dec 23 22:45:19 Loaded file D:\Program Files\OrCAD\Layout_Plus\data\template.imp
Sat Dec 23 22:45:22 Loaded file \\ESL_SERVER\PUB\ORCAD\LAYOUT\LIBRARY\WARA1.LLB
Sat Dec 23 22:45:23 Loaded file D:\Program Files\OrCAD\Layout_Plus\data\template.imp
Sat Dec 23 22:45:38 Loaded file D:\Program Files\OrCAD\Layout_Plus\data\template.imp
Sat Dec 23 22:45:38 Loaded file D:\Program Files\OrCAD\Layout_Plus\data\template.imp
Sat Dec 23 22:45:38 Loaded file D:\Program Files\OrCAD\Layout_Plus\data\template.imp
Sat Dec 23 22:45:39 Loaded file D:\Program Files\OrCAD\Layout_Plus\data\template.imp
Sat Dec 23 22:45:39 Loaded file \\ESL_SERVER\PUB\ORCAD\LAYOUT\LIBRARY\WARA1.LLB
Sat Dec 23 22:45:41 Loaded file D:\Program Files\OrCAD\Layout_Plus\data\template.imp
Sat Dec 23 22:46:28 Saved as file D:\USERS\IT\PCB\CAMERA.MAX
Sat Dec 23 22:51:27 Saved as file D:\USERS\IT\PCB\CAMERA.MAX
Sat Dec 23 22:52:03 Saved as file BACKUP1.MAX
Sat Dec 23 23:02:33 Saved as file BACKUP1.MAX
Sat Dec 23 23:13:04 Saved as file BACKUP1.MAX
Sat Dec 23 23:23:33 Saved as file BACKUP1.MAX
Sat Dec 23 23:34:05 Saved as file BACKUP1.MAX
Sun Dec 24 15:56:58 Saved as file D:\USERS\IT\PCB\CAMERA.MAX
Sun Dec 24 16:00:48 Saved as file BACKUP1.MAX
Sun Dec 24 16:07:57 Saved as file D:\USERS\IT\PCB\CAMERA.MAX
Tue Dec 26 05:11:38 Saved as file BACKUP1.MAX
Tue Dec 26 05:11:38 Saved as file D:\PROJECTS\2000ESL09A\PCB\01A\CAMERA.MAX
Tue Dec 26 05:11:40 UserDiv from Layout.INI for AutoECO: 60
Tue Dec 26 05:11:40 Loaded file D:\PROJECTS\2000ESL09A\PCB\01A\CAMERA.MAX
Tue Dec 26 05:11:40 Loaded file \\ESL_SERVER\PUB\ORCAD\LAYOUT\LIBRARY\WARA1.LLB
Tue Dec 26 05:11:40 Loaded file D:\Program Files\OrCAD\Layout_Plus\library\BCON100T.llb
Tue Dec 26 05:11:40 Loaded file D:\Program Files\OrCAD\Layout_Plus\library\BCON156T.llb
Tue Dec 26 05:11:40 Loaded file D:\Program Files\OrCAD\Layout_Plus\library\BGA.llb
Tue Dec 26 05:11:40 Loaded file D:\Program Files\OrCAD\Layout_Plus\library\CLCC.llb
Tue Dec 26 05:11:40 Loaded file D:\Program Files\OrCAD\Layout_Plus\library\DCON050T.llb
Tue Dec 26 05:11:40 Loaded file D:\Program Files\OrCAD\Layout_Plus\library\DCON085T.llb
Tue Dec 26 05:11:40 Loaded file D:\Program Files\OrCAD\Layout_Plus\library\DIMM050F.llb
Tue Dec 26 05:11:40 Loaded file D:\Program Files\OrCAD\Layout_Plus\library\DIMM050T.llb
Tue Dec 26 05:11:40 Loaded file D:\Program Files\OrCAD\Layout_Plus\library\DIN.llb
Tue Dec 26 05:11:40 Loaded file D:\Program Files\OrCAD\Layout_Plus\library\DIP100B.llb
Tue Dec 26 05:11:40 Loaded file D:\Program Files\OrCAD\Layout_Plus\library\DIP100T.llb
Tue Dec 26 05:11:40 Loaded file D:\Program Files\OrCAD\Layout_Plus\library\DSUBT.llb
Tue Dec 26 05:11:40 Loaded file D:\Program Files\OrCAD\Layout_Plus\library\DSUBT_HD.LLB
Tue Dec 26 05:11:40 Loaded file D:\Program Files\OrCAD\Layout_Plus\library\ECON100T.llb
Tue Dec 26 05:11:41 Loaded file D:\Program Files\OrCAD\Layout_Plus\library\FBUS.llb
Tue Dec 26 05:11:41 Loaded file D:\Program Files\OrCAD\Layout_Plus\library\ISA.llb
Tue Dec 26 05:11:41 Loaded file D:\Program Files\OrCAD\Layout_Plus\library\JUMPER.LLB
Tue Dec 26 05:11:41 Loaded file D:\Program Files\OrCAD\Layout_Plus\library\LAYOUT.llb
Tue Dec 26 05:11:41 Loaded file D:\Program Files\OrCAD\Layout_Plus\library\LCON100T.llb
Tue Dec 26 05:11:41 Loaded file D:\Program Files\OrCAD\Layout_Plus\library\PC104.llb
Tue Dec 26 05:11:41 Loaded file D:\Program Files\OrCAD\Layout_Plus\library\PCI.llb
Tue Dec 26 05:11:41 Loaded file D:\Program Files\OrCAD\Layout_Plus\library\PCON100T.llb
Tue Dec 26 05:11:41 Loaded file D:\Program Files\OrCAD\Layout_Plus\library\PCON156T.llb
Tue Dec 26 05:11:41 Loaded file D:\Program Files\OrCAD\Layout_Plus\library\PGA.llb
Tue Dec 26 05:11:41 Loaded file D:\Program Files\OrCAD\Layout_Plus\library\PLCC.llb
Tue Dec 26 05:11:41 Loaded file D:\Program Files\OrCAD\Layout_Plus\library\QUAD.llb
Tue Dec 26 05:11:41 Loaded file D:\Program Files\OrCAD\Layout_Plus\library\QUADB.llb
Tue Dec 26 05:11:41 Loaded file D:\Program Files\OrCAD\Layout_Plus\library\RELAY.llb
Tue Dec 26 05:11:41 Loaded file D:\Program Files\OrCAD\Layout_Plus\library\RF.llb
Tue Dec 26 05:11:41 Loaded file D:\Program Files\OrCAD\Layout_Plus\library\SBUS.llb
Tue Dec 26 05:11:41 Loaded file D:\Program Files\OrCAD\Layout_Plus\library\SIMM050F.llb
Tue Dec 26 05:11:41 Loaded file D:\Program Files\OrCAD\Layout_Plus\library\SIMM050T.llb
Tue Dec 26 05:11:41 Loaded file D:\Program Files\OrCAD\Layout_Plus\library\SIMM100F.llb
Tue Dec 26 05:11:41 Loaded file D:\Program Files\OrCAD\Layout_Plus\library\SIMM100T.llb
Tue Dec 26 05:11:41 Loaded file D:\Program Files\OrCAD\Layout_Plus\library\SIP.llb
Tue Dec 26 05:11:41 Loaded file D:\Program Files\OrCAD\Layout_Plus\library\SM.llb
Tue Dec 26 05:11:41 Loaded file D:\Program Files\OrCAD\Layout_Plus\library\SOG.llb
Tue Dec 26 05:11:41 Loaded file D:\Program Files\OrCAD\Layout_Plus\library\SOJ.llb
Tue Dec 26 05:11:41 Loaded file D:\Program Files\OrCAD\Layout_Plus\library\STIFF.llb
Tue Dec 26 05:11:41 Loaded file D:\Program Files\OrCAD\Layout_Plus\library\TELE.llb
Tue Dec 26 05:11:42 Loaded file D:\Program Files\OrCAD\Layout_Plus\library\TM_AXIAL.llb
Tue Dec 26 05:11:42 Loaded file D:\Program Files\OrCAD\Layout_Plus\library\TM_CAP_P.llb
Tue Dec 26 05:11:42 Loaded file D:\Program Files\OrCAD\Layout_Plus\library\TM_CYLND.llb
Tue Dec 26 05:11:42 Loaded file D:\Program Files\OrCAD\Layout_Plus\library\TM_DIODE.llb
Tue Dec 26 05:11:42 Loaded file D:\Program Files\OrCAD\Layout_Plus\library\TM_DISC.llb
Tue Dec 26 05:11:42 Loaded file D:\Program Files\OrCAD\Layout_Plus\library\TM_RAD.llb
Tue Dec 26 05:11:42 Loaded file D:\Program Files\OrCAD\Layout_Plus\library\TO.llb
Tue Dec 26 05:11:42 Loaded file D:\Program Files\OrCAD\Layout_Plus\library\TRAINING.LLB
Tue Dec 26 05:11:42 Loaded file D:\Program Files\OrCAD\Layout_Plus\library\VRES.llb
Tue Dec 26 05:11:43 Loaded file D:\Program Files\OrCAD\Layout_Plus\library\WCON100T.llb
Tue Dec 26 05:11:43 Loaded file D:\Program Files\OrCAD\Layout_Plus\library\XT.llb
Tue Dec 26 05:11:43 Loaded file D:\Program Files\OrCAD\Layout_Plus\library\ZIGZAG.llb
Tue Dec 26 05:11:43 Loaded file \\ESL_SERVER\PUB\ORCAD\LAYOUT\LIBRARY\WARA1.LLB
Tue Dec 26 05:11:44 Loaded file D:\PROJECTS\2000ESL09A\PCB\01A\CAMERA.MAX
Tue Dec 26 05:11:44 Saved as file D:\PROJECTS\2000ESL09A\PCB\01A\CAMERA.MAX
Tue Dec 26 05:13:15 Saved as file D:\PROJECTS\2000ESL09A\PCB\01A\CAMERA.MAX
Tue Dec 26 05:19:08 Saved as file D:\PROJECTS\2000ESL09A\PCB\01A\CAMERA.MAX
Tue Dec 26 05:19:35 Loaded file D:\PROJECTS\2000ESL09A\PCB\01A\BACKUP1.MAX
Tue Dec 26 05:19:42 Saved as file BACKUP1.MAX
Tue Dec 26 05:19:42 Saved as file D:\PROJECTS\2000ESL09A\PCB\01A\BACKUP1.MAX
Tue Dec 26 05:19:43 UserDiv from Layout.INI for AutoECO: 60
Tue Dec 26 05:19:43 Loaded file D:\PROJECTS\2000ESL09A\PCB\01A\BACKUP1.MAX
Tue Dec 26 05:19:43 Loaded file \\ESL_SERVER\PUB\ORCAD\LAYOUT\LIBRARY\WARA1.LLB
Tue Dec 26 05:19:43 Loaded file D:\Program Files\OrCAD\Layout_Plus\library\BCON100T.llb
Tue Dec 26 05:19:43 Loaded file D:\Program Files\OrCAD\Layout_Plus\library\BCON156T.llb
Tue Dec 26 05:19:44 Loaded file D:\Program Files\OrCAD\Layout_Plus\library\BGA.llb
Tue Dec 26 05:19:44 Loaded file D:\Program Files\OrCAD\Layout_Plus\library\CLCC.llb
Tue Dec 26 05:19:44 Loaded file D:\Program Files\OrCAD\Layout_Plus\library\DCON050T.llb
Tue Dec 26 05:19:44 Loaded file D:\Program Files\OrCAD\Layout_Plus\library\DCON085T.llb
Tue Dec 26 05:19:44 Loaded file D:\Program Files\OrCAD\Layout_Plus\library\DIMM050F.llb
Tue Dec 26 05:19:44 Loaded file D:\Program Files\OrCAD\Layout_Plus\library\DIMM050T.llb
Tue Dec 26 05:19:44 Loaded file D:\Program Files\OrCAD\Layout_Plus\library\DIN.llb
Tue Dec 26 05:19:44 Loaded file D:\Program Files\OrCAD\Layout_Plus\library\DIP100B.llb
Tue Dec 26 05:19:44 Loaded file D:\Program Files\OrCAD\Layout_Plus\library\DIP100T.llb
Tue Dec 26 05:19:44 Loaded file D:\Program Files\OrCAD\Layout_Plus\library\DSUBT.llb
Tue Dec 26 05:19:44 Loaded file D:\Program Files\OrCAD\Layout_Plus\library\DSUBT_HD.LLB
Tue Dec 26 05:19:44 Loaded file D:\Program Files\OrCAD\Layout_Plus\library\ECON100T.llb
Tue Dec 26 05:19:44 Loaded file D:\Program Files\OrCAD\Layout_Plus\library\FBUS.llb
Tue Dec 26 05:19:44 Loaded file D:\Program Files\OrCAD\Layout_Plus\library\ISA.llb
Tue Dec 26 05:19:44 Loaded file D:\Program Files\OrCAD\Layout_Plus\library\JUMPER.LLB
Tue Dec 26 05:19:44 Loaded file D:\Program Files\OrCAD\Layout_Plus\library\LAYOUT.llb
Tue Dec 26 05:19:44 Loaded file D:\Program Files\OrCAD\Layout_Plus\library\LCON100T.llb
Tue Dec 26 05:19:44 Loaded file D:\Program Files\OrCAD\Layout_Plus\library\PC104.llb
Tue Dec 26 05:19:44 Loaded file D:\Program Files\OrCAD\Layout_Plus\library\PCI.llb
Tue Dec 26 05:19:44 Loaded file D:\Program Files\OrCAD\Layout_Plus\library\PCON100T.llb
Tue Dec 26 05:19:44 Loaded file D:\Program Files\OrCAD\Layout_Plus\library\PCON156T.llb
Tue Dec 26 05:19:44 Loaded file D:\Program Files\OrCAD\Layout_Plus\library\PGA.llb
Tue Dec 26 05:19:44 Loaded file D:\Program Files\OrCAD\Layout_Plus\library\PLCC.llb
Tue Dec 26 05:19:44 Loaded file D:\Program Files\OrCAD\Layout_Plus\library\QUAD.llb
Tue Dec 26 05:19:44 Loaded file D:\Program Files\OrCAD\Layout_Plus\library\QUADB.llb
Tue Dec 26 05:19:44 Loaded file D:\Program Files\OrCAD\Layout_Plus\library\RELAY.llb
Tue Dec 26 05:19:44 Loaded file D:\Program Files\OrCAD\Layout_Plus\library\RF.llb
Tue Dec 26 05:19:44 Loaded file D:\Program Files\OrCAD\Layout_Plus\library\SBUS.llb
Tue Dec 26 05:19:44 Loaded file D:\Program Files\OrCAD\Layout_Plus\library\SIMM050F.llb
Tue Dec 26 05:19:45 Loaded file D:\Program Files\OrCAD\Layout_Plus\library\SIMM050T.llb
Tue Dec 26 05:19:45 Loaded file D:\Program Files\OrCAD\Layout_Plus\library\SIMM100F.llb
Tue Dec 26 05:19:45 Loaded file D:\Program Files\OrCAD\Layout_Plus\library\SIMM100T.llb
Tue Dec 26 05:19:45 Loaded file D:\Program Files\OrCAD\Layout_Plus\library\SIP.llb
Tue Dec 26 05:19:45 Loaded file D:\Program Files\OrCAD\Layout_Plus\library\SM.llb
Tue Dec 26 05:19:45 Loaded file D:\Program Files\OrCAD\Layout_Plus\library\SOG.llb
Tue Dec 26 05:19:45 Loaded file D:\Program Files\OrCAD\Layout_Plus\library\SOJ.llb
Tue Dec 26 05:19:45 Loaded file D:\Program Files\OrCAD\Layout_Plus\library\STIFF.llb
Tue Dec 26 05:19:45 Loaded file D:\Program Files\OrCAD\Layout_Plus\library\TELE.llb
Tue Dec 26 05:19:45 Loaded file D:\Program Files\OrCAD\Layout_Plus\library\TM_AXIAL.llb
Tue Dec 26 05:19:45 Loaded file D:\Program Files\OrCAD\Layout_Plus\library\TM_CAP_P.llb
Tue Dec 26 05:19:45 Loaded file D:\Program Files\OrCAD\Layout_Plus\library\TM_CYLND.llb
Tue Dec 26 05:19:45 Loaded file D:\Program Files\OrCAD\Layout_Plus\library\TM_DIODE.llb
Tue Dec 26 05:19:45 Loaded file D:\Program Files\OrCAD\Layout_Plus\library\TM_DISC.llb
Tue Dec 26 05:19:45 Loaded file D:\Program Files\OrCAD\Layout_Plus\library\TM_RAD.llb
Tue Dec 26 05:19:45 Loaded file D:\Program Files\OrCAD\Layout_Plus\library\TO.llb
Tue Dec 26 05:19:45 Loaded file D:\Program Files\OrCAD\Layout_Plus\library\TRAINING.LLB
Tue Dec 26 05:19:45 Loaded file D:\Program Files\OrCAD\Layout_Plus\library\VRES.llb
Tue Dec 26 05:19:45 Loaded file D:\Program Files\OrCAD\Layout_Plus\library\WCON100T.llb
Tue Dec 26 05:19:45 Loaded file D:\Program Files\OrCAD\Layout_Plus\library\XT.llb
Tue Dec 26 05:19:46 Loaded file D:\Program Files\OrCAD\Layout_Plus\library\ZIGZAG.llb
Tue Dec 26 05:19:46 Loaded file \\ESL_SERVER\PUB\ORCAD\LAYOUT\LIBRARY\WARA1.LLB
Tue Dec 26 05:19:47 Loaded file D:\PROJECTS\2000ESL09A\PCB\01A\BACKUP1.MAX
Tue Dec 26 05:19:47 Saved as file D:\PROJECTS\2000ESL09A\PCB\01A\BACKUP1.MAX
Tue Dec 26 05:19:47 Loaded file D:\PROJECTS\2000ESL09A\PCB\01A\BACKUP1.MAX
Tue Dec 26 05:20:48 Saved as file D:\PROJECTS\2000ESL09A\PCB\01A\CAMERA.MAX
Tue Dec 26 05:21:02 Merge file: Loading merge file D:\PROJECTS\2000ESL09A\PCB\01A\CAMERA.PPS
Tue Dec 26 05:21:02 Loaded file D:\PROJECTS\2000ESL09A\PCB\01A\CAMERA.PPS
Tue Jan 16 19:56:58 Saved as file BACKUP1.MAX
Thu Jan 18 22:53:28 Saved as file BACKUP1.MAX
Thu Jan 18 23:03:29 Saved as file BACKUP1.MAX
Thu Jan 18 23:13:29 Saved as file BACKUP1.MAX
Thu Jan 18 23:23:30 Saved as file BACKUP1.MAX
Thu Jan 18 23:33:30 Saved as file BACKUP1.MAX
Thu Jan 18 23:43:31 Saved as file BACKUP1.MAX
Thu Jan 18 23:53:31 Saved as file BACKUP1.MAX
Fri Jan 19 00:03:32 Saved as file BACKUP1.MAX
Fri Jan 19 00:13:33 Saved as file BACKUP1.MAX
Fri Jan 19 00:23:33 Saved as file BACKUP1.MAX
Fri Jan 19 00:33:34 Saved as file BACKUP1.MAX
Fri Jan 19 00:43:34 Saved as file BACKUP1.MAX
Fri Jan 19 00:53:35 Saved as file BACKUP1.MAX
Fri Jan 19 01:03:36 Saved as file BACKUP1.MAX
Fri Jan 19 01:13:36 Saved as file BACKUP1.MAX
Fri Jan 19 01:23:37 Saved as file BACKUP1.MAX
Fri Jan 19 01:33:37 Saved as file BACKUP1.MAX
Fri Jan 19 01:43:38 Saved as file BACKUP1.MAX
Fri Jan 19 01:53:38 Saved as file BACKUP1.MAX
Fri Jan 19 02:03:39 Saved as file BACKUP1.MAX
Fri Jan 19 02:13:40 Saved as file BACKUP1.MAX
Fri Jan 19 02:23:40 Saved as file BACKUP1.MAX
Fri Jan 19 02:33:41 Saved as file BACKUP1.MAX
Fri Jan 19 02:43:41 Saved as file BACKUP1.MAX
Fri Jan 19 02:53:42 Saved as file BACKUP1.MAX
Fri Jan 19 03:03:43 Saved as file BACKUP1.MAX
Fri Jan 19 03:13:43 Saved as file BACKUP1.MAX
Fri Jan 19 03:23:44 Saved as file BACKUP1.MAX
Fri Jan 19 03:33:44 Saved as file BACKUP1.MAX
Fri Jan 19 03:43:45 Saved as file BACKUP1.MAX
Fri Jan 19 03:53:45 Saved as file BACKUP1.MAX
Fri Jan 19 04:03:46 Saved as file BACKUP1.MAX
Fri Jan 19 04:13:47 Saved as file BACKUP1.MAX
Fri Jan 19 04:23:47 Saved as file BACKUP1.MAX
Fri Jan 19 04:33:48 Saved as file BACKUP1.MAX
Fri Jan 19 04:43:49 Saved as file BACKUP1.MAX
Fri Jan 19 04:53:49 Saved as file BACKUP1.MAX
