make  all-recursive
make[1]: Entering directory `/home/compman/Projects/anubis'
Making all in glade_gui_src
make[2]: Entering directory `/home/compman/Projects/anubis/glade_gui_src'
gcc -DHAVE_CONFIG_H -I. -I. -I.. -I/usr/include/gtk-1.2 -I/usr/include/glib-1.2 -I/usr/lib/glib/include    -g -O2  -Wall -c main.c
gcc -DHAVE_CONFIG_H -I. -I. -I.. -I/usr/include/gtk-1.2 -I/usr/include/glib-1.2 -I/usr/lib/glib/include    -g -O2  -Wall -c glade_support.c
gcc -DHAVE_CONFIG_H -I. -I. -I.. -I/usr/include/gtk-1.2 -I/usr/include/glib-1.2 -I/usr/lib/glib/include    -g -O2  -Wall -c glade_interface.c
gcc -DHAVE_CONFIG_H -I. -I. -I.. -I/usr/include/gtk-1.2 -I/usr/include/glib-1.2 -I/usr/lib/glib/include    -g -O2  -Wall -c glade_callbacks.c
/bin/sh ../libtool --mode=link gcc  -g -O2  -Wall  -o anubis_glade_gui  main.o glade_support.o glade_interface.o glade_callbacks.o -L/usr/lib -L/usr/X11R6/lib -lgtk -lgdk -rdynamic -lgmodule -lglib -ldl -lXi -lXext -lX11 -lm -L/usr/lib -lxml2 -lz -lm
mkdir .libs
gcc -g -O2 -Wall -o anubis_glade_gui main.o glade_support.o glade_interface.o glade_callbacks.o -rdynamic  -L/usr/lib -L/usr/X11R6/lib /usr/lib/libgtk.so /usr/lib/libgdk.so /usr/lib/libgmodule.so /usr/lib/libglib.so -ldl -lXi -lXext -lX11 /usr/lib/libxml2.so -lz -lm
make[2]: Leaving directory `/home/compman/Projects/anubis/glade_gui_src'
Making all in src
make[2]: Entering directory `/home/compman/Projects/anubis/src'
Making all in csu
make[3]: Entering directory `/home/compman/Projects/anubis/src/csu'
gcc -DHAVE_CONFIG_H -I. -I. -I../..     -g -O2  -Wall -c csuCommonMatrix.c
In file included from csuCommonMatrix.c:26:
./csuCommon.h:41:1: warning: "VERSION" redefined
In file included from ./csuCommonImage.h:30,
                 from ./csuCommon.h:31,
                 from csuCommonMatrix.c:26:
../../config.h:73:1: warning: this is the location of the previous definition
gcc -DHAVE_CONFIG_H -I. -I. -I../..     -g -O2  -Wall -c csuCommonFile.c
In file included from csuCommonFile.c:47:
./csuCommon.h:41:1: warning: "VERSION" redefined
In file included from ./csuCommonImage.h:30,
                 from ./csuCommon.h:31,
                 from csuCommonFile.c:47:
../../config.h:73:1: warning: this is the location of the previous definition
gcc -DHAVE_CONFIG_H -I. -I. -I../..     -g -O2  -Wall -c csuCommonUtil.c
In file included from csuCommonUtil.c:41:
./csuCommon.h:41:1: warning: "VERSION" redefined
In file included from ./csuCommonImage.h:30,
                 from ./csuCommon.h:31,
                 from csuCommonUtil.c:41:
../../config.h:73:1: warning: this is the location of the previous definition
gcc -DHAVE_CONFIG_H -I. -I. -I../..     -g -O2  -Wall -c csuCommonSubspace.c
In file included from csuCommonSubspace.c:33:
./csuCommon.h:41:1: warning: "VERSION" redefined
In file included from ./csuCommonImage.h:30,
                 from ./csuCommon.h:31,
                 from csuCommonSubspace.c:33:
../../config.h:73:1: warning: this is the location of the previous definition
gcc -DHAVE_CONFIG_H -I. -I. -I../..     -g -O2  -Wall -c csuCommonCommandLine.c
In file included from csuCommonCommandLine.c:31:
./csuCommon.h:41:1: warning: "VERSION" redefined
In file included from ./csuCommonImage.h:30,
                 from ./csuCommon.h:31,
                 from csuCommonCommandLine.c:31:
../../config.h:73:1: warning: this is the location of the previous definition
gcc -DHAVE_CONFIG_H -I. -I. -I../..     -g -O2  -Wall -c csuCommonImage.c
In file included from csuCommonImage.c:26:
./csuCommon.h:41:1: warning: "VERSION" redefined
In file included from ./csuCommonImage.h:30,
                 from ./csuCommon.h:31,
                 from csuCommonImage.c:26:
../../config.h:73:1: warning: this is the location of the previous definition
gcc -DHAVE_CONFIG_H -I. -I. -I../..     -g -O2  -Wall -c csuEBGMUtil.c
In file included from ./csuEBGMUtil.h:48,
                 from csuEBGMUtil.c:33:
./csuCommon.h:41:1: warning: "VERSION" redefined
In file included from ./csuCommonImage.h:30,
                 from ./csuCommon.h:31,
                 from ./csuEBGMUtil.h:48,
                 from csuEBGMUtil.c:33:
../../config.h:73:1: warning: this is the location of the previous definition
gcc -DHAVE_CONFIG_H -I. -I. -I../..     -g -O2  -Wall -c csuEBGMSimilarity.c
In file included from ./csuEBGMUtil.h:48,
                 from ./csuEBGMSimilarity.h:35,
                 from csuEBGMSimilarity.c:32:
./csuCommon.h:41:1: warning: "VERSION" redefined
In file included from ./csuCommonImage.h:30,
                 from ./csuCommon.h:31,
                 from ./csuEBGMUtil.h:48,
                 from ./csuEBGMSimilarity.h:35,
                 from csuEBGMSimilarity.c:32:
../../config.h:73:1: warning: this is the location of the previous definition
rm -f libcsuCommon.a
ar cru libcsuCommon.a csuCommonMatrix.o csuCommonFile.o csuCommonUtil.o csuCommonSubspace.o csuCommonCommandLine.o csuCommonImage.o csuEBGMUtil.o csuEBGMSimilarity.o 
ranlib libcsuCommon.a
make[3]: Leaving directory `/home/compman/Projects/anubis/src/csu'
make[3]: Entering directory `/home/compman/Projects/anubis/src'
gcc -DHAVE_CONFIG_H -I. -I. -I.. -I/usr/include/gtk-1.2 -I/usr/include/glib-1.2 -I/usr/lib/glib/include 	-I/usr/include/libxml2 	-I/usr/local/include 	-I/usr/src/linux/drivers/ieee1394 	-Icsu    -g -O2  -Wall -c anubis_common.c
In file included from csu/csuCommon.h:29,
                 from anubis_common.h:30,
                 from anubis_common.c:27:
csu/csuCommonUtil.h:69:1: warning: "MIN" redefined
In file included from /usr/local/include/malib/malib_common.h:37,
                 from /usr/local/include/malib/bttv.h:24,
                 from /usr/local/include/malib/malib.h:22,
                 from anubis_common.h:23,
                 from anubis_common.c:27:
/usr/include/glib-1.2/glib.h:137:1: warning: this is the location of the previous definition
In file included from csu/csuCommon.h:29,
                 from anubis_common.h:30,
                 from anubis_common.c:27:
csu/csuCommonUtil.h:70:1: warning: "MAX" redefined
In file included from /usr/local/include/malib/malib_common.h:37,
                 from /usr/local/include/malib/bttv.h:24,
                 from /usr/local/include/malib/malib.h:22,
                 from anubis_common.h:23,
                 from anubis_common.c:27:
/usr/include/glib-1.2/glib.h:134:1: warning: this is the location of the previous definition
In file included from csu/csuCommon.h:29,
                 from anubis_common.h:30,
                 from anubis_common.c:27:
csu/csuCommonUtil.h:71:1: warning: "ABS" redefined
In file included from /usr/local/include/malib/malib_common.h:37,
                 from /usr/local/include/malib/bttv.h:24,
                 from /usr/local/include/malib/malib.h:22,
                 from anubis_common.h:23,
                 from anubis_common.c:27:
/usr/include/glib-1.2/glib.h:140:1: warning: this is the location of the previous definition
In file included from anubis_common.h:30,
                 from anubis_common.c:27:
csu/csuCommon.h:41:1: warning: "VERSION" redefined
In file included from csu/csuCommonImage.h:30,
                 from anubis_common.h:29,
                 from anubis_common.c:27:
../config.h:73:1: warning: this is the location of the previous definition
In file included from anubis_common.c:27:
anubis_common.h:156:1: warning: "PI" redefined
In file included from csu/csuCommon.h:29,
                 from anubis_common.h:30,
                 from anubis_common.c:27:
csu/csuCommonUtil.h:79:1: warning: this is the location of the previous definition
anubis_common.c: In function ‘anubis_draw_line’:
anubis_common.c:103: warning: unused variable ‘height’
anubis_common.c: In function ‘anubis_set_allocation_d_xy’:
anubis_common.c:154: warning: unused variable ‘i’
anubis_common.c: In function ‘anubis_create_frame_from_buf’:
anubis_common.c:178: warning: ‘return’ with no value, in function returning non-void
anubis_common.c: In function ‘set_resized_csu_image_from_frame’:
anubis_common.c:233: warning: ‘return’ with a value, in function returning void
anubis_common.c:197: warning: unused variable ‘colors’
anubis_common.c:195: warning: unused variable ‘j’
anubis_common.c:193: warning: unused variable ‘cv_next_image’
anubis_common.c:193: warning: unused variable ‘cv_prev_image’
anubis_common.c:192: warning: unused variable ‘cv_next_size’
anubis_common.c:192: warning: unused variable ‘cv_prev_size’
anubis_common.c:191: warning: unused variable ‘new_image’
anubis_common.c: In function ‘set_resized_csu_image_from_cv_frame’:
anubis_common.c:286: warning: ‘return’ with a value, in function returning void
anubis_common.c:240: warning: unused variable ‘cv_tmp_image’
anubis_common.c:240: warning: unused variable ‘cv_prev_image’
anubis_common.c:239: warning: unused variable ‘cv_next_size’
anubis_common.c:239: warning: unused variable ‘cv_prev_size’
anubis_common.c:238: warning: unused variable ‘new_image’
anubis_common.c: In function ‘get_biggest_width_face_num’:
anubis_common.c:290: warning: unused variable ‘j’
anubis_common.c: In function ‘anubis_cv_remove_inside_rect_with_angle_seq’:
anubis_common.c:498: warning: unused variable ‘k’
anubis_common.c: In function ‘anubis_pixmap_update’:
anubis_common.c:560: warning: passing argument 1 of ‘gtk_widget_ref’ from incompatible pointer type
anubis_common.c: In function ‘makeMalicFaceGraphWithImgData’:
anubis_common.c:577: warning: implicit declaration of function ‘setFaceGraphMembers’
anubis_common.c: In function ‘face_graph_deepcopy’:
anubis_common.c:592: warning: implicit declaration of function ‘grm_jet_new_and_copy’
anubis_common.c: In function ‘anubis_int_value_label_update’:
anubis_common.c:602: warning: format ‘%d’ expects type ‘int’, but argument 3 has type ‘long int’
anubis_common.c: At top level:
anubis_common.c:482: warning: ‘is_equal’ defined but not used
anubis_common.c: In function ‘anubis_create_cv_image_from_malib_frame’:
anubis_common.c:368: warning: control reaches end of non-void function
gcc -DHAVE_CONFIG_H -I. -I. -I.. -I/usr/include/gtk-1.2 -I/usr/include/glib-1.2 -I/usr/lib/glib/include 	-I/usr/include/libxml2 	-I/usr/local/include 	-I/usr/src/linux/drivers/ieee1394 	-Icsu    -g -O2  -Wall -c gaborrg_recog_gui.c
In file included from csu/csuCommon.h:29,
                 from anubis_common.h:30,
                 from gaborrg_recog.h:27,
                 from gaborrg_recog_gui.h:28,
                 from gaborrg_recog_gui.c:19:
csu/csuCommonUtil.h:69:1: warning: "MIN" redefined
In file included from /usr/local/include/malib/malib_common.h:37,
                 from /usr/local/include/malib/bttv.h:24,
                 from /usr/local/include/malib/malib.h:22,
                 from gaborrg_recog_gui.h:22,
                 from gaborrg_recog_gui.c:19:
/usr/include/glib-1.2/glib.h:137:1: warning: this is the location of the previous definition
In file included from csu/csuCommon.h:29,
                 from anubis_common.h:30,
                 from gaborrg_recog.h:27,
                 from gaborrg_recog_gui.h:28,
                 from gaborrg_recog_gui.c:19:
csu/csuCommonUtil.h:70:1: warning: "MAX" redefined
In file included from /usr/local/include/malib/malib_common.h:37,
                 from /usr/local/include/malib/bttv.h:24,
                 from /usr/local/include/malib/malib.h:22,
                 from gaborrg_recog_gui.h:22,
                 from gaborrg_recog_gui.c:19:
/usr/include/glib-1.2/glib.h:134:1: warning: this is the location of the previous definition
In file included from csu/csuCommon.h:29,
                 from anubis_common.h:30,
                 from gaborrg_recog.h:27,
                 from gaborrg_recog_gui.h:28,
                 from gaborrg_recog_gui.c:19:
csu/csuCommonUtil.h:71:1: warning: "ABS" redefined
In file included from /usr/local/include/malib/malib_common.h:37,
                 from /usr/local/include/malib/bttv.h:24,
                 from /usr/local/include/malib/malib.h:22,
                 from gaborrg_recog_gui.h:22,
                 from gaborrg_recog_gui.c:19:
/usr/include/glib-1.2/glib.h:140:1: warning: this is the location of the previous definition
In file included from anubis_common.h:30,
                 from gaborrg_recog.h:27,
                 from gaborrg_recog_gui.h:28,
                 from gaborrg_recog_gui.c:19:
csu/csuCommon.h:41:1: warning: "VERSION" redefined
In file included from csu/csuCommonImage.h:30,
                 from anubis_common.h:29,
                 from gaborrg_recog.h:27,
                 from gaborrg_recog_gui.h:28,
                 from gaborrg_recog_gui.c:19:
../config.h:73:1: warning: this is the location of the previous definition
In file included from gaborrg_recog.h:27,
                 from gaborrg_recog_gui.h:28,
                 from gaborrg_recog_gui.c:19:
anubis_common.h:156:1: warning: "PI" redefined
In file included from csu/csuCommon.h:29,
                 from anubis_common.h:30,
                 from gaborrg_recog.h:27,
                 from gaborrg_recog_gui.h:28,
                 from gaborrg_recog_gui.c:19:
csu/csuCommonUtil.h:79:1: warning: this is the location of the previous definition
In file included from ../glade_gui_src/glade_support.h:6,
                 from node_data.h:23,
                 from gaborrg_recog.h:29,
                 from gaborrg_recog_gui.h:28,
                 from gaborrg_recog_gui.c:19:
../config.h:73:1: warning: "VERSION" redefined
In file included from anubis_common.h:30,
                 from gaborrg_recog.h:27,
                 from gaborrg_recog_gui.h:28,
                 from gaborrg_recog_gui.c:19:
csu/csuCommon.h:41:1: warning: this is the location of the previous definition
gaborrg_recog_gui.c: In function ‘grr_gui_setup’:
gaborrg_recog_gui.c:42: warning: unused variable ‘fixed1’
gcc -DHAVE_CONFIG_H -I. -I. -I.. -I/usr/include/gtk-1.2 -I/usr/include/glib-1.2 -I/usr/lib/glib/include 	-I/usr/include/libxml2 	-I/usr/local/include 	-I/usr/src/linux/drivers/ieee1394 	-Icsu    -g -O2  -Wall -c recog_by_gabor.c
In file included from csu/csuCommon.h:29,
                 from anubis_common.h:30,
                 from gaborrg_recog.h:27,
                 from recog_by_gabor.h:31,
                 from recog_by_gabor.c:19:
csu/csuCommonUtil.h:69:1: warning: "MIN" redefined
In file included from /usr/local/include/malib/malib_common.h:37,
                 from /usr/local/include/malib/bttv.h:24,
                 from /usr/local/include/malib/malib.h:22,
                 from recog_by_gabor.h:23,
                 from recog_by_gabor.c:19:
/usr/include/glib-1.2/glib.h:137:1: warning: this is the location of the previous definition
In file included from csu/csuCommon.h:29,
                 from anubis_common.h:30,
                 from gaborrg_recog.h:27,
                 from recog_by_gabor.h:31,
                 from recog_by_gabor.c:19:
csu/csuCommonUtil.h:70:1: warning: "MAX" redefined
In file included from /usr/local/include/malib/malib_common.h:37,
                 from /usr/local/include/malib/bttv.h:24,
                 from /usr/local/include/malib/malib.h:22,
                 from recog_by_gabor.h:23,
                 from recog_by_gabor.c:19:
/usr/include/glib-1.2/glib.h:134:1: warning: this is the location of the previous definition
In file included from csu/csuCommon.h:29,
                 from anubis_common.h:30,
                 from gaborrg_recog.h:27,
                 from recog_by_gabor.h:31,
                 from recog_by_gabor.c:19:
csu/csuCommonUtil.h:71:1: warning: "ABS" redefined
In file included from /usr/local/include/malib/malib_common.h:37,
                 from /usr/local/include/malib/bttv.h:24,
                 from /usr/local/include/malib/malib.h:22,
                 from recog_by_gabor.h:23,
                 from recog_by_gabor.c:19:
/usr/include/glib-1.2/glib.h:140:1: warning: this is the location of the previous definition
In file included from anubis_common.h:30,
                 from gaborrg_recog.h:27,
                 from recog_by_gabor.h:31,
                 from recog_by_gabor.c:19:
csu/csuCommon.h:41:1: warning: "VERSION" redefined
In file included from csu/csuCommonImage.h:30,
                 from anubis_common.h:29,
                 from gaborrg_recog.h:27,
                 from recog_by_gabor.h:31,
                 from recog_by_gabor.c:19:
../config.h:73:1: warning: this is the location of the previous definition
In file included from gaborrg_recog.h:27,
                 from recog_by_gabor.h:31,
                 from recog_by_gabor.c:19:
anubis_common.h:156:1: warning: "PI" redefined
In file included from csu/csuCommon.h:29,
                 from anubis_common.h:30,
                 from gaborrg_recog.h:27,
                 from recog_by_gabor.h:31,
                 from recog_by_gabor.c:19:
csu/csuCommonUtil.h:79:1: warning: this is the location of the previous definition
In file included from ../glade_gui_src/glade_support.h:6,
                 from node_data.h:23,
                 from gaborrg_recog.h:29,
                 from recog_by_gabor.h:31,
                 from recog_by_gabor.c:19:
../config.h:73:1: warning: "VERSION" redefined
In file included from anubis_common.h:30,
                 from gaborrg_recog.h:27,
                 from recog_by_gabor.h:31,
                 from recog_by_gabor.c:19:
csu/csuCommon.h:41:1: warning: this is the location of the previous definition
recog_by_gabor.c:30: warning: missing braces around initializer
recog_by_gabor.c:30: warning: (near initialization for ‘recog_by_gabor_class.super’)
recog_by_gabor.c:30: warning: initialization from incompatible pointer type
recog_by_gabor.c:32: warning: initialization makes integer from pointer without a cast
recog_by_gabor.c: In function ‘recog_by_gabor_new’:
recog_by_gabor.c:39: warning: dereferencing type-punned pointer will break strict-aliasing rules
recog_by_gabor.c: In function ‘recog_by_gabor_new_with_buf’:
recog_by_gabor.c:51: warning: ‘return’ with no value, in function returning non-void
recog_by_gabor.c: In function ‘recog_by_gabor_create_params’:
recog_by_gabor.c:87: warning: ‘return’ with no value, in function returning non-void
recog_by_gabor.c: In function ‘recog_by_gabor_write_frame_data’:
recog_by_gabor.c:122: warning: ‘return’ with no value, in function returning non-void
recog_by_gabor.c:123: warning: ‘return’ with no value, in function returning non-void
recog_by_gabor.c:132: warning: unused variable ‘to’
recog_by_gabor.c:131: warning: unused variable ‘tmp_nearest_node’
recog_by_gabor.c:125: warning: unused variable ‘malib_filter’
recog_by_gabor.c: In function ‘set_nearest_node_to_same_name_parts_and_co’:
recog_by_gabor.c:218: warning: format ‘%ld’ expects type ‘long int’, but argument 2 has type ‘struct GrrDiscDataClass *’
recog_by_gabor.c:218: warning: format ‘%ld’ expects type ‘long int’, but argument 3 has type ‘struct GrrDiscDataClass *’
recog_by_gabor.c:206: warning: unused variable ‘y’
recog_by_gabor.c:206: warning: unused variable ‘x’
recog_by_gabor.c: In function ‘parts_and_co_array_reflesh’:
recog_by_gabor.c:259: warning: ‘return’ with a value, in function returning void
gcc -DHAVE_CONFIG_H -I. -I. -I.. -I/usr/include/gtk-1.2 -I/usr/include/glib-1.2 -I/usr/lib/glib/include 	-I/usr/include/libxml2 	-I/usr/local/include 	-I/usr/src/linux/drivers/ieee1394 	-Icsu    -g -O2  -Wall -c gaborrg_recog_file_io.c
In file included from csu/csuCommon.h:29,
                 from anubis_common.h:30,
                 from gaborrg_recog.h:27,
                 from gaborrg_recog_file_io.h:33,
                 from gaborrg_recog_file_io.c:19:
csu/csuCommonUtil.h:69:1: warning: "MIN" redefined
In file included from /usr/local/include/malib/malib_common.h:37,
                 from /usr/local/include/malib/bttv.h:24,
                 from /usr/local/include/malib/malib.h:22,
                 from gaborrg_recog_file_io.h:28,
                 from gaborrg_recog_file_io.c:19:
/usr/include/glib-1.2/glib.h:137:1: warning: this is the location of the previous definition
In file included from csu/csuCommon.h:29,
                 from anubis_common.h:30,
                 from gaborrg_recog.h:27,
                 from gaborrg_recog_file_io.h:33,
                 from gaborrg_recog_file_io.c:19:
csu/csuCommonUtil.h:70:1: warning: "MAX" redefined
In file included from /usr/local/include/malib/malib_common.h:37,
                 from /usr/local/include/malib/bttv.h:24,
                 from /usr/local/include/malib/malib.h:22,
                 from gaborrg_recog_file_io.h:28,
                 from gaborrg_recog_file_io.c:19:
/usr/include/glib-1.2/glib.h:134:1: warning: this is the location of the previous definition
In file included from csu/csuCommon.h:29,
                 from anubis_common.h:30,
                 from gaborrg_recog.h:27,
                 from gaborrg_recog_file_io.h:33,
                 from gaborrg_recog_file_io.c:19:
csu/csuCommonUtil.h:71:1: warning: "ABS" redefined
In file included from /usr/local/include/malib/malib_common.h:37,
                 from /usr/local/include/malib/bttv.h:24,
                 from /usr/local/include/malib/malib.h:22,
                 from gaborrg_recog_file_io.h:28,
                 from gaborrg_recog_file_io.c:19:
/usr/include/glib-1.2/glib.h:140:1: warning: this is the location of the previous definition
In file included from anubis_common.h:30,
                 from gaborrg_recog.h:27,
                 from gaborrg_recog_file_io.h:33,
                 from gaborrg_recog_file_io.c:19:
csu/csuCommon.h:41:1: warning: "VERSION" redefined
In file included from csu/csuCommonImage.h:30,
                 from anubis_common.h:29,
                 from gaborrg_recog.h:27,
                 from gaborrg_recog_file_io.h:33,
                 from gaborrg_recog_file_io.c:19:
../config.h:73:1: warning: this is the location of the previous definition
In file included from gaborrg_recog.h:27,
                 from gaborrg_recog_file_io.h:33,
                 from gaborrg_recog_file_io.c:19:
anubis_common.h:156:1: warning: "PI" redefined
In file included from csu/csuCommon.h:29,
                 from anubis_common.h:30,
                 from gaborrg_recog.h:27,
                 from gaborrg_recog_file_io.h:33,
                 from gaborrg_recog_file_io.c:19:
csu/csuCommonUtil.h:79:1: warning: this is the location of the previous definition
In file included from ../glade_gui_src/glade_support.h:6,
                 from gaborrg_recog_gui.h:24,
                 from recog_by_gabor.h:32,
                 from gaborrg_recog.h:28,
                 from gaborrg_recog_file_io.h:33,
                 from gaborrg_recog_file_io.c:19:
../config.h:73:1: warning: "VERSION" redefined
In file included from anubis_common.h:30,
                 from gaborrg_recog.h:27,
                 from gaborrg_recog_file_io.h:33,
                 from gaborrg_recog_file_io.c:19:
csu/csuCommon.h:41:1: warning: this is the location of the previous definition
gaborrg_recog_file_io.c: In function ‘grr_xml_parse_file’:
gaborrg_recog_file_io.c:45: warning: pointer targets in passing argument 1 of ‘strlen’ differ in signedness
gaborrg_recog_file_io.c:45: warning: pointer targets in passing argument 1 of ‘__builtin_strcmp’ differ in signedness
gaborrg_recog_file_io.c:45: warning: pointer targets in passing argument 1 of ‘strlen’ differ in signedness
gaborrg_recog_file_io.c:45: warning: pointer targets in passing argument 1 of ‘__builtin_strcmp’ differ in signedness
gaborrg_recog_file_io.c:45: warning: pointer targets in passing argument 1 of ‘__builtin_strcmp’ differ in signedness
gaborrg_recog_file_io.c:45: warning: pointer targets in passing argument 1 of ‘__builtin_strcmp’ differ in signedness
gaborrg_recog_file_io.c:47: warning: pointer targets in passing argument 1 of ‘strlen’ differ in signedness
gaborrg_recog_file_io.c:47: warning: pointer targets in passing argument 1 of ‘__builtin_strcmp’ differ in signedness
gaborrg_recog_file_io.c:47: warning: pointer targets in passing argument 1 of ‘strlen’ differ in signedness
gaborrg_recog_file_io.c:47: warning: pointer targets in passing argument 1 of ‘__builtin_strcmp’ differ in signedness
gaborrg_recog_file_io.c:47: warning: pointer targets in passing argument 1 of ‘__builtin_strcmp’ differ in signedness
gaborrg_recog_file_io.c:47: warning: pointer targets in passing argument 1 of ‘__builtin_strcmp’ differ in signedness
gaborrg_recog_file_io.c:50: warning: pointer targets in passing argument 1 of ‘strlen’ differ in signedness
gaborrg_recog_file_io.c:50: warning: pointer targets in passing argument 1 of ‘__builtin_strcmp’ differ in signedness
gaborrg_recog_file_io.c:50: warning: pointer targets in passing argument 1 of ‘strlen’ differ in signedness
gaborrg_recog_file_io.c:50: warning: pointer targets in passing argument 1 of ‘__builtin_strcmp’ differ in signedness
gaborrg_recog_file_io.c:50: warning: pointer targets in passing argument 1 of ‘__builtin_strcmp’ differ in signedness
gaborrg_recog_file_io.c:50: warning: pointer targets in passing argument 1 of ‘__builtin_strcmp’ differ in signedness
gaborrg_recog_file_io.c:24: warning: unused variable ‘tmp_cell’
gaborrg_recog_file_io.c:23: warning: unused variable ‘children’
gaborrg_recog_file_io.c: In function ‘grr_xml_parse_and_new_cell’:
gaborrg_recog_file_io.c:71: warning: pointer targets in passing argument 1 of ‘strlen’ differ in signedness
gaborrg_recog_file_io.c:71: warning: pointer targets in passing argument 1 of ‘__builtin_strcmp’ differ in signedness
gaborrg_recog_file_io.c:71: warning: pointer targets in passing argument 1 of ‘strlen’ differ in signedness
gaborrg_recog_file_io.c:71: warning: pointer targets in passing argument 1 of ‘__builtin_strcmp’ differ in signedness
gaborrg_recog_file_io.c:71: warning: pointer targets in passing argument 1 of ‘__builtin_strcmp’ differ in signedness
gaborrg_recog_file_io.c:71: warning: pointer targets in passing argument 1 of ‘__builtin_strcmp’ differ in signedness
gaborrg_recog_file_io.c:73: warning: pointer targets in passing argument 2 of ‘xmlGetProp’ differ in signedness
gaborrg_recog_file_io.c:73: warning: pointer targets in passing argument 2 of ‘xmlGetProp’ differ in signedness
gaborrg_recog_file_io.c:74: warning: pointer targets in passing argument 2 of ‘xmlGetProp’ differ in signedness
gaborrg_recog_file_io.c:74: warning: pointer targets in passing argument 2 of ‘xmlGetProp’ differ in signedness
gaborrg_recog_file_io.c:76: warning: pointer targets in passing argument 2 of ‘xmlGetProp’ differ in signedness
gaborrg_recog_file_io.c:76: warning: pointer targets in passing argument 1 of ‘atoi’ differ in signedness
gaborrg_recog_file_io.c:77: warning: pointer targets in passing argument 2 of ‘xmlGetProp’ differ in signedness
gaborrg_recog_file_io.c:77: warning: pointer targets in passing argument 1 of ‘atoi’ differ in signedness
gaborrg_recog_file_io.c:79: warning: pointer targets in passing argument 2 of ‘xmlGetProp’ differ in signedness
gaborrg_recog_file_io.c:81: warning: pointer targets in passing argument 2 of ‘xmlGetProp’ differ in signedness
gaborrg_recog_file_io.c:81: warning: pointer targets in passing argument 1 of ‘atoi’ differ in signedness
gaborrg_recog_file_io.c:83: warning: pointer targets in passing argument 2 of ‘xmlGetProp’ differ in signedness
gaborrg_recog_file_io.c:85: warning: pointer targets in passing argument 2 of ‘xmlGetProp’ differ in signedness
gaborrg_recog_file_io.c:85: warning: pointer targets in passing argument 1 of ‘atoi’ differ in signedness
gaborrg_recog_file_io.c:88: warning: pointer targets in passing argument 2 of ‘xmlGetProp’ differ in signedness
gaborrg_recog_file_io.c:89: warning: pointer targets in passing argument 2 of ‘xmlGetProp’ differ in signedness
gaborrg_recog_file_io.c:89: warning: pointer targets in assignment differ in signedness
gaborrg_recog_file_io.c:91: warning: pointer targets in passing argument 1 of ‘atof’ differ in signedness
gaborrg_recog_file_io.c:72: warning: unused variable ‘dirstr’
gaborrg_recog_file_io.c: In function ‘grr_xml_parse_template’:
gaborrg_recog_file_io.c:112: warning: pointer targets in passing argument 2 of ‘xmlGetProp’ differ in signedness
gaborrg_recog_file_io.c:112: warning: pointer targets in passing argument 1 of ‘atoi’ differ in signedness
gaborrg_recog_file_io.c:113: warning: pointer targets in passing argument 2 of ‘xmlGetProp’ differ in signedness
gaborrg_recog_file_io.c:113: warning: pointer targets in passing argument 1 of ‘atoi’ differ in signedness
gaborrg_recog_file_io.c:133: warning: pointer targets in passing argument 1 of ‘strlen’ differ in signedness
gaborrg_recog_file_io.c:133: warning: pointer targets in passing argument 1 of ‘__builtin_strcmp’ differ in signedness
gaborrg_recog_file_io.c:133: warning: pointer targets in passing argument 1 of ‘strlen’ differ in signedness
gaborrg_recog_file_io.c:133: warning: pointer targets in passing argument 1 of ‘__builtin_strcmp’ differ in signedness
gaborrg_recog_file_io.c:133: warning: pointer targets in passing argument 1 of ‘__builtin_strcmp’ differ in signedness
gaborrg_recog_file_io.c:133: warning: pointer targets in passing argument 1 of ‘__builtin_strcmp’ differ in signedness
gaborrg_recog_file_io.c:124: warning: ‘cbuf’ is used uninitialized in this function
gcc -DHAVE_CONFIG_H -I. -I. -I.. -I/usr/include/gtk-1.2 -I/usr/include/glib-1.2 -I/usr/lib/glib/include 	-I/usr/include/libxml2 	-I/usr/local/include 	-I/usr/src/linux/drivers/ieee1394 	-Icsu    -g -O2  -Wall -c discriminator.c
In file included from csu/csuCommon.h:29,
                 from anubis_common.h:30,
                 from gaborrg_recog.h:27,
                 from discriminator.h:27,
                 from discriminator.c:19:
csu/csuCommonUtil.h:69:1: warning: "MIN" redefined
In file included from /usr/local/include/malib/malib_common.h:37,
                 from /usr/local/include/malib/bttv.h:24,
                 from /usr/local/include/malib/malib.h:22,
                 from discriminator.h:22,
                 from discriminator.c:19:
/usr/include/glib-1.2/glib.h:137:1: warning: this is the location of the previous definition
In file included from csu/csuCommon.h:29,
                 from anubis_common.h:30,
                 from gaborrg_recog.h:27,
                 from discriminator.h:27,
                 from discriminator.c:19:
csu/csuCommonUtil.h:70:1: warning: "MAX" redefined
In file included from /usr/local/include/malib/malib_common.h:37,
                 from /usr/local/include/malib/bttv.h:24,
                 from /usr/local/include/malib/malib.h:22,
                 from discriminator.h:22,
                 from discriminator.c:19:
/usr/include/glib-1.2/glib.h:134:1: warning: this is the location of the previous definition
In file included from csu/csuCommon.h:29,
                 from anubis_common.h:30,
                 from gaborrg_recog.h:27,
                 from discriminator.h:27,
                 from discriminator.c:19:
csu/csuCommonUtil.h:71:1: warning: "ABS" redefined
In file included from /usr/local/include/malib/malib_common.h:37,
                 from /usr/local/include/malib/bttv.h:24,
                 from /usr/local/include/malib/malib.h:22,
                 from discriminator.h:22,
                 from discriminator.c:19:
/usr/include/glib-1.2/glib.h:140:1: warning: this is the location of the previous definition
In file included from anubis_common.h:30,
                 from gaborrg_recog.h:27,
                 from discriminator.h:27,
                 from discriminator.c:19:
csu/csuCommon.h:41:1: warning: "VERSION" redefined
In file included from csu/csuCommonImage.h:30,
                 from anubis_common.h:29,
                 from gaborrg_recog.h:27,
                 from discriminator.h:27,
                 from discriminator.c:19:
../config.h:73:1: warning: this is the location of the previous definition
In file included from gaborrg_recog.h:27,
                 from discriminator.h:27,
                 from discriminator.c:19:
anubis_common.h:156:1: warning: "PI" redefined
In file included from csu/csuCommon.h:29,
                 from anubis_common.h:30,
                 from gaborrg_recog.h:27,
                 from discriminator.h:27,
                 from discriminator.c:19:
csu/csuCommonUtil.h:79:1: warning: this is the location of the previous definition
In file included from ../glade_gui_src/glade_support.h:6,
                 from gaborrg_recog_gui.h:24,
                 from recog_by_gabor.h:32,
                 from gaborrg_recog.h:28,
                 from discriminator.h:27,
                 from discriminator.c:19:
../config.h:73:1: warning: "VERSION" redefined
In file included from anubis_common.h:30,
                 from gaborrg_recog.h:27,
                 from discriminator.h:27,
                 from discriminator.c:19:
csu/csuCommon.h:41:1: warning: this is the location of the previous definition
discriminator.c: In function ‘grr_xml_gaborrg_to_grr_disc_data’:
discriminator.c:25: warning: unused variable ‘tmp_cell’
discriminator.c:23: warning: unused variable ‘cell_num’
discriminator.c: In function ‘grr_disc_data_class_dump’:
discriminator.c:128: warning: format ‘%ld’ expects type ‘long int’, but argument 3 has type ‘struct GrrDiscDataNode *’
discriminator.c:128: warning: format ‘%ld’ expects type ‘long int’, but argument 5 has type ‘struct GrrDiscDataClass *’
gcc -DHAVE_CONFIG_H -I. -I. -I.. -I/usr/include/gtk-1.2 -I/usr/include/glib-1.2 -I/usr/lib/glib/include 	-I/usr/include/libxml2 	-I/usr/local/include 	-I/usr/src/linux/drivers/ieee1394 	-Icsu    -g -O2  -Wall -c kd_tree.c
In file included from csu/csuCommon.h:29,
                 from anubis_common.h:30,
                 from gaborrg_recog.h:27,
                 from kd_tree.h:28,
                 from kd_tree.c:19:
csu/csuCommonUtil.h:69:1: warning: "MIN" redefined
In file included from /usr/local/include/malib/malib_common.h:37,
                 from /usr/local/include/malib/bttv.h:24,
                 from /usr/local/include/malib/malib.h:22,
                 from kd_tree.h:22,
                 from kd_tree.c:19:
/usr/include/glib-1.2/glib.h:137:1: warning: this is the location of the previous definition
In file included from csu/csuCommon.h:29,
                 from anubis_common.h:30,
                 from gaborrg_recog.h:27,
                 from kd_tree.h:28,
                 from kd_tree.c:19:
csu/csuCommonUtil.h:70:1: warning: "MAX" redefined
In file included from /usr/local/include/malib/malib_common.h:37,
                 from /usr/local/include/malib/bttv.h:24,
                 from /usr/local/include/malib/malib.h:22,
                 from kd_tree.h:22,
                 from kd_tree.c:19:
/usr/include/glib-1.2/glib.h:134:1: warning: this is the location of the previous definition
In file included from csu/csuCommon.h:29,
                 from anubis_common.h:30,
                 from gaborrg_recog.h:27,
                 from kd_tree.h:28,
                 from kd_tree.c:19:
csu/csuCommonUtil.h:71:1: warning: "ABS" redefined
In file included from /usr/local/include/malib/malib_common.h:37,
                 from /usr/local/include/malib/bttv.h:24,
                 from /usr/local/include/malib/malib.h:22,
                 from kd_tree.h:22,
                 from kd_tree.c:19:
/usr/include/glib-1.2/glib.h:140:1: warning: this is the location of the previous definition
In file included from anubis_common.h:30,
                 from gaborrg_recog.h:27,
                 from kd_tree.h:28,
                 from kd_tree.c:19:
csu/csuCommon.h:41:1: warning: "VERSION" redefined
In file included from csu/csuCommonImage.h:30,
                 from anubis_common.h:29,
                 from gaborrg_recog.h:27,
                 from kd_tree.h:28,
                 from kd_tree.c:19:
../config.h:73:1: warning: this is the location of the previous definition
In file included from gaborrg_recog.h:27,
                 from kd_tree.h:28,
                 from kd_tree.c:19:
anubis_common.h:156:1: warning: "PI" redefined
In file included from csu/csuCommon.h:29,
                 from anubis_common.h:30,
                 from gaborrg_recog.h:27,
                 from kd_tree.h:28,
                 from kd_tree.c:19:
csu/csuCommonUtil.h:79:1: warning: this is the location of the previous definition
In file included from ../glade_gui_src/glade_support.h:6,
                 from gaborrg_recog_gui.h:24,
                 from recog_by_gabor.h:32,
                 from gaborrg_recog.h:28,
                 from kd_tree.h:28,
                 from kd_tree.c:19:
../config.h:73:1: warning: "VERSION" redefined
In file included from anubis_common.h:30,
                 from gaborrg_recog.h:27,
                 from kd_tree.h:28,
                 from kd_tree.c:19:
csu/csuCommon.h:41:1: warning: this is the location of the previous definition
kd_tree.c: In function ‘grr_disc_data_node_ptr_array_qsort_by_x_dim’:
kd_tree.c:163: warning: unused variable ‘tmp_node_ptr’
gcc -DHAVE_CONFIG_H -I. -I. -I.. -I/usr/include/gtk-1.2 -I/usr/include/glib-1.2 -I/usr/lib/glib/include 	-I/usr/include/libxml2 	-I/usr/local/include 	-I/usr/src/linux/drivers/ieee1394 	-Icsu    -g -O2  -Wall -c recog_by_ebgm.c
In file included from csu/csuCommon.h:29,
                 from anubis_common.h:30,
                 from gaborrg_recog.h:27,
                 from recog_by_ebgm.h:27,
                 from recog_by_ebgm.c:19:
csu/csuCommonUtil.h:69:1: warning: "MIN" redefined
In file included from /usr/local/include/malib/malib_common.h:37,
                 from /usr/local/include/malib/bttv.h:24,
                 from /usr/local/include/malib/malib.h:22,
                 from recog_by_ebgm.h:22,
                 from recog_by_ebgm.c:19:
/usr/include/glib-1.2/glib.h:137:1: warning: this is the location of the previous definition
In file included from csu/csuCommon.h:29,
                 from anubis_common.h:30,
                 from gaborrg_recog.h:27,
                 from recog_by_ebgm.h:27,
                 from recog_by_ebgm.c:19:
csu/csuCommonUtil.h:70:1: warning: "MAX" redefined
In file included from /usr/local/include/malib/malib_common.h:37,
                 from /usr/local/include/malib/bttv.h:24,
                 from /usr/local/include/malib/malib.h:22,
                 from recog_by_ebgm.h:22,
                 from recog_by_ebgm.c:19:
/usr/include/glib-1.2/glib.h:134:1: warning: this is the location of the previous definition
In file included from csu/csuCommon.h:29,
                 from anubis_common.h:30,
                 from gaborrg_recog.h:27,
                 from recog_by_ebgm.h:27,
                 from recog_by_ebgm.c:19:
csu/csuCommonUtil.h:71:1: warning: "ABS" redefined
In file included from /usr/local/include/malib/malib_common.h:37,
                 from /usr/local/include/malib/bttv.h:24,
                 from /usr/local/include/malib/malib.h:22,
                 from recog_by_ebgm.h:22,
                 from recog_by_ebgm.c:19:
/usr/include/glib-1.2/glib.h:140:1: warning: this is the location of the previous definition
In file included from anubis_common.h:30,
                 from gaborrg_recog.h:27,
                 from recog_by_ebgm.h:27,
                 from recog_by_ebgm.c:19:
csu/csuCommon.h:41:1: warning: "VERSION" redefined
In file included from csu/csuCommonImage.h:30,
                 from anubis_common.h:29,
                 from gaborrg_recog.h:27,
                 from recog_by_ebgm.h:27,
                 from recog_by_ebgm.c:19:
../config.h:73:1: warning: this is the location of the previous definition
In file included from gaborrg_recog.h:27,
                 from recog_by_ebgm.h:27,
                 from recog_by_ebgm.c:19:
anubis_common.h:156:1: warning: "PI" redefined
In file included from csu/csuCommon.h:29,
                 from anubis_common.h:30,
                 from gaborrg_recog.h:27,
                 from recog_by_ebgm.h:27,
                 from recog_by_ebgm.c:19:
csu/csuCommonUtil.h:79:1: warning: this is the location of the previous definition
In file included from ../glade_gui_src/glade_support.h:6,
                 from gaborrg_recog_gui.h:24,
                 from recog_by_gabor.h:32,
                 from gaborrg_recog.h:28,
                 from recog_by_ebgm.h:27,
                 from recog_by_ebgm.c:19:
../config.h:73:1: warning: "VERSION" redefined
In file included from anubis_common.h:30,
                 from gaborrg_recog.h:27,
                 from recog_by_ebgm.h:27,
                 from recog_by_ebgm.c:19:
csu/csuCommon.h:41:1: warning: this is the location of the previous definition
recog_by_ebgm.c:23: warning: missing braces around initializer
recog_by_ebgm.c:23: warning: (near initialization for ‘reacog_by_ebgm_class.super’)
recog_by_ebgm.c:23: warning: initialization from incompatible pointer type
recog_by_ebgm.c:25: warning: initialization makes integer from pointer without a cast
recog_by_ebgm.c: In function ‘recog_by_ebgm_new_with_buf’:
recog_by_ebgm.c:32: warning: ‘return’ with no value, in function returning non-void
recog_by_ebgm.c: In function ‘recog_by_ebgm_write_frame_data’:
recog_by_ebgm.c:46: warning: ‘return’ with no value, in function returning non-void
recog_by_ebgm.c:47: warning: ‘return’ with no value, in function returning non-void
recog_by_ebgm.c: At top level:
recog_by_ebgm.c:21: warning: ‘reacog_by_ebgm_class’ defined but not used
gcc -DHAVE_CONFIG_H -I. -I. -I.. -I/usr/include/gtk-1.2 -I/usr/include/glib-1.2 -I/usr/lib/glib/include 	-I/usr/include/libxml2 	-I/usr/local/include 	-I/usr/src/linux/drivers/ieee1394 	-Icsu    -g -O2  -Wall -c gaborrg_maker_file_io.c
In file included from csu/csuCommon.h:29,
                 from anubis_common.h:30,
                 from gaborrg_maker_gui.h:38,
                 from gaborrg_maker_file_io.h:28,
                 from gaborrg_maker_file_io.c:19:
csu/csuCommonUtil.h:69:1: warning: "MIN" redefined
In file included from /usr/local/include/malib/malib_common.h:37,
                 from /usr/local/include/malib/bttv.h:24,
                 from /usr/local/include/malib/malib.h:22,
                 from gaborrg_maker_gui.h:28,
                 from gaborrg_maker_file_io.h:28,
                 from gaborrg_maker_file_io.c:19:
/usr/include/glib-1.2/glib.h:137:1: warning: this is the location of the previous definition
In file included from csu/csuCommon.h:29,
                 from anubis_common.h:30,
                 from gaborrg_maker_gui.h:38,
                 from gaborrg_maker_file_io.h:28,
                 from gaborrg_maker_file_io.c:19:
csu/csuCommonUtil.h:70:1: warning: "MAX" redefined
In file included from /usr/local/include/malib/malib_common.h:37,
                 from /usr/local/include/malib/bttv.h:24,
                 from /usr/local/include/malib/malib.h:22,
                 from gaborrg_maker_gui.h:28,
                 from gaborrg_maker_file_io.h:28,
                 from gaborrg_maker_file_io.c:19:
/usr/include/glib-1.2/glib.h:134:1: warning: this is the location of the previous definition
In file included from csu/csuCommon.h:29,
                 from anubis_common.h:30,
                 from gaborrg_maker_gui.h:38,
                 from gaborrg_maker_file_io.h:28,
                 from gaborrg_maker_file_io.c:19:
csu/csuCommonUtil.h:71:1: warning: "ABS" redefined
In file included from /usr/local/include/malib/malib_common.h:37,
                 from /usr/local/include/malib/bttv.h:24,
                 from /usr/local/include/malib/malib.h:22,
                 from gaborrg_maker_gui.h:28,
                 from gaborrg_maker_file_io.h:28,
                 from gaborrg_maker_file_io.c:19:
/usr/include/glib-1.2/glib.h:140:1: warning: this is the location of the previous definition
In file included from anubis_common.h:30,
                 from gaborrg_maker_gui.h:38,
                 from gaborrg_maker_file_io.h:28,
                 from gaborrg_maker_file_io.c:19:
csu/csuCommon.h:41:1: warning: "VERSION" redefined
In file included from csu/csuCommonImage.h:30,
                 from anubis_common.h:29,
                 from gaborrg_maker_gui.h:38,
                 from gaborrg_maker_file_io.h:28,
                 from gaborrg_maker_file_io.c:19:
../config.h:73:1: warning: this is the location of the previous definition
In file included from gaborrg_maker_gui.h:38,
                 from gaborrg_maker_file_io.h:28,
                 from gaborrg_maker_file_io.c:19:
anubis_common.h:156:1: warning: "PI" redefined
In file included from csu/csuCommon.h:29,
                 from anubis_common.h:30,
                 from gaborrg_maker_gui.h:38,
                 from gaborrg_maker_file_io.h:28,
                 from gaborrg_maker_file_io.c:19:
csu/csuCommonUtil.h:79:1: warning: this is the location of the previous definition
In file included from ../glade_gui_src/glade_support.h:6,
                 from node_data.h:23,
                 from gaborrg_maker_gui.h:39,
                 from gaborrg_maker_file_io.h:28,
                 from gaborrg_maker_file_io.c:19:
../config.h:73:1: warning: "VERSION" redefined
In file included from anubis_common.h:30,
                 from gaborrg_maker_gui.h:38,
                 from gaborrg_maker_file_io.h:28,
                 from gaborrg_maker_file_io.c:19:
csu/csuCommon.h:41:1: warning: this is the location of the previous definition
gaborrg_maker_file_io.c: In function ‘gabor_mag_stack_data_convert_to_xml’:
gaborrg_maker_file_io.c:42: warning: pointer targets in passing argument 1 of ‘xmlNewDoc’ differ in signedness
gaborrg_maker_file_io.c:43: warning: pointer targets in passing argument 3 of ‘xmlNewDocNode’ differ in signedness
gaborrg_maker_file_io.c:44: warning: pointer targets in passing argument 3 of ‘xmlNewChild’ differ in signedness
gaborrg_maker_file_io.c: In function ‘gabor_mag_face_node_data_add_to_templates_node’:
gaborrg_maker_file_io.c:68: warning: pointer targets in passing argument 3 of ‘xmlNewChild’ differ in signedness
gaborrg_maker_file_io.c:71: warning: pointer targets in passing argument 2 of ‘xmlSetProp’ differ in signedness
gaborrg_maker_file_io.c:71: warning: pointer targets in passing argument 3 of ‘xmlSetProp’ differ in signedness
gaborrg_maker_file_io.c:72: warning: pointer targets in passing argument 2 of ‘xmlSetProp’ differ in signedness
gaborrg_maker_file_io.c:72: warning: pointer targets in passing argument 3 of ‘xmlSetProp’ differ in signedness
gaborrg_maker_file_io.c:82: warning: pointer targets in passing argument 3 of ‘xmlNewChild’ differ in signedness
gaborrg_maker_file_io.c:96: warning: pointer targets in passing argument 3 of ‘xmlNewChild’ differ in signedness
gaborrg_maker_file_io.c:96: warning: pointer targets in passing argument 4 of ‘xmlNewChild’ differ in signedness
gaborrg_maker_file_io.c:97: warning: pointer targets in passing argument 2 of ‘xmlSetProp’ differ in signedness
gaborrg_maker_file_io.c:97: warning: pointer targets in passing argument 3 of ‘xmlSetProp’ differ in signedness
gaborrg_maker_file_io.c:98: warning: pointer targets in passing argument 2 of ‘xmlSetProp’ differ in signedness
gaborrg_maker_file_io.c:98: warning: pointer targets in passing argument 3 of ‘xmlSetProp’ differ in signedness
gaborrg_maker_file_io.c:99: warning: pointer targets in passing argument 2 of ‘xmlSetProp’ differ in signedness
gaborrg_maker_file_io.c:99: warning: pointer targets in passing argument 3 of ‘xmlSetProp’ differ in signedness
gaborrg_maker_file_io.c:100: warning: pointer targets in passing argument 2 of ‘xmlSetProp’ differ in signedness
gaborrg_maker_file_io.c:100: warning: pointer targets in passing argument 3 of ‘xmlSetProp’ differ in signedness
gaborrg_maker_file_io.c:101: warning: pointer targets in passing argument 2 of ‘xmlSetProp’ differ in signedness
gaborrg_maker_file_io.c:101: warning: pointer targets in passing argument 3 of ‘xmlSetProp’ differ in signedness
gcc -DHAVE_CONFIG_H -I. -I. -I.. -I/usr/include/gtk-1.2 -I/usr/include/glib-1.2 -I/usr/lib/glib/include 	-I/usr/include/libxml2 	-I/usr/local/include 	-I/usr/src/linux/drivers/ieee1394 	-Icsu    -g -O2  -Wall -c gaborrg_maker_file_io_gui.c
In file included from csu/csuCommon.h:29,
                 from anubis_common.h:30,
                 from gaborrg_maker_gui.h:38,
                 from gaborrg_maker_file_io_gui.h:27,
                 from gaborrg_maker_file_io_gui.c:19:
csu/csuCommonUtil.h:69:1: warning: "MIN" redefined
In file included from /usr/local/include/malib/malib_common.h:37,
                 from /usr/local/include/malib/bttv.h:24,
                 from /usr/local/include/malib/malib.h:22,
                 from gaborrg_maker_file_io_gui.h:22,
                 from gaborrg_maker_file_io_gui.c:19:
/usr/include/glib-1.2/glib.h:137:1: warning: this is the location of the previous definition
In file included from csu/csuCommon.h:29,
                 from anubis_common.h:30,
                 from gaborrg_maker_gui.h:38,
                 from gaborrg_maker_file_io_gui.h:27,
                 from gaborrg_maker_file_io_gui.c:19:
csu/csuCommonUtil.h:70:1: warning: "MAX" redefined
In file included from /usr/local/include/malib/malib_common.h:37,
                 from /usr/local/include/malib/bttv.h:24,
                 from /usr/local/include/malib/malib.h:22,
                 from gaborrg_maker_file_io_gui.h:22,
                 from gaborrg_maker_file_io_gui.c:19:
/usr/include/glib-1.2/glib.h:134:1: warning: this is the location of the previous definition
In file included from csu/csuCommon.h:29,
                 from anubis_common.h:30,
                 from gaborrg_maker_gui.h:38,
                 from gaborrg_maker_file_io_gui.h:27,
                 from gaborrg_maker_file_io_gui.c:19:
csu/csuCommonUtil.h:71:1: warning: "ABS" redefined
In file included from /usr/local/include/malib/malib_common.h:37,
                 from /usr/local/include/malib/bttv.h:24,
                 from /usr/local/include/malib/malib.h:22,
                 from gaborrg_maker_file_io_gui.h:22,
                 from gaborrg_maker_file_io_gui.c:19:
/usr/include/glib-1.2/glib.h:140:1: warning: this is the location of the previous definition
In file included from anubis_common.h:30,
                 from gaborrg_maker_gui.h:38,
                 from gaborrg_maker_file_io_gui.h:27,
                 from gaborrg_maker_file_io_gui.c:19:
csu/csuCommon.h:41:1: warning: "VERSION" redefined
In file included from csu/csuCommonImage.h:30,
                 from anubis_common.h:29,
                 from gaborrg_maker_gui.h:38,
                 from gaborrg_maker_file_io_gui.h:27,
                 from gaborrg_maker_file_io_gui.c:19:
../config.h:73:1: warning: this is the location of the previous definition
In file included from gaborrg_maker_gui.h:38,
                 from gaborrg_maker_file_io_gui.h:27,
                 from gaborrg_maker_file_io_gui.c:19:
anubis_common.h:156:1: warning: "PI" redefined
In file included from csu/csuCommon.h:29,
                 from anubis_common.h:30,
                 from gaborrg_maker_gui.h:38,
                 from gaborrg_maker_file_io_gui.h:27,
                 from gaborrg_maker_file_io_gui.c:19:
csu/csuCommonUtil.h:79:1: warning: this is the location of the previous definition
In file included from ../glade_gui_src/glade_support.h:6,
                 from node_data.h:23,
                 from gaborrg_maker_gui.h:39,
                 from gaborrg_maker_file_io_gui.h:27,
                 from gaborrg_maker_file_io_gui.c:19:
../config.h:73:1: warning: "VERSION" redefined
In file included from anubis_common.h:30,
                 from gaborrg_maker_gui.h:38,
                 from gaborrg_maker_file_io_gui.h:27,
                 from gaborrg_maker_file_io_gui.c:19:
csu/csuCommon.h:41:1: warning: this is the location of the previous definition
gaborrg_maker_file_io_gui.c: In function ‘gaborrg_maker_file_io_gui_setup’:
gaborrg_maker_file_io_gui.c:28: warning: unused variable ‘data_type_rbu_gmag’
gcc -DHAVE_CONFIG_H -I. -I. -I.. -I/usr/include/gtk-1.2 -I/usr/include/glib-1.2 -I/usr/lib/glib/include 	-I/usr/include/libxml2 	-I/usr/local/include 	-I/usr/src/linux/drivers/ieee1394 	-Icsu    -g -O2  -Wall -c gaborrg_maker_gui.c
In file included from csu/csuCommon.h:29,
                 from anubis_common.h:30,
                 from gaborrg_maker_gui.h:38,
                 from gaborrg_maker_gui.c:19:
csu/csuCommonUtil.h:69:1: warning: "MIN" redefined
In file included from /usr/local/include/malib/malib_common.h:37,
                 from /usr/local/include/malib/bttv.h:24,
                 from /usr/local/include/malib/malib.h:22,
                 from gaborrg_maker_gui.h:28,
                 from gaborrg_maker_gui.c:19:
/usr/include/glib-1.2/glib.h:137:1: warning: this is the location of the previous definition
In file included from csu/csuCommon.h:29,
                 from anubis_common.h:30,
                 from gaborrg_maker_gui.h:38,
                 from gaborrg_maker_gui.c:19:
csu/csuCommonUtil.h:70:1: warning: "MAX" redefined
In file included from /usr/local/include/malib/malib_common.h:37,
                 from /usr/local/include/malib/bttv.h:24,
                 from /usr/local/include/malib/malib.h:22,
                 from gaborrg_maker_gui.h:28,
                 from gaborrg_maker_gui.c:19:
/usr/include/glib-1.2/glib.h:134:1: warning: this is the location of the previous definition
In file included from csu/csuCommon.h:29,
                 from anubis_common.h:30,
                 from gaborrg_maker_gui.h:38,
                 from gaborrg_maker_gui.c:19:
csu/csuCommonUtil.h:71:1: warning: "ABS" redefined
In file included from /usr/local/include/malib/malib_common.h:37,
                 from /usr/local/include/malib/bttv.h:24,
                 from /usr/local/include/malib/malib.h:22,
                 from gaborrg_maker_gui.h:28,
                 from gaborrg_maker_gui.c:19:
/usr/include/glib-1.2/glib.h:140:1: warning: this is the location of the previous definition
In file included from anubis_common.h:30,
                 from gaborrg_maker_gui.h:38,
                 from gaborrg_maker_gui.c:19:
csu/csuCommon.h:41:1: warning: "VERSION" redefined
In file included from csu/csuCommonImage.h:30,
                 from anubis_common.h:29,
                 from gaborrg_maker_gui.h:38,
                 from gaborrg_maker_gui.c:19:
../config.h:73:1: warning: this is the location of the previous definition
In file included from gaborrg_maker_gui.h:38,
                 from gaborrg_maker_gui.c:19:
anubis_common.h:156:1: warning: "PI" redefined
In file included from csu/csuCommon.h:29,
                 from anubis_common.h:30,
                 from gaborrg_maker_gui.h:38,
                 from gaborrg_maker_gui.c:19:
csu/csuCommonUtil.h:79:1: warning: this is the location of the previous definition
In file included from ../glade_gui_src/glade_support.h:6,
                 from node_data.h:23,
                 from gaborrg_maker_gui.h:39,
                 from gaborrg_maker_gui.c:19:
../config.h:73:1: warning: "VERSION" redefined
In file included from anubis_common.h:30,
                 from gaborrg_maker_gui.h:38,
                 from gaborrg_maker_gui.c:19:
csu/csuCommon.h:41:1: warning: this is the location of the previous definition
gaborrg_maker_gui.c: In function ‘gaborrg_maker_gui_new’:
gaborrg_maker_gui.c:39: warning: unused variable ‘tmp_rads’
gaborrg_maker_gui.c:38: warning: unused variable ‘tmp_dirs’
gaborrg_maker_gui.c: In function ‘set_clicked_point_data_drawarea_clicked’:
gaborrg_maker_gui.c:430: warning: implicit declaration of function ‘gaborrg_maker_node_data_new_from_gui’
gaborrg_maker_gui.c:430: warning: assignment makes pointer from integer without a cast
gaborrg_maker_gui.c:433: warning: implicit declaration of function ‘gaborrg_maker_set_clicked_point_data_to_node_data’
gaborrg_maker_gui.c:439: warning: implicit declaration of function ‘gaborrg_maker_node_data_delete’
gaborrg_maker_gui.c: In function ‘message_to_statusbar_drawarea_clicked’:
gaborrg_maker_gui.c:481: warning: passing argument 1 of ‘g_snprintf’ from incompatible pointer type
gaborrg_maker_gui.c:484: warning: passing argument 1 of ‘g_snprintf’ from incompatible pointer type
gaborrg_maker_gui.c:486: warning: passing argument 1 of ‘g_snprintf’ from incompatible pointer type
gaborrg_maker_gui.c:489: warning: passing argument 3 of ‘gtk_statusbar_push’ from incompatible pointer type
gaborrg_maker_gui.c: In function ‘parts_button_clicked’:
gaborrg_maker_gui.c:580: warning: passing argument 1 of ‘g_snprintf’ from incompatible pointer type
gaborrg_maker_gui.c:581: warning: format ‘%s’ expects type ‘char *’, but argument 2 has type ‘gchar **’
gaborrg_maker_gui.c:606: warning: passing argument 1 of ‘g_snprintf’ from incompatible pointer type
gaborrg_maker_gui.c:607: warning: format ‘%s’ expects type ‘char *’, but argument 2 has type ‘gchar **’
gaborrg_maker_gui.c:613: warning: passing argument 3 of ‘gtk_statusbar_push’ from incompatible pointer type
gaborrg_maker_gui.c: In function ‘gaborrg_maker_set_parts_names_and_num_to_gui_from_default’:
gaborrg_maker_gui.c:623: warning: unused variable ‘tmp_parts_names_num’
gaborrg_maker_gui.c: In function ‘set_resized_csu_image_from_gui’:
gaborrg_maker_gui.c:710: warning: passing argument 1 of ‘((gui->gray_buffer)->klass)->get_current_frame’ from incompatible pointer type
gaborrg_maker_gui.c:689: warning: unused variable ‘need_increment’
gaborrg_maker_gui.c:688: warning: ‘face_rect.width’ may be used uninitialized in this function
gaborrg_maker_gui.c:688: warning: ‘face_rect.x’ may be used uninitialized in this function
gaborrg_maker_gui.c:688: warning: ‘face_rect.y’ may be used uninitialized in this function
gaborrg_maker_gui.c:688: warning: ‘face_rect.height’ may be used uninitialized in this function
gcc -DHAVE_CONFIG_H -I. -I. -I.. -I/usr/include/gtk-1.2 -I/usr/include/glib-1.2 -I/usr/lib/glib/include 	-I/usr/include/libxml2 	-I/usr/local/include 	-I/usr/src/linux/drivers/ieee1394 	-Icsu    -g -O2  -Wall -c gaborrg_maker_ebgm.c
In file included from csu/csuCommon.h:29,
                 from anubis_common.h:30,
                 from gaborrg_maker_ebgm.h:25,
                 from gaborrg_maker_ebgm.c:19:
csu/csuCommonUtil.h:69:1: warning: "MIN" redefined
In file included from /usr/local/include/malib/malib_common.h:37,
                 from /usr/local/include/malib/bttv.h:24,
                 from /usr/local/include/malib/malib.h:22,
                 from gaborrg_maker_ebgm.h:22,
                 from gaborrg_maker_ebgm.c:19:
/usr/include/glib-1.2/glib.h:137:1: warning: this is the location of the previous definition
In file included from csu/csuCommon.h:29,
                 from anubis_common.h:30,
                 from gaborrg_maker_ebgm.h:25,
                 from gaborrg_maker_ebgm.c:19:
csu/csuCommonUtil.h:70:1: warning: "MAX" redefined
In file included from /usr/local/include/malib/malib_common.h:37,
                 from /usr/local/include/malib/bttv.h:24,
                 from /usr/local/include/malib/malib.h:22,
                 from gaborrg_maker_ebgm.h:22,
                 from gaborrg_maker_ebgm.c:19:
/usr/include/glib-1.2/glib.h:134:1: warning: this is the location of the previous definition
In file included from csu/csuCommon.h:29,
                 from anubis_common.h:30,
                 from gaborrg_maker_ebgm.h:25,
                 from gaborrg_maker_ebgm.c:19:
csu/csuCommonUtil.h:71:1: warning: "ABS" redefined
In file included from /usr/local/include/malib/malib_common.h:37,
                 from /usr/local/include/malib/bttv.h:24,
                 from /usr/local/include/malib/malib.h:22,
                 from gaborrg_maker_ebgm.h:22,
                 from gaborrg_maker_ebgm.c:19:
/usr/include/glib-1.2/glib.h:140:1: warning: this is the location of the previous definition
In file included from anubis_common.h:30,
                 from gaborrg_maker_ebgm.h:25,
                 from gaborrg_maker_ebgm.c:19:
csu/csuCommon.h:41:1: warning: "VERSION" redefined
In file included from csu/csuCommonImage.h:30,
                 from anubis_common.h:29,
                 from gaborrg_maker_ebgm.h:25,
                 from gaborrg_maker_ebgm.c:19:
../config.h:73:1: warning: this is the location of the previous definition
In file included from gaborrg_maker_ebgm.h:25,
                 from gaborrg_maker_ebgm.c:19:
anubis_common.h:156:1: warning: "PI" redefined
In file included from csu/csuCommon.h:29,
                 from anubis_common.h:30,
                 from gaborrg_maker_ebgm.h:25,
                 from gaborrg_maker_ebgm.c:19:
csu/csuCommonUtil.h:79:1: warning: this is the location of the previous definition
In file included from ../glade_gui_src/glade_support.h:6,
                 from node_data.h:23,
                 from gaborrg_maker_gui.h:39,
                 from gaborrg_maker_ebgm.h:26,
                 from gaborrg_maker_ebgm.c:19:
../config.h:73:1: warning: "VERSION" redefined
In file included from anubis_common.h:30,
                 from gaborrg_maker_ebgm.h:25,
                 from gaborrg_maker_ebgm.c:19:
csu/csuCommon.h:41:1: warning: this is the location of the previous definition
gaborrg_maker_ebgm.c:44:8: warning: extra tokens at end of #endif directive
gaborrg_maker_ebgm.c: In function ‘grm_set_clicked_point_jet_data’:
gaborrg_maker_ebgm.c:30: warning: unused variable ‘i’
gaborrg_maker_ebgm.c:25: warning: unused variable ‘from_frame’
gaborrg_maker_ebgm.c:24: warning: unused variable ‘buffer’
gaborrg_maker_ebgm.c: In function ‘grm_jet_new_from_gui’:
gaborrg_maker_ebgm.c:49: warning: unused variable ‘masks’
gaborrg_maker_ebgm.c: In function ‘grm_jet_face_node_data_stack_output_file’:
gaborrg_maker_ebgm.c:108: warning: unused variable ‘tree’
gaborrg_maker_ebgm.c: In function ‘grm_jet_face_node_data_add_to_templates_node’:
gaborrg_maker_ebgm.c:155: warning: pointer targets in passing argument 3 of ‘xmlNewChild’ differ in signedness
gaborrg_maker_ebgm.c:156: warning: pointer targets in passing argument 2 of ‘xmlSetProp’ differ in signedness
gaborrg_maker_ebgm.c:156: warning: pointer targets in passing argument 3 of ‘xmlSetProp’ differ in signedness
gaborrg_maker_ebgm.c:152: warning: unused variable ‘node_cell’
gaborrg_maker_ebgm.c:152: warning: unused variable ‘node_cells’
gaborrg_maker_ebgm.c:151: warning: unused variable ‘char_height’
gaborrg_maker_ebgm.c:151: warning: unused variable ‘char_width’
gaborrg_maker_ebgm.c:150: warning: unused variable ‘i’
gaborrg_maker_ebgm.c: In function ‘grm_facegraph_seq_save_to_xml_file’:
gaborrg_maker_ebgm.c:211: warning: assignment from incompatible pointer type
gaborrg_maker_ebgm.c:212: warning: pointer targets in passing argument 3 of ‘xmlNewChild’ differ in signedness
gaborrg_maker_ebgm.c:213: warning: pointer targets in passing argument 2 of ‘xmlSetProp’ differ in signedness
gaborrg_maker_ebgm.c:213: warning: pointer targets in passing argument 3 of ‘xmlSetProp’ differ in signedness
gaborrg_maker_ebgm.c:214: warning: pointer targets in passing argument 2 of ‘xmlSetProp’ differ in signedness
gaborrg_maker_ebgm.c:214: warning: pointer targets in passing argument 3 of ‘xmlSetProp’ differ in signedness
gaborrg_maker_ebgm.c:215: warning: pointer targets in passing argument 2 of ‘xmlSetProp’ differ in signedness
gaborrg_maker_ebgm.c:215: warning: pointer targets in passing argument 3 of ‘xmlSetProp’ differ in signedness
gaborrg_maker_ebgm.c: In function ‘grm_get_xml_child_templats_from_doc’:
gaborrg_maker_ebgm.c:238: warning: pointer targets in passing argument 1 of ‘xmlNewDoc’ differ in signedness
gaborrg_maker_ebgm.c:239: warning: pointer targets in passing argument 3 of ‘xmlNewDocNode’ differ in signedness
gaborrg_maker_ebgm.c:240: warning: pointer targets in passing argument 3 of ‘xmlNewChild’ differ in signedness
gaborrg_maker_ebgm.c:229: warning: unused variable ‘tree’
gaborrg_maker_ebgm.c: In function ‘grm_set_xml_child_cells_from_jet’:
gaborrg_maker_ebgm.c:262: warning: pointer targets in passing argument 3 of ‘xmlNewChild’ differ in signedness
gaborrg_maker_ebgm.c:267: warning: pointer targets in passing argument 2 of ‘xmlSetProp’ differ in signedness
gaborrg_maker_ebgm.c:267: warning: pointer targets in passing argument 3 of ‘xmlSetProp’ differ in signedness
gaborrg_maker_ebgm.c:268: warning: pointer targets in passing argument 2 of ‘xmlSetProp’ differ in signedness
gaborrg_maker_ebgm.c:268: warning: pointer targets in passing argument 3 of ‘xmlSetProp’ differ in signedness
gaborrg_maker_ebgm.c:269: warning: pointer targets in passing argument 2 of ‘xmlSetProp’ differ in signedness
gaborrg_maker_ebgm.c:269: warning: pointer targets in passing argument 3 of ‘xmlSetProp’ differ in signedness
gaborrg_maker_ebgm.c:274: warning: pointer targets in passing argument 3 of ‘xmlNewChild’ differ in signedness
gaborrg_maker_ebgm.c:281: warning: pointer targets in passing argument 3 of ‘xmlNewChild’ differ in signedness
gaborrg_maker_ebgm.c:281: warning: pointer targets in passing argument 4 of ‘xmlNewChild’ differ in signedness
gaborrg_maker_ebgm.c:282: warning: pointer targets in passing argument 3 of ‘xmlNewChild’ differ in signedness
gaborrg_maker_ebgm.c:282: warning: pointer targets in passing argument 4 of ‘xmlNewChild’ differ in signedness
gaborrg_maker_ebgm.c:283: warning: pointer targets in passing argument 3 of ‘xmlNewChild’ differ in signedness
gaborrg_maker_ebgm.c:283: warning: pointer targets in passing argument 4 of ‘xmlNewChild’ differ in signedness
gaborrg_maker_ebgm.c:284: warning: pointer targets in passing argument 3 of ‘xmlNewChild’ differ in signedness
gaborrg_maker_ebgm.c:284: warning: pointer targets in passing argument 4 of ‘xmlNewChild’ differ in signedness
gaborrg_maker_ebgm.c: In function ‘grm_ebgm_new_cur_image’:
gaborrg_maker_ebgm.c:311: warning: passing argument 1 of ‘((buf)->klass)->get_current_frame’ from incompatible pointer type
gaborrg_maker_ebgm.c: In function ‘grm_ebgm_write_default_params’:
gaborrg_maker_ebgm.c:340: warning: unused variable ‘n’
gaborrg_maker_ebgm.c:340: warning: unused variable ‘m’
gaborrg_maker_ebgm.c: In function ‘grm_jet_get_templates_node’:
gaborrg_maker_ebgm.c:402: warning: pointer targets in passing argument 1 of ‘strlen’ differ in signedness
gaborrg_maker_ebgm.c:402: warning: pointer targets in passing argument 1 of ‘__builtin_strcmp’ differ in signedness
gaborrg_maker_ebgm.c:402: warning: pointer targets in passing argument 1 of ‘strlen’ differ in signedness
gaborrg_maker_ebgm.c:402: warning: pointer targets in passing argument 1 of ‘__builtin_strcmp’ differ in signedness
gaborrg_maker_ebgm.c:402: warning: pointer targets in passing argument 1 of ‘__builtin_strcmp’ differ in signedness
gaborrg_maker_ebgm.c:402: warning: pointer targets in passing argument 1 of ‘__builtin_strcmp’ differ in signedness
gaborrg_maker_ebgm.c:405: warning: pointer targets in passing argument 1 of ‘strlen’ differ in signedness
gaborrg_maker_ebgm.c:405: warning: pointer targets in passing argument 1 of ‘__builtin_strcmp’ differ in signedness
gaborrg_maker_ebgm.c:405: warning: pointer targets in passing argument 1 of ‘strlen’ differ in signedness
gaborrg_maker_ebgm.c:405: warning: pointer targets in passing argument 1 of ‘__builtin_strcmp’ differ in signedness
gaborrg_maker_ebgm.c:405: warning: pointer targets in passing argument 1 of ‘__builtin_strcmp’ differ in signedness
gaborrg_maker_ebgm.c:405: warning: pointer targets in passing argument 1 of ‘__builtin_strcmp’ differ in signedness
gaborrg_maker_ebgm.c: In function ‘grm_jet_new_from_gui’:
gaborrg_maker_ebgm.c:56: warning: control reaches end of non-void function
gcc -DHAVE_CONFIG_H -I. -I. -I.. -I/usr/include/gtk-1.2 -I/usr/include/glib-1.2 -I/usr/lib/glib/include 	-I/usr/include/libxml2 	-I/usr/local/include 	-I/usr/src/linux/drivers/ieee1394 	-Icsu    -g -O2  -Wall -c node_data.c
In file included from csu/csuCommon.h:29,
                 from anubis_common.h:30,
                 from gaborrg_maker_gui.h:38,
                 from node_data.h:32,
                 from node_data.c:19:
csu/csuCommonUtil.h:69:1: warning: "MIN" redefined
In file included from /usr/local/include/malib/malib_common.h:37,
                 from /usr/local/include/malib/bttv.h:24,
                 from /usr/local/include/malib/malib.h:22,
                 from node_data.h:21,
                 from node_data.c:19:
/usr/include/glib-1.2/glib.h:137:1: warning: this is the location of the previous definition
In file included from csu/csuCommon.h:29,
                 from anubis_common.h:30,
                 from gaborrg_maker_gui.h:38,
                 from node_data.h:32,
                 from node_data.c:19:
csu/csuCommonUtil.h:70:1: warning: "MAX" redefined
In file included from /usr/local/include/malib/malib_common.h:37,
                 from /usr/local/include/malib/bttv.h:24,
                 from /usr/local/include/malib/malib.h:22,
                 from node_data.h:21,
                 from node_data.c:19:
/usr/include/glib-1.2/glib.h:134:1: warning: this is the location of the previous definition
In file included from csu/csuCommon.h:29,
                 from anubis_common.h:30,
                 from gaborrg_maker_gui.h:38,
                 from node_data.h:32,
                 from node_data.c:19:
csu/csuCommonUtil.h:71:1: warning: "ABS" redefined
In file included from /usr/local/include/malib/malib_common.h:37,
                 from /usr/local/include/malib/bttv.h:24,
                 from /usr/local/include/malib/malib.h:22,
                 from node_data.h:21,
                 from node_data.c:19:
/usr/include/glib-1.2/glib.h:140:1: warning: this is the location of the previous definition
In file included from anubis_common.h:30,
                 from gaborrg_maker_gui.h:38,
                 from node_data.h:32,
                 from node_data.c:19:
csu/csuCommon.h:41:1: warning: "VERSION" redefined
In file included from csu/csuCommonImage.h:30,
                 from anubis_common.h:29,
                 from gaborrg_maker_gui.h:38,
                 from node_data.h:32,
                 from node_data.c:19:
../config.h:73:1: warning: this is the location of the previous definition
In file included from gaborrg_maker_gui.h:38,
                 from node_data.h:32,
                 from node_data.c:19:
anubis_common.h:156:1: warning: "PI" redefined
In file included from csu/csuCommon.h:29,
                 from anubis_common.h:30,
                 from gaborrg_maker_gui.h:38,
                 from node_data.h:32,
                 from node_data.c:19:
csu/csuCommonUtil.h:79:1: warning: this is the location of the previous definition
In file included from ../glade_gui_src/glade_support.h:6,
                 from gaborrg_maker_file_io_gui.h:24,
                 from gaborrg_maker_gui.h:40,
                 from node_data.h:32,
                 from node_data.c:19:
../config.h:73:1: warning: "VERSION" redefined
In file included from anubis_common.h:30,
                 from gaborrg_maker_gui.h:38,
                 from node_data.h:32,
                 from node_data.c:19:
csu/csuCommon.h:41:1: warning: this is the location of the previous definition
node_data.c: In function ‘gaborrg_maker_node_data_new_from_gui’:
node_data.c:31: warning: assignment from incompatible pointer type
node_data.c:32: warning: assignment from incompatible pointer type
node_data.c:33: warning: assignment from incompatible pointer type
node_data.c:34: warning: assignment from incompatible pointer type
node_data.c: In function ‘gaborrg_maker_set_clicked_point_data_to_node_data’:
node_data.c:55: warning: unused variable ‘from_frame’
node_data.c:54: warning: unused variable ‘buffer’
node_data.c: In function ‘gaborrg_maker_node_data_rcopy’:
node_data.c:133: warning: unused variable ‘len’
gcc -DHAVE_CONFIG_H -I. -I. -I.. -I/usr/include/gtk-1.2 -I/usr/include/glib-1.2 -I/usr/lib/glib/include 	-I/usr/include/libxml2 	-I/usr/local/include 	-I/usr/src/linux/drivers/ieee1394 	-Icsu    -g -O2  -Wall -c recog_by_jets.c
In file included from csu/csuCommon.h:29,
                 from anubis_common.h:30,
                 from gaborrg_recog.h:27,
                 from recog_by_jets.h:35,
                 from recog_by_jets.c:19:
csu/csuCommonUtil.h:69:1: warning: "MIN" redefined
In file included from /usr/local/include/malib/malib_common.h:37,
                 from /usr/local/include/malib/bttv.h:24,
                 from /usr/local/include/malib/malib.h:22,
                 from recog_by_jets.h:25,
                 from recog_by_jets.c:19:
/usr/include/glib-1.2/glib.h:137:1: warning: this is the location of the previous definition
In file included from csu/csuCommon.h:29,
                 from anubis_common.h:30,
                 from gaborrg_recog.h:27,
                 from recog_by_jets.h:35,
                 from recog_by_jets.c:19:
csu/csuCommonUtil.h:70:1: warning: "MAX" redefined
In file included from /usr/local/include/malib/malib_common.h:37,
                 from /usr/local/include/malib/bttv.h:24,
                 from /usr/local/include/malib/malib.h:22,
                 from recog_by_jets.h:25,
                 from recog_by_jets.c:19:
/usr/include/glib-1.2/glib.h:134:1: warning: this is the location of the previous definition
In file included from csu/csuCommon.h:29,
                 from anubis_common.h:30,
                 from gaborrg_recog.h:27,
                 from recog_by_jets.h:35,
                 from recog_by_jets.c:19:
csu/csuCommonUtil.h:71:1: warning: "ABS" redefined
In file included from /usr/local/include/malib/malib_common.h:37,
                 from /usr/local/include/malib/bttv.h:24,
                 from /usr/local/include/malib/malib.h:22,
                 from recog_by_jets.h:25,
                 from recog_by_jets.c:19:
/usr/include/glib-1.2/glib.h:140:1: warning: this is the location of the previous definition
In file included from anubis_common.h:30,
                 from gaborrg_recog.h:27,
                 from recog_by_jets.h:35,
                 from recog_by_jets.c:19:
csu/csuCommon.h:41:1: warning: "VERSION" redefined
In file included from csu/csuCommonImage.h:30,
                 from anubis_common.h:29,
                 from gaborrg_recog.h:27,
                 from recog_by_jets.h:35,
                 from recog_by_jets.c:19:
../config.h:73:1: warning: this is the location of the previous definition
In file included from gaborrg_recog.h:27,
                 from recog_by_jets.h:35,
                 from recog_by_jets.c:19:
anubis_common.h:156:1: warning: "PI" redefined
In file included from csu/csuCommon.h:29,
                 from anubis_common.h:30,
                 from gaborrg_recog.h:27,
                 from recog_by_jets.h:35,
                 from recog_by_jets.c:19:
csu/csuCommonUtil.h:79:1: warning: this is the location of the previous definition
In file included from ../glade_gui_src/glade_support.h:6,
                 from gaborrg_recog_gui.h:24,
                 from recog_by_gabor.h:32,
                 from gaborrg_recog.h:28,
                 from recog_by_jets.h:35,
                 from recog_by_jets.c:19:
../config.h:73:1: warning: "VERSION" redefined
In file included from anubis_common.h:30,
                 from gaborrg_recog.h:27,
                 from recog_by_jets.h:35,
                 from recog_by_jets.c:19:
csu/csuCommon.h:41:1: warning: this is the location of the previous definition
recog_by_jets.c:93: warning: missing braces around initializer
recog_by_jets.c:93: warning: (near initialization for ‘recog_by_jets_class.super’)
recog_by_jets.c: In function ‘recog_by_jets_new_with_buf’:
recog_by_jets.c:110: warning: ‘return’ with no value, in function returning non-void
recog_by_jets.c:120: warning: passing argument 1 of ‘malib_filter_set_buffer_with_frame’ from incompatible pointer type
recog_by_jets.c: In function ‘read_jet_settings_from_file’:
recog_by_jets.c:229: warning: unused variable ‘tmp_name’
recog_by_jets.c: In function ‘recog_by_jets_create_param’:
recog_by_jets.c:277: warning: braces around scalar initializer
recog_by_jets.c:277: warning: (near initialization for ‘face_parts_area_of_vert[0]’)
recog_by_jets.c:277: warning: excess elements in scalar initializer
recog_by_jets.c:277: warning: (near initialization for ‘face_parts_area_of_vert[0]’)
recog_by_jets.c:277: warning: excess elements in scalar initializer
recog_by_jets.c:277: warning: (near initialization for ‘face_parts_area_of_vert[0]’)
recog_by_jets.c:277: warning: excess elements in scalar initializer
recog_by_jets.c:277: warning: (near initialization for ‘face_parts_area_of_vert[0]’)
recog_by_jets.c:277: warning: excess elements in scalar initializer
recog_by_jets.c:277: warning: (near initialization for ‘face_parts_area_of_vert[0]’)
recog_by_jets.c:277: warning: braces around scalar initializer
recog_by_jets.c:277: warning: (near initialization for ‘face_parts_area_of_vert[1]’)
recog_by_jets.c:277: warning: initialization makes pointer from integer without a cast
recog_by_jets.c:277: warning: excess elements in scalar initializer
recog_by_jets.c:277: warning: (near initialization for ‘face_parts_area_of_vert[1]’)
recog_by_jets.c:277: warning: excess elements in scalar initializer
recog_by_jets.c:277: warning: (near initialization for ‘face_parts_area_of_vert[1]’)
recog_by_jets.c:277: warning: excess elements in scalar initializer
recog_by_jets.c:277: warning: (near initialization for ‘face_parts_area_of_vert[1]’)
recog_by_jets.c:277: warning: excess elements in scalar initializer
recog_by_jets.c:277: warning: (near initialization for ‘face_parts_area_of_vert[1]’)
recog_by_jets.c:277: warning: braces around scalar initializer
recog_by_jets.c:277: warning: (near initialization for ‘face_parts_area_of_vert[2]’)
recog_by_jets.c:277: warning: initialization makes pointer from integer without a cast
recog_by_jets.c:277: warning: excess elements in scalar initializer
recog_by_jets.c:277: warning: (near initialization for ‘face_parts_area_of_vert[2]’)
recog_by_jets.c:277: warning: excess elements in scalar initializer
recog_by_jets.c:277: warning: (near initialization for ‘face_parts_area_of_vert[2]’)
recog_by_jets.c:277: warning: braces around scalar initializer
recog_by_jets.c:277: warning: (near initialization for ‘face_parts_area_of_vert[3]’)
recog_by_jets.c:277: warning: initialization makes pointer from integer without a cast
recog_by_jets.c:277: warning: excess elements in scalar initializer
recog_by_jets.c:277: warning: (near initialization for ‘face_parts_area_of_vert[3]’)
recog_by_jets.c:277: warning: excess elements in scalar initializer
recog_by_jets.c:277: warning: (near initialization for ‘face_parts_area_of_vert[3]’)
recog_by_jets.c: In function ‘draw_cv_marker’:
recog_by_jets.c:371: warning: implicit declaration of function ‘anubis_cv_draw_cross’
recog_by_jets.c: In function ‘get_face_angle_from_eye_lineup’:
recog_by_jets.c:527: warning: assignment from incompatible pointer type
recog_by_jets.c:509: warning: unused variable ‘eye_jets’
recog_by_jets.c: In function ‘rbj_set_sim_jets’:
recog_by_jets.c:688: warning: assignment from incompatible pointer type
recog_by_jets.c: In function ‘rbj_set_bestsim_of_vert’:
recog_by_jets.c:716: warning: assignment from incompatible pointer type
gcc -DHAVE_CONFIG_H -I. -I. -I.. -I/usr/include/gtk-1.2 -I/usr/include/glib-1.2 -I/usr/lib/glib/include 	-I/usr/include/libxml2 	-I/usr/local/include 	-I/usr/src/linux/drivers/ieee1394 	-Icsu    -g -O2  -Wall -c gaborrg_recog_jet_file_io.c
In file included from csu/csuCommon.h:29,
                 from anubis_common.h:30,
                 from gaborrg_recog_jet_file_io.h:28,
                 from gaborrg_recog_jet_file_io.c:19:
csu/csuCommonUtil.h:69:1: warning: "MIN" redefined
In file included from /usr/local/include/malib/malib_common.h:37,
                 from /usr/local/include/malib/bttv.h:24,
                 from /usr/local/include/malib/malib.h:22,
                 from gaborrg_recog_jet_file_io.h:22,
                 from gaborrg_recog_jet_file_io.c:19:
/usr/include/glib-1.2/glib.h:137:1: warning: this is the location of the previous definition
In file included from csu/csuCommon.h:29,
                 from anubis_common.h:30,
                 from gaborrg_recog_jet_file_io.h:28,
                 from gaborrg_recog_jet_file_io.c:19:
csu/csuCommonUtil.h:70:1: warning: "MAX" redefined
In file included from /usr/local/include/malib/malib_common.h:37,
                 from /usr/local/include/malib/bttv.h:24,
                 from /usr/local/include/malib/malib.h:22,
                 from gaborrg_recog_jet_file_io.h:22,
                 from gaborrg_recog_jet_file_io.c:19:
/usr/include/glib-1.2/glib.h:134:1: warning: this is the location of the previous definition
In file included from csu/csuCommon.h:29,
                 from anubis_common.h:30,
                 from gaborrg_recog_jet_file_io.h:28,
                 from gaborrg_recog_jet_file_io.c:19:
csu/csuCommonUtil.h:71:1: warning: "ABS" redefined
In file included from /usr/local/include/malib/malib_common.h:37,
                 from /usr/local/include/malib/bttv.h:24,
                 from /usr/local/include/malib/malib.h:22,
                 from gaborrg_recog_jet_file_io.h:22,
                 from gaborrg_recog_jet_file_io.c:19:
/usr/include/glib-1.2/glib.h:140:1: warning: this is the location of the previous definition
In file included from anubis_common.h:30,
                 from gaborrg_recog_jet_file_io.h:28,
                 from gaborrg_recog_jet_file_io.c:19:
csu/csuCommon.h:41:1: warning: "VERSION" redefined
In file included from csu/csuCommonImage.h:30,
                 from anubis_common.h:29,
                 from gaborrg_recog_jet_file_io.h:28,
                 from gaborrg_recog_jet_file_io.c:19:
../config.h:73:1: warning: this is the location of the previous definition
In file included from gaborrg_recog_jet_file_io.h:28,
                 from gaborrg_recog_jet_file_io.c:19:
anubis_common.h:156:1: warning: "PI" redefined
In file included from csu/csuCommon.h:29,
                 from anubis_common.h:30,
                 from gaborrg_recog_jet_file_io.h:28,
                 from gaborrg_recog_jet_file_io.c:19:
csu/csuCommonUtil.h:79:1: warning: this is the location of the previous definition
gaborrg_recog_jet_file_io.c: In function ‘grj_xml_parse_file’:
gaborrg_recog_jet_file_io.c:60: warning: pointer targets in passing argument 1 of ‘strlen’ differ in signedness
gaborrg_recog_jet_file_io.c:60: warning: pointer targets in passing argument 1 of ‘__builtin_strcmp’ differ in signedness
gaborrg_recog_jet_file_io.c:60: warning: pointer targets in passing argument 1 of ‘strlen’ differ in signedness
gaborrg_recog_jet_file_io.c:60: warning: pointer targets in passing argument 1 of ‘__builtin_strcmp’ differ in signedness
gaborrg_recog_jet_file_io.c:60: warning: pointer targets in passing argument 1 of ‘__builtin_strcmp’ differ in signedness
gaborrg_recog_jet_file_io.c:60: warning: pointer targets in passing argument 1 of ‘__builtin_strcmp’ differ in signedness
gaborrg_recog_jet_file_io.c:62: warning: pointer targets in passing argument 1 of ‘strlen’ differ in signedness
gaborrg_recog_jet_file_io.c:62: warning: pointer targets in passing argument 1 of ‘__builtin_strcmp’ differ in signedness
gaborrg_recog_jet_file_io.c:62: warning: pointer targets in passing argument 1 of ‘strlen’ differ in signedness
gaborrg_recog_jet_file_io.c:62: warning: pointer targets in passing argument 1 of ‘__builtin_strcmp’ differ in signedness
gaborrg_recog_jet_file_io.c:62: warning: pointer targets in passing argument 1 of ‘__builtin_strcmp’ differ in signedness
gaborrg_recog_jet_file_io.c:62: warning: pointer targets in passing argument 1 of ‘__builtin_strcmp’ differ in signedness
gaborrg_recog_jet_file_io.c:66: warning: pointer targets in passing argument 1 of ‘strlen’ differ in signedness
gaborrg_recog_jet_file_io.c:66: warning: pointer targets in passing argument 1 of ‘__builtin_strcmp’ differ in signedness
gaborrg_recog_jet_file_io.c:66: warning: pointer targets in passing argument 1 of ‘strlen’ differ in signedness
gaborrg_recog_jet_file_io.c:66: warning: pointer targets in passing argument 1 of ‘__builtin_strcmp’ differ in signedness
gaborrg_recog_jet_file_io.c:66: warning: pointer targets in passing argument 1 of ‘__builtin_strcmp’ differ in signedness
gaborrg_recog_jet_file_io.c:66: warning: pointer targets in passing argument 1 of ‘__builtin_strcmp’ differ in signedness
gaborrg_recog_jet_file_io.c:35: warning: unused variable ‘tmp_cell’
gaborrg_recog_jet_file_io.c:34: warning: unused variable ‘children’
gaborrg_recog_jet_file_io.c: In function ‘grj_xml_parse_template’:
gaborrg_recog_jet_file_io.c:103: warning: pointer targets in passing argument 2 of ‘xmlGetProp’ differ in signedness
gaborrg_recog_jet_file_io.c:103: warning: pointer targets in assignment differ in signedness
gaborrg_recog_jet_file_io.c:104: warning: pointer targets in passing argument 2 of ‘xmlGetProp’ differ in signedness
gaborrg_recog_jet_file_io.c:104: warning: pointer targets in assignment differ in signedness
gaborrg_recog_jet_file_io.c:99: warning: unused variable ‘cbuf’
gaborrg_recog_jet_file_io.c: In function ‘grj_xml_parse_cells’:
gaborrg_recog_jet_file_io.c:145: warning: pointer targets in passing argument 2 of ‘xmlGetProp’ differ in signedness
gaborrg_recog_jet_file_io.c:145: warning: pointer targets in passing argument 1 of ‘atoi’ differ in signedness
gaborrg_recog_jet_file_io.c:146: warning: pointer targets in passing argument 2 of ‘xmlGetProp’ differ in signedness
gaborrg_recog_jet_file_io.c:146: warning: pointer targets in passing argument 1 of ‘atoi’ differ in signedness
gaborrg_recog_jet_file_io.c:147: warning: pointer targets in passing argument 2 of ‘xmlGetProp’ differ in signedness
gaborrg_recog_jet_file_io.c:147: warning: pointer targets in assignment differ in signedness
gaborrg_recog_jet_file_io.c: In function ‘grj_xml_parse_cell’:
gaborrg_recog_jet_file_io.c:200: warning: pointer targets in passing argument 1 of ‘strlen’ differ in signedness
gaborrg_recog_jet_file_io.c:200: warning: pointer targets in passing argument 1 of ‘__builtin_strcmp’ differ in signedness
gaborrg_recog_jet_file_io.c:200: warning: pointer targets in passing argument 1 of ‘strlen’ differ in signedness
gaborrg_recog_jet_file_io.c:200: warning: pointer targets in passing argument 1 of ‘__builtin_strcmp’ differ in signedness
gaborrg_recog_jet_file_io.c:200: warning: pointer targets in passing argument 1 of ‘__builtin_strcmp’ differ in signedness
gaborrg_recog_jet_file_io.c:200: warning: pointer targets in passing argument 1 of ‘__builtin_strcmp’ differ in signedness
gaborrg_recog_jet_file_io.c:201: warning: pointer targets in passing argument 1 of ‘atof’ differ in signedness
gaborrg_recog_jet_file_io.c:202: warning: pointer targets in passing argument 1 of ‘strlen’ differ in signedness
gaborrg_recog_jet_file_io.c:202: warning: pointer targets in passing argument 1 of ‘__builtin_strcmp’ differ in signedness
gaborrg_recog_jet_file_io.c:202: warning: pointer targets in passing argument 1 of ‘strlen’ differ in signedness
gaborrg_recog_jet_file_io.c:202: warning: pointer targets in passing argument 1 of ‘__builtin_strcmp’ differ in signedness
gaborrg_recog_jet_file_io.c:202: warning: pointer targets in passing argument 1 of ‘__builtin_strcmp’ differ in signedness
gaborrg_recog_jet_file_io.c:202: warning: pointer targets in passing argument 1 of ‘__builtin_strcmp’ differ in signedness
gaborrg_recog_jet_file_io.c:203: warning: pointer targets in passing argument 1 of ‘atof’ differ in signedness
gaborrg_recog_jet_file_io.c:204: warning: pointer targets in passing argument 1 of ‘strlen’ differ in signedness
gaborrg_recog_jet_file_io.c:204: warning: pointer targets in passing argument 1 of ‘__builtin_strcmp’ differ in signedness
gaborrg_recog_jet_file_io.c:204: warning: pointer targets in passing argument 1 of ‘strlen’ differ in signedness
gaborrg_recog_jet_file_io.c:204: warning: pointer targets in passing argument 1 of ‘__builtin_strcmp’ differ in signedness
gaborrg_recog_jet_file_io.c:204: warning: pointer targets in passing argument 1 of ‘__builtin_strcmp’ differ in signedness
gaborrg_recog_jet_file_io.c:204: warning: pointer targets in passing argument 1 of ‘__builtin_strcmp’ differ in signedness
gaborrg_recog_jet_file_io.c:205: warning: pointer targets in passing argument 1 of ‘atof’ differ in signedness
gaborrg_recog_jet_file_io.c:206: warning: pointer targets in passing argument 1 of ‘strlen’ differ in signedness
gaborrg_recog_jet_file_io.c:206: warning: pointer targets in passing argument 1 of ‘__builtin_strcmp’ differ in signedness
gaborrg_recog_jet_file_io.c:206: warning: pointer targets in passing argument 1 of ‘strlen’ differ in signedness
gaborrg_recog_jet_file_io.c:206: warning: pointer targets in passing argument 1 of ‘__builtin_strcmp’ differ in signedness
gaborrg_recog_jet_file_io.c:206: warning: pointer targets in passing argument 1 of ‘__builtin_strcmp’ differ in signedness
gaborrg_recog_jet_file_io.c:206: warning: pointer targets in passing argument 1 of ‘__builtin_strcmp’ differ in signedness
gaborrg_recog_jet_file_io.c:207: warning: pointer targets in passing argument 1 of ‘atof’ differ in signedness
gaborrg_recog_jet_file_io.c: In function ‘grj_xml_jets_to_jets_sequence’:
gaborrg_recog_jet_file_io.c:344: warning: unused variable ‘jet’
gaborrg_recog_jet_file_io.c: In function ‘get_idx_from_jet_vertLabel’:
gaborrg_recog_jet_file_io.c:386: warning: unused variable ‘face_parts_len’
gaborrg_recog_jet_file_io.c: In function ‘grj_xml_parse_file’:
gaborrg_recog_jet_file_io.c:36: warning: ‘template_head’ may be used uninitialized in this function
gcc -DHAVE_CONFIG_H -I. -I. -I.. -I/usr/include/gtk-1.2 -I/usr/include/glib-1.2 -I/usr/lib/glib/include 	-I/usr/include/libxml2 	-I/usr/local/include 	-I/usr/src/linux/drivers/ieee1394 	-Icsu    -g -O2  -Wall -c anubis_marker.c
In file included from csu/csuCommon.h:29,
                 from anubis_common.h:30,
                 from anubis_marker.h:30,
                 from anubis_marker.c:20:
csu/csuCommonUtil.h:69:1: warning: "MIN" redefined
In file included from /usr/local/include/malib/malib_common.h:37,
                 from /usr/local/include/malib/bttv.h:24,
                 from /usr/local/include/malib/malib.h:22,
                 from anubis_marker.h:25,
                 from anubis_marker.c:20:
/usr/include/glib-1.2/glib.h:137:1: warning: this is the location of the previous definition
In file included from csu/csuCommon.h:29,
                 from anubis_common.h:30,
                 from anubis_marker.h:30,
                 from anubis_marker.c:20:
csu/csuCommonUtil.h:70:1: warning: "MAX" redefined
In file included from /usr/local/include/malib/malib_common.h:37,
                 from /usr/local/include/malib/bttv.h:24,
                 from /usr/local/include/malib/malib.h:22,
                 from anubis_marker.h:25,
                 from anubis_marker.c:20:
/usr/include/glib-1.2/glib.h:134:1: warning: this is the location of the previous definition
In file included from csu/csuCommon.h:29,
                 from anubis_common.h:30,
                 from anubis_marker.h:30,
                 from anubis_marker.c:20:
csu/csuCommonUtil.h:71:1: warning: "ABS" redefined
In file included from /usr/local/include/malib/malib_common.h:37,
                 from /usr/local/include/malib/bttv.h:24,
                 from /usr/local/include/malib/malib.h:22,
                 from anubis_marker.h:25,
                 from anubis_marker.c:20:
/usr/include/glib-1.2/glib.h:140:1: warning: this is the location of the previous definition
In file included from anubis_common.h:30,
                 from anubis_marker.h:30,
                 from anubis_marker.c:20:
csu/csuCommon.h:41:1: warning: "VERSION" redefined
In file included from csu/csuCommonImage.h:30,
                 from anubis_common.h:29,
                 from anubis_marker.h:30,
                 from anubis_marker.c:20:
../config.h:73:1: warning: this is the location of the previous definition
In file included from anubis_marker.h:30,
                 from anubis_marker.c:20:
anubis_common.h:156:1: warning: "PI" redefined
In file included from csu/csuCommon.h:29,
                 from anubis_common.h:30,
                 from anubis_marker.h:30,
                 from anubis_marker.c:20:
csu/csuCommonUtil.h:79:1: warning: this is the location of the previous definition
anubis_marker.c:33: warning: missing braces around initializer
anubis_marker.c:33: warning: (near initialization for ‘anubis_marker_class.super’)
anubis_marker.c: In function ‘anubis_marker_new_with_buf_and_filters’:
anubis_marker.c:58: warning: passing argument 1 of ‘malib_filter_set_buffer_with_frame’ from incompatible pointer type
anubis_marker.c: In function ‘anubis_marker_write_frame_data’:
anubis_marker.c:73: warning: unused variable ‘need_increment’
anubis_marker.c:73: warning: unused variable ‘allocation_y’
anubis_marker.c:73: warning: unused variable ‘allocation_x’
anubis_marker.c:73: warning: unused variable ‘y’
anubis_marker.c:73: warning: unused variable ‘x’
anubis_marker.c:72: warning: unused variable ‘src_data’
gcc -DHAVE_CONFIG_H -I. -I. -I.. -I/usr/include/gtk-1.2 -I/usr/include/glib-1.2 -I/usr/lib/glib/include 	-I/usr/include/libxml2 	-I/usr/local/include 	-I/usr/src/linux/drivers/ieee1394 	-Icsu    -g -O2  -Wall -c anubis_color_config.c
anubis_color_config.c:30: warning: missing braces around initializer
anubis_color_config.c:30: warning: (near initialization for ‘anubis_color_config_class.super’)
anubis_color_config.c: In function ‘anubis_color_config_new’:
anubis_color_config.c:37: warning: implicit declaration of function ‘memset’
anubis_color_config.c:37: warning: incompatible implicit declaration of built-in function ‘memset’
anubis_color_config.c: In function ‘anubis_color_config_new_with_buf_inner’:
anubis_color_config.c:44: warning: ‘return’ with no value, in function returning non-void
anubis_color_config.c: In function ‘anubis_color_config_write_frame_data’:
anubis_color_config.c:85: warning: unused variable ‘j’
anubis_color_config.c:105:8: warning: extra tokens at end of #endif directive
anubis_color_config.c:123:8: warning: extra tokens at end of #endif directive
anubis_color_config.c: In function ‘on_color_hscale_button_value_change’:
anubis_color_config.c:114: warning: unused variable ‘filter’
gcc -DHAVE_CONFIG_H -I. -I. -I.. -I/usr/include/gtk-1.2 -I/usr/include/glib-1.2 -I/usr/lib/glib/include 	-I/usr/include/libxml2 	-I/usr/local/include 	-I/usr/src/linux/drivers/ieee1394 	-Icsu    -g -O2  -Wall -c anubis_skin.c
anubis_skin.c:59: warning: missing braces around initializer
anubis_skin.c:59: warning: (near initialization for ‘anubis_skin_class.super’)
anubis_skin.c: In function ‘anubis_skin_new’:
anubis_skin.c:66: warning: implicit declaration of function ‘memset’
anubis_skin.c:66: warning: incompatible implicit declaration of built-in function ‘memset’
anubis_skin.c: In function ‘anubis_skin_new_with_buf’:
anubis_skin.c:73: warning: ‘return’ with no value, in function returning non-void
anubis_skin.c: In function ‘anubis_skin_set_buffer’:
anubis_skin.c:104: warning: incompatible implicit declaration of built-in function ‘memset’
anubis_skin.c:115: warning: passing argument 1 of ‘malib_filter_set_buffer_with_colormodel’ from incompatible pointer type
anubis_skin.c: In function ‘face_region_calc_mask’:
anubis_skin.c:423: warning: incompatible implicit declaration of built-in function ‘memset’
anubis_skin.c: In function ‘face_region_draw_output’:
anubis_skin.c:611: warning: incompatible implicit declaration of built-in function ‘memset’
anubis_skin.c:626: warning: unused variable ‘pixel_in’
anubis_skin.c: At top level:
anubis_skin.c:119: warning: ‘anubis_skin_create_params’ defined but not used
anubis_skin.c:482: warning: ‘face_region_calc_a_b_center’ defined but not used
anubis_skin.c:156: warning: ‘face_region_delete’ defined but not used
anubis_skin.c: In function ‘face_region_find_face_candidate’:
anubis_skin.c:293: warning: ‘max_pixel_index’ may be used uninitialized in this function
gcc -DHAVE_CONFIG_H -I. -I. -I.. -I/usr/include/gtk-1.2 -I/usr/include/glib-1.2 -I/usr/lib/glib/include 	-I/usr/include/libxml2 	-I/usr/local/include 	-I/usr/src/linux/drivers/ieee1394 	-Icsu    -g -O2  -Wall -c anubis_cv_snake.c
In file included from csu/csuCommon.h:29,
                 from anubis_common.h:30,
                 from anubis_cv_snake.h:30,
                 from anubis_cv_snake.c:19:
csu/csuCommonUtil.h:69:1: warning: "MIN" redefined
In file included from /usr/local/include/malib/malib_common.h:37,
                 from /usr/local/include/malib/bttv.h:24,
                 from /usr/local/include/malib/malib.h:22,
                 from anubis_cv_snake.h:22,
                 from anubis_cv_snake.c:19:
/usr/include/glib-1.2/glib.h:137:1: warning: this is the location of the previous definition
In file included from csu/csuCommon.h:29,
                 from anubis_common.h:30,
                 from anubis_cv_snake.h:30,
                 from anubis_cv_snake.c:19:
csu/csuCommonUtil.h:70:1: warning: "MAX" redefined
In file included from /usr/local/include/malib/malib_common.h:37,
                 from /usr/local/include/malib/bttv.h:24,
                 from /usr/local/include/malib/malib.h:22,
                 from anubis_cv_snake.h:22,
                 from anubis_cv_snake.c:19:
/usr/include/glib-1.2/glib.h:134:1: warning: this is the location of the previous definition
In file included from csu/csuCommon.h:29,
                 from anubis_common.h:30,
                 from anubis_cv_snake.h:30,
                 from anubis_cv_snake.c:19:
csu/csuCommonUtil.h:71:1: warning: "ABS" redefined
In file included from /usr/local/include/malib/malib_common.h:37,
                 from /usr/local/include/malib/bttv.h:24,
                 from /usr/local/include/malib/malib.h:22,
                 from anubis_cv_snake.h:22,
                 from anubis_cv_snake.c:19:
/usr/include/glib-1.2/glib.h:140:1: warning: this is the location of the previous definition
In file included from anubis_common.h:30,
                 from anubis_cv_snake.h:30,
                 from anubis_cv_snake.c:19:
csu/csuCommon.h:41:1: warning: "VERSION" redefined
In file included from csu/csuCommonImage.h:30,
                 from anubis_common.h:29,
                 from anubis_cv_snake.h:30,
                 from anubis_cv_snake.c:19:
../config.h:73:1: warning: this is the location of the previous definition
In file included from anubis_cv_snake.h:30,
                 from anubis_cv_snake.c:19:
anubis_common.h:156:1: warning: "PI" redefined
In file included from csu/csuCommon.h:29,
                 from anubis_common.h:30,
                 from anubis_cv_snake.h:30,
                 from anubis_cv_snake.c:19:
csu/csuCommonUtil.h:79:1: warning: this is the location of the previous definition
In file included from ../glade_gui_src/glade_support.h:6,
                 from gaborrg_recog_gui.h:24,
                 from recog_by_gabor.h:32,
                 from gaborrg_recog.h:28,
                 from anubis_cv_snake.h:31,
                 from anubis_cv_snake.c:19:
../config.h:73:1: warning: "VERSION" redefined
In file included from anubis_common.h:30,
                 from anubis_cv_snake.h:30,
                 from anubis_cv_snake.c:19:
csu/csuCommon.h:41:1: warning: this is the location of the previous definition
anubis_cv_snake.c:21: warning: parameter names (without types) in function declaration
anubis_cv_snake.c:27: warning: missing braces around initializer
anubis_cv_snake.c:27: warning: (near initialization for ‘anubis_cv_snake_class.super’)
anubis_cv_snake.c: In function ‘anubis_cv_snake_new_with_buf’:
anubis_cv_snake.c:46: warning: passing argument 1 of ‘malib_filter_set_buffer’ from incompatible pointer type
anubis_cv_snake.c: In function ‘anubis_cv_snake_write_frame_data’:
anubis_cv_snake.c:74: warning: unused variable ‘gray_img’
anubis_cv_snake.c:67: warning: unused variable ‘k’
anubis_cv_snake.c:67: warning: unused variable ‘j’
anubis_cv_snake.c:67: warning: unused variable ‘i’
gcc -DHAVE_CONFIG_H -I. -I. -I.. -I/usr/include/gtk-1.2 -I/usr/include/glib-1.2 -I/usr/lib/glib/include 	-I/usr/include/libxml2 	-I/usr/local/include 	-I/usr/src/linux/drivers/ieee1394 	-Icsu    -g -O2  -Wall -c anubisrecog_gui.c
In file included from csu/csuCommon.h:29,
                 from anubis_common.h:30,
                 from anubis_face_graph_measure.h:24,
                 from anubisrecog_gui.h:33,
                 from anubisrecog_gui.c:19:
csu/csuCommonUtil.h:69:1: warning: "MIN" redefined
In file included from /usr/local/include/malib/malib_common.h:37,
                 from /usr/local/include/malib/bttv.h:24,
                 from /usr/local/include/malib/malib.h:22,
                 from anubisrecog_gui.h:22,
                 from anubisrecog_gui.c:19:
/usr/include/glib-1.2/glib.h:137:1: warning: this is the location of the previous definition
In file included from csu/csuCommon.h:29,
                 from anubis_common.h:30,
                 from anubis_face_graph_measure.h:24,
                 from anubisrecog_gui.h:33,
                 from anubisrecog_gui.c:19:
csu/csuCommonUtil.h:70:1: warning: "MAX" redefined
In file included from /usr/local/include/malib/malib_common.h:37,
                 from /usr/local/include/malib/bttv.h:24,
                 from /usr/local/include/malib/malib.h:22,
                 from anubisrecog_gui.h:22,
                 from anubisrecog_gui.c:19:
/usr/include/glib-1.2/glib.h:134:1: warning: this is the location of the previous definition
In file included from csu/csuCommon.h:29,
                 from anubis_common.h:30,
                 from anubis_face_graph_measure.h:24,
                 from anubisrecog_gui.h:33,
                 from anubisrecog_gui.c:19:
csu/csuCommonUtil.h:71:1: warning: "ABS" redefined
In file included from /usr/local/include/malib/malib_common.h:37,
                 from /usr/local/include/malib/bttv.h:24,
                 from /usr/local/include/malib/malib.h:22,
                 from anubisrecog_gui.h:22,
                 from anubisrecog_gui.c:19:
/usr/include/glib-1.2/glib.h:140:1: warning: this is the location of the previous definition
In file included from anubis_common.h:30,
                 from anubis_face_graph_measure.h:24,
                 from anubisrecog_gui.h:33,
                 from anubisrecog_gui.c:19:
csu/csuCommon.h:41:1: warning: "VERSION" redefined
In file included from csu/csuCommonImage.h:30,
                 from anubis_common.h:29,
                 from anubis_face_graph_measure.h:24,
                 from anubisrecog_gui.h:33,
                 from anubisrecog_gui.c:19:
../config.h:73:1: warning: this is the location of the previous definition
In file included from anubis_face_graph_measure.h:24,
                 from anubisrecog_gui.h:33,
                 from anubisrecog_gui.c:19:
anubis_common.h:156:1: warning: "PI" redefined
In file included from csu/csuCommon.h:29,
                 from anubis_common.h:30,
                 from anubis_face_graph_measure.h:24,
                 from anubisrecog_gui.h:33,
                 from anubisrecog_gui.c:19:
csu/csuCommonUtil.h:79:1: warning: this is the location of the previous definition
In file included from recog_by_jets.h:31,
                 from anubis_face_graph_measure.h:30,
                 from anubisrecog_gui.h:33,
                 from anubisrecog_gui.c:19:
../config.h:73:1: warning: "VERSION" redefined
In file included from anubis_common.h:30,
                 from anubis_face_graph_measure.h:24,
                 from anubisrecog_gui.h:33,
                 from anubisrecog_gui.c:19:
csu/csuCommon.h:41:1: warning: this is the location of the previous definition
anubisrecog_gui.c: In function ‘anubisrecog_gui_setup’:
anubisrecog_gui.c:98: warning: assignment from incompatible pointer type
anubisrecog_gui.c:104: warning: assignment from incompatible pointer type
anubisrecog_gui.c:153: warning: passing argument 3 of ‘gtk_signal_connect’ from incompatible pointer type
anubisrecog_gui.c:158: warning: passing argument 3 of ‘gtk_signal_connect’ from incompatible pointer type
anubisrecog_gui.c:163: warning: passing argument 3 of ‘gtk_signal_connect’ from incompatible pointer type
anubisrecog_gui.c:53: warning: unused variable ‘alpha_progressbar’
anubisrecog_gui.c:52: warning: unused variable ‘anubisrecog_scrolledwindow’
anubisrecog_gui.c:52: warning: unused variable ‘anubisrecog_statusbar’
anubisrecog_gui.c:51: warning: unused variable ‘anubisrecog_main_fixed’
gcc -DHAVE_CONFIG_H -I. -I. -I.. -I/usr/include/gtk-1.2 -I/usr/include/glib-1.2 -I/usr/lib/glib/include 	-I/usr/include/libxml2 	-I/usr/local/include 	-I/usr/src/linux/drivers/ieee1394 	-Icsu    -g -O2  -Wall -c anubis_cv_haar_detect_obj.c
In file included from csu/csuCommon.h:29,
                 from anubis_common.h:30,
                 from anubis_cv_haar_detect_obj.h:27,
                 from anubis_cv_haar_detect_obj.c:20:
csu/csuCommonUtil.h:69:1: warning: "MIN" redefined
In file included from /usr/local/include/malib/malib_common.h:37,
                 from /usr/local/include/malib/bttv.h:24,
                 from /usr/local/include/malib/malib.h:22,
                 from anubis_cv_haar_detect_obj.h:23,
                 from anubis_cv_haar_detect_obj.c:20:
/usr/include/glib-1.2/glib.h:137:1: warning: this is the location of the previous definition
In file included from csu/csuCommon.h:29,
                 from anubis_common.h:30,
                 from anubis_cv_haar_detect_obj.h:27,
                 from anubis_cv_haar_detect_obj.c:20:
csu/csuCommonUtil.h:70:1: warning: "MAX" redefined
In file included from /usr/local/include/malib/malib_common.h:37,
                 from /usr/local/include/malib/bttv.h:24,
                 from /usr/local/include/malib/malib.h:22,
                 from anubis_cv_haar_detect_obj.h:23,
                 from anubis_cv_haar_detect_obj.c:20:
/usr/include/glib-1.2/glib.h:134:1: warning: this is the location of the previous definition
In file included from csu/csuCommon.h:29,
                 from anubis_common.h:30,
                 from anubis_cv_haar_detect_obj.h:27,
                 from anubis_cv_haar_detect_obj.c:20:
csu/csuCommonUtil.h:71:1: warning: "ABS" redefined
In file included from /usr/local/include/malib/malib_common.h:37,
                 from /usr/local/include/malib/bttv.h:24,
                 from /usr/local/include/malib/malib.h:22,
                 from anubis_cv_haar_detect_obj.h:23,
                 from anubis_cv_haar_detect_obj.c:20:
/usr/include/glib-1.2/glib.h:140:1: warning: this is the location of the previous definition
In file included from anubis_common.h:30,
                 from anubis_cv_haar_detect_obj.h:27,
                 from anubis_cv_haar_detect_obj.c:20:
csu/csuCommon.h:41:1: warning: "VERSION" redefined
In file included from csu/csuCommonImage.h:30,
                 from anubis_common.h:29,
                 from anubis_cv_haar_detect_obj.h:27,
                 from anubis_cv_haar_detect_obj.c:20:
../config.h:73:1: warning: this is the location of the previous definition
In file included from anubis_cv_haar_detect_obj.h:27,
                 from anubis_cv_haar_detect_obj.c:20:
anubis_common.h:156:1: warning: "PI" redefined
In file included from csu/csuCommon.h:29,
                 from anubis_common.h:30,
                 from anubis_cv_haar_detect_obj.h:27,
                 from anubis_cv_haar_detect_obj.c:20:
csu/csuCommonUtil.h:79:1: warning: this is the location of the previous definition
In file included from anubis_cv_haar_detect_obj.h:34,
                 from anubis_cv_haar_detect_obj.c:20:
../config.h:73:1: warning: "VERSION" redefined
In file included from anubis_common.h:30,
                 from anubis_cv_haar_detect_obj.h:27,
                 from anubis_cv_haar_detect_obj.c:20:
csu/csuCommon.h:41:1: warning: this is the location of the previous definition
anubis_cv_haar_detect_obj.c:33: warning: missing braces around initializer
anubis_cv_haar_detect_obj.c:33: warning: (near initialization for ‘anubis_cv_haar_detect_obj_class.super’)
anubis_cv_haar_detect_obj.c: In function ‘anubis_cv_haar_detect_obj_new_with_buf’:
anubis_cv_haar_detect_obj.c:44: warning: unused variable ‘frame’
anubis_cv_haar_detect_obj.c:44: warning: unused variable ‘preview_frame’
anubis_cv_haar_detect_obj.c: In function ‘anubis_cv_haar_detect_obj_new_with_buf_and_cascade’:
anubis_cv_haar_detect_obj.c:65: warning: unused variable ‘frame’
anubis_cv_haar_detect_obj.c:65: warning: unused variable ‘preview_frame’
anubis_cv_haar_detect_obj.c: In function ‘anubis_cv_haar_detect_obj_setup_filter_and_frames’:
anubis_cv_haar_detect_obj.c:84: warning: assignment from incompatible pointer type
anubis_cv_haar_detect_obj.c:90: warning: passing argument 1 of ‘malib_filter_set_buffer_with_frame’ from incompatible pointer type
anubis_cv_haar_detect_obj.c: In function ‘anubis_cv_haar_detect_obj_set_params_and_cascade’:
anubis_cv_haar_detect_obj.c:95: warning: unused variable ‘size’
anubis_cv_haar_detect_obj.c: In function ‘anubis_cv_haar_detect_obj_set_params’:
anubis_cv_haar_detect_obj.c:126: warning: ‘return’ with a value, in function returning void
anubis_cv_haar_detect_obj.c:117: warning: unused variable ‘colors’
anubis_cv_haar_detect_obj.c:116: warning: unused variable ‘frame’
anubis_cv_haar_detect_obj.c:115: warning: unused variable ‘size’
anubis_cv_haar_detect_obj.c: In function ‘anubis_cv_haar_detect_obj_write_frame_data’:
anubis_cv_haar_detect_obj.c:151: warning: pointer targets in assignment differ in signedness
anubis_cv_haar_detect_obj.c:152: warning: pointer targets in assignment differ in signedness
anubis_cv_haar_detect_obj.c:142: warning: unused variable ‘j’
anubis_cv_haar_detect_obj.c:142: warning: unused variable ‘i’
gcc -DHAVE_CONFIG_H -I. -I. -I.. -I/usr/include/gtk-1.2 -I/usr/include/glib-1.2 -I/usr/lib/glib/include 	-I/usr/include/libxml2 	-I/usr/local/include 	-I/usr/src/linux/drivers/ieee1394 	-Icsu    -g -O2  -Wall -c anubis_cv_capture.c
In file included from csu/csuCommon.h:29,
                 from anubis_common.h:30,
                 from anubis_cv_capture.h:33,
                 from anubis_cv_capture.c:20:
csu/csuCommonUtil.h:69:1: warning: "MIN" redefined
In file included from /usr/local/include/malib/malib_common.h:37,
                 from /usr/local/include/malib/bttv.h:24,
                 from /usr/local/include/malib/malib.h:22,
                 from anubis_cv_capture.h:26,
                 from anubis_cv_capture.c:20:
/usr/include/glib-1.2/glib.h:137:1: warning: this is the location of the previous definition
In file included from csu/csuCommon.h:29,
                 from anubis_common.h:30,
                 from anubis_cv_capture.h:33,
                 from anubis_cv_capture.c:20:
csu/csuCommonUtil.h:70:1: warning: "MAX" redefined
In file included from /usr/local/include/malib/malib_common.h:37,
                 from /usr/local/include/malib/bttv.h:24,
                 from /usr/local/include/malib/malib.h:22,
                 from anubis_cv_capture.h:26,
                 from anubis_cv_capture.c:20:
/usr/include/glib-1.2/glib.h:134:1: warning: this is the location of the previous definition
In file included from csu/csuCommon.h:29,
                 from anubis_common.h:30,
                 from anubis_cv_capture.h:33,
                 from anubis_cv_capture.c:20:
csu/csuCommonUtil.h:71:1: warning: "ABS" redefined
In file included from /usr/local/include/malib/malib_common.h:37,
                 from /usr/local/include/malib/bttv.h:24,
                 from /usr/local/include/malib/malib.h:22,
                 from anubis_cv_capture.h:26,
                 from anubis_cv_capture.c:20:
/usr/include/glib-1.2/glib.h:140:1: warning: this is the location of the previous definition
In file included from anubis_common.h:30,
                 from anubis_cv_capture.h:33,
                 from anubis_cv_capture.c:20:
csu/csuCommon.h:41:1: warning: "VERSION" redefined
In file included from csu/csuCommonImage.h:30,
                 from anubis_common.h:29,
                 from anubis_cv_capture.h:33,
                 from anubis_cv_capture.c:20:
../config.h:73:1: warning: this is the location of the previous definition
In file included from anubis_cv_capture.h:33,
                 from anubis_cv_capture.c:20:
anubis_common.h:156:1: warning: "PI" redefined
In file included from csu/csuCommon.h:29,
                 from anubis_common.h:30,
                 from anubis_cv_capture.h:33,
                 from anubis_cv_capture.c:20:
csu/csuCommonUtil.h:79:1: warning: this is the location of the previous definition
anubis_cv_capture.c:36: warning: missing braces around initializer
anubis_cv_capture.c:36: warning: (near initialization for ‘anubis_cv_capture_class.super’)
anubis_cv_capture.c: In function ‘anubis_cv_capture_new_with_size’:
anubis_cv_capture.c:46: warning: pointer targets in passing argument 1 of ‘anubis_cv_capture_new_with_config’ differ in signedness
anubis_cv_capture.c: In function ‘anubis_cv_capture_new_with_config’:
anubis_cv_capture.c:56: warning: ‘return’ with no value, in function returning non-void
anubis_cv_capture.c: In function ‘anubis_cv_capture_delete’:
anubis_cv_capture.c:69: warning: initialization from incompatible pointer type
anubis_cv_capture.c:77: warning: passing argument 1 of ‘malib_filter_delete’ from incompatible pointer type
gcc -DHAVE_CONFIG_H -I. -I. -I.. -I/usr/include/gtk-1.2 -I/usr/include/glib-1.2 -I/usr/lib/glib/include 	-I/usr/include/libxml2 	-I/usr/local/include 	-I/usr/src/linux/drivers/ieee1394 	-Icsu    -g -O2  -Wall -c anubis_cv_rgb2gray.c
anubis_cv_rgb2gray.c:26: warning: missing braces around initializer
anubis_cv_rgb2gray.c:26: warning: (near initialization for ‘anubis_cv_rgb2gray_class.super’)
anubis_cv_rgb2gray.c: In function ‘anubis_cv_rgb2gray_new_with_buf’:
anubis_cv_rgb2gray.c:38: warning: implicit declaration of function ‘anubis_create_frame_from_buf’
anubis_cv_rgb2gray.c:39: warning: assignment makes pointer from integer without a cast
anubis_cv_rgb2gray.c:42: warning: passing argument 1 of ‘malib_filter_set_buffer_with_frame’ from incompatible pointer type
gcc -DHAVE_CONFIG_H -I. -I. -I.. -I/usr/include/gtk-1.2 -I/usr/include/glib-1.2 -I/usr/lib/glib/include 	-I/usr/include/libxml2 	-I/usr/local/include 	-I/usr/src/linux/drivers/ieee1394 	-Icsu    -g -O2  -Wall -c anubis_cv_gtkdisplay.c
In file included from csu/csuCommon.h:29,
                 from anubis_common.h:30,
                 from anubis_cv_gtkdisplay.h:50,
                 from anubis_cv_gtkdisplay.c:42:
csu/csuCommonUtil.h:69:1: warning: "MIN" redefined
In file included from /usr/include/gtk-1.2/gdk/gdktypes.h:33,
                 from /usr/include/gtk-1.2/gdk/gdk.h:31,
                 from /usr/include/gtk-1.2/gtk/gtk.h:31,
                 from anubis_cv_gtkdisplay.h:45,
                 from anubis_cv_gtkdisplay.c:42:
/usr/include/glib-1.2/glib.h:137:1: warning: this is the location of the previous definition
In file included from csu/csuCommon.h:29,
                 from anubis_common.h:30,
                 from anubis_cv_gtkdisplay.h:50,
                 from anubis_cv_gtkdisplay.c:42:
csu/csuCommonUtil.h:70:1: warning: "MAX" redefined
In file included from /usr/include/gtk-1.2/gdk/gdktypes.h:33,
                 from /usr/include/gtk-1.2/gdk/gdk.h:31,
                 from /usr/include/gtk-1.2/gtk/gtk.h:31,
                 from anubis_cv_gtkdisplay.h:45,
                 from anubis_cv_gtkdisplay.c:42:
/usr/include/glib-1.2/glib.h:134:1: warning: this is the location of the previous definition
In file included from csu/csuCommon.h:29,
                 from anubis_common.h:30,
                 from anubis_cv_gtkdisplay.h:50,
                 from anubis_cv_gtkdisplay.c:42:
csu/csuCommonUtil.h:71:1: warning: "ABS" redefined
In file included from /usr/include/gtk-1.2/gdk/gdktypes.h:33,
                 from /usr/include/gtk-1.2/gdk/gdk.h:31,
                 from /usr/include/gtk-1.2/gtk/gtk.h:31,
                 from anubis_cv_gtkdisplay.h:45,
                 from anubis_cv_gtkdisplay.c:42:
/usr/include/glib-1.2/glib.h:140:1: warning: this is the location of the previous definition
In file included from anubis_common.h:30,
                 from anubis_cv_gtkdisplay.h:50,
                 from anubis_cv_gtkdisplay.c:42:
csu/csuCommon.h:41:1: warning: "VERSION" redefined
In file included from csu/csuCommonImage.h:30,
                 from anubis_common.h:29,
                 from anubis_cv_gtkdisplay.h:50,
                 from anubis_cv_gtkdisplay.c:42:
../config.h:73:1: warning: this is the location of the previous definition
In file included from anubis_cv_gtkdisplay.h:50,
                 from anubis_cv_gtkdisplay.c:42:
anubis_common.h:156:1: warning: "PI" redefined
In file included from csu/csuCommon.h:29,
                 from anubis_common.h:30,
                 from anubis_cv_gtkdisplay.h:50,
                 from anubis_cv_gtkdisplay.c:42:
csu/csuCommonUtil.h:79:1: warning: this is the location of the previous definition
anubis_cv_gtkdisplay.c:63: warning: missing braces around initializer
anubis_cv_gtkdisplay.c:63: warning: (near initialization for ‘anubis_cv_gtkdisplay_class.super’)
anubis_cv_gtkdisplay.c: In function ‘anubis_cv_gtkdisplay_new_with_source’:
anubis_cv_gtkdisplay.c:81: warning: ‘return’ with no value, in function returning non-void
anubis_cv_gtkdisplay.c: In function ‘anubis_cv_gtkdisplay_new_for_embed’:
anubis_cv_gtkdisplay.c:89: warning: ‘return’ with no value, in function returning non-void
anubis_cv_gtkdisplay.c: In function ‘anubis_cv_gtkdisplay_get_window’:
anubis_cv_gtkdisplay.c:144: warning: ‘return’ with no value, in function returning non-void
anubis_cv_gtkdisplay.c: In function ‘anubis_cv_gtkdisplay_get_drawarea’:
anubis_cv_gtkdisplay.c:155: warning: ‘return’ with no value, in function returning non-void
anubis_cv_gtkdisplay.c: In function ‘anubis_cv_gtkdisplay_configure_event’:
anubis_cv_gtkdisplay.c:283: warning: ‘return’ with no value, in function returning non-void
anubis_cv_gtkdisplay.c: In function ‘anubis_cv_gtkdisplay_expose_event’:
anubis_cv_gtkdisplay.c:308: warning: ‘return’ with no value, in function returning non-void
anubis_cv_gtkdisplay.c: In function ‘anubis_cv_gtkdisplay_increment_frame’:
anubis_cv_gtkdisplay.c:335: warning: ‘return’ with no value, in function returning non-void
anubis_cv_gtkdisplay.c:341: warning: implicit declaration of function ‘usleep’
anubis_cv_gtkdisplay.c: At top level:
anubis_cv_gtkdisplay.c:455: warning: ‘anubis_cv_gtkdisplay_debug’ defined but not used
gcc -DHAVE_CONFIG_H -I. -I. -I.. -I/usr/include/gtk-1.2 -I/usr/include/glib-1.2 -I/usr/lib/glib/include 	-I/usr/include/libxml2 	-I/usr/local/include 	-I/usr/src/linux/drivers/ieee1394 	-Icsu    -g -O2  -Wall -c anubissimple_gui.c
In file included from csu/csuCommon.h:29,
                 from anubis_common.h:30,
                 from anubissimple_gui.h:31,
                 from anubissimple_gui.c:19:
csu/csuCommonUtil.h:69:1: warning: "MIN" redefined
In file included from /usr/local/include/malib/malib_common.h:37,
                 from /usr/local/include/malib/bttv.h:24,
                 from /usr/local/include/malib/malib.h:22,
                 from anubissimple_gui.h:22,
                 from anubissimple_gui.c:19:
/usr/include/glib-1.2/glib.h:137:1: warning: this is the location of the previous definition
In file included from csu/csuCommon.h:29,
                 from anubis_common.h:30,
                 from anubissimple_gui.h:31,
                 from anubissimple_gui.c:19:
csu/csuCommonUtil.h:70:1: warning: "MAX" redefined
In file included from /usr/local/include/malib/malib_common.h:37,
                 from /usr/local/include/malib/bttv.h:24,
                 from /usr/local/include/malib/malib.h:22,
                 from anubissimple_gui.h:22,
                 from anubissimple_gui.c:19:
/usr/include/glib-1.2/glib.h:134:1: warning: this is the location of the previous definition
In file included from csu/csuCommon.h:29,
                 from anubis_common.h:30,
                 from anubissimple_gui.h:31,
                 from anubissimple_gui.c:19:
csu/csuCommonUtil.h:71:1: warning: "ABS" redefined
In file included from /usr/local/include/malib/malib_common.h:37,
                 from /usr/local/include/malib/bttv.h:24,
                 from /usr/local/include/malib/malib.h:22,
                 from anubissimple_gui.h:22,
                 from anubissimple_gui.c:19:
/usr/include/glib-1.2/glib.h:140:1: warning: this is the location of the previous definition
In file included from anubis_common.h:30,
                 from anubissimple_gui.h:31,
                 from anubissimple_gui.c:19:
csu/csuCommon.h:41:1: warning: "VERSION" redefined
In file included from csu/csuCommonImage.h:30,
                 from anubis_common.h:29,
                 from anubissimple_gui.h:31,
                 from anubissimple_gui.c:19:
../config.h:73:1: warning: this is the location of the previous definition
In file included from anubissimple_gui.h:31,
                 from anubissimple_gui.c:19:
anubis_common.h:156:1: warning: "PI" redefined
In file included from csu/csuCommon.h:29,
                 from anubis_common.h:30,
                 from anubissimple_gui.h:31,
                 from anubissimple_gui.c:19:
csu/csuCommonUtil.h:79:1: warning: this is the location of the previous definition
anubissimple_gui.c: In function ‘anubissimple_gui_set_title’:
anubissimple_gui.c:34: warning: passing argument 1 of ‘gtk_window_set_title’ from incompatible pointer type
anubissimple_gui.c: In function ‘gui_setup’:
anubissimple_gui.c:40: warning: unused variable ‘fixed1’
gcc -DHAVE_CONFIG_H -I. -I. -I.. -I/usr/include/gtk-1.2 -I/usr/include/glib-1.2 -I/usr/lib/glib/include 	-I/usr/include/libxml2 	-I/usr/local/include 	-I/usr/src/linux/drivers/ieee1394 	-Icsu    -g -O2  -Wall -c anubis_cv_multi_haar.c
In file included from csu/csuCommon.h:29,
                 from anubis_common.h:30,
                 from anubis_cv_multi_haar.h:29,
                 from anubis_cv_multi_haar.c:20:
csu/csuCommonUtil.h:69:1: warning: "MIN" redefined
In file included from /usr/local/include/malib/malib_common.h:37,
                 from /usr/local/include/malib/bttv.h:24,
                 from /usr/local/include/malib/malib.h:22,
                 from anubis_cv_multi_haar.h:23,
                 from anubis_cv_multi_haar.c:20:
/usr/include/glib-1.2/glib.h:137:1: warning: this is the location of the previous definition
In file included from csu/csuCommon.h:29,
                 from anubis_common.h:30,
                 from anubis_cv_multi_haar.h:29,
                 from anubis_cv_multi_haar.c:20:
csu/csuCommonUtil.h:70:1: warning: "MAX" redefined
In file included from /usr/local/include/malib/malib_common.h:37,
                 from /usr/local/include/malib/bttv.h:24,
                 from /usr/local/include/malib/malib.h:22,
                 from anubis_cv_multi_haar.h:23,
                 from anubis_cv_multi_haar.c:20:
/usr/include/glib-1.2/glib.h:134:1: warning: this is the location of the previous definition
In file included from csu/csuCommon.h:29,
                 from anubis_common.h:30,
                 from anubis_cv_multi_haar.h:29,
                 from anubis_cv_multi_haar.c:20:
csu/csuCommonUtil.h:71:1: warning: "ABS" redefined
In file included from /usr/local/include/malib/malib_common.h:37,
                 from /usr/local/include/malib/bttv.h:24,
                 from /usr/local/include/malib/malib.h:22,
                 from anubis_cv_multi_haar.h:23,
                 from anubis_cv_multi_haar.c:20:
/usr/include/glib-1.2/glib.h:140:1: warning: this is the location of the previous definition
In file included from anubis_common.h:30,
                 from anubis_cv_multi_haar.h:29,
                 from anubis_cv_multi_haar.c:20:
csu/csuCommon.h:41:1: warning: "VERSION" redefined
In file included from csu/csuCommonImage.h:30,
                 from anubis_common.h:29,
                 from anubis_cv_multi_haar.h:29,
                 from anubis_cv_multi_haar.c:20:
../config.h:73:1: warning: this is the location of the previous definition
In file included from anubis_cv_multi_haar.h:29,
                 from anubis_cv_multi_haar.c:20:
anubis_common.h:156:1: warning: "PI" redefined
In file included from csu/csuCommon.h:29,
                 from anubis_common.h:30,
                 from anubis_cv_multi_haar.h:29,
                 from anubis_cv_multi_haar.c:20:
csu/csuCommonUtil.h:79:1: warning: this is the location of the previous definition
In file included from anubis_cv_haar_detect_obj.h:34,
                 from anubis_cv_multi_haar.h:30,
                 from anubis_cv_multi_haar.c:20:
../config.h:73:1: warning: "VERSION" redefined
In file included from anubis_common.h:30,
                 from anubis_cv_multi_haar.h:29,
                 from anubis_cv_multi_haar.c:20:
csu/csuCommon.h:41:1: warning: this is the location of the previous definition
anubis_cv_multi_haar.c:38: warning: missing braces around initializer
anubis_cv_multi_haar.c:38: warning: (near initialization for ‘anubis_cv_multi_haar_class.super’)
anubis_cv_multi_haar.c: In function ‘anubis_cv_multi_haar_new_with_buf’:
anubis_cv_multi_haar.c:65: warning: passing argument 1 of ‘malib_filter_set_buffer_with_frame’ from incompatible pointer type
anubis_cv_multi_haar.c:52: warning: unused variable ‘faces’
anubis_cv_multi_haar.c: In function ‘anubis_cv_multi_haar_write_frame_data’:
anubis_cv_multi_haar.c:121: warning: pointer targets in assignment differ in signedness
anubis_cv_multi_haar.c:122: warning: pointer targets in assignment differ in signedness
anubis_cv_multi_haar.c: In function ‘recog_by_multi_angles’:
anubis_cv_multi_haar.c:183: warning: implicit declaration of function ‘anubis_cv_remove_inside_rect_with_angle_seq’
anubis_cv_multi_haar.c:155: warning: unused variable ‘angle’
anubis_cv_multi_haar.c:151: warning: unused variable ‘m’
anubis_cv_multi_haar.c:151: warning: unused variable ‘k’
anubis_cv_multi_haar.c:151: warning: unused variable ‘j’
gcc -DHAVE_CONFIG_H -I. -I. -I.. -I/usr/include/gtk-1.2 -I/usr/include/glib-1.2 -I/usr/lib/glib/include 	-I/usr/include/libxml2 	-I/usr/local/include 	-I/usr/src/linux/drivers/ieee1394 	-Icsu    -g -O2  -Wall -c anubis_toggle_screensaver.c
In file included from csu/csuCommon.h:29,
                 from ./anubis_common.h:30,
                 from anubis_toggle_screensaver.h:23,
                 from anubis_toggle_screensaver.c:18:
csu/csuCommonUtil.h:69:1: warning: "MIN" redefined
In file included from /usr/local/include/malib/malib_common.h:37,
                 from /usr/local/include/malib/bttv.h:24,
                 from /usr/local/include/malib/malib.h:22,
                 from anubis_toggle_screensaver.h:22,
                 from anubis_toggle_screensaver.c:18:
/usr/include/glib-1.2/glib.h:137:1: warning: this is the location of the previous definition
In file included from csu/csuCommon.h:29,
                 from ./anubis_common.h:30,
                 from anubis_toggle_screensaver.h:23,
                 from anubis_toggle_screensaver.c:18:
csu/csuCommonUtil.h:70:1: warning: "MAX" redefined
In file included from /usr/local/include/malib/malib_common.h:37,
                 from /usr/local/include/malib/bttv.h:24,
                 from /usr/local/include/malib/malib.h:22,
                 from anubis_toggle_screensaver.h:22,
                 from anubis_toggle_screensaver.c:18:
/usr/include/glib-1.2/glib.h:134:1: warning: this is the location of the previous definition
In file included from csu/csuCommon.h:29,
                 from ./anubis_common.h:30,
                 from anubis_toggle_screensaver.h:23,
                 from anubis_toggle_screensaver.c:18:
csu/csuCommonUtil.h:71:1: warning: "ABS" redefined
In file included from /usr/local/include/malib/malib_common.h:37,
                 from /usr/local/include/malib/bttv.h:24,
                 from /usr/local/include/malib/malib.h:22,
                 from anubis_toggle_screensaver.h:22,
                 from anubis_toggle_screensaver.c:18:
/usr/include/glib-1.2/glib.h:140:1: warning: this is the location of the previous definition
In file included from ./anubis_common.h:30,
                 from anubis_toggle_screensaver.h:23,
                 from anubis_toggle_screensaver.c:18:
csu/csuCommon.h:41:1: warning: "VERSION" redefined
In file included from csu/csuCommonImage.h:30,
                 from ./anubis_common.h:29,
                 from anubis_toggle_screensaver.h:23,
                 from anubis_toggle_screensaver.c:18:
../config.h:73:1: warning: this is the location of the previous definition
In file included from anubis_toggle_screensaver.h:23,
                 from anubis_toggle_screensaver.c:18:
./anubis_common.h:156:1: warning: "PI" redefined
In file included from csu/csuCommon.h:29,
                 from ./anubis_common.h:30,
                 from anubis_toggle_screensaver.h:23,
                 from anubis_toggle_screensaver.c:18:
csu/csuCommonUtil.h:79:1: warning: this is the location of the previous definition
anubis_toggle_screensaver.c:26: warning: missing braces around initializer
anubis_toggle_screensaver.c:26: warning: (near initialization for ‘anubis_toggle_screensaver_class.super’)
anubis_toggle_screensaver.c: In function ‘anubis_toggle_screensaver_new_with_buf_and_val’:
anubis_toggle_screensaver.c:42: warning: passing argument 1 of ‘malib_filter_set_buffer’ from incompatible pointer type
anubis_toggle_screensaver.c: In function ‘anubis_toggle_screensaver_write_frame_data’:
anubis_toggle_screensaver.c:57: warning: unused variable ‘buf’
gcc -DHAVE_CONFIG_H -I. -I. -I.. -I/usr/include/gtk-1.2 -I/usr/include/glib-1.2 -I/usr/lib/glib/include 	-I/usr/include/libxml2 	-I/usr/local/include 	-I/usr/src/linux/drivers/ieee1394 	-Icsu    -g -O2  -Wall -c anubis_face_graph_measure.c
In file included from csu/csuCommon.h:29,
                 from anubis_common.h:30,
                 from anubis_face_graph_measure.h:24,
                 from anubis_face_graph_measure.c:20:
csu/csuCommonUtil.h:69:1: warning: "MIN" redefined
In file included from /usr/local/include/malib/malib_common.h:37,
                 from /usr/local/include/malib/bttv.h:24,
                 from /usr/local/include/malib/malib.h:22,
                 from anubis_face_graph_measure.h:23,
                 from anubis_face_graph_measure.c:20:
/usr/include/glib-1.2/glib.h:137:1: warning: this is the location of the previous definition
In file included from csu/csuCommon.h:29,
                 from anubis_common.h:30,
                 from anubis_face_graph_measure.h:24,
                 from anubis_face_graph_measure.c:20:
csu/csuCommonUtil.h:70:1: warning: "MAX" redefined
In file included from /usr/local/include/malib/malib_common.h:37,
                 from /usr/local/include/malib/bttv.h:24,
                 from /usr/local/include/malib/malib.h:22,
                 from anubis_face_graph_measure.h:23,
                 from anubis_face_graph_measure.c:20:
/usr/include/glib-1.2/glib.h:134:1: warning: this is the location of the previous definition
In file included from csu/csuCommon.h:29,
                 from anubis_common.h:30,
                 from anubis_face_graph_measure.h:24,
                 from anubis_face_graph_measure.c:20:
csu/csuCommonUtil.h:71:1: warning: "ABS" redefined
In file included from /usr/local/include/malib/malib_common.h:37,
                 from /usr/local/include/malib/bttv.h:24,
                 from /usr/local/include/malib/malib.h:22,
                 from anubis_face_graph_measure.h:23,
                 from anubis_face_graph_measure.c:20:
/usr/include/glib-1.2/glib.h:140:1: warning: this is the location of the previous definition
In file included from anubis_common.h:30,
                 from anubis_face_graph_measure.h:24,
                 from anubis_face_graph_measure.c:20:
csu/csuCommon.h:41:1: warning: "VERSION" redefined
In file included from csu/csuCommonImage.h:30,
                 from anubis_common.h:29,
                 from anubis_face_graph_measure.h:24,
                 from anubis_face_graph_measure.c:20:
../config.h:73:1: warning: this is the location of the previous definition
In file included from anubis_face_graph_measure.h:24,
                 from anubis_face_graph_measure.c:20:
anubis_common.h:156:1: warning: "PI" redefined
In file included from csu/csuCommon.h:29,
                 from anubis_common.h:30,
                 from anubis_face_graph_measure.h:24,
                 from anubis_face_graph_measure.c:20:
csu/csuCommonUtil.h:79:1: warning: this is the location of the previous definition
In file included from recog_by_jets.h:31,
                 from anubis_face_graph_measure.h:30,
                 from anubis_face_graph_measure.c:20:
../config.h:73:1: warning: "VERSION" redefined
In file included from anubis_common.h:30,
                 from anubis_face_graph_measure.h:24,
                 from anubis_face_graph_measure.c:20:
csu/csuCommon.h:41:1: warning: this is the location of the previous definition
anubis_face_graph_measure.c:44: warning: missing braces around initializer
anubis_face_graph_measure.c:44: warning: (near initialization for ‘anubis_face_graph_measure_class.super’)
anubis_face_graph_measure.c: In function ‘anubis_face_graph_measure_new_with_buf_and_jets’:
anubis_face_graph_measure.c:71: warning: passing argument 1 of ‘malib_filter_set_buffer’ from incompatible pointer type
anubis_face_graph_measure.c:74: warning: unused variable ‘face_parts_len’
anubis_face_graph_measure.c: In function ‘comapre_to_sample_face_graphs’:
anubis_face_graph_measure.c:184: warning: ‘simgeo_exp’ may be used uninitialized in this function
anubis_face_graph_measure.c:184: warning: ‘sim’ may be used uninitialized in this function
anubis_face_graph_measure.c:184: warning: ‘simjet’ may be used uninitialized in this function
gcc -DHAVE_CONFIG_H -I. -I. -I.. -I/usr/include/gtk-1.2 -I/usr/include/glib-1.2 -I/usr/lib/glib/include 	-I/usr/include/libxml2 	-I/usr/local/include 	-I/usr/src/linux/drivers/ieee1394 	-Icsu    -g -O2  -Wall -c anubisrecog_gui_update.c
In file included from csu/csuCommon.h:29,
                 from anubis_common.h:30,
                 from anubis_face_graph_measure.h:24,
                 from anubisrecog_gui.h:33,
                 from anubisrecog_gui_update.h:27,
                 from anubisrecog_gui_update.c:18:
csu/csuCommonUtil.h:69:1: warning: "MIN" redefined
In file included from /usr/local/include/malib/malib_common.h:37,
                 from /usr/local/include/malib/bttv.h:24,
                 from /usr/local/include/malib/malib.h:22,
                 from anubisrecog_gui_update.h:23,
                 from anubisrecog_gui_update.c:18:
/usr/include/glib-1.2/glib.h:137:1: warning: this is the location of the previous definition
In file included from csu/csuCommon.h:29,
                 from anubis_common.h:30,
                 from anubis_face_graph_measure.h:24,
                 from anubisrecog_gui.h:33,
                 from anubisrecog_gui_update.h:27,
                 from anubisrecog_gui_update.c:18:
csu/csuCommonUtil.h:70:1: warning: "MAX" redefined
In file included from /usr/local/include/malib/malib_common.h:37,
                 from /usr/local/include/malib/bttv.h:24,
                 from /usr/local/include/malib/malib.h:22,
                 from anubisrecog_gui_update.h:23,
                 from anubisrecog_gui_update.c:18:
/usr/include/glib-1.2/glib.h:134:1: warning: this is the location of the previous definition
In file included from csu/csuCommon.h:29,
                 from anubis_common.h:30,
                 from anubis_face_graph_measure.h:24,
                 from anubisrecog_gui.h:33,
                 from anubisrecog_gui_update.h:27,
                 from anubisrecog_gui_update.c:18:
csu/csuCommonUtil.h:71:1: warning: "ABS" redefined
In file included from /usr/local/include/malib/malib_common.h:37,
                 from /usr/local/include/malib/bttv.h:24,
                 from /usr/local/include/malib/malib.h:22,
                 from anubisrecog_gui_update.h:23,
                 from anubisrecog_gui_update.c:18:
/usr/include/glib-1.2/glib.h:140:1: warning: this is the location of the previous definition
In file included from anubis_common.h:30,
                 from anubis_face_graph_measure.h:24,
                 from anubisrecog_gui.h:33,
                 from anubisrecog_gui_update.h:27,
                 from anubisrecog_gui_update.c:18:
csu/csuCommon.h:41:1: warning: "VERSION" redefined
In file included from csu/csuCommonImage.h:30,
                 from anubis_common.h:29,
                 from anubis_face_graph_measure.h:24,
                 from anubisrecog_gui.h:33,
                 from anubisrecog_gui_update.h:27,
                 from anubisrecog_gui_update.c:18:
../config.h:73:1: warning: this is the location of the previous definition
In file included from anubis_face_graph_measure.h:24,
                 from anubisrecog_gui.h:33,
                 from anubisrecog_gui_update.h:27,
                 from anubisrecog_gui_update.c:18:
anubis_common.h:156:1: warning: "PI" redefined
In file included from csu/csuCommon.h:29,
                 from anubis_common.h:30,
                 from anubis_face_graph_measure.h:24,
                 from anubisrecog_gui.h:33,
                 from anubisrecog_gui_update.h:27,
                 from anubisrecog_gui_update.c:18:
csu/csuCommonUtil.h:79:1: warning: this is the location of the previous definition
In file included from recog_by_jets.h:31,
                 from anubis_face_graph_measure.h:30,
                 from anubisrecog_gui.h:33,
                 from anubisrecog_gui_update.h:27,
                 from anubisrecog_gui_update.c:18:
../config.h:73:1: warning: "VERSION" redefined
In file included from anubis_common.h:30,
                 from anubis_face_graph_measure.h:24,
                 from anubisrecog_gui.h:33,
                 from anubisrecog_gui_update.h:27,
                 from anubisrecog_gui_update.c:18:
csu/csuCommon.h:41:1: warning: this is the location of the previous definition
anubisrecog_gui_update.c:34: warning: missing braces around initializer
anubisrecog_gui_update.c:34: warning: (near initialization for ‘anubisrecog_gui_update_class.super’)
anubisrecog_gui_update.c:34: warning: initialization from incompatible pointer type
anubisrecog_gui_update.c:36: warning: initialization makes integer from pointer without a cast
anubisrecog_gui_update.c: In function ‘anubisrecog_gui_update_new_with_buf’:
anubisrecog_gui_update.c:49: warning: dereferencing type-punned pointer will break strict-aliasing rules
anubisrecog_gui_update.c:57: warning: passing argument 1 of ‘malib_filter_set_buffer’ from incompatible pointer type
anubisrecog_gui_update.c: In function ‘anubisrecog_gui_update’:
anubisrecog_gui_update.c:100: warning: implicit declaration of function ‘anubis_pixmap_update’
anubisrecog_gui_update.c:91: warning: unused variable ‘face_num’
anubisrecog_gui_update.c: In function ‘current_name_labels_update’:
anubisrecog_gui_update.c:118: warning: unused variable ‘simmax_char’
gcc -DHAVE_CONFIG_H -I. -I. -I.. -I/usr/include/gtk-1.2 -I/usr/include/glib-1.2 -I/usr/lib/glib/include 	-I/usr/include/libxml2 	-I/usr/local/include 	-I/usr/src/linux/drivers/ieee1394 	-Icsu    -g -O2  -Wall -c anubisfacesampling_gui.c
In file included from csu/csuCommon.h:29,
                 from anubis_common.h:30,
                 from gaborrg_recog.h:27,
                 from recog_by_jets.h:35,
                 from anubisfacesampling_gui.h:37,
                 from anubisfacesampling_gui.c:18:
csu/csuCommonUtil.h:69:1: warning: "MIN" redefined
In file included from /usr/local/include/malib/malib_common.h:37,
                 from /usr/local/include/malib/bttv.h:24,
                 from /usr/local/include/malib/malib.h:22,
                 from anubisfacesampling_gui.h:22,
                 from anubisfacesampling_gui.c:18:
/usr/include/glib-1.2/glib.h:137:1: warning: this is the location of the previous definition
In file included from csu/csuCommon.h:29,
                 from anubis_common.h:30,
                 from gaborrg_recog.h:27,
                 from recog_by_jets.h:35,
                 from anubisfacesampling_gui.h:37,
                 from anubisfacesampling_gui.c:18:
csu/csuCommonUtil.h:70:1: warning: "MAX" redefined
In file included from /usr/local/include/malib/malib_common.h:37,
                 from /usr/local/include/malib/bttv.h:24,
                 from /usr/local/include/malib/malib.h:22,
                 from anubisfacesampling_gui.h:22,
                 from anubisfacesampling_gui.c:18:
/usr/include/glib-1.2/glib.h:134:1: warning: this is the location of the previous definition
In file included from csu/csuCommon.h:29,
                 from anubis_common.h:30,
                 from gaborrg_recog.h:27,
                 from recog_by_jets.h:35,
                 from anubisfacesampling_gui.h:37,
                 from anubisfacesampling_gui.c:18:
csu/csuCommonUtil.h:71:1: warning: "ABS" redefined
In file included from /usr/local/include/malib/malib_common.h:37,
                 from /usr/local/include/malib/bttv.h:24,
                 from /usr/local/include/malib/malib.h:22,
                 from anubisfacesampling_gui.h:22,
                 from anubisfacesampling_gui.c:18:
/usr/include/glib-1.2/glib.h:140:1: warning: this is the location of the previous definition
In file included from anubis_common.h:30,
                 from gaborrg_recog.h:27,
                 from recog_by_jets.h:35,
                 from anubisfacesampling_gui.h:37,
                 from anubisfacesampling_gui.c:18:
csu/csuCommon.h:41:1: warning: "VERSION" redefined
In file included from csu/csuCommonImage.h:30,
                 from anubis_common.h:29,
                 from gaborrg_recog.h:27,
                 from recog_by_jets.h:35,
                 from anubisfacesampling_gui.h:37,
                 from anubisfacesampling_gui.c:18:
../config.h:73:1: warning: this is the location of the previous definition
In file included from gaborrg_recog.h:27,
                 from recog_by_jets.h:35,
                 from anubisfacesampling_gui.h:37,
                 from anubisfacesampling_gui.c:18:
anubis_common.h:156:1: warning: "PI" redefined
In file included from csu/csuCommon.h:29,
                 from anubis_common.h:30,
                 from gaborrg_recog.h:27,
                 from recog_by_jets.h:35,
                 from anubisfacesampling_gui.h:37,
                 from anubisfacesampling_gui.c:18:
csu/csuCommonUtil.h:79:1: warning: this is the location of the previous definition
In file included from ../glade_gui_src/glade_support.h:6,
                 from gaborrg_recog_gui.h:24,
                 from recog_by_gabor.h:32,
                 from gaborrg_recog.h:28,
                 from recog_by_jets.h:35,
                 from anubisfacesampling_gui.h:37,
                 from anubisfacesampling_gui.c:18:
../config.h:73:1: warning: "VERSION" redefined
In file included from anubis_common.h:30,
                 from gaborrg_recog.h:27,
                 from recog_by_jets.h:35,
                 from anubisfacesampling_gui.h:37,
                 from anubisfacesampling_gui.c:18:
csu/csuCommon.h:41:1: warning: this is the location of the previous definition
anubisfacesampling_gui.c: In function ‘anubisfacesampling_enter_button_clicked’:
anubisfacesampling_gui.c:118: warning: statement with no effect
anubisfacesampling_gui.c: In function ‘anubisfacesampling_save_button_clicked’:
anubisfacesampling_gui.c:157: warning: unused variable ‘node_template’
anubisfacesampling_gui.c:157: warning: unused variable ‘node_templates’
anubisfacesampling_gui.c:156: warning: unused variable ‘doc’
gcc -DHAVE_CONFIG_H -I. -I. -I.. -I/usr/include/gtk-1.2 -I/usr/include/glib-1.2 -I/usr/lib/glib/include 	-I/usr/include/libxml2 	-I/usr/local/include 	-I/usr/src/linux/drivers/ieee1394 	-Icsu    -g -O2  -Wall -c anubis_haar_data_sampling.c
In file included from csu/csuCommon.h:29,
                 from anubis_common.h:30,
                 from anubis_haar_data_sampling.h:23,
                 from anubis_haar_data_sampling.c:19:
csu/csuCommonUtil.h:69:1: warning: "MIN" redefined
In file included from /usr/local/include/malib/malib_common.h:37,
                 from /usr/local/include/malib/bttv.h:24,
                 from /usr/local/include/malib/malib.h:22,
                 from anubis_haar_data_sampling.h:22,
                 from anubis_haar_data_sampling.c:19:
/usr/include/glib-1.2/glib.h:137:1: warning: this is the location of the previous definition
In file included from csu/csuCommon.h:29,
                 from anubis_common.h:30,
                 from anubis_haar_data_sampling.h:23,
                 from anubis_haar_data_sampling.c:19:
csu/csuCommonUtil.h:70:1: warning: "MAX" redefined
In file included from /usr/local/include/malib/malib_common.h:37,
                 from /usr/local/include/malib/bttv.h:24,
                 from /usr/local/include/malib/malib.h:22,
                 from anubis_haar_data_sampling.h:22,
                 from anubis_haar_data_sampling.c:19:
/usr/include/glib-1.2/glib.h:134:1: warning: this is the location of the previous definition
In file included from csu/csuCommon.h:29,
                 from anubis_common.h:30,
                 from anubis_haar_data_sampling.h:23,
                 from anubis_haar_data_sampling.c:19:
csu/csuCommonUtil.h:71:1: warning: "ABS" redefined
In file included from /usr/local/include/malib/malib_common.h:37,
                 from /usr/local/include/malib/bttv.h:24,
                 from /usr/local/include/malib/malib.h:22,
                 from anubis_haar_data_sampling.h:22,
                 from anubis_haar_data_sampling.c:19:
/usr/include/glib-1.2/glib.h:140:1: warning: this is the location of the previous definition
In file included from anubis_common.h:30,
                 from anubis_haar_data_sampling.h:23,
                 from anubis_haar_data_sampling.c:19:
csu/csuCommon.h:41:1: warning: "VERSION" redefined
In file included from csu/csuCommonImage.h:30,
                 from anubis_common.h:29,
                 from anubis_haar_data_sampling.h:23,
                 from anubis_haar_data_sampling.c:19:
../config.h:73:1: warning: this is the location of the previous definition
In file included from anubis_haar_data_sampling.h:23,
                 from anubis_haar_data_sampling.c:19:
anubis_common.h:156:1: warning: "PI" redefined
In file included from csu/csuCommon.h:29,
                 from anubis_common.h:30,
                 from anubis_haar_data_sampling.h:23,
                 from anubis_haar_data_sampling.c:19:
csu/csuCommonUtil.h:79:1: warning: this is the location of the previous definition
In file included from recog_by_jets.h:31,
                 from anubis_haar_data_sampling.h:26,
                 from anubis_haar_data_sampling.c:19:
../config.h:73:1: warning: "VERSION" redefined
In file included from anubis_common.h:30,
                 from anubis_haar_data_sampling.h:23,
                 from anubis_haar_data_sampling.c:19:
csu/csuCommon.h:41:1: warning: this is the location of the previous definition
anubis_haar_data_sampling.c:42: warning: missing braces around initializer
anubis_haar_data_sampling.c:42: warning: (near initialization for ‘anubis_haar_data_sampling_class.super’)
anubis_haar_data_sampling.c:44: warning: initialization from incompatible pointer type
anubis_haar_data_sampling.c: In function ‘anubis_haar_data_sampling_new_with_bufs’:
anubis_haar_data_sampling.c:78: warning: implicit declaration of function ‘malib_merger_set_buffers’
anubis_haar_data_sampling.c: In function ‘anubis_face_graph_seq_with_img_slice_deep_remove’:
anubis_haar_data_sampling.c:128: warning: assignment from incompatible pointer type
anubis_haar_data_sampling.c: In function ‘anubis_haar_data_sampling_fg_seq_with_im_save_to_xml_file’:
anubis_haar_data_sampling.c:191: warning: pointer targets in passing argument 2 of ‘xmlGetProp’ differ in signedness
anubis_haar_data_sampling.c:191: warning: pointer targets in assignment differ in signedness
anubis_haar_data_sampling.c:191: warning: suggest parentheses around assignment used as truth value
anubis_haar_data_sampling.c:198: warning: pointer targets in passing argument 2 of ‘xmlSetProp’ differ in signedness
anubis_haar_data_sampling.c:198: warning: pointer targets in passing argument 3 of ‘xmlSetProp’ differ in signedness
anubis_haar_data_sampling.c:206: warning: pointer targets in passing argument 2 of ‘xmlSetProp’ differ in signedness
anubis_haar_data_sampling.c:206: warning: pointer targets in passing argument 3 of ‘xmlSetProp’ differ in signedness
anubis_haar_data_sampling.c:216: warning: assignment from incompatible pointer type
anubis_haar_data_sampling.c:218: warning: pointer targets in passing argument 3 of ‘xmlNewChild’ differ in signedness
anubis_haar_data_sampling.c:220: warning: pointer targets in passing argument 2 of ‘xmlSetProp’ differ in signedness
anubis_haar_data_sampling.c:220: warning: pointer targets in passing argument 3 of ‘xmlSetProp’ differ in signedness
anubis_haar_data_sampling.c:221: warning: pointer targets in passing argument 2 of ‘xmlSetProp’ differ in signedness
anubis_haar_data_sampling.c:221: warning: pointer targets in passing argument 3 of ‘xmlSetProp’ differ in signedness
anubis_haar_data_sampling.c:229: warning: pointer targets in passing argument 2 of ‘xmlSetProp’ differ in signedness
anubis_haar_data_sampling.c:229: warning: pointer targets in passing argument 3 of ‘xmlSetProp’ differ in signedness
anubis_haar_data_sampling.c:238: warning: pointer targets in passing argument 2 of ‘xmlSetProp’ differ in signedness
anubis_haar_data_sampling.c:238: warning: pointer targets in passing argument 3 of ‘xmlSetProp’ differ in signedness
anubis_haar_data_sampling.c: In function ‘anubis_haar_data_sampling_write_frame_data’:
anubis_haar_data_sampling.c:289: warning: passing argument 1 of ‘malib_merger_preprocess’ from incompatible pointer type
anubis_haar_data_sampling.c:308: warning: passing argument 1 of ‘face_graph_deepcopy’ from incompatible pointer type
anubis_haar_data_sampling.c:314: warning: passing argument 1 of ‘face_graph_deepcopy’ from incompatible pointer type
anubis_haar_data_sampling.c:304: warning: unused variable ‘i’
anubis_haar_data_sampling.c:303: warning: unused variable ‘tmp_jet’
anubis_haar_data_sampling.c:303: warning: unused variable ‘cur_jet’
anubis_haar_data_sampling.c:302: warning: unused variable ‘jets_num’
anubis_haar_data_sampling.c:301: warning: unused variable ‘jets’
anubis_haar_data_sampling.c:298: warning: unused variable ‘tmp_face_graph’
gcc -DHAVE_CONFIG_H -I. -I. -I.. -I/usr/include/gtk-1.2 -I/usr/include/glib-1.2 -I/usr/lib/glib/include 	-I/usr/include/libxml2 	-I/usr/local/include 	-I/usr/src/linux/drivers/ieee1394 	-Icsu    -g -O2  -Wall -c anubishaarsampling_gui_with_update.c
In file included from csu/csuCommon.h:29,
                 from anubis_common.h:30,
                 from anubishaarsampling_gui_with_update.h:22,
                 from anubishaarsampling_gui_with_update.c:27:
csu/csuCommonUtil.h:69:1: warning: "MIN" redefined
In file included from /usr/local/include/malib/malib_common.h:37,
                 from /usr/local/include/malib/bttv.h:24,
                 from /usr/local/include/malib/malib.h:22,
                 from anubis_common.h:23,
                 from anubishaarsampling_gui_with_update.h:22,
                 from anubishaarsampling_gui_with_update.c:27:
/usr/include/glib-1.2/glib.h:137:1: warning: this is the location of the previous definition
In file included from csu/csuCommon.h:29,
                 from anubis_common.h:30,
                 from anubishaarsampling_gui_with_update.h:22,
                 from anubishaarsampling_gui_with_update.c:27:
csu/csuCommonUtil.h:70:1: warning: "MAX" redefined
In file included from /usr/local/include/malib/malib_common.h:37,
                 from /usr/local/include/malib/bttv.h:24,
                 from /usr/local/include/malib/malib.h:22,
                 from anubis_common.h:23,
                 from anubishaarsampling_gui_with_update.h:22,
                 from anubishaarsampling_gui_with_update.c:27:
/usr/include/glib-1.2/glib.h:134:1: warning: this is the location of the previous definition
In file included from csu/csuCommon.h:29,
                 from anubis_common.h:30,
                 from anubishaarsampling_gui_with_update.h:22,
                 from anubishaarsampling_gui_with_update.c:27:
csu/csuCommonUtil.h:71:1: warning: "ABS" redefined
In file included from /usr/local/include/malib/malib_common.h:37,
                 from /usr/local/include/malib/bttv.h:24,
                 from /usr/local/include/malib/malib.h:22,
                 from anubis_common.h:23,
                 from anubishaarsampling_gui_with_update.h:22,
                 from anubishaarsampling_gui_with_update.c:27:
/usr/include/glib-1.2/glib.h:140:1: warning: this is the location of the previous definition
In file included from anubis_common.h:30,
                 from anubishaarsampling_gui_with_update.h:22,
                 from anubishaarsampling_gui_with_update.c:27:
csu/csuCommon.h:41:1: warning: "VERSION" redefined
In file included from csu/csuCommonImage.h:30,
                 from anubis_common.h:29,
                 from anubishaarsampling_gui_with_update.h:22,
                 from anubishaarsampling_gui_with_update.c:27:
../config.h:73:1: warning: this is the location of the previous definition
In file included from anubishaarsampling_gui_with_update.h:22,
                 from anubishaarsampling_gui_with_update.c:27:
anubis_common.h:156:1: warning: "PI" redefined
In file included from csu/csuCommon.h:29,
                 from anubis_common.h:30,
                 from anubishaarsampling_gui_with_update.h:22,
                 from anubishaarsampling_gui_with_update.c:27:
csu/csuCommonUtil.h:79:1: warning: this is the location of the previous definition
In file included from recog_by_jets.h:31,
                 from anubis_face_graph_measure.h:30,
                 from anubishaarsampling_gui_with_update.h:23,
                 from anubishaarsampling_gui_with_update.c:27:
../config.h:73:1: warning: "VERSION" redefined
In file included from anubis_common.h:30,
                 from anubishaarsampling_gui_with_update.h:22,
                 from anubishaarsampling_gui_with_update.c:27:
csu/csuCommon.h:41:1: warning: this is the location of the previous definition
anubishaarsampling_gui_with_update.c:41: warning: missing braces around initializer
anubishaarsampling_gui_with_update.c:41: warning: (near initialization for ‘anubishaarsampling_gui_update_class.super’)
anubishaarsampling_gui_with_update.c:41: warning: initialization from incompatible pointer type
anubishaarsampling_gui_with_update.c:43: warning: initialization makes integer from pointer without a cast
anubishaarsampling_gui_with_update.c: In function ‘anubishaarsampling_gui_update_new_with_buf’:
anubishaarsampling_gui_with_update.c:82: warning: dereferencing type-punned pointer will break strict-aliasing rules
anubishaarsampling_gui_with_update.c:90: warning: passing argument 1 of ‘malib_filter_set_buffer’ from incompatible pointer type
anubishaarsampling_gui_with_update.c: In function ‘anubishaarsampling_gui_setup’:
anubishaarsampling_gui_with_update.c:174: warning: assignment from incompatible pointer type
anubishaarsampling_gui_with_update.c:180: warning: assignment from incompatible pointer type
anubishaarsampling_gui_with_update.c:105: warning: unused variable ‘anubishaarsampling_window’
anubishaarsampling_gui_with_update.c: In function ‘anubishaarsampling_enter_correct_frames_button_clicked’:
anubishaarsampling_gui_with_update.c:242: warning: passing argument 1 of ‘anubis_haar_data_sampling_enter_correct_frames’ from incompatible pointer type
anubishaarsampling_gui_with_update.c: In function ‘anubishaarsampling_clear_correct_frames_button_clicked’:
anubishaarsampling_gui_with_update.c:247: warning: passing argument 1 of ‘anubis_haar_data_sampling_clear_correct_frames’ from incompatible pointer type
anubishaarsampling_gui_with_update.c: In function ‘anubishaarsampling_save_button_clicked’:
anubishaarsampling_gui_with_update.c:260: warning: passing argument 1 of ‘gtk_entry_get_text’ from incompatible pointer type
anubishaarsampling_gui_with_update.c:261: warning: passing argument 1 of ‘gtk_entry_get_text’ from incompatible pointer type
anubishaarsampling_gui_with_update.c:254: warning: unused variable ‘node_template’
anubishaarsampling_gui_with_update.c:254: warning: unused variable ‘node_templates’
anubishaarsampling_gui_with_update.c:253: warning: unused variable ‘doc’
anubishaarsampling_gui_with_update.c: In function ‘anubishaarsampling_gui_update’:
anubishaarsampling_gui_with_update.c:299: warning: implicit declaration of function ‘anubis_pixmap_update’
anubishaarsampling_gui_with_update.c:290: warning: unused variable ‘track_fg_filter’
gcc -DHAVE_CONFIG_H -I. -I. -I.. -I/usr/include/gtk-1.2 -I/usr/include/glib-1.2 -I/usr/lib/glib/include 	-I/usr/include/libxml2 	-I/usr/local/include 	-I/usr/src/linux/drivers/ieee1394 	-Icsu    -g -O2  -Wall -c anubis_cv_track.c
In file included from csu/csuCommon.h:29,
                 from anubis_common.h:30,
                 from anubis_cv_track.h:24,
                 from anubis_cv_track.c:19:
csu/csuCommonUtil.h:69:1: warning: "MIN" redefined
In file included from /usr/local/include/malib/malib_common.h:37,
                 from /usr/local/include/malib/bttv.h:24,
                 from /usr/local/include/malib/malib.h:22,
                 from anubis_cv_track.h:22,
                 from anubis_cv_track.c:19:
/usr/include/glib-1.2/glib.h:137:1: warning: this is the location of the previous definition
In file included from csu/csuCommon.h:29,
                 from anubis_common.h:30,
                 from anubis_cv_track.h:24,
                 from anubis_cv_track.c:19:
csu/csuCommonUtil.h:70:1: warning: "MAX" redefined
In file included from /usr/local/include/malib/malib_common.h:37,
                 from /usr/local/include/malib/bttv.h:24,
                 from /usr/local/include/malib/malib.h:22,
                 from anubis_cv_track.h:22,
                 from anubis_cv_track.c:19:
/usr/include/glib-1.2/glib.h:134:1: warning: this is the location of the previous definition
In file included from csu/csuCommon.h:29,
                 from anubis_common.h:30,
                 from anubis_cv_track.h:24,
                 from anubis_cv_track.c:19:
csu/csuCommonUtil.h:71:1: warning: "ABS" redefined
In file included from /usr/local/include/malib/malib_common.h:37,
                 from /usr/local/include/malib/bttv.h:24,
                 from /usr/local/include/malib/malib.h:22,
                 from anubis_cv_track.h:22,
                 from anubis_cv_track.c:19:
/usr/include/glib-1.2/glib.h:140:1: warning: this is the location of the previous definition
In file included from anubis_common.h:30,
                 from anubis_cv_track.h:24,
                 from anubis_cv_track.c:19:
csu/csuCommon.h:41:1: warning: "VERSION" redefined
In file included from csu/csuCommonImage.h:30,
                 from anubis_common.h:29,
                 from anubis_cv_track.h:24,
                 from anubis_cv_track.c:19:
../config.h:73:1: warning: this is the location of the previous definition
In file included from anubis_cv_track.h:24,
                 from anubis_cv_track.c:19:
anubis_common.h:156:1: warning: "PI" redefined
In file included from csu/csuCommon.h:29,
                 from anubis_common.h:30,
                 from anubis_cv_track.h:24,
                 from anubis_cv_track.c:19:
csu/csuCommonUtil.h:79:1: warning: this is the location of the previous definition
anubis_cv_track.c:31: warning: missing braces around initializer
anubis_cv_track.c:31: warning: (near initialization for ‘anubis_cv_track_class.super’)
anubis_cv_track.c: In function ‘anubis_cv_track_new_with_buf’:
anubis_cv_track.c:47: warning: passing argument 1 of ‘malib_filter_set_buffer’ from incompatible pointer type
anubis_cv_track.c:41: warning: unused variable ‘prev_frame’
anubis_cv_track.c: In function ‘anubis_cv_track_write_frame_data’:
anubis_cv_track.c:145: warning: initialization from incompatible pointer type
anubis_cv_track.c:152: warning: pointer targets in assignment differ in signedness
anubis_cv_track.c:153: warning: pointer targets in assignment differ in signedness
anubis_cv_track.c:157: warning: unused variable ‘min_distance’
anubis_cv_track.c:156: warning: unused variable ‘quality’
gcc -DHAVE_CONFIG_H -I. -I. -I.. -I/usr/include/gtk-1.2 -I/usr/include/glib-1.2 -I/usr/lib/glib/include 	-I/usr/include/libxml2 	-I/usr/local/include 	-I/usr/src/linux/drivers/ieee1394 	-Icsu    -g -O2  -Wall -c anubis_cv_track_with_jet.c
In file included from csu/csuCommon.h:29,
                 from anubis_common.h:30,
                 from anubis_cv_track_with_jet.h:24,
                 from anubis_cv_track_with_jet.c:19:
csu/csuCommonUtil.h:69:1: warning: "MIN" redefined
In file included from /usr/local/include/malib/malib_common.h:37,
                 from /usr/local/include/malib/bttv.h:24,
                 from /usr/local/include/malib/malib.h:22,
                 from anubis_cv_track_with_jet.h:22,
                 from anubis_cv_track_with_jet.c:19:
/usr/include/glib-1.2/glib.h:137:1: warning: this is the location of the previous definition
In file included from csu/csuCommon.h:29,
                 from anubis_common.h:30,
                 from anubis_cv_track_with_jet.h:24,
                 from anubis_cv_track_with_jet.c:19:
csu/csuCommonUtil.h:70:1: warning: "MAX" redefined
In file included from /usr/local/include/malib/malib_common.h:37,
                 from /usr/local/include/malib/bttv.h:24,
                 from /usr/local/include/malib/malib.h:22,
                 from anubis_cv_track_with_jet.h:22,
                 from anubis_cv_track_with_jet.c:19:
/usr/include/glib-1.2/glib.h:134:1: warning: this is the location of the previous definition
In file included from csu/csuCommon.h:29,
                 from anubis_common.h:30,
                 from anubis_cv_track_with_jet.h:24,
                 from anubis_cv_track_with_jet.c:19:
csu/csuCommonUtil.h:71:1: warning: "ABS" redefined
In file included from /usr/local/include/malib/malib_common.h:37,
                 from /usr/local/include/malib/bttv.h:24,
                 from /usr/local/include/malib/malib.h:22,
                 from anubis_cv_track_with_jet.h:22,
                 from anubis_cv_track_with_jet.c:19:
/usr/include/glib-1.2/glib.h:140:1: warning: this is the location of the previous definition
In file included from anubis_common.h:30,
                 from anubis_cv_track_with_jet.h:24,
                 from anubis_cv_track_with_jet.c:19:
csu/csuCommon.h:41:1: warning: "VERSION" redefined
In file included from csu/csuCommonImage.h:30,
                 from anubis_common.h:29,
                 from anubis_cv_track_with_jet.h:24,
                 from anubis_cv_track_with_jet.c:19:
../config.h:73:1: warning: this is the location of the previous definition
In file included from anubis_cv_track_with_jet.h:24,
                 from anubis_cv_track_with_jet.c:19:
anubis_common.h:156:1: warning: "PI" redefined
In file included from csu/csuCommon.h:29,
                 from anubis_common.h:30,
                 from anubis_cv_track_with_jet.h:24,
                 from anubis_cv_track_with_jet.c:19:
csu/csuCommonUtil.h:79:1: warning: this is the location of the previous definition
anubis_cv_track_with_jet.c:32: warning: missing braces around initializer
anubis_cv_track_with_jet.c:32: warning: (near initialization for ‘anubis_cv_track_with_jet_class.super’)
anubis_cv_track_with_jet.c: In function ‘anubis_cv_track_with_jet_new_with_buf’:
anubis_cv_track_with_jet.c:48: warning: passing argument 1 of ‘malib_filter_set_buffer’ from incompatible pointer type
anubis_cv_track_with_jet.c: In function ‘anubis_cv_track_with_jet_params_setup’:
anubis_cv_track_with_jet.c:65: warning: passing argument 1 of ‘anubis_cv_track_params_setup’ from incompatible pointer type
anubis_cv_track_with_jet.c: In function ‘anubis_cv_track_with_jet_write_frame_data’:
anubis_cv_track_with_jet.c:87: warning: initialization from incompatible pointer type
anubis_cv_track_with_jet.c:94: warning: pointer targets in assignment differ in signedness
anubis_cv_track_with_jet.c:95: warning: pointer targets in assignment differ in signedness
anubis_cv_track_with_jet.c:108: warning: implicit declaration of function ‘anubis_cv_track_points_to_face_graph’
anubis_cv_track_with_jet.c:115: warning: passing argument 1 of ‘correct_points_by_jets’ from incompatible pointer type
anubis_cv_track_with_jet.c:101: warning: unused variable ‘min_distance’
anubis_cv_track_with_jet.c:100: warning: unused variable ‘quality’
anubis_cv_track_with_jet.c: In function ‘correct_points_by_jets’:
anubis_cv_track_with_jet.c:135: warning: initialization from incompatible pointer type
anubis_cv_track_with_jet.c:149: warning: passing argument 1 of ‘setExtractJet’ from incompatible pointer type
anubis_cv_track_with_jet.c:153: warning: assignment from incompatible pointer type
anubis_cv_track_with_jet.c:154: warning: passing argument 1 of ‘dispEst’ from incompatible pointer type
anubis_cv_track_with_jet.c:154: warning: passing argument 2 of ‘dispEst’ from incompatible pointer type
anubis_cv_track_with_jet.c:176: warning: passing argument 1 of ‘freeGaborJet’ from incompatible pointer type
gcc -DHAVE_CONFIG_H -I. -I. -I.. -I/usr/include/gtk-1.2 -I/usr/include/glib-1.2 -I/usr/lib/glib/include 	-I/usr/include/libxml2 	-I/usr/local/include 	-I/usr/src/linux/drivers/ieee1394 	-Icsu    -g -O2  -Wall -c anubis_face_parts_detect.c
In file included from csu/csuCommon.h:29,
                 from anubis_common.h:30,
                 from anubis_cv_haar_detect_obj.h:27,
                 from anubis_face_parts_detect.h:25,
                 from anubis_face_parts_detect.c:20:
csu/csuCommonUtil.h:69:1: warning: "MIN" redefined
In file included from /usr/local/include/malib/malib_common.h:37,
                 from /usr/local/include/malib/bttv.h:24,
                 from /usr/local/include/malib/malib.h:22,
                 from anubis_face_parts_detect.h:22,
                 from anubis_face_parts_detect.c:20:
/usr/include/glib-1.2/glib.h:137:1: warning: this is the location of the previous definition
In file included from csu/csuCommon.h:29,
                 from anubis_common.h:30,
                 from anubis_cv_haar_detect_obj.h:27,
                 from anubis_face_parts_detect.h:25,
                 from anubis_face_parts_detect.c:20:
csu/csuCommonUtil.h:70:1: warning: "MAX" redefined
In file included from /usr/local/include/malib/malib_common.h:37,
                 from /usr/local/include/malib/bttv.h:24,
                 from /usr/local/include/malib/malib.h:22,
                 from anubis_face_parts_detect.h:22,
                 from anubis_face_parts_detect.c:20:
/usr/include/glib-1.2/glib.h:134:1: warning: this is the location of the previous definition
In file included from csu/csuCommon.h:29,
                 from anubis_common.h:30,
                 from anubis_cv_haar_detect_obj.h:27,
                 from anubis_face_parts_detect.h:25,
                 from anubis_face_parts_detect.c:20:
csu/csuCommonUtil.h:71:1: warning: "ABS" redefined
In file included from /usr/local/include/malib/malib_common.h:37,
                 from /usr/local/include/malib/bttv.h:24,
                 from /usr/local/include/malib/malib.h:22,
                 from anubis_face_parts_detect.h:22,
                 from anubis_face_parts_detect.c:20:
/usr/include/glib-1.2/glib.h:140:1: warning: this is the location of the previous definition
In file included from anubis_common.h:30,
                 from anubis_cv_haar_detect_obj.h:27,
                 from anubis_face_parts_detect.h:25,
                 from anubis_face_parts_detect.c:20:
csu/csuCommon.h:41:1: warning: "VERSION" redefined
In file included from csu/csuCommonImage.h:30,
                 from anubis_common.h:29,
                 from anubis_cv_haar_detect_obj.h:27,
                 from anubis_face_parts_detect.h:25,
                 from anubis_face_parts_detect.c:20:
../config.h:73:1: warning: this is the location of the previous definition
In file included from anubis_cv_haar_detect_obj.h:27,
                 from anubis_face_parts_detect.h:25,
                 from anubis_face_parts_detect.c:20:
anubis_common.h:156:1: warning: "PI" redefined
In file included from csu/csuCommon.h:29,
                 from anubis_common.h:30,
                 from anubis_cv_haar_detect_obj.h:27,
                 from anubis_face_parts_detect.h:25,
                 from anubis_face_parts_detect.c:20:
csu/csuCommonUtil.h:79:1: warning: this is the location of the previous definition
In file included from anubis_cv_haar_detect_obj.h:34,
                 from anubis_face_parts_detect.h:25,
                 from anubis_face_parts_detect.c:20:
../config.h:73:1: warning: "VERSION" redefined
In file included from anubis_common.h:30,
                 from anubis_cv_haar_detect_obj.h:27,
                 from anubis_face_parts_detect.h:25,
                 from anubis_face_parts_detect.c:20:
csu/csuCommon.h:41:1: warning: this is the location of the previous definition
anubis_face_parts_detect.c:29: warning: missing braces around initializer
anubis_face_parts_detect.c:29: warning: (near initialization for ‘anubis_face_parts_detect_class.super’)
anubis_face_parts_detect.c: In function ‘anubis_face_parts_detect_new_with_buf’:
anubis_face_parts_detect.c:48: warning: passing argument 1 of ‘anubis_cv_haar_detect_obj_setup_filter_and_frames’ from incompatible pointer type
anubis_face_parts_detect.c:49: warning: passing argument 1 of ‘anubis_cv_haar_detect_obj_set_params_and_cascade’ from incompatible pointer type
anubis_face_parts_detect.c:41: warning: unused variable ‘preview_frame’
anubis_face_parts_detect.c: In function ‘anubis_face_parts_detect_write_frame_data’:
anubis_face_parts_detect.c:63: warning: passing argument 1 of ‘anubis_cv_haar_detect_obj_write_frame_data’ from incompatible pointer type
anubis_face_parts_detect.c:99: warning: initialization from incompatible pointer type
gcc -DHAVE_CONFIG_H -I. -I. -I.. -I/usr/include/gtk-1.2 -I/usr/include/glib-1.2 -I/usr/lib/glib/include 	-I/usr/include/libxml2 	-I/usr/local/include 	-I/usr/src/linux/drivers/ieee1394 	-Icsu    -g -O2  -Wall -c anubisrecog.c
In file included from csu/csuCommon.h:29,
                 from anubis_common.h:30,
                 from gaborrg_recog.h:27,
                 from anubisrecog.c:20:
csu/csuCommonUtil.h:69:1: warning: "MIN" redefined
In file included from /usr/local/include/malib/malib_common.h:37,
                 from /usr/local/include/malib/bttv.h:24,
                 from /usr/local/include/malib/malib.h:22,
                 from gaborrg_recog.h:24,
                 from anubisrecog.c:20:
/usr/include/glib-1.2/glib.h:137:1: warning: this is the location of the previous definition
In file included from csu/csuCommon.h:29,
                 from anubis_common.h:30,
                 from gaborrg_recog.h:27,
                 from anubisrecog.c:20:
csu/csuCommonUtil.h:70:1: warning: "MAX" redefined
In file included from /usr/local/include/malib/malib_common.h:37,
                 from /usr/local/include/malib/bttv.h:24,
                 from /usr/local/include/malib/malib.h:22,
                 from gaborrg_recog.h:24,
                 from anubisrecog.c:20:
/usr/include/glib-1.2/glib.h:134:1: warning: this is the location of the previous definition
In file included from csu/csuCommon.h:29,
                 from anubis_common.h:30,
                 from gaborrg_recog.h:27,
                 from anubisrecog.c:20:
csu/csuCommonUtil.h:71:1: warning: "ABS" redefined
In file included from /usr/local/include/malib/malib_common.h:37,
                 from /usr/local/include/malib/bttv.h:24,
                 from /usr/local/include/malib/malib.h:22,
                 from gaborrg_recog.h:24,
                 from anubisrecog.c:20:
/usr/include/glib-1.2/glib.h:140:1: warning: this is the location of the previous definition
In file included from anubis_common.h:30,
                 from gaborrg_recog.h:27,
                 from anubisrecog.c:20:
csu/csuCommon.h:41:1: warning: "VERSION" redefined
In file included from csu/csuCommonImage.h:30,
                 from anubis_common.h:29,
                 from gaborrg_recog.h:27,
                 from anubisrecog.c:20:
../config.h:73:1: warning: this is the location of the previous definition
In file included from gaborrg_recog.h:27,
                 from anubisrecog.c:20:
anubis_common.h:156:1: warning: "PI" redefined
In file included from csu/csuCommon.h:29,
                 from anubis_common.h:30,
                 from gaborrg_recog.h:27,
                 from anubisrecog.c:20:
csu/csuCommonUtil.h:79:1: warning: this is the location of the previous definition
In file included from ../glade_gui_src/glade_support.h:6,
                 from gaborrg_recog_gui.h:24,
                 from recog_by_gabor.h:32,
                 from gaborrg_recog.h:28,
                 from anubisrecog.c:20:
../config.h:73:1: warning: "VERSION" redefined
In file included from anubis_common.h:30,
                 from gaborrg_recog.h:27,
                 from anubisrecog.c:20:
csu/csuCommon.h:41:1: warning: this is the location of the previous definition
anubisrecog.c: In function ‘main’:
anubisrecog.c:70: warning: passing argument 2 of ‘recog_by_jets_new_with_buf’ from incompatible pointer type
anubisrecog.c:70: warning: pointer targets in passing argument 3 of ‘recog_by_jets_new_with_buf’ differ in signedness
anubisrecog.c:70: warning: pointer targets in passing argument 4 of ‘recog_by_jets_new_with_buf’ differ in signedness
anubisrecog.c:77: warning: pointer targets in passing argument 3 of ‘anubis_face_graph_measure_new_with_buf_and_jets’ differ in signedness
anubisrecog.c:77: warning: pointer targets in passing argument 4 of ‘anubis_face_graph_measure_new_with_buf_and_jets’ differ in signedness
anubisrecog.c:81: warning: passing argument 2 of ‘anubisrecog_gui_update_new_with_buf’ from incompatible pointer type
anubisrecog.c:81: warning: passing argument 3 of ‘anubisrecog_gui_update_new_with_buf’ from incompatible pointer type
anubisrecog.c:81: warning: passing argument 4 of ‘anubisrecog_gui_update_new_with_buf’ from incompatible pointer type
anubisrecog.c:85: warning: missing braces around initializer
anubisrecog.c:85: warning: (near initialization for ‘marker_filters[0]’)
anubisrecog.c:85: warning: initialization from incompatible pointer type
anubisrecog.c:85: warning: initialization makes integer from pointer without a cast
anubisrecog.c:85: warning: initialization makes integer from pointer without a cast
anubisrecog.c:87: warning: passing argument 2 of ‘anubis_marker_new_with_buf_and_filters’ from incompatible pointer type
anubisrecog.c:89: warning: assignment from incompatible pointer type
anubisrecog.c:91: warning: passing argument 3 of ‘anubisrecog_gui_new’ from incompatible pointer type
anubisrecog.c:91: warning: assignment from incompatible pointer type
anubisrecog.c:92: warning: assignment from incompatible pointer type
anubisrecog.c:94: warning: passing argument 1 of ‘anubis_cv_gtkdisplay_auto_play’ from incompatible pointer type
anubisrecog.c:97: warning: passing argument 1 of ‘anubis_cv_reset_capture_propaty’ from incompatible pointer type
anubisrecog.c:55: warning: unused variable ‘disp_main’
anubisrecog.c:55: warning: unused variable ‘disp_last’
anubisrecog.c:55: warning: unused variable ‘disp_mark’
anubisrecog.c:55: warning: unused variable ‘disp_jets’
anubisrecog.c:55: warning: unused variable ‘disp_conf’
anubisrecog.c:55: warning: unused variable ‘disp_cap’
anubisrecog.c:53: warning: unused variable ‘d_updt’
anubisrecog.c:53: warning: unused variable ‘d_mark’
anubisrecog.c:53: warning: unused variable ‘d_face’
anubisrecog.c:53: warning: unused variable ‘d_jets’
anubisrecog.c:53: warning: unused variable ‘d_haar’
anubisrecog.c:53: warning: unused variable ‘d_snake’
anubisrecog.c:53: warning: unused variable ‘d_gray’
anubisrecog.c:53: warning: unused variable ‘d_conf’
anubisrecog.c:53: warning: unused variable ‘d_cap’
anubisrecog.c:52: warning: unused variable ‘b_snake’
anubisrecog.c:52: warning: unused variable ‘b_gray’
anubisrecog.c:52: warning: unused variable ‘b_conf’
anubisrecog.c:51: warning: unused variable ‘s_snake’
anubisrecog.c:51: warning: unused variable ‘s_gray’
anubisrecog.c:51: warning: unused variable ‘s_conf’
anubisrecog.c:49: warning: unused variable ‘disps’
anubisrecog.c: In function ‘check_option’:
anubisrecog.c:120: warning: pointer targets in assignment differ in signedness
anubisrecog.c:121: warning: pointer targets in assignment differ in signedness
anubisrecog.c:122: warning: pointer targets in assignment differ in signedness
anubisrecog.c:130: warning: pointer targets in assignment differ in signedness
anubisrecog.c:137: warning: pointer targets in assignment differ in signedness
anubisrecog.c:104: warning: unused variable ‘this_option_optind’
/bin/sh ../libtool --mode=link gcc  -g -O2  -Wall  -o anubisrecog ../glade_gui_src/glade_interface.o 	../glade_gui_src/glade_callbacks.o 	../glade_gui_src/glade_support.o anubis_common.o gaborrg_recog_gui.o recog_by_gabor.o gaborrg_recog_file_io.o discriminator.o kd_tree.o recog_by_ebgm.o gaborrg_maker_file_io.o gaborrg_maker_file_io_gui.o gaborrg_maker_gui.o gaborrg_maker_ebgm.o node_data.o recog_by_jets.o gaborrg_recog_jet_file_io.o anubis_marker.o anubis_color_config.o anubis_skin.o anubis_cv_snake.o anubisrecog_gui.o anubis_cv_haar_detect_obj.o anubis_cv_capture.o anubis_cv_rgb2gray.o anubis_cv_gtkdisplay.o anubissimple_gui.o anubis_cv_multi_haar.o anubis_toggle_screensaver.o anubis_face_graph_measure.o anubisrecog_gui_update.o anubisfacesampling_gui.o anubis_haar_data_sampling.o anubishaarsampling_gui_with_update.o anubis_cv_track.o anubis_cv_track_with_jet.o anubis_face_parts_detect.o anubisrecog.o -L/usr/lib -L/usr/X11R6/lib -lgtk -lgdk -rdynamic -lgmodule -lglib -ldl -lXi -lXext -lX11 -lm 	-L/usr/lib -lxml2 -lz -lm 	-lmalib 	-lm 	-Lcsu 	-lcsuCommon 	-lcxcore 	-lcv 	-lhighgui 	-lcvaux -L/usr/lib -lxml2 -lz -lm
mkdir .libs
gcc -g -O2 -Wall -o anubisrecog ../glade_gui_src/glade_interface.o ../glade_gui_src/glade_callbacks.o ../glade_gui_src/glade_support.o anubis_common.o gaborrg_recog_gui.o recog_by_gabor.o gaborrg_recog_file_io.o discriminator.o kd_tree.o recog_by_ebgm.o gaborrg_maker_file_io.o gaborrg_maker_file_io_gui.o gaborrg_maker_gui.o gaborrg_maker_ebgm.o node_data.o recog_by_jets.o gaborrg_recog_jet_file_io.o anubis_marker.o anubis_color_config.o anubis_skin.o anubis_cv_snake.o anubisrecog_gui.o anubis_cv_haar_detect_obj.o anubis_cv_capture.o anubis_cv_rgb2gray.o anubis_cv_gtkdisplay.o anubissimple_gui.o anubis_cv_multi_haar.o anubis_toggle_screensaver.o anubis_face_graph_measure.o anubisrecog_gui_update.o anubisfacesampling_gui.o anubis_haar_data_sampling.o anubishaarsampling_gui_with_update.o anubis_cv_track.o anubis_cv_track_with_jet.o anubis_face_parts_detect.o anubisrecog.o -rdynamic  -L/usr/lib -L/usr/X11R6/lib /usr/lib/libgtk.so /usr/lib/libgdk.so /usr/lib/libgmodule.so /usr/lib/libglib.so -ldl -lXi -lXext -lX11 -lmalib -L/home/compman/Projects/anubis/src/csu -lcsuCommon -lcxcore -lcv -lhighgui -lcvaux /usr/lib/libxml2.so -lz -lm
gcc -DHAVE_CONFIG_H -I. -I. -I.. -I/usr/include/gtk-1.2 -I/usr/include/glib-1.2 -I/usr/lib/glib/include 	-I/usr/include/libxml2 	-I/usr/local/include 	-I/usr/src/linux/drivers/ieee1394 	-Icsu    -g -O2  -Wall -c anubissampling.c
In file included from csu/csuCommon.h:29,
                 from anubis_common.h:30,
                 from gaborrg_maker_gui.h:38,
                 from anubissampling.c:21:
csu/csuCommonUtil.h:69:1: warning: "MIN" redefined
In file included from /usr/local/include/malib/malib_common.h:37,
                 from /usr/local/include/malib/bttv.h:24,
                 from /usr/local/include/malib/malib.h:22,
                 from anubissampling.c:19:
/usr/include/glib-1.2/glib.h:137:1: warning: this is the location of the previous definition
In file included from csu/csuCommon.h:29,
                 from anubis_common.h:30,
                 from gaborrg_maker_gui.h:38,
                 from anubissampling.c:21:
csu/csuCommonUtil.h:70:1: warning: "MAX" redefined
In file included from /usr/local/include/malib/malib_common.h:37,
                 from /usr/local/include/malib/bttv.h:24,
                 from /usr/local/include/malib/malib.h:22,
                 from anubissampling.c:19:
/usr/include/glib-1.2/glib.h:134:1: warning: this is the location of the previous definition
In file included from csu/csuCommon.h:29,
                 from anubis_common.h:30,
                 from gaborrg_maker_gui.h:38,
                 from anubissampling.c:21:
csu/csuCommonUtil.h:71:1: warning: "ABS" redefined
In file included from /usr/local/include/malib/malib_common.h:37,
                 from /usr/local/include/malib/bttv.h:24,
                 from /usr/local/include/malib/malib.h:22,
                 from anubissampling.c:19:
/usr/include/glib-1.2/glib.h:140:1: warning: this is the location of the previous definition
In file included from anubis_common.h:30,
                 from gaborrg_maker_gui.h:38,
                 from anubissampling.c:21:
csu/csuCommon.h:41:1: warning: "VERSION" redefined
In file included from csu/csuCommonImage.h:30,
                 from anubis_common.h:29,
                 from gaborrg_maker_gui.h:38,
                 from anubissampling.c:21:
../config.h:73:1: warning: this is the location of the previous definition
In file included from gaborrg_maker_gui.h:38,
                 from anubissampling.c:21:
anubis_common.h:156:1: warning: "PI" redefined
In file included from csu/csuCommon.h:29,
                 from anubis_common.h:30,
                 from gaborrg_maker_gui.h:38,
                 from anubissampling.c:21:
csu/csuCommonUtil.h:79:1: warning: this is the location of the previous definition
In file included from ../glade_gui_src/glade_support.h:6,
                 from node_data.h:23,
                 from gaborrg_maker_gui.h:39,
                 from anubissampling.c:21:
../config.h:73:1: warning: "VERSION" redefined
In file included from anubis_common.h:30,
                 from gaborrg_maker_gui.h:38,
                 from anubissampling.c:21:
csu/csuCommon.h:41:1: warning: this is the location of the previous definition
anubissampling.c: In function ‘main’:
anubissampling.c:33: warning: implicit declaration of function ‘anubis_cv_capture_new_with_size’
anubissampling.c:37: warning: implicit declaration of function ‘anubis_cv_rgb2gray_new_with_buf’
anubissampling.c:43: warning: implicit declaration of function ‘anubis_cv_gtkdisplay_new_for_embed’
anubissampling.c:43: warning: assignment makes pointer from integer without a cast
anubissampling.c:46: warning: passing argument 3 of ‘gaborrg_maker_gui_new’ from incompatible pointer type
anubissampling.c:46: warning: passing argument 4 of ‘gaborrg_maker_gui_new’ from incompatible pointer type
anubissampling.c:50: warning: implicit declaration of function ‘anubis_cv_gtkdisplay_auto_play2’
anubissampling.c:51: warning: implicit declaration of function ‘anubis_cv_reset_capture_propaty’
anubissampling.c:26: warning: unused variable ‘b_haar’
/bin/sh ../libtool --mode=link gcc  -g -O2  -Wall  -o anubissampling ../glade_gui_src/glade_interface.o 	../glade_gui_src/glade_callbacks.o 	../glade_gui_src/glade_support.o anubis_common.o gaborrg_recog_gui.o recog_by_gabor.o gaborrg_recog_file_io.o discriminator.o kd_tree.o recog_by_ebgm.o gaborrg_maker_file_io.o gaborrg_maker_file_io_gui.o gaborrg_maker_gui.o gaborrg_maker_ebgm.o node_data.o recog_by_jets.o gaborrg_recog_jet_file_io.o anubis_marker.o anubis_color_config.o anubis_skin.o anubis_cv_snake.o anubisrecog_gui.o anubis_cv_haar_detect_obj.o anubis_cv_capture.o anubis_cv_rgb2gray.o anubis_cv_gtkdisplay.o anubissimple_gui.o anubis_cv_multi_haar.o anubis_toggle_screensaver.o anubis_face_graph_measure.o anubisrecog_gui_update.o anubisfacesampling_gui.o anubis_haar_data_sampling.o anubishaarsampling_gui_with_update.o anubis_cv_track.o anubis_cv_track_with_jet.o anubis_face_parts_detect.o anubissampling.o -L/usr/lib -L/usr/X11R6/lib -lgtk -lgdk -rdynamic -lgmodule -lglib -ldl -lXi -lXext -lX11 -lm 	-L/usr/lib -lxml2 -lz -lm 	-lmalib 	-lm 	-Lcsu 	-lcsuCommon 	-lcxcore 	-lcv 	-lhighgui 	-lcvaux -L/usr/lib -lxml2 -lz -lm
gcc -g -O2 -Wall -o anubissampling ../glade_gui_src/glade_interface.o ../glade_gui_src/glade_callbacks.o ../glade_gui_src/glade_support.o anubis_common.o gaborrg_recog_gui.o recog_by_gabor.o gaborrg_recog_file_io.o discriminator.o kd_tree.o recog_by_ebgm.o gaborrg_maker_file_io.o gaborrg_maker_file_io_gui.o gaborrg_maker_gui.o gaborrg_maker_ebgm.o node_data.o recog_by_jets.o gaborrg_recog_jet_file_io.o anubis_marker.o anubis_color_config.o anubis_skin.o anubis_cv_snake.o anubisrecog_gui.o anubis_cv_haar_detect_obj.o anubis_cv_capture.o anubis_cv_rgb2gray.o anubis_cv_gtkdisplay.o anubissimple_gui.o anubis_cv_multi_haar.o anubis_toggle_screensaver.o anubis_face_graph_measure.o anubisrecog_gui_update.o anubisfacesampling_gui.o anubis_haar_data_sampling.o anubishaarsampling_gui_with_update.o anubis_cv_track.o anubis_cv_track_with_jet.o anubis_face_parts_detect.o anubissampling.o -rdynamic  -L/usr/lib -L/usr/X11R6/lib /usr/lib/libgtk.so /usr/lib/libgdk.so /usr/lib/libgmodule.so /usr/lib/libglib.so -ldl -lXi -lXext -lX11 -lmalib -L/home/compman/Projects/anubis/src/csu -lcsuCommon -lcxcore -lcv -lhighgui -lcvaux /usr/lib/libxml2.so -lz -lm
gcc -DHAVE_CONFIG_H -I. -I. -I.. -I/usr/include/gtk-1.2 -I/usr/include/glib-1.2 -I/usr/lib/glib/include 	-I/usr/include/libxml2 	-I/usr/local/include 	-I/usr/src/linux/drivers/ieee1394 	-Icsu    -g -O2  -Wall -c anubissaver.c
In file included from csu/csuCommon.h:29,
                 from anubis_common.h:30,
                 from anubissaver.c:23:
csu/csuCommonUtil.h:69:1: warning: "MIN" redefined
In file included from /usr/local/include/malib/malib_common.h:37,
                 from /usr/local/include/malib/bttv.h:24,
                 from /usr/local/include/malib/malib.h:22,
                 from anubissaver.c:22:
/usr/include/glib-1.2/glib.h:137:1: warning: this is the location of the previous definition
In file included from csu/csuCommon.h:29,
                 from anubis_common.h:30,
                 from anubissaver.c:23:
csu/csuCommonUtil.h:70:1: warning: "MAX" redefined
In file included from /usr/local/include/malib/malib_common.h:37,
                 from /usr/local/include/malib/bttv.h:24,
                 from /usr/local/include/malib/malib.h:22,
                 from anubissaver.c:22:
/usr/include/glib-1.2/glib.h:134:1: warning: this is the location of the previous definition
In file included from csu/csuCommon.h:29,
                 from anubis_common.h:30,
                 from anubissaver.c:23:
csu/csuCommonUtil.h:71:1: warning: "ABS" redefined
In file included from /usr/local/include/malib/malib_common.h:37,
                 from /usr/local/include/malib/bttv.h:24,
                 from /usr/local/include/malib/malib.h:22,
                 from anubissaver.c:22:
/usr/include/glib-1.2/glib.h:140:1: warning: this is the location of the previous definition
In file included from anubis_common.h:30,
                 from anubissaver.c:23:
csu/csuCommon.h:41:1: warning: "VERSION" redefined
In file included from csu/csuCommonImage.h:30,
                 from anubis_common.h:29,
                 from anubissaver.c:23:
../config.h:73:1: warning: this is the location of the previous definition
In file included from anubissaver.c:23:
anubis_common.h:156:1: warning: "PI" redefined
In file included from csu/csuCommon.h:29,
                 from anubis_common.h:30,
                 from anubissaver.c:23:
csu/csuCommonUtil.h:79:1: warning: this is the location of the previous definition
In file included from ../glade_gui_src/glade_support.h:6,
                 from anubissimple_gui.h:24,
                 from anubissaver.c:27:
../config.h:73:1: warning: "VERSION" redefined
In file included from anubis_common.h:30,
                 from anubissaver.c:23:
csu/csuCommon.h:41:1: warning: this is the location of the previous definition
anubissaver.c: In function ‘main’:
anubissaver.c:63: warning: initialization from incompatible pointer type
anubissaver.c:71: warning: passing argument 1 of ‘anubis_cv_reset_capture_propaty’ from incompatible pointer type
anubissaver.c:43: warning: unused variable ‘displays’
anubissaver.c:42: warning: unused variable ‘d_gray’
anubissaver.c:42: warning: unused variable ‘d_multi’
anubissaver.c:42: warning: unused variable ‘d_cap’
anubissaver.c:41: warning: unused variable ‘b_gray’
anubissaver.c:41: warning: unused variable ‘b_saver’
anubissaver.c:40: warning: unused variable ‘s_gray’
/bin/sh ../libtool --mode=link gcc  -g -O2  -Wall  -o anubissaver ../glade_gui_src/glade_interface.o 	../glade_gui_src/glade_callbacks.o 	../glade_gui_src/glade_support.o anubis_common.o gaborrg_recog_gui.o recog_by_gabor.o gaborrg_recog_file_io.o discriminator.o kd_tree.o recog_by_ebgm.o gaborrg_maker_file_io.o gaborrg_maker_file_io_gui.o gaborrg_maker_gui.o gaborrg_maker_ebgm.o node_data.o recog_by_jets.o gaborrg_recog_jet_file_io.o anubis_marker.o anubis_color_config.o anubis_skin.o anubis_cv_snake.o anubisrecog_gui.o anubis_cv_haar_detect_obj.o anubis_cv_capture.o anubis_cv_rgb2gray.o anubis_cv_gtkdisplay.o anubissimple_gui.o anubis_cv_multi_haar.o anubis_toggle_screensaver.o anubis_face_graph_measure.o anubisrecog_gui_update.o anubisfacesampling_gui.o anubis_haar_data_sampling.o anubishaarsampling_gui_with_update.o anubis_cv_track.o anubis_cv_track_with_jet.o anubis_face_parts_detect.o anubissaver.o -L/usr/lib -L/usr/X11R6/lib -lgtk -lgdk -rdynamic -lgmodule -lglib -ldl -lXi -lXext -lX11 -lm 	-L/usr/lib -lxml2 -lz -lm 	-lmalib 	-lm 	-Lcsu 	-lcsuCommon 	-lcxcore 	-lcv 	-lhighgui 	-lcvaux -L/usr/lib -lxml2 -lz -lm
gcc -g -O2 -Wall -o anubissaver ../glade_gui_src/glade_interface.o ../glade_gui_src/glade_callbacks.o ../glade_gui_src/glade_support.o anubis_common.o gaborrg_recog_gui.o recog_by_gabor.o gaborrg_recog_file_io.o discriminator.o kd_tree.o recog_by_ebgm.o gaborrg_maker_file_io.o gaborrg_maker_file_io_gui.o gaborrg_maker_gui.o gaborrg_maker_ebgm.o node_data.o recog_by_jets.o gaborrg_recog_jet_file_io.o anubis_marker.o anubis_color_config.o anubis_skin.o anubis_cv_snake.o anubisrecog_gui.o anubis_cv_haar_detect_obj.o anubis_cv_capture.o anubis_cv_rgb2gray.o anubis_cv_gtkdisplay.o anubissimple_gui.o anubis_cv_multi_haar.o anubis_toggle_screensaver.o anubis_face_graph_measure.o anubisrecog_gui_update.o anubisfacesampling_gui.o anubis_haar_data_sampling.o anubishaarsampling_gui_with_update.o anubis_cv_track.o anubis_cv_track_with_jet.o anubis_face_parts_detect.o anubissaver.o -rdynamic  -L/usr/lib -L/usr/X11R6/lib /usr/lib/libgtk.so /usr/lib/libgdk.so /usr/lib/libgmodule.so /usr/lib/libglib.so -ldl -lXi -lXext -lX11 -lmalib -L/home/compman/Projects/anubis/src/csu -lcsuCommon -lcxcore -lcv -lhighgui -lcvaux /usr/lib/libxml2.so -lz -lm
gcc -DHAVE_CONFIG_H -I. -I. -I.. -I/usr/include/gtk-1.2 -I/usr/include/glib-1.2 -I/usr/lib/glib/include 	-I/usr/include/libxml2 	-I/usr/local/include 	-I/usr/src/linux/drivers/ieee1394 	-Icsu    -g -O2  -Wall -c anubisfacesampling.c
In file included from csu/csuCommon.h:29,
                 from anubis_common.h:30,
                 from gaborrg_recog.h:27,
                 from recog_by_jets.h:35,
                 from anubisfacesampling_gui.h:37,
                 from anubisfacesampling.c:21:
csu/csuCommonUtil.h:69:1: warning: "MIN" redefined
In file included from /usr/local/include/malib/malib_common.h:37,
                 from /usr/local/include/malib/bttv.h:24,
                 from /usr/local/include/malib/malib.h:22,
                 from anubisfacesampling_gui.h:22,
                 from anubisfacesampling.c:21:
/usr/include/glib-1.2/glib.h:137:1: warning: this is the location of the previous definition
In file included from csu/csuCommon.h:29,
                 from anubis_common.h:30,
                 from gaborrg_recog.h:27,
                 from recog_by_jets.h:35,
                 from anubisfacesampling_gui.h:37,
                 from anubisfacesampling.c:21:
csu/csuCommonUtil.h:70:1: warning: "MAX" redefined
In file included from /usr/local/include/malib/malib_common.h:37,
                 from /usr/local/include/malib/bttv.h:24,
                 from /usr/local/include/malib/malib.h:22,
                 from anubisfacesampling_gui.h:22,
                 from anubisfacesampling.c:21:
/usr/include/glib-1.2/glib.h:134:1: warning: this is the location of the previous definition
In file included from csu/csuCommon.h:29,
                 from anubis_common.h:30,
                 from gaborrg_recog.h:27,
                 from recog_by_jets.h:35,
                 from anubisfacesampling_gui.h:37,
                 from anubisfacesampling.c:21:
csu/csuCommonUtil.h:71:1: warning: "ABS" redefined
In file included from /usr/local/include/malib/malib_common.h:37,
                 from /usr/local/include/malib/bttv.h:24,
                 from /usr/local/include/malib/malib.h:22,
                 from anubisfacesampling_gui.h:22,
                 from anubisfacesampling.c:21:
/usr/include/glib-1.2/glib.h:140:1: warning: this is the location of the previous definition
In file included from anubis_common.h:30,
                 from gaborrg_recog.h:27,
                 from recog_by_jets.h:35,
                 from anubisfacesampling_gui.h:37,
                 from anubisfacesampling.c:21:
csu/csuCommon.h:41:1: warning: "VERSION" redefined
In file included from csu/csuCommonImage.h:30,
                 from anubis_common.h:29,
                 from gaborrg_recog.h:27,
                 from recog_by_jets.h:35,
                 from anubisfacesampling_gui.h:37,
                 from anubisfacesampling.c:21:
../config.h:73:1: warning: this is the location of the previous definition
In file included from gaborrg_recog.h:27,
                 from recog_by_jets.h:35,
                 from anubisfacesampling_gui.h:37,
                 from anubisfacesampling.c:21:
anubis_common.h:156:1: warning: "PI" redefined
In file included from csu/csuCommon.h:29,
                 from anubis_common.h:30,
                 from gaborrg_recog.h:27,
                 from recog_by_jets.h:35,
                 from anubisfacesampling_gui.h:37,
                 from anubisfacesampling.c:21:
csu/csuCommonUtil.h:79:1: warning: this is the location of the previous definition
In file included from ../glade_gui_src/glade_support.h:6,
                 from gaborrg_recog_gui.h:24,
                 from recog_by_gabor.h:32,
                 from gaborrg_recog.h:28,
                 from recog_by_jets.h:35,
                 from anubisfacesampling_gui.h:37,
                 from anubisfacesampling.c:21:
../config.h:73:1: warning: "VERSION" redefined
In file included from anubis_common.h:30,
                 from gaborrg_recog.h:27,
                 from recog_by_jets.h:35,
                 from anubisfacesampling_gui.h:37,
                 from anubisfacesampling.c:21:
csu/csuCommon.h:41:1: warning: this is the location of the previous definition
anubisfacesampling.c: In function ‘main’:
anubisfacesampling.c:61: warning: passing argument 2 of ‘recog_by_jets_new_with_buf’ from incompatible pointer type
anubisfacesampling.c:61: warning: pointer targets in passing argument 3 of ‘recog_by_jets_new_with_buf’ differ in signedness
anubisfacesampling.c:61: warning: pointer targets in passing argument 4 of ‘recog_by_jets_new_with_buf’ differ in signedness
anubisfacesampling.c:66: warning: initialization from incompatible pointer type
anubisfacesampling.c:66: warning: initialization from incompatible pointer type
anubisfacesampling.c:70: warning: assignment from incompatible pointer type
anubisfacesampling.c:76: warning: passing argument 2 of ‘anubisfacesampling_gui_new’ from incompatible pointer type
anubisfacesampling.c:79: warning: passing argument 1 of ‘anubis_cv_gtkdisplay_auto_play2’ from incompatible pointer type
anubisfacesampling.c:80: warning: passing argument 1 of ‘anubis_cv_reset_capture_propaty’ from incompatible pointer type
anubisfacesampling.c:47: warning: unused variable ‘d_jets’
anubisfacesampling.c:47: warning: unused variable ‘d_haar’
anubisfacesampling.c:47: warning: unused variable ‘d_cap’
anubisfacesampling.c:46: warning: unused variable ‘b_mark’
anubisfacesampling.c: In function ‘check_option’:
anubisfacesampling.c:101: warning: pointer targets in assignment differ in signedness
anubisfacesampling.c:102: warning: pointer targets in assignment differ in signedness
anubisfacesampling.c:110: warning: pointer targets in assignment differ in signedness
anubisfacesampling.c:117: warning: pointer targets in assignment differ in signedness
anubisfacesampling.c:86: warning: unused variable ‘this_option_optind’
anubisfacesampling.c: In function ‘main’:
anubisfacesampling.c:82: warning: control reaches end of non-void function
/bin/sh ../libtool --mode=link gcc  -g -O2  -Wall  -o anubisfacesampling ../glade_gui_src/glade_interface.o 	../glade_gui_src/glade_callbacks.o 	../glade_gui_src/glade_support.o anubis_common.o gaborrg_recog_gui.o recog_by_gabor.o gaborrg_recog_file_io.o discriminator.o kd_tree.o recog_by_ebgm.o gaborrg_maker_file_io.o gaborrg_maker_file_io_gui.o gaborrg_maker_gui.o gaborrg_maker_ebgm.o node_data.o recog_by_jets.o gaborrg_recog_jet_file_io.o anubis_marker.o anubis_color_config.o anubis_skin.o anubis_cv_snake.o anubisrecog_gui.o anubis_cv_haar_detect_obj.o anubis_cv_capture.o anubis_cv_rgb2gray.o anubis_cv_gtkdisplay.o anubissimple_gui.o anubis_cv_multi_haar.o anubis_toggle_screensaver.o anubis_face_graph_measure.o anubisrecog_gui_update.o anubisfacesampling_gui.o anubis_haar_data_sampling.o anubishaarsampling_gui_with_update.o anubis_cv_track.o anubis_cv_track_with_jet.o anubis_face_parts_detect.o anubisfacesampling.o -L/usr/lib -L/usr/X11R6/lib -lgtk -lgdk -rdynamic -lgmodule -lglib -ldl -lXi -lXext -lX11 -lm 	-L/usr/lib -lxml2 -lz -lm 	-lmalib 	-lm 	-Lcsu 	-lcsuCommon 	-lcxcore 	-lcv 	-lhighgui 	-lcvaux -L/usr/lib -lxml2 -lz -lm
gcc -g -O2 -Wall -o anubisfacesampling ../glade_gui_src/glade_interface.o ../glade_gui_src/glade_callbacks.o ../glade_gui_src/glade_support.o anubis_common.o gaborrg_recog_gui.o recog_by_gabor.o gaborrg_recog_file_io.o discriminator.o kd_tree.o recog_by_ebgm.o gaborrg_maker_file_io.o gaborrg_maker_file_io_gui.o gaborrg_maker_gui.o gaborrg_maker_ebgm.o node_data.o recog_by_jets.o gaborrg_recog_jet_file_io.o anubis_marker.o anubis_color_config.o anubis_skin.o anubis_cv_snake.o anubisrecog_gui.o anubis_cv_haar_detect_obj.o anubis_cv_capture.o anubis_cv_rgb2gray.o anubis_cv_gtkdisplay.o anubissimple_gui.o anubis_cv_multi_haar.o anubis_toggle_screensaver.o anubis_face_graph_measure.o anubisrecog_gui_update.o anubisfacesampling_gui.o anubis_haar_data_sampling.o anubishaarsampling_gui_with_update.o anubis_cv_track.o anubis_cv_track_with_jet.o anubis_face_parts_detect.o anubisfacesampling.o -rdynamic  -L/usr/lib -L/usr/X11R6/lib /usr/lib/libgtk.so /usr/lib/libgdk.so /usr/lib/libgmodule.so /usr/lib/libglib.so -ldl -lXi -lXext -lX11 -lmalib -L/home/compman/Projects/anubis/src/csu -lcsuCommon -lcxcore -lcv -lhighgui -lcvaux /usr/lib/libxml2.so -lz -lm
gcc -DHAVE_CONFIG_H -I. -I. -I.. -I/usr/include/gtk-1.2 -I/usr/include/glib-1.2 -I/usr/lib/glib/include 	-I/usr/include/libxml2 	-I/usr/local/include 	-I/usr/src/linux/drivers/ieee1394 	-Icsu    -g -O2  -Wall -c anubishaarsampling.c
In file included from csu/csuCommon.h:29,
                 from anubis_common.h:30,
                 from anubishaarsampling.c:22:
csu/csuCommonUtil.h:69:1: warning: "MIN" redefined
In file included from /usr/local/include/malib/malib_common.h:37,
                 from /usr/local/include/malib/bttv.h:24,
                 from /usr/local/include/malib/malib.h:22,
                 from anubishaarsampling.c:19:
/usr/include/glib-1.2/glib.h:137:1: warning: this is the location of the previous definition
In file included from csu/csuCommon.h:29,
                 from anubis_common.h:30,
                 from anubishaarsampling.c:22:
csu/csuCommonUtil.h:70:1: warning: "MAX" redefined
In file included from /usr/local/include/malib/malib_common.h:37,
                 from /usr/local/include/malib/bttv.h:24,
                 from /usr/local/include/malib/malib.h:22,
                 from anubishaarsampling.c:19:
/usr/include/glib-1.2/glib.h:134:1: warning: this is the location of the previous definition
In file included from csu/csuCommon.h:29,
                 from anubis_common.h:30,
                 from anubishaarsampling.c:22:
csu/csuCommonUtil.h:71:1: warning: "ABS" redefined
In file included from /usr/local/include/malib/malib_common.h:37,
                 from /usr/local/include/malib/bttv.h:24,
                 from /usr/local/include/malib/malib.h:22,
                 from anubishaarsampling.c:19:
/usr/include/glib-1.2/glib.h:140:1: warning: this is the location of the previous definition
In file included from anubis_common.h:30,
                 from anubishaarsampling.c:22:
csu/csuCommon.h:41:1: warning: "VERSION" redefined
In file included from csu/csuCommonImage.h:30,
                 from anubis_common.h:29,
                 from anubishaarsampling.c:22:
../config.h:73:1: warning: this is the location of the previous definition
In file included from anubishaarsampling.c:22:
anubis_common.h:156:1: warning: "PI" redefined
In file included from csu/csuCommon.h:29,
                 from anubis_common.h:30,
                 from anubishaarsampling.c:22:
csu/csuCommonUtil.h:79:1: warning: this is the location of the previous definition
In file included from anubis_cv_haar_detect_obj.h:34,
                 from anubishaarsampling.c:25:
../config.h:73:1: warning: "VERSION" redefined
In file included from anubis_common.h:30,
                 from anubishaarsampling.c:22:
csu/csuCommon.h:41:1: warning: this is the location of the previous definition
anubishaarsampling.c: In function ‘main’:
anubishaarsampling.c:84: warning: passing argument 2 of ‘recog_by_jets_new_with_buf’ from incompatible pointer type
anubishaarsampling.c:84: warning: pointer targets in passing argument 3 of ‘recog_by_jets_new_with_buf’ differ in signedness
anubishaarsampling.c:84: warning: pointer targets in passing argument 4 of ‘recog_by_jets_new_with_buf’ differ in signedness
anubishaarsampling.c:90: warning: pointer targets in passing argument 3 of ‘anubis_face_graph_measure_new_with_buf_and_jets’ differ in signedness
anubishaarsampling.c:90: warning: pointer targets in passing argument 4 of ‘anubis_face_graph_measure_new_with_buf_and_jets’ differ in signedness
anubishaarsampling.c:96: warning: pointer targets in passing argument 2 of ‘anubis_cv_track_with_jet_new_with_buf’ differ in signedness
anubishaarsampling.c:96: warning: pointer targets in passing argument 3 of ‘anubis_cv_track_with_jet_new_with_buf’ differ in signedness
anubishaarsampling.c:102: warning: pointer targets in passing argument 3 of ‘anubis_face_graph_measure_new_with_buf_and_jets’ differ in signedness
anubishaarsampling.c:102: warning: pointer targets in passing argument 4 of ‘anubis_face_graph_measure_new_with_buf_and_jets’ differ in signedness
anubishaarsampling.c:110: warning: passing argument 3 of ‘anubis_haar_data_sampling_new_with_bufs’ from incompatible pointer type
anubishaarsampling.c:110: warning: passing argument 4 of ‘anubis_haar_data_sampling_new_with_bufs’ from incompatible pointer type
anubishaarsampling.c:113: warning: passing argument 2 of ‘anubishaarsampling_gui_update_new_with_buf’ from incompatible pointer type
anubishaarsampling.c:113: warning: passing argument 3 of ‘anubishaarsampling_gui_update_new_with_buf’ from incompatible pointer type
anubishaarsampling.c:113: warning: passing argument 4 of ‘anubishaarsampling_gui_update_new_with_buf’ from incompatible pointer type
anubishaarsampling.c:113: warning: passing argument 5 of ‘anubishaarsampling_gui_update_new_with_buf’ from incompatible pointer type
anubishaarsampling.c:113: warning: passing argument 6 of ‘anubishaarsampling_gui_update_new_with_buf’ from incompatible pointer type
anubishaarsampling.c:116: warning: missing braces around initializer
anubishaarsampling.c:116: warning: (near initialization for ‘marker_filters[0]’)
anubishaarsampling.c:116: warning: initialization from incompatible pointer type
anubishaarsampling.c:116: warning: initialization makes integer from pointer without a cast
anubishaarsampling.c:116: warning: initialization makes integer from pointer without a cast
anubishaarsampling.c:118: warning: passing argument 2 of ‘anubis_marker_new_with_buf_and_filters’ from incompatible pointer type
anubishaarsampling.c:119: warning: assignment from incompatible pointer type
anubishaarsampling.c:121: warning: passing argument 2 of ‘anubishaarsampling_gui_new’ from incompatible pointer type
anubishaarsampling.c:121: warning: passing argument 3 of ‘anubishaarsampling_gui_new’ from incompatible pointer type
anubishaarsampling.c:121: warning: passing argument 4 of ‘anubishaarsampling_gui_new’ from incompatible pointer type
anubishaarsampling.c:121: warning: assignment from incompatible pointer type
anubishaarsampling.c:122: warning: assignment from incompatible pointer type
anubishaarsampling.c:124: warning: passing argument 1 of ‘anubis_cv_gtkdisplay_auto_play’ from incompatible pointer type
anubishaarsampling.c:125: warning: passing argument 1 of ‘anubis_cv_reset_capture_propaty’ from incompatible pointer type
anubishaarsampling.c:68: warning: unused variable ‘d_track’
anubishaarsampling.c:68: warning: unused variable ‘d_updt’
anubishaarsampling.c:68: warning: unused variable ‘d_samp’
anubishaarsampling.c:67: warning: unused variable ‘d_t_fg’
anubishaarsampling.c:67: warning: unused variable ‘d_j_fg’
anubishaarsampling.c:67: warning: unused variable ‘d_jets’
anubishaarsampling.c:67: warning: unused variable ‘d_haar’
anubishaarsampling.c:67: warning: unused variable ‘d_gray’
anubishaarsampling.c:67: warning: unused variable ‘d_conf’
anubishaarsampling.c:67: warning: unused variable ‘d_cap’
anubishaarsampling.c:65: warning: unused variable ‘b_mark’
anubishaarsampling.c:64: warning: unused variable ‘b_conf’
anubishaarsampling.c:61: warning: unused variable ‘s_conf’
anubishaarsampling.c: In function ‘check_option’:
anubishaarsampling.c:148: warning: pointer targets in assignment differ in signedness
anubishaarsampling.c:149: warning: pointer targets in assignment differ in signedness
anubishaarsampling.c:150: warning: pointer targets in assignment differ in signedness
anubishaarsampling.c:151: warning: pointer targets in assignment differ in signedness
anubishaarsampling.c:160: warning: pointer targets in assignment differ in signedness
anubishaarsampling.c:167: warning: pointer targets in assignment differ in signedness
anubishaarsampling.c:131: warning: unused variable ‘this_option_optind’
/bin/sh ../libtool --mode=link gcc  -g -O2  -Wall  -o anubishaarsampling ../glade_gui_src/glade_interface.o 	../glade_gui_src/glade_callbacks.o 	../glade_gui_src/glade_support.o anubis_common.o gaborrg_recog_gui.o recog_by_gabor.o gaborrg_recog_file_io.o discriminator.o kd_tree.o recog_by_ebgm.o gaborrg_maker_file_io.o gaborrg_maker_file_io_gui.o gaborrg_maker_gui.o gaborrg_maker_ebgm.o node_data.o recog_by_jets.o gaborrg_recog_jet_file_io.o anubis_marker.o anubis_color_config.o anubis_skin.o anubis_cv_snake.o anubisrecog_gui.o anubis_cv_haar_detect_obj.o anubis_cv_capture.o anubis_cv_rgb2gray.o anubis_cv_gtkdisplay.o anubissimple_gui.o anubis_cv_multi_haar.o anubis_toggle_screensaver.o anubis_face_graph_measure.o anubisrecog_gui_update.o anubisfacesampling_gui.o anubis_haar_data_sampling.o anubishaarsampling_gui_with_update.o anubis_cv_track.o anubis_cv_track_with_jet.o anubis_face_parts_detect.o anubishaarsampling.o -L/usr/lib -L/usr/X11R6/lib -lgtk -lgdk -rdynamic -lgmodule -lglib -ldl -lXi -lXext -lX11 -lm 	-L/usr/lib -lxml2 -lz -lm 	-lmalib 	-lm 	-Lcsu 	-lcsuCommon 	-lcxcore 	-lcv 	-lhighgui 	-lcvaux -L/usr/lib -lxml2 -lz -lm
gcc -g -O2 -Wall -o anubishaarsampling ../glade_gui_src/glade_interface.o ../glade_gui_src/glade_callbacks.o ../glade_gui_src/glade_support.o anubis_common.o gaborrg_recog_gui.o recog_by_gabor.o gaborrg_recog_file_io.o discriminator.o kd_tree.o recog_by_ebgm.o gaborrg_maker_file_io.o gaborrg_maker_file_io_gui.o gaborrg_maker_gui.o gaborrg_maker_ebgm.o node_data.o recog_by_jets.o gaborrg_recog_jet_file_io.o anubis_marker.o anubis_color_config.o anubis_skin.o anubis_cv_snake.o anubisrecog_gui.o anubis_cv_haar_detect_obj.o anubis_cv_capture.o anubis_cv_rgb2gray.o anubis_cv_gtkdisplay.o anubissimple_gui.o anubis_cv_multi_haar.o anubis_toggle_screensaver.o anubis_face_graph_measure.o anubisrecog_gui_update.o anubisfacesampling_gui.o anubis_haar_data_sampling.o anubishaarsampling_gui_with_update.o anubis_cv_track.o anubis_cv_track_with_jet.o anubis_face_parts_detect.o anubishaarsampling.o -rdynamic  -L/usr/lib -L/usr/X11R6/lib /usr/lib/libgtk.so /usr/lib/libgdk.so /usr/lib/libgmodule.so /usr/lib/libglib.so -ldl -lXi -lXext -lX11 -lmalib -L/home/compman/Projects/anubis/src/csu -lcsuCommon -lcxcore -lcv -lhighgui -lcvaux /usr/lib/libxml2.so -lz -lm
gcc -DHAVE_CONFIG_H -I. -I. -I.. -I/usr/include/gtk-1.2 -I/usr/include/glib-1.2 -I/usr/lib/glib/include 	-I/usr/include/libxml2 	-I/usr/local/include 	-I/usr/src/linux/drivers/ieee1394 	-Icsu    -g -O2  -Wall -c anubispartsdetect_main.c
In file included from csu/csuCommon.h:29,
                 from anubis_common.h:30,
                 from anubispartsdetect_main.c:25:
csu/csuCommonUtil.h:69:1: warning: "MIN" redefined
In file included from /usr/include/gtk-1.2/gdk/gdktypes.h:33,
                 from /usr/include/gtk-1.2/gdk/gdk.h:31,
                 from /usr/include/gtk-1.2/gtk/gtk.h:31,
                 from anubispartsdetect_main.c:23:
/usr/include/glib-1.2/glib.h:137:1: warning: this is the location of the previous definition
In file included from csu/csuCommon.h:29,
                 from anubis_common.h:30,
                 from anubispartsdetect_main.c:25:
csu/csuCommonUtil.h:70:1: warning: "MAX" redefined
In file included from /usr/include/gtk-1.2/gdk/gdktypes.h:33,
                 from /usr/include/gtk-1.2/gdk/gdk.h:31,
                 from /usr/include/gtk-1.2/gtk/gtk.h:31,
                 from anubispartsdetect_main.c:23:
/usr/include/glib-1.2/glib.h:134:1: warning: this is the location of the previous definition
In file included from csu/csuCommon.h:29,
                 from anubis_common.h:30,
                 from anubispartsdetect_main.c:25:
csu/csuCommonUtil.h:71:1: warning: "ABS" redefined
In file included from /usr/include/gtk-1.2/gdk/gdktypes.h:33,
                 from /usr/include/gtk-1.2/gdk/gdk.h:31,
                 from /usr/include/gtk-1.2/gtk/gtk.h:31,
                 from anubispartsdetect_main.c:23:
/usr/include/glib-1.2/glib.h:140:1: warning: this is the location of the previous definition
In file included from anubis_common.h:30,
                 from anubispartsdetect_main.c:25:
csu/csuCommon.h:41:1: warning: "VERSION" redefined
In file included from csu/csuCommonImage.h:30,
                 from anubis_common.h:29,
                 from anubispartsdetect_main.c:25:
../config.h:73:1: warning: this is the location of the previous definition
In file included from anubispartsdetect_main.c:25:
anubis_common.h:156:1: warning: "PI" redefined
In file included from csu/csuCommon.h:29,
                 from anubis_common.h:30,
                 from anubispartsdetect_main.c:25:
csu/csuCommonUtil.h:79:1: warning: this is the location of the previous definition
In file included from ../glade_gui_src/glade_support.h:6,
                 from anubissimple_gui.h:24,
                 from anubispartsdetect_main.c:26:
../config.h:73:1: warning: "VERSION" redefined
In file included from anubis_common.h:30,
                 from anubispartsdetect_main.c:25:
csu/csuCommon.h:41:1: warning: this is the location of the previous definition
anubispartsdetect_main.c: In function ‘main’:
anubispartsdetect_main.c:50: warning: implicit declaration of function ‘anubis_cv_capture_new_with_size’
anubispartsdetect_main.c:59: warning: initialization from incompatible pointer type
anubispartsdetect_main.c:61: warning: implicit declaration of function ‘anubis_marker_new_with_buf_and_filters’
anubispartsdetect_main.c:71: warning: implicit declaration of function ‘anubis_cv_reset_capture_propaty’
anubispartsdetect_main.c:37: warning: unused variable ‘b_mark’
anubispartsdetect_main.c:37: warning: unused variable ‘b_haar’
anubispartsdetect_main.c:36: warning: unused variable ‘s_haar’
anubispartsdetect_main.c: In function ‘check_option’:
anubispartsdetect_main.c:76: warning: unused variable ‘this_option_optind’
anubispartsdetect_main.c: In function ‘main’:
anubispartsdetect_main.c:41: warning: control may reach end of non-void function ‘check_option’ being inlined
/bin/sh ../libtool --mode=link gcc  -g -O2  -Wall  -o anubispartsdetect ../glade_gui_src/glade_interface.o 	../glade_gui_src/glade_callbacks.o 	../glade_gui_src/glade_support.o anubis_common.o gaborrg_recog_gui.o recog_by_gabor.o gaborrg_recog_file_io.o discriminator.o kd_tree.o recog_by_ebgm.o gaborrg_maker_file_io.o gaborrg_maker_file_io_gui.o gaborrg_maker_gui.o gaborrg_maker_ebgm.o node_data.o recog_by_jets.o gaborrg_recog_jet_file_io.o anubis_marker.o anubis_color_config.o anubis_skin.o anubis_cv_snake.o anubisrecog_gui.o anubis_cv_haar_detect_obj.o anubis_cv_capture.o anubis_cv_rgb2gray.o anubis_cv_gtkdisplay.o anubissimple_gui.o anubis_cv_multi_haar.o anubis_toggle_screensaver.o anubis_face_graph_measure.o anubisrecog_gui_update.o anubisfacesampling_gui.o anubis_haar_data_sampling.o anubishaarsampling_gui_with_update.o anubis_cv_track.o anubis_cv_track_with_jet.o anubis_face_parts_detect.o anubispartsdetect_main.o -L/usr/lib -L/usr/X11R6/lib -lgtk -lgdk -rdynamic -lgmodule -lglib -ldl -lXi -lXext -lX11 -lm 	-L/usr/lib -lxml2 -lz -lm 	-lmalib 	-lm 	-Lcsu 	-lcsuCommon 	-lcxcore 	-lcv 	-lhighgui 	-lcvaux -L/usr/lib -lxml2 -lz -lm
gcc -g -O2 -Wall -o anubispartsdetect ../glade_gui_src/glade_interface.o ../glade_gui_src/glade_callbacks.o ../glade_gui_src/glade_support.o anubis_common.o gaborrg_recog_gui.o recog_by_gabor.o gaborrg_recog_file_io.o discriminator.o kd_tree.o recog_by_ebgm.o gaborrg_maker_file_io.o gaborrg_maker_file_io_gui.o gaborrg_maker_gui.o gaborrg_maker_ebgm.o node_data.o recog_by_jets.o gaborrg_recog_jet_file_io.o anubis_marker.o anubis_color_config.o anubis_skin.o anubis_cv_snake.o anubisrecog_gui.o anubis_cv_haar_detect_obj.o anubis_cv_capture.o anubis_cv_rgb2gray.o anubis_cv_gtkdisplay.o anubissimple_gui.o anubis_cv_multi_haar.o anubis_toggle_screensaver.o anubis_face_graph_measure.o anubisrecog_gui_update.o anubisfacesampling_gui.o anubis_haar_data_sampling.o anubishaarsampling_gui_with_update.o anubis_cv_track.o anubis_cv_track_with_jet.o anubis_face_parts_detect.o anubispartsdetect_main.o -rdynamic  -L/usr/lib -L/usr/X11R6/lib /usr/lib/libgtk.so /usr/lib/libgdk.so /usr/lib/libgmodule.so /usr/lib/libglib.so -ldl -lXi -lXext -lX11 -lmalib -L/home/compman/Projects/anubis/src/csu -lcsuCommon -lcxcore -lcv -lhighgui -lcvaux /usr/lib/libxml2.so -lz -lm
gcc -DHAVE_CONFIG_H -I. -I. -I.. -I/usr/include/gtk-1.2 -I/usr/include/glib-1.2 -I/usr/lib/glib/include 	-I/usr/include/libxml2 	-I/usr/local/include 	-I/usr/src/linux/drivers/ieee1394 	-Icsu    -g -O2  -Wall -c gaborrg_recog_jet_file_io_test.c
In file included from csu/csuCommon.h:29,
                 from anubis_common.h:30,
                 from gaborrg_recog_jet_file_io.h:28,
                 from gaborrg_recog_jet_file_io_test.c:19:
csu/csuCommonUtil.h:69:1: warning: "MIN" redefined
In file included from /usr/local/include/malib/malib_common.h:37,
                 from /usr/local/include/malib/bttv.h:24,
                 from /usr/local/include/malib/malib.h:22,
                 from gaborrg_recog_jet_file_io.h:22,
                 from gaborrg_recog_jet_file_io_test.c:19:
/usr/include/glib-1.2/glib.h:137:1: warning: this is the location of the previous definition
In file included from csu/csuCommon.h:29,
                 from anubis_common.h:30,
                 from gaborrg_recog_jet_file_io.h:28,
                 from gaborrg_recog_jet_file_io_test.c:19:
csu/csuCommonUtil.h:70:1: warning: "MAX" redefined
In file included from /usr/local/include/malib/malib_common.h:37,
                 from /usr/local/include/malib/bttv.h:24,
                 from /usr/local/include/malib/malib.h:22,
                 from gaborrg_recog_jet_file_io.h:22,
                 from gaborrg_recog_jet_file_io_test.c:19:
/usr/include/glib-1.2/glib.h:134:1: warning: this is the location of the previous definition
In file included from csu/csuCommon.h:29,
                 from anubis_common.h:30,
                 from gaborrg_recog_jet_file_io.h:28,
                 from gaborrg_recog_jet_file_io_test.c:19:
csu/csuCommonUtil.h:71:1: warning: "ABS" redefined
In file included from /usr/local/include/malib/malib_common.h:37,
                 from /usr/local/include/malib/bttv.h:24,
                 from /usr/local/include/malib/malib.h:22,
                 from gaborrg_recog_jet_file_io.h:22,
                 from gaborrg_recog_jet_file_io_test.c:19:
/usr/include/glib-1.2/glib.h:140:1: warning: this is the location of the previous definition
In file included from anubis_common.h:30,
                 from gaborrg_recog_jet_file_io.h:28,
                 from gaborrg_recog_jet_file_io_test.c:19:
csu/csuCommon.h:41:1: warning: "VERSION" redefined
In file included from csu/csuCommonImage.h:30,
                 from anubis_common.h:29,
                 from gaborrg_recog_jet_file_io.h:28,
                 from gaborrg_recog_jet_file_io_test.c:19:
../config.h:73:1: warning: this is the location of the previous definition
In file included from gaborrg_recog_jet_file_io.h:28,
                 from gaborrg_recog_jet_file_io_test.c:19:
anubis_common.h:156:1: warning: "PI" redefined
In file included from csu/csuCommon.h:29,
                 from anubis_common.h:30,
                 from gaborrg_recog_jet_file_io.h:28,
                 from gaborrg_recog_jet_file_io_test.c:19:
csu/csuCommonUtil.h:79:1: warning: this is the location of the previous definition
gaborrg_recog_jet_file_io_test.c: In function ‘test_grj_xml_parse_file’:
gaborrg_recog_jet_file_io_test.c:44: warning: format ‘%ld’ expects type ‘long int’, but argument 2 has type ‘struct GrjXmlTemplate *’
gaborrg_recog_jet_file_io_test.c: In function ‘test_grj_xml_dump_template’:
gaborrg_recog_jet_file_io_test.c:60: warning: format ‘%ld’ expects type ‘long int’, but argument 2 has type ‘struct GrjXmlCells *’
gaborrg_recog_jet_file_io_test.c:61: warning: format ‘%ld’ expects type ‘long int’, but argument 2 has type ‘struct _GrjXmlTemplate *’
gaborrg_recog_jet_file_io_test.c:63: warning: implicit declaration of function ‘test_grj_xml_dump_cells’
gaborrg_recog_jet_file_io_test.c: In function ‘test_grj_xml_dump_cells’:
gaborrg_recog_jet_file_io_test.c:76: warning: format ‘%ld’ expects type ‘long int’, but argument 2 has type ‘struct _GrjXmlCells *’
gaborrg_recog_jet_file_io_test.c:77: warning: implicit declaration of function ‘test_grj_xml_dump_cell’
gaborrg_recog_jet_file_io_test.c: In function ‘test_grj_xml_dump_cell’:
gaborrg_recog_jet_file_io_test.c:89: warning: format ‘%ld’ expects type ‘long int’, but argument 2 has type ‘struct _GrjXmlCell *’
/bin/sh ../libtool --mode=link gcc  -g -O2  -Wall  -o gaborrg_recog_jet_file_io_test ../glade_gui_src/glade_interface.o 	../glade_gui_src/glade_callbacks.o 	../glade_gui_src/glade_support.o anubis_common.o gaborrg_recog_gui.o recog_by_gabor.o gaborrg_recog_file_io.o discriminator.o kd_tree.o recog_by_ebgm.o gaborrg_maker_file_io.o gaborrg_maker_file_io_gui.o gaborrg_maker_gui.o gaborrg_maker_ebgm.o node_data.o recog_by_jets.o gaborrg_recog_jet_file_io.o anubis_marker.o anubis_color_config.o anubis_skin.o anubis_cv_snake.o anubisrecog_gui.o anubis_cv_haar_detect_obj.o anubis_cv_capture.o anubis_cv_rgb2gray.o anubis_cv_gtkdisplay.o anubissimple_gui.o anubis_cv_multi_haar.o anubis_toggle_screensaver.o anubis_face_graph_measure.o anubisrecog_gui_update.o anubisfacesampling_gui.o anubis_haar_data_sampling.o anubishaarsampling_gui_with_update.o anubis_cv_track.o anubis_cv_track_with_jet.o anubis_face_parts_detect.o gaborrg_recog_jet_file_io_test.o -L/usr/lib -L/usr/X11R6/lib -lgtk -lgdk -rdynamic -lgmodule -lglib -ldl -lXi -lXext -lX11 -lm 	-L/usr/lib -lxml2 -lz -lm 	-lmalib 	-lm 	-Lcsu 	-lcsuCommon 	-lcxcore 	-lcv 	-lhighgui 	-lcvaux -L/usr/lib -lxml2 -lz -lm
gcc -g -O2 -Wall -o gaborrg_recog_jet_file_io_test ../glade_gui_src/glade_interface.o ../glade_gui_src/glade_callbacks.o ../glade_gui_src/glade_support.o anubis_common.o gaborrg_recog_gui.o recog_by_gabor.o gaborrg_recog_file_io.o discriminator.o kd_tree.o recog_by_ebgm.o gaborrg_maker_file_io.o gaborrg_maker_file_io_gui.o gaborrg_maker_gui.o gaborrg_maker_ebgm.o node_data.o recog_by_jets.o gaborrg_recog_jet_file_io.o anubis_marker.o anubis_color_config.o anubis_skin.o anubis_cv_snake.o anubisrecog_gui.o anubis_cv_haar_detect_obj.o anubis_cv_capture.o anubis_cv_rgb2gray.o anubis_cv_gtkdisplay.o anubissimple_gui.o anubis_cv_multi_haar.o anubis_toggle_screensaver.o anubis_face_graph_measure.o anubisrecog_gui_update.o anubisfacesampling_gui.o anubis_haar_data_sampling.o anubishaarsampling_gui_with_update.o anubis_cv_track.o anubis_cv_track_with_jet.o anubis_face_parts_detect.o gaborrg_recog_jet_file_io_test.o -rdynamic  -L/usr/lib -L/usr/X11R6/lib /usr/lib/libgtk.so /usr/lib/libgdk.so /usr/lib/libgmodule.so /usr/lib/libglib.so -ldl -lXi -lXext -lX11 -lmalib -L/home/compman/Projects/anubis/src/csu -lcsuCommon -lcxcore -lcv -lhighgui -lcvaux /usr/lib/libxml2.so -lz -lm
gcc -DHAVE_CONFIG_H -I. -I. -I.. -I/usr/include/gtk-1.2 -I/usr/include/glib-1.2 -I/usr/lib/glib/include 	-I/usr/include/libxml2 	-I/usr/local/include 	-I/usr/src/linux/drivers/ieee1394 	-Icsu    -g -O2  -Wall -c gaborrg_recog_file_io_test.c
In file included from csu/csuCommon.h:29,
                 from ../src/anubis_common.h:30,
                 from ../src/gaborrg_recog.h:27,
                 from ../src/gaborrg_recog_file_io.h:33,
                 from gaborrg_recog_file_io_test.c:19:
csu/csuCommonUtil.h:69:1: warning: "MIN" redefined
In file included from /usr/local/include/malib/malib_common.h:37,
                 from /usr/local/include/malib/bttv.h:24,
                 from /usr/local/include/malib/malib.h:22,
                 from ../src/gaborrg_recog_file_io.h:28,
                 from gaborrg_recog_file_io_test.c:19:
/usr/include/glib-1.2/glib.h:137:1: warning: this is the location of the previous definition
In file included from csu/csuCommon.h:29,
                 from ../src/anubis_common.h:30,
                 from ../src/gaborrg_recog.h:27,
                 from ../src/gaborrg_recog_file_io.h:33,
                 from gaborrg_recog_file_io_test.c:19:
csu/csuCommonUtil.h:70:1: warning: "MAX" redefined
In file included from /usr/local/include/malib/malib_common.h:37,
                 from /usr/local/include/malib/bttv.h:24,
                 from /usr/local/include/malib/malib.h:22,
                 from ../src/gaborrg_recog_file_io.h:28,
                 from gaborrg_recog_file_io_test.c:19:
/usr/include/glib-1.2/glib.h:134:1: warning: this is the location of the previous definition
In file included from csu/csuCommon.h:29,
                 from ../src/anubis_common.h:30,
                 from ../src/gaborrg_recog.h:27,
                 from ../src/gaborrg_recog_file_io.h:33,
                 from gaborrg_recog_file_io_test.c:19:
csu/csuCommonUtil.h:71:1: warning: "ABS" redefined
In file included from /usr/local/include/malib/malib_common.h:37,
                 from /usr/local/include/malib/bttv.h:24,
                 from /usr/local/include/malib/malib.h:22,
                 from ../src/gaborrg_recog_file_io.h:28,
                 from gaborrg_recog_file_io_test.c:19:
/usr/include/glib-1.2/glib.h:140:1: warning: this is the location of the previous definition
In file included from ../src/anubis_common.h:30,
                 from ../src/gaborrg_recog.h:27,
                 from ../src/gaborrg_recog_file_io.h:33,
                 from gaborrg_recog_file_io_test.c:19:
csu/csuCommon.h:41:1: warning: "VERSION" redefined
In file included from csu/csuCommonImage.h:30,
                 from ../src/anubis_common.h:29,
                 from ../src/gaborrg_recog.h:27,
                 from ../src/gaborrg_recog_file_io.h:33,
                 from gaborrg_recog_file_io_test.c:19:
../config.h:73:1: warning: this is the location of the previous definition
In file included from ../src/gaborrg_recog.h:27,
                 from ../src/gaborrg_recog_file_io.h:33,
                 from gaborrg_recog_file_io_test.c:19:
../src/anubis_common.h:156:1: warning: "PI" redefined
In file included from csu/csuCommon.h:29,
                 from ../src/anubis_common.h:30,
                 from ../src/gaborrg_recog.h:27,
                 from ../src/gaborrg_recog_file_io.h:33,
                 from gaborrg_recog_file_io_test.c:19:
csu/csuCommonUtil.h:79:1: warning: this is the location of the previous definition
In file included from ../src/../glade_gui_src/glade_support.h:6,
                 from ../src/gaborrg_recog_gui.h:24,
                 from ../src/recog_by_gabor.h:32,
                 from ../src/gaborrg_recog.h:28,
                 from ../src/gaborrg_recog_file_io.h:33,
                 from gaborrg_recog_file_io_test.c:19:
../config.h:73:1: warning: "VERSION" redefined
In file included from ../src/anubis_common.h:30,
                 from ../src/gaborrg_recog.h:27,
                 from ../src/gaborrg_recog_file_io.h:33,
                 from gaborrg_recog_file_io_test.c:19:
csu/csuCommon.h:41:1: warning: this is the location of the previous definition
gaborrg_recog_file_io_test.c: In function ‘looktest_grr_xml_parse_cell’:
gaborrg_recog_file_io_test.c:42: warning: pointer targets in passing argument 1 of ‘strlen’ differ in signedness
gaborrg_recog_file_io_test.c:42: warning: pointer targets in passing argument 1 of ‘__builtin_strcmp’ differ in signedness
gaborrg_recog_file_io_test.c:42: warning: pointer targets in passing argument 1 of ‘strlen’ differ in signedness
gaborrg_recog_file_io_test.c:42: warning: pointer targets in passing argument 1 of ‘__builtin_strcmp’ differ in signedness
gaborrg_recog_file_io_test.c:42: warning: pointer targets in passing argument 1 of ‘__builtin_strcmp’ differ in signedness
gaborrg_recog_file_io_test.c:42: warning: pointer targets in passing argument 1 of ‘__builtin_strcmp’ differ in signedness
gaborrg_recog_file_io_test.c: In function ‘looktest_grr_xml_parse_template’:
gaborrg_recog_file_io_test.c:66: warning: pointer targets in passing argument 1 of ‘strlen’ differ in signedness
gaborrg_recog_file_io_test.c:66: warning: pointer targets in passing argument 1 of ‘__builtin_strcmp’ differ in signedness
gaborrg_recog_file_io_test.c:66: warning: pointer targets in passing argument 1 of ‘strlen’ differ in signedness
gaborrg_recog_file_io_test.c:66: warning: pointer targets in passing argument 1 of ‘__builtin_strcmp’ differ in signedness
gaborrg_recog_file_io_test.c:66: warning: pointer targets in passing argument 1 of ‘__builtin_strcmp’ differ in signedness
gaborrg_recog_file_io_test.c:66: warning: pointer targets in passing argument 1 of ‘__builtin_strcmp’ differ in signedness
gaborrg_recog_file_io_test.c:68: warning: pointer targets in passing argument 1 of ‘strlen’ differ in signedness
gaborrg_recog_file_io_test.c:68: warning: pointer targets in passing argument 1 of ‘__builtin_strcmp’ differ in signedness
gaborrg_recog_file_io_test.c:68: warning: pointer targets in passing argument 1 of ‘strlen’ differ in signedness
gaborrg_recog_file_io_test.c:68: warning: pointer targets in passing argument 1 of ‘__builtin_strcmp’ differ in signedness
gaborrg_recog_file_io_test.c:68: warning: pointer targets in passing argument 1 of ‘__builtin_strcmp’ differ in signedness
gaborrg_recog_file_io_test.c:68: warning: pointer targets in passing argument 1 of ‘__builtin_strcmp’ differ in signedness
gaborrg_recog_file_io_test.c:78: warning: implicit declaration of function ‘rdump_grr_xml_template’
gaborrg_recog_file_io_test.c:61: warning: unused variable ‘cell’
gaborrg_recog_file_io_test.c: In function ‘looktest_grr_xml_parse_file’:
gaborrg_recog_file_io_test.c:84: warning: implicit declaration of function ‘alldump_grr_xml_gaborrg’
gaborrg_recog_file_io_test.c: In function ‘alldump_grr_xml_gaborrg’:
gaborrg_recog_file_io_test.c:121: warning: implicit declaration of function ‘alldump_grr_xml_template’
gaborrg_recog_file_io_test.c: In function ‘alldump_grr_xml_template’:
gaborrg_recog_file_io_test.c:126: warning: unused variable ‘first’
gaborrg_recog_file_io_test.c: In function ‘looktest_grr_xml_parse_template’:
gaborrg_recog_file_io_test.c:79: warning: control reaches end of non-void function
gaborrg_recog_file_io_test.c: In function ‘rdump_grr_xml_cell’:
gaborrg_recog_file_io_test.c:116: warning: control reaches end of non-void function
gaborrg_recog_file_io_test.c: In function ‘looktest_grr_xml_parse_file’:
gaborrg_recog_file_io_test.c:85: warning: control reaches end of non-void function
/bin/sh ../libtool --mode=link gcc  -g -O2  -Wall  -o gaborrg_recog_file_io_test ../glade_gui_src/glade_interface.o 	../glade_gui_src/glade_callbacks.o 	../glade_gui_src/glade_support.o anubis_common.o gaborrg_recog_gui.o recog_by_gabor.o gaborrg_recog_file_io.o discriminator.o kd_tree.o recog_by_ebgm.o gaborrg_maker_file_io.o gaborrg_maker_file_io_gui.o gaborrg_maker_gui.o gaborrg_maker_ebgm.o node_data.o recog_by_jets.o gaborrg_recog_jet_file_io.o anubis_marker.o anubis_color_config.o anubis_skin.o anubis_cv_snake.o anubisrecog_gui.o anubis_cv_haar_detect_obj.o anubis_cv_capture.o anubis_cv_rgb2gray.o anubis_cv_gtkdisplay.o anubissimple_gui.o anubis_cv_multi_haar.o anubis_toggle_screensaver.o anubis_face_graph_measure.o anubisrecog_gui_update.o anubisfacesampling_gui.o anubis_haar_data_sampling.o anubishaarsampling_gui_with_update.o anubis_cv_track.o anubis_cv_track_with_jet.o anubis_face_parts_detect.o gaborrg_recog_file_io_test.o -L/usr/lib -L/usr/X11R6/lib -lgtk -lgdk -rdynamic -lgmodule -lglib -ldl -lXi -lXext -lX11 -lm 	-L/usr/lib -lxml2 -lz -lm 	-lmalib 	-lm 	-Lcsu 	-lcsuCommon 	-lcxcore 	-lcv 	-lhighgui 	-lcvaux -L/usr/lib -lxml2 -lz -lm
gcc -g -O2 -Wall -o gaborrg_recog_file_io_test ../glade_gui_src/glade_interface.o ../glade_gui_src/glade_callbacks.o ../glade_gui_src/glade_support.o anubis_common.o gaborrg_recog_gui.o recog_by_gabor.o gaborrg_recog_file_io.o discriminator.o kd_tree.o recog_by_ebgm.o gaborrg_maker_file_io.o gaborrg_maker_file_io_gui.o gaborrg_maker_gui.o gaborrg_maker_ebgm.o node_data.o recog_by_jets.o gaborrg_recog_jet_file_io.o anubis_marker.o anubis_color_config.o anubis_skin.o anubis_cv_snake.o anubisrecog_gui.o anubis_cv_haar_detect_obj.o anubis_cv_capture.o anubis_cv_rgb2gray.o anubis_cv_gtkdisplay.o anubissimple_gui.o anubis_cv_multi_haar.o anubis_toggle_screensaver.o anubis_face_graph_measure.o anubisrecog_gui_update.o anubisfacesampling_gui.o anubis_haar_data_sampling.o anubishaarsampling_gui_with_update.o anubis_cv_track.o anubis_cv_track_with_jet.o anubis_face_parts_detect.o gaborrg_recog_file_io_test.o -rdynamic  -L/usr/lib -L/usr/X11R6/lib /usr/lib/libgtk.so /usr/lib/libgdk.so /usr/lib/libgmodule.so /usr/lib/libglib.so -ldl -lXi -lXext -lX11 -lmalib -L/home/compman/Projects/anubis/src/csu -lcsuCommon -lcxcore -lcv -lhighgui -lcvaux /usr/lib/libxml2.so -lz -lm
gcc -DHAVE_CONFIG_H -I. -I. -I.. -I/usr/include/gtk-1.2 -I/usr/include/glib-1.2 -I/usr/lib/glib/include 	-I/usr/include/libxml2 	-I/usr/local/include 	-I/usr/src/linux/drivers/ieee1394 	-Icsu    -g -O2  -Wall -c discriminator_test.c
In file included from csu/csuCommon.h:29,
                 from anubis_common.h:30,
                 from gaborrg_recog.h:27,
                 from discriminator.h:27,
                 from discriminator_test.c:19:
csu/csuCommonUtil.h:69:1: warning: "MIN" redefined
In file included from /usr/local/include/malib/malib_common.h:37,
                 from /usr/local/include/malib/bttv.h:24,
                 from /usr/local/include/malib/malib.h:22,
                 from discriminator.h:22,
                 from discriminator_test.c:19:
/usr/include/glib-1.2/glib.h:137:1: warning: this is the location of the previous definition
In file included from csu/csuCommon.h:29,
                 from anubis_common.h:30,
                 from gaborrg_recog.h:27,
                 from discriminator.h:27,
                 from discriminator_test.c:19:
csu/csuCommonUtil.h:70:1: warning: "MAX" redefined
In file included from /usr/local/include/malib/malib_common.h:37,
                 from /usr/local/include/malib/bttv.h:24,
                 from /usr/local/include/malib/malib.h:22,
                 from discriminator.h:22,
                 from discriminator_test.c:19:
/usr/include/glib-1.2/glib.h:134:1: warning: this is the location of the previous definition
In file included from csu/csuCommon.h:29,
                 from anubis_common.h:30,
                 from gaborrg_recog.h:27,
                 from discriminator.h:27,
                 from discriminator_test.c:19:
csu/csuCommonUtil.h:71:1: warning: "ABS" redefined
In file included from /usr/local/include/malib/malib_common.h:37,
                 from /usr/local/include/malib/bttv.h:24,
                 from /usr/local/include/malib/malib.h:22,
                 from discriminator.h:22,
                 from discriminator_test.c:19:
/usr/include/glib-1.2/glib.h:140:1: warning: this is the location of the previous definition
In file included from anubis_common.h:30,
                 from gaborrg_recog.h:27,
                 from discriminator.h:27,
                 from discriminator_test.c:19:
csu/csuCommon.h:41:1: warning: "VERSION" redefined
In file included from csu/csuCommonImage.h:30,
                 from anubis_common.h:29,
                 from gaborrg_recog.h:27,
                 from discriminator.h:27,
                 from discriminator_test.c:19:
../config.h:73:1: warning: this is the location of the previous definition
In file included from gaborrg_recog.h:27,
                 from discriminator.h:27,
                 from discriminator_test.c:19:
anubis_common.h:156:1: warning: "PI" redefined
In file included from csu/csuCommon.h:29,
                 from anubis_common.h:30,
                 from gaborrg_recog.h:27,
                 from discriminator.h:27,
                 from discriminator_test.c:19:
csu/csuCommonUtil.h:79:1: warning: this is the location of the previous definition
In file included from ../glade_gui_src/glade_support.h:6,
                 from gaborrg_recog_gui.h:24,
                 from recog_by_gabor.h:32,
                 from gaborrg_recog.h:28,
                 from discriminator.h:27,
                 from discriminator_test.c:19:
../config.h:73:1: warning: "VERSION" redefined
In file included from anubis_common.h:30,
                 from gaborrg_recog.h:27,
                 from discriminator.h:27,
                 from discriminator_test.c:19:
csu/csuCommon.h:41:1: warning: this is the location of the previous definition
discriminator_test.c: In function ‘looktest_grr_xml_gaborrg_to_grr_disc_data’:
discriminator_test.c:44: warning: control reaches end of non-void function
/bin/sh ../libtool --mode=link gcc  -g -O2  -Wall  -o discriminator_test ../glade_gui_src/glade_interface.o 	../glade_gui_src/glade_callbacks.o 	../glade_gui_src/glade_support.o anubis_common.o gaborrg_recog_gui.o recog_by_gabor.o gaborrg_recog_file_io.o discriminator.o kd_tree.o recog_by_ebgm.o gaborrg_maker_file_io.o gaborrg_maker_file_io_gui.o gaborrg_maker_gui.o gaborrg_maker_ebgm.o node_data.o recog_by_jets.o gaborrg_recog_jet_file_io.o anubis_marker.o anubis_color_config.o anubis_skin.o anubis_cv_snake.o anubisrecog_gui.o anubis_cv_haar_detect_obj.o anubis_cv_capture.o anubis_cv_rgb2gray.o anubis_cv_gtkdisplay.o anubissimple_gui.o anubis_cv_multi_haar.o anubis_toggle_screensaver.o anubis_face_graph_measure.o anubisrecog_gui_update.o anubisfacesampling_gui.o anubis_haar_data_sampling.o anubishaarsampling_gui_with_update.o anubis_cv_track.o anubis_cv_track_with_jet.o anubis_face_parts_detect.o discriminator_test.o -L/usr/lib -L/usr/X11R6/lib -lgtk -lgdk -rdynamic -lgmodule -lglib -ldl -lXi -lXext -lX11 -lm 	-L/usr/lib -lxml2 -lz -lm 	-lmalib 	-lm 	-Lcsu 	-lcsuCommon 	-lcxcore 	-lcv 	-lhighgui 	-lcvaux -L/usr/lib -lxml2 -lz -lm
gcc -g -O2 -Wall -o discriminator_test ../glade_gui_src/glade_interface.o ../glade_gui_src/glade_callbacks.o ../glade_gui_src/glade_support.o anubis_common.o gaborrg_recog_gui.o recog_by_gabor.o gaborrg_recog_file_io.o discriminator.o kd_tree.o recog_by_ebgm.o gaborrg_maker_file_io.o gaborrg_maker_file_io_gui.o gaborrg_maker_gui.o gaborrg_maker_ebgm.o node_data.o recog_by_jets.o gaborrg_recog_jet_file_io.o anubis_marker.o anubis_color_config.o anubis_skin.o anubis_cv_snake.o anubisrecog_gui.o anubis_cv_haar_detect_obj.o anubis_cv_capture.o anubis_cv_rgb2gray.o anubis_cv_gtkdisplay.o anubissimple_gui.o anubis_cv_multi_haar.o anubis_toggle_screensaver.o anubis_face_graph_measure.o anubisrecog_gui_update.o anubisfacesampling_gui.o anubis_haar_data_sampling.o anubishaarsampling_gui_with_update.o anubis_cv_track.o anubis_cv_track_with_jet.o anubis_face_parts_detect.o discriminator_test.o -rdynamic  -L/usr/lib -L/usr/X11R6/lib /usr/lib/libgtk.so /usr/lib/libgdk.so /usr/lib/libgmodule.so /usr/lib/libglib.so -ldl -lXi -lXext -lX11 -lmalib -L/home/compman/Projects/anubis/src/csu -lcsuCommon -lcxcore -lcv -lhighgui -lcvaux /usr/lib/libxml2.so -lz -lm
gcc -DHAVE_CONFIG_H -I. -I. -I.. -I/usr/include/gtk-1.2 -I/usr/include/glib-1.2 -I/usr/lib/glib/include 	-I/usr/include/libxml2 	-I/usr/local/include 	-I/usr/src/linux/drivers/ieee1394 	-Icsu    -g -O2  -Wall -c kd_tree_test.c
In file included from csu/csuCommon.h:29,
                 from anubis_common.h:30,
                 from gaborrg_recog.h:27,
                 from kd_tree.h:28,
                 from kd_tree_test.c:19:
csu/csuCommonUtil.h:69:1: warning: "MIN" redefined
In file included from /usr/local/include/malib/malib_common.h:37,
                 from /usr/local/include/malib/bttv.h:24,
                 from /usr/local/include/malib/malib.h:22,
                 from kd_tree.h:22,
                 from kd_tree_test.c:19:
/usr/include/glib-1.2/glib.h:137:1: warning: this is the location of the previous definition
In file included from csu/csuCommon.h:29,
                 from anubis_common.h:30,
                 from gaborrg_recog.h:27,
                 from kd_tree.h:28,
                 from kd_tree_test.c:19:
csu/csuCommonUtil.h:70:1: warning: "MAX" redefined
In file included from /usr/local/include/malib/malib_common.h:37,
                 from /usr/local/include/malib/bttv.h:24,
                 from /usr/local/include/malib/malib.h:22,
                 from kd_tree.h:22,
                 from kd_tree_test.c:19:
/usr/include/glib-1.2/glib.h:134:1: warning: this is the location of the previous definition
In file included from csu/csuCommon.h:29,
                 from anubis_common.h:30,
                 from gaborrg_recog.h:27,
                 from kd_tree.h:28,
                 from kd_tree_test.c:19:
csu/csuCommonUtil.h:71:1: warning: "ABS" redefined
In file included from /usr/local/include/malib/malib_common.h:37,
                 from /usr/local/include/malib/bttv.h:24,
                 from /usr/local/include/malib/malib.h:22,
                 from kd_tree.h:22,
                 from kd_tree_test.c:19:
/usr/include/glib-1.2/glib.h:140:1: warning: this is the location of the previous definition
In file included from anubis_common.h:30,
                 from gaborrg_recog.h:27,
                 from kd_tree.h:28,
                 from kd_tree_test.c:19:
csu/csuCommon.h:41:1: warning: "VERSION" redefined
In file included from csu/csuCommonImage.h:30,
                 from anubis_common.h:29,
                 from gaborrg_recog.h:27,
                 from kd_tree.h:28,
                 from kd_tree_test.c:19:
../config.h:73:1: warning: this is the location of the previous definition
In file included from gaborrg_recog.h:27,
                 from kd_tree.h:28,
                 from kd_tree_test.c:19:
anubis_common.h:156:1: warning: "PI" redefined
In file included from csu/csuCommon.h:29,
                 from anubis_common.h:30,
                 from gaborrg_recog.h:27,
                 from kd_tree.h:28,
                 from kd_tree_test.c:19:
csu/csuCommonUtil.h:79:1: warning: this is the location of the previous definition
In file included from ../glade_gui_src/glade_support.h:6,
                 from gaborrg_recog_gui.h:24,
                 from recog_by_gabor.h:32,
                 from gaborrg_recog.h:28,
                 from kd_tree.h:28,
                 from kd_tree_test.c:19:
../config.h:73:1: warning: "VERSION" redefined
In file included from anubis_common.h:30,
                 from gaborrg_recog.h:27,
                 from kd_tree.h:28,
                 from kd_tree_test.c:19:
csu/csuCommon.h:41:1: warning: this is the location of the previous definition
kd_tree_test.c: In function ‘main’:
kd_tree_test.c:28: warning: implicit declaration of function ‘test_grr_disc_data_node_ptr_array_qsort_by_x_dim’
kd_tree_test.c:31: warning: implicit declaration of function ‘dump_kd_tree’
kd_tree_test.c:33: warning: implicit declaration of function ‘looktest_search_kd_tree_nearest_with_center_co’
kd_tree_test.c: In function ‘dump_kd_tree’:
kd_tree_test.c:39: warning: implicit declaration of function ‘dump_kd_node’
kd_tree_test.c: At top level:
kd_tree_test.c:61: warning: return type defaults to ‘int’
kd_tree_test.c: In function ‘test_grr_disc_data_node_ptr_array_qsort_by_x_dim’:
kd_tree_test.c:102: warning: ‘return’ with no value, in function returning non-void
kd_tree_test.c:62: warning: unused variable ‘j’
kd_tree_test.c: In function ‘looktest_search_kd_tree_nearest_with_center_co’:
kd_tree_test.c:130: warning: format ‘%ld’ expects type ‘long int’, but argument 2 has type ‘struct KdNode *’
kd_tree_test.c:133: warning: format ‘%ld’ expects type ‘long int’, but argument 2 has type ‘void *’
kd_tree_test.c: In function ‘dump_kd_node’:
kd_tree_test.c:59: warning: control reaches end of non-void function
kd_tree_test.c: In function ‘dump_kd_tree’:
kd_tree_test.c:40: warning: control reaches end of non-void function
kd_tree_test.c: In function ‘looktest_search_kd_tree_nearest_with_center_co’:
kd_tree_test.c:145: warning: control reaches end of non-void function
kd_tree_test.c: In function ‘main’:
kd_tree_test.c:36: warning: control reaches end of non-void function
/bin/sh ../libtool --mode=link gcc  -g -O2  -Wall  -o kd_tree_test ../glade_gui_src/glade_interface.o 	../glade_gui_src/glade_callbacks.o 	../glade_gui_src/glade_support.o anubis_common.o gaborrg_recog_gui.o recog_by_gabor.o gaborrg_recog_file_io.o discriminator.o kd_tree.o recog_by_ebgm.o gaborrg_maker_file_io.o gaborrg_maker_file_io_gui.o gaborrg_maker_gui.o gaborrg_maker_ebgm.o node_data.o recog_by_jets.o gaborrg_recog_jet_file_io.o anubis_marker.o anubis_color_config.o anubis_skin.o anubis_cv_snake.o anubisrecog_gui.o anubis_cv_haar_detect_obj.o anubis_cv_capture.o anubis_cv_rgb2gray.o anubis_cv_gtkdisplay.o anubissimple_gui.o anubis_cv_multi_haar.o anubis_toggle_screensaver.o anubis_face_graph_measure.o anubisrecog_gui_update.o anubisfacesampling_gui.o anubis_haar_data_sampling.o anubishaarsampling_gui_with_update.o anubis_cv_track.o anubis_cv_track_with_jet.o anubis_face_parts_detect.o kd_tree_test.o -L/usr/lib -L/usr/X11R6/lib -lgtk -lgdk -rdynamic -lgmodule -lglib -ldl -lXi -lXext -lX11 -lm 	-L/usr/lib -lxml2 -lz -lm 	-lmalib 	-lm 	-Lcsu 	-lcsuCommon 	-lcxcore 	-lcv 	-lhighgui 	-lcvaux -L/usr/lib -lxml2 -lz -lm
gcc -g -O2 -Wall -o kd_tree_test ../glade_gui_src/glade_interface.o ../glade_gui_src/glade_callbacks.o ../glade_gui_src/glade_support.o anubis_common.o gaborrg_recog_gui.o recog_by_gabor.o gaborrg_recog_file_io.o discriminator.o kd_tree.o recog_by_ebgm.o gaborrg_maker_file_io.o gaborrg_maker_file_io_gui.o gaborrg_maker_gui.o gaborrg_maker_ebgm.o node_data.o recog_by_jets.o gaborrg_recog_jet_file_io.o anubis_marker.o anubis_color_config.o anubis_skin.o anubis_cv_snake.o anubisrecog_gui.o anubis_cv_haar_detect_obj.o anubis_cv_capture.o anubis_cv_rgb2gray.o anubis_cv_gtkdisplay.o anubissimple_gui.o anubis_cv_multi_haar.o anubis_toggle_screensaver.o anubis_face_graph_measure.o anubisrecog_gui_update.o anubisfacesampling_gui.o anubis_haar_data_sampling.o anubishaarsampling_gui_with_update.o anubis_cv_track.o anubis_cv_track_with_jet.o anubis_face_parts_detect.o kd_tree_test.o -rdynamic  -L/usr/lib -L/usr/X11R6/lib /usr/lib/libgtk.so /usr/lib/libgdk.so /usr/lib/libgmodule.so /usr/lib/libglib.so -ldl -lXi -lXext -lX11 -lmalib -L/home/compman/Projects/anubis/src/csu -lcsuCommon -lcxcore -lcv -lhighgui -lcvaux /usr/lib/libxml2.so -lz -lm
gcc -DHAVE_CONFIG_H -I. -I. -I.. -I/usr/include/gtk-1.2 -I/usr/include/glib-1.2 -I/usr/lib/glib/include 	-I/usr/include/libxml2 	-I/usr/local/include 	-I/usr/src/linux/drivers/ieee1394 	-Icsu    -g -O2  -Wall -c gaborrg_maker_ebgm_test.c
In file included from csu/csuCommon.h:29,
                 from anubis_common.h:30,
                 from gaborrg_maker_ebgm.h:25,
                 from gaborrg_maker_ebgm_test.c:20:
csu/csuCommonUtil.h:69:1: warning: "MIN" redefined
In file included from /usr/local/include/malib/malib_common.h:37,
                 from /usr/local/include/malib/bttv.h:24,
                 from /usr/local/include/malib/malib.h:22,
                 from gaborrg_maker_ebgm.h:22,
                 from gaborrg_maker_ebgm_test.c:20:
/usr/include/glib-1.2/glib.h:137:1: warning: this is the location of the previous definition
In file included from csu/csuCommon.h:29,
                 from anubis_common.h:30,
                 from gaborrg_maker_ebgm.h:25,
                 from gaborrg_maker_ebgm_test.c:20:
csu/csuCommonUtil.h:70:1: warning: "MAX" redefined
In file included from /usr/local/include/malib/malib_common.h:37,
                 from /usr/local/include/malib/bttv.h:24,
                 from /usr/local/include/malib/malib.h:22,
                 from gaborrg_maker_ebgm.h:22,
                 from gaborrg_maker_ebgm_test.c:20:
/usr/include/glib-1.2/glib.h:134:1: warning: this is the location of the previous definition
In file included from csu/csuCommon.h:29,
                 from anubis_common.h:30,
                 from gaborrg_maker_ebgm.h:25,
                 from gaborrg_maker_ebgm_test.c:20:
csu/csuCommonUtil.h:71:1: warning: "ABS" redefined
In file included from /usr/local/include/malib/malib_common.h:37,
                 from /usr/local/include/malib/bttv.h:24,
                 from /usr/local/include/malib/malib.h:22,
                 from gaborrg_maker_ebgm.h:22,
                 from gaborrg_maker_ebgm_test.c:20:
/usr/include/glib-1.2/glib.h:140:1: warning: this is the location of the previous definition
In file included from anubis_common.h:30,
                 from gaborrg_maker_ebgm.h:25,
                 from gaborrg_maker_ebgm_test.c:20:
csu/csuCommon.h:41:1: warning: "VERSION" redefined
In file included from csu/csuCommonImage.h:30,
                 from anubis_common.h:29,
                 from gaborrg_maker_ebgm.h:25,
                 from gaborrg_maker_ebgm_test.c:20:
../config.h:73:1: warning: this is the location of the previous definition
In file included from gaborrg_maker_ebgm.h:25,
                 from gaborrg_maker_ebgm_test.c:20:
anubis_common.h:156:1: warning: "PI" redefined
In file included from csu/csuCommon.h:29,
                 from anubis_common.h:30,
                 from gaborrg_maker_ebgm.h:25,
                 from gaborrg_maker_ebgm_test.c:20:
csu/csuCommonUtil.h:79:1: warning: this is the location of the previous definition
In file included from ../glade_gui_src/glade_support.h:6,
                 from node_data.h:23,
                 from gaborrg_maker_gui.h:39,
                 from gaborrg_maker_ebgm.h:26,
                 from gaborrg_maker_ebgm_test.c:20:
../config.h:73:1: warning: "VERSION" redefined
In file included from anubis_common.h:30,
                 from gaborrg_maker_ebgm.h:25,
                 from gaborrg_maker_ebgm_test.c:20:
csu/csuCommon.h:41:1: warning: this is the location of the previous definition
gaborrg_maker_ebgm_test.c: In function ‘test_ebgm_write_params’:
gaborrg_maker_ebgm_test.c:23: warning: unused variable ‘i’
gaborrg_maker_ebgm_test.c:30: warning: control reaches end of non-void function
gaborrg_maker_ebgm_test.c: In function ‘main’:
gaborrg_maker_ebgm_test.c:44: warning: control reaches end of non-void function
/bin/sh ../libtool --mode=link gcc  -g -O2  -Wall  -o gaborrg_maker_ebgm_test ../glade_gui_src/glade_interface.o 	../glade_gui_src/glade_callbacks.o 	../glade_gui_src/glade_support.o anubis_common.o gaborrg_recog_gui.o recog_by_gabor.o gaborrg_recog_file_io.o discriminator.o kd_tree.o recog_by_ebgm.o gaborrg_maker_file_io.o gaborrg_maker_file_io_gui.o gaborrg_maker_gui.o gaborrg_maker_ebgm.o node_data.o recog_by_jets.o gaborrg_recog_jet_file_io.o anubis_marker.o anubis_color_config.o anubis_skin.o anubis_cv_snake.o anubisrecog_gui.o anubis_cv_haar_detect_obj.o anubis_cv_capture.o anubis_cv_rgb2gray.o anubis_cv_gtkdisplay.o anubissimple_gui.o anubis_cv_multi_haar.o anubis_toggle_screensaver.o anubis_face_graph_measure.o anubisrecog_gui_update.o anubisfacesampling_gui.o anubis_haar_data_sampling.o anubishaarsampling_gui_with_update.o anubis_cv_track.o anubis_cv_track_with_jet.o anubis_face_parts_detect.o gaborrg_maker_ebgm_test.o -L/usr/lib -L/usr/X11R6/lib -lgtk -lgdk -rdynamic -lgmodule -lglib -ldl -lXi -lXext -lX11 -lm 	-L/usr/lib -lxml2 -lz -lm 	-lmalib 	-lm 	-Lcsu 	-lcsuCommon 	-lcxcore 	-lcv 	-lhighgui 	-lcvaux -L/usr/lib -lxml2 -lz -lm
gcc -g -O2 -Wall -o gaborrg_maker_ebgm_test ../glade_gui_src/glade_interface.o ../glade_gui_src/glade_callbacks.o ../glade_gui_src/glade_support.o anubis_common.o gaborrg_recog_gui.o recog_by_gabor.o gaborrg_recog_file_io.o discriminator.o kd_tree.o recog_by_ebgm.o gaborrg_maker_file_io.o gaborrg_maker_file_io_gui.o gaborrg_maker_gui.o gaborrg_maker_ebgm.o node_data.o recog_by_jets.o gaborrg_recog_jet_file_io.o anubis_marker.o anubis_color_config.o anubis_skin.o anubis_cv_snake.o anubisrecog_gui.o anubis_cv_haar_detect_obj.o anubis_cv_capture.o anubis_cv_rgb2gray.o anubis_cv_gtkdisplay.o anubissimple_gui.o anubis_cv_multi_haar.o anubis_toggle_screensaver.o anubis_face_graph_measure.o anubisrecog_gui_update.o anubisfacesampling_gui.o anubis_haar_data_sampling.o anubishaarsampling_gui_with_update.o anubis_cv_track.o anubis_cv_track_with_jet.o anubis_face_parts_detect.o gaborrg_maker_ebgm_test.o -rdynamic  -L/usr/lib -L/usr/X11R6/lib /usr/lib/libgtk.so /usr/lib/libgdk.so /usr/lib/libgmodule.so /usr/lib/libglib.so -ldl -lXi -lXext -lX11 -lmalib -L/home/compman/Projects/anubis/src/csu -lcsuCommon -lcxcore -lcv -lhighgui -lcvaux /usr/lib/libxml2.so -lz -lm
gcc -DHAVE_CONFIG_H -I. -I. -I.. -I/usr/include/gtk-1.2 -I/usr/include/glib-1.2 -I/usr/lib/glib/include 	-I/usr/include/libxml2 	-I/usr/local/include 	-I/usr/src/linux/drivers/ieee1394 	-Icsu    -g -O2  -Wall -c gaborrg_recog.c
In file included from csu/csuCommon.h:29,
                 from anubis_common.h:30,
                 from gaborrg_recog.h:27,
                 from gaborrg_recog.c:19:
csu/csuCommonUtil.h:69:1: warning: "MIN" redefined
In file included from /usr/local/include/malib/malib_common.h:37,
                 from /usr/local/include/malib/bttv.h:24,
                 from /usr/local/include/malib/malib.h:22,
                 from gaborrg_recog.h:24,
                 from gaborrg_recog.c:19:
/usr/include/glib-1.2/glib.h:137:1: warning: this is the location of the previous definition
In file included from csu/csuCommon.h:29,
                 from anubis_common.h:30,
                 from gaborrg_recog.h:27,
                 from gaborrg_recog.c:19:
csu/csuCommonUtil.h:70:1: warning: "MAX" redefined
In file included from /usr/local/include/malib/malib_common.h:37,
                 from /usr/local/include/malib/bttv.h:24,
                 from /usr/local/include/malib/malib.h:22,
                 from gaborrg_recog.h:24,
                 from gaborrg_recog.c:19:
/usr/include/glib-1.2/glib.h:134:1: warning: this is the location of the previous definition
In file included from csu/csuCommon.h:29,
                 from anubis_common.h:30,
                 from gaborrg_recog.h:27,
                 from gaborrg_recog.c:19:
csu/csuCommonUtil.h:71:1: warning: "ABS" redefined
In file included from /usr/local/include/malib/malib_common.h:37,
                 from /usr/local/include/malib/bttv.h:24,
                 from /usr/local/include/malib/malib.h:22,
                 from gaborrg_recog.h:24,
                 from gaborrg_recog.c:19:
/usr/include/glib-1.2/glib.h:140:1: warning: this is the location of the previous definition
In file included from anubis_common.h:30,
                 from gaborrg_recog.h:27,
                 from gaborrg_recog.c:19:
csu/csuCommon.h:41:1: warning: "VERSION" redefined
In file included from csu/csuCommonImage.h:30,
                 from anubis_common.h:29,
                 from gaborrg_recog.h:27,
                 from gaborrg_recog.c:19:
../config.h:73:1: warning: this is the location of the previous definition
In file included from gaborrg_recog.h:27,
                 from gaborrg_recog.c:19:
anubis_common.h:156:1: warning: "PI" redefined
In file included from csu/csuCommon.h:29,
                 from anubis_common.h:30,
                 from gaborrg_recog.h:27,
                 from gaborrg_recog.c:19:
csu/csuCommonUtil.h:79:1: warning: this is the location of the previous definition
In file included from ../glade_gui_src/glade_support.h:6,
                 from gaborrg_recog_gui.h:24,
                 from recog_by_gabor.h:32,
                 from gaborrg_recog.h:28,
                 from gaborrg_recog.c:19:
../config.h:73:1: warning: "VERSION" redefined
In file included from anubis_common.h:30,
                 from gaborrg_recog.h:27,
                 from gaborrg_recog.c:19:
csu/csuCommon.h:41:1: warning: this is the location of the previous definition
/bin/sh ../libtool --mode=link gcc  -g -O2  -Wall  -o gaborrg_recog ../glade_gui_src/glade_interface.o 	../glade_gui_src/glade_callbacks.o 	../glade_gui_src/glade_support.o anubis_common.o gaborrg_recog_gui.o recog_by_gabor.o gaborrg_recog_file_io.o discriminator.o kd_tree.o recog_by_ebgm.o gaborrg_maker_file_io.o gaborrg_maker_file_io_gui.o gaborrg_maker_gui.o gaborrg_maker_ebgm.o node_data.o recog_by_jets.o gaborrg_recog_jet_file_io.o anubis_marker.o anubis_color_config.o anubis_skin.o anubis_cv_snake.o anubisrecog_gui.o anubis_cv_haar_detect_obj.o anubis_cv_capture.o anubis_cv_rgb2gray.o anubis_cv_gtkdisplay.o anubissimple_gui.o anubis_cv_multi_haar.o anubis_toggle_screensaver.o anubis_face_graph_measure.o anubisrecog_gui_update.o anubisfacesampling_gui.o anubis_haar_data_sampling.o anubishaarsampling_gui_with_update.o anubis_cv_track.o anubis_cv_track_with_jet.o anubis_face_parts_detect.o gaborrg_recog.o -L/usr/lib -L/usr/X11R6/lib -lgtk -lgdk -rdynamic -lgmodule -lglib -ldl -lXi -lXext -lX11 -lm 	-L/usr/lib -lxml2 -lz -lm 	-lmalib 	-lm 	-Lcsu 	-lcsuCommon 	-lcxcore 	-lcv 	-lhighgui 	-lcvaux -L/usr/lib -lxml2 -lz -lm
gcc -g -O2 -Wall -o gaborrg_recog ../glade_gui_src/glade_interface.o ../glade_gui_src/glade_callbacks.o ../glade_gui_src/glade_support.o anubis_common.o gaborrg_recog_gui.o recog_by_gabor.o gaborrg_recog_file_io.o discriminator.o kd_tree.o recog_by_ebgm.o gaborrg_maker_file_io.o gaborrg_maker_file_io_gui.o gaborrg_maker_gui.o gaborrg_maker_ebgm.o node_data.o recog_by_jets.o gaborrg_recog_jet_file_io.o anubis_marker.o anubis_color_config.o anubis_skin.o anubis_cv_snake.o anubisrecog_gui.o anubis_cv_haar_detect_obj.o anubis_cv_capture.o anubis_cv_rgb2gray.o anubis_cv_gtkdisplay.o anubissimple_gui.o anubis_cv_multi_haar.o anubis_toggle_screensaver.o anubis_face_graph_measure.o anubisrecog_gui_update.o anubisfacesampling_gui.o anubis_haar_data_sampling.o anubishaarsampling_gui_with_update.o anubis_cv_track.o anubis_cv_track_with_jet.o anubis_face_parts_detect.o gaborrg_recog.o -rdynamic  -L/usr/lib -L/usr/X11R6/lib /usr/lib/libgtk.so /usr/lib/libgdk.so /usr/lib/libgmodule.so /usr/lib/libglib.so -ldl -lXi -lXext -lX11 -lmalib -L/home/compman/Projects/anubis/src/csu -lcsuCommon -lcxcore -lcv -lhighgui -lcvaux /usr/lib/libxml2.so -lz -lm
gcc -DHAVE_CONFIG_H -I. -I. -I.. -I/usr/include/gtk-1.2 -I/usr/include/glib-1.2 -I/usr/lib/glib/include 	-I/usr/include/libxml2 	-I/usr/local/include 	-I/usr/src/linux/drivers/ieee1394 	-Icsu    -g -O2  -Wall -c anubiscvtracktest.c
In file included from csu/csuCommon.h:29,
                 from anubis_common.h:30,
                 from anubis_cv_capture.h:33,
                 from anubiscvtracktest.c:21:
csu/csuCommonUtil.h:69:1: warning: "MIN" redefined
In file included from /usr/local/include/malib/malib_common.h:37,
                 from /usr/local/include/malib/bttv.h:24,
                 from /usr/local/include/malib/malib.h:22,
                 from anubiscvtracktest.c:19:
/usr/include/glib-1.2/glib.h:137:1: warning: this is the location of the previous definition
In file included from csu/csuCommon.h:29,
                 from anubis_common.h:30,
                 from anubis_cv_capture.h:33,
                 from anubiscvtracktest.c:21:
csu/csuCommonUtil.h:70:1: warning: "MAX" redefined
In file included from /usr/local/include/malib/malib_common.h:37,
                 from /usr/local/include/malib/bttv.h:24,
                 from /usr/local/include/malib/malib.h:22,
                 from anubiscvtracktest.c:19:
/usr/include/glib-1.2/glib.h:134:1: warning: this is the location of the previous definition
In file included from csu/csuCommon.h:29,
                 from anubis_common.h:30,
                 from anubis_cv_capture.h:33,
                 from anubiscvtracktest.c:21:
csu/csuCommonUtil.h:71:1: warning: "ABS" redefined
In file included from /usr/local/include/malib/malib_common.h:37,
                 from /usr/local/include/malib/bttv.h:24,
                 from /usr/local/include/malib/malib.h:22,
                 from anubiscvtracktest.c:19:
/usr/include/glib-1.2/glib.h:140:1: warning: this is the location of the previous definition
In file included from anubis_common.h:30,
                 from anubis_cv_capture.h:33,
                 from anubiscvtracktest.c:21:
csu/csuCommon.h:41:1: warning: "VERSION" redefined
In file included from csu/csuCommonImage.h:30,
                 from anubis_common.h:29,
                 from anubis_cv_capture.h:33,
                 from anubiscvtracktest.c:21:
../config.h:73:1: warning: this is the location of the previous definition
In file included from anubis_cv_capture.h:33,
                 from anubiscvtracktest.c:21:
anubis_common.h:156:1: warning: "PI" redefined
In file included from csu/csuCommon.h:29,
                 from anubis_common.h:30,
                 from anubis_cv_capture.h:33,
                 from anubiscvtracktest.c:21:
csu/csuCommonUtil.h:79:1: warning: this is the location of the previous definition
In file included from ../glade_gui_src/glade_support.h:6,
                 from anubissimple_gui.h:24,
                 from anubiscvtracktest.c:24:
../config.h:73:1: warning: "VERSION" redefined
In file included from anubis_common.h:30,
                 from anubis_cv_capture.h:33,
                 from anubiscvtracktest.c:21:
csu/csuCommon.h:41:1: warning: this is the location of the previous definition
anubiscvtracktest.c: In function ‘main’:
anubiscvtracktest.c:48: warning: assignment from incompatible pointer type
anubiscvtracktest.c:52: warning: missing braces around initializer
anubiscvtracktest.c:52: warning: (near initialization for ‘marker_filters[0]’)
anubiscvtracktest.c:52: warning: initialization from incompatible pointer type
anubiscvtracktest.c:52: warning: initialization makes integer from pointer without a cast
anubiscvtracktest.c:54: warning: passing argument 2 of ‘anubis_marker_new_with_buf_and_filters’ from incompatible pointer type
anubiscvtracktest.c:55: warning: assignment from incompatible pointer type
anubiscvtracktest.c:57: warning: passing argument 1 of ‘anubissimple_gui_new’ from incompatible pointer type
anubiscvtracktest.c:63: warning: passing argument 1 of ‘anubis_cv_gtkdisplay_auto_play2’ from incompatible pointer type
anubiscvtracktest.c:65: warning: passing argument 1 of ‘anubis_cv_reset_capture_propaty’ from incompatible pointer type
anubiscvtracktest.c:35: warning: unused variable ‘b_ring’
anubiscvtracktest.c:33: warning: unused variable ‘d_gray’
anubiscvtracktest.c:33: warning: unused variable ‘d_cap’
anubiscvtracktest.c:32: warning: unused variable ‘b_mark’
anubiscvtracktest.c:32: warning: unused variable ‘b_track’
anubiscvtracktest.c:67: warning: control reaches end of non-void function
/bin/sh ../libtool --mode=link gcc  -g -O2  -Wall  -o anubiscvtracktest ../glade_gui_src/glade_interface.o 	../glade_gui_src/glade_callbacks.o 	../glade_gui_src/glade_support.o anubis_common.o gaborrg_recog_gui.o recog_by_gabor.o gaborrg_recog_file_io.o discriminator.o kd_tree.o recog_by_ebgm.o gaborrg_maker_file_io.o gaborrg_maker_file_io_gui.o gaborrg_maker_gui.o gaborrg_maker_ebgm.o node_data.o recog_by_jets.o gaborrg_recog_jet_file_io.o anubis_marker.o anubis_color_config.o anubis_skin.o anubis_cv_snake.o anubisrecog_gui.o anubis_cv_haar_detect_obj.o anubis_cv_capture.o anubis_cv_rgb2gray.o anubis_cv_gtkdisplay.o anubissimple_gui.o anubis_cv_multi_haar.o anubis_toggle_screensaver.o anubis_face_graph_measure.o anubisrecog_gui_update.o anubisfacesampling_gui.o anubis_haar_data_sampling.o anubishaarsampling_gui_with_update.o anubis_cv_track.o anubis_cv_track_with_jet.o anubis_face_parts_detect.o anubiscvtracktest.o -L/usr/lib -L/usr/X11R6/lib -lgtk -lgdk -rdynamic -lgmodule -lglib -ldl -lXi -lXext -lX11 -lm 	-L/usr/lib -lxml2 -lz -lm 	-lmalib 	-lm 	-Lcsu 	-lcsuCommon 	-lcxcore 	-lcv 	-lhighgui 	-lcvaux -L/usr/lib -lxml2 -lz -lm
gcc -g -O2 -Wall -o anubiscvtracktest ../glade_gui_src/glade_interface.o ../glade_gui_src/glade_callbacks.o ../glade_gui_src/glade_support.o anubis_common.o gaborrg_recog_gui.o recog_by_gabor.o gaborrg_recog_file_io.o discriminator.o kd_tree.o recog_by_ebgm.o gaborrg_maker_file_io.o gaborrg_maker_file_io_gui.o gaborrg_maker_gui.o gaborrg_maker_ebgm.o node_data.o recog_by_jets.o gaborrg_recog_jet_file_io.o anubis_marker.o anubis_color_config.o anubis_skin.o anubis_cv_snake.o anubisrecog_gui.o anubis_cv_haar_detect_obj.o anubis_cv_capture.o anubis_cv_rgb2gray.o anubis_cv_gtkdisplay.o anubissimple_gui.o anubis_cv_multi_haar.o anubis_toggle_screensaver.o anubis_face_graph_measure.o anubisrecog_gui_update.o anubisfacesampling_gui.o anubis_haar_data_sampling.o anubishaarsampling_gui_with_update.o anubis_cv_track.o anubis_cv_track_with_jet.o anubis_face_parts_detect.o anubiscvtracktest.o -rdynamic  -L/usr/lib -L/usr/X11R6/lib /usr/lib/libgtk.so /usr/lib/libgdk.so /usr/lib/libgmodule.so /usr/lib/libglib.so -ldl -lXi -lXext -lX11 -lmalib -L/home/compman/Projects/anubis/src/csu -lcsuCommon -lcxcore -lcv -lhighgui -lcvaux /usr/lib/libxml2.so -lz -lm
make[3]: Leaving directory `/home/compman/Projects/anubis/src'
make[2]: Leaving directory `/home/compman/Projects/anubis/src'
Making all in scripts
make[2]: Entering directory `/home/compman/Projects/anubis/scripts'
make[2]: Nothing to be done for `all'.
make[2]: Leaving directory `/home/compman/Projects/anubis/scripts'
make[2]: Entering directory `/home/compman/Projects/anubis'
make[2]: Leaving directory `/home/compman/Projects/anubis'
make[1]: Leaving directory `/home/compman/Projects/anubis'
