:100000000C9446000C943E370C9464370C948A3759
:100010000C94B0370C94D6370C94FC370C942238DF
:100020000C9448380C946E380C9494380C94BA386C
:100030000C94E0380C9406390C942C390C945239F9
:100040000C9478390C949E390C94103A0C94EA393B
:100050000C94C4390C94363A0C945C3A0C94823A61
:100060000C94A83A0C94CE3A0C94F43A0C941A3BA3
:100070000C94403B0C94663B0C948C3B0C94B23B30
:100080000C94D83B0C94FE3B0C94243C11241FBED2
:10009000CFEFD0E1DEBFCDBF15E0A0E0B1E0ECE1F5
:1000A000FAE900E00BBF02C007900D92A232B1073F
:1000B000D9F71CE0A2E2B5E001C01D92A23FB10752
:1000C000E1F70C9418030C940000CF93DF93EC013C
:1000D000FC019C012D5E3F4F80E281932E173F076C
:1000E000DCF76EE071E0CE010E949B4C892B61F041
:1000F00087E191E00E94883F889A909A64EF71E0CE
:1001000080E090E00E94FC4662E271E0CE010E9435
:100110009B4C892B61F08BE291E00E94883F899A89
:10012000919A64EF71E080E090E00E94FC4666E303
:1001300071E0CE010E949B4C892B61F081E491E03B
:100140000E94883F8A9A929A64EF71E080E090E082
:100150000E94FC466CE471E0CE010E949B4C892B0E
:1001600061F086E591E00E94883F8B9A939A64EF54
:1001700071E080E090E00E94FC46DF91CF9108950D
:10018000882499243401540140E0B4018DE494E0C2
:100190000E94314281E691E00E945B429093BD0C47
:1001A0008093BC0C46E051E061E071E00E94EA42BD
:1001B00087E691E00E94883F83E891E00E94883FB3
:1001C00045E060E073E88BE894E00E94314284EA05
:1001D00091E00E94B0147B018C0182EB91E00E94BF
:1001E000B014DC01CB019C01AD0160E071E080EC5A
:1001F00091E00E94AC188F5F9F4F09F4C5C185EC58
:1002000091E00E94B014DC01CB014BE8C42E44E025
:10021000D42E7C018D0120E030E040E050E0CA01A6
:10022000B9010E948D1383ED91E00E94B014DC01AE
:10023000CB019C01AD01B501C5010E940A258FEDDE
:1002400091E00E946725DC01CB018093C00C909364
:10025000C10CA093C20CB093C30C81B38FEF81BBD0
:1002600082B382BBAA24BB24E5010E94860490933A
:10027000BF0C8093BE0C892B51F484EF91E00E9457
:10028000883F68E873E180E090E00E94FC4680913E
:10029000BE0C9091BF0C0E94A9039093C50C809353
:1002A000C40C892B29F48CE092E00E94883FDACFBD
:1002B00086E292E00E94883F69E170E08091BE0C86
:1002C0009091BF0C0E9410066114710489F46EE3D2
:1002D00072E08091C40C9091C50C0E94B53C809155
:1002E000C40C9091C50C0E94463F31E0632E712CE6
:1002F0004FEF53E062E275E08091C40C9091C50C21
:100300000E94A64282E295E00E94B34C209709F039
:100310000CC165E572E082E295E00E949B4C892B5E
:1003200021F16AE572E08091C40C9091C50C0E94A5
:10033000B53C8091C40C9091C50C0E94463FA1141D
:10034000B104B1F28091C40C9091C50C0E94DA0303
:100350008091BE0C9091BF0C0E94270760E67AEE58
:1003600080E090E00E94FC467DCF68E972E082E286
:1003700095E00E949B4C892BA1F66DE972E082E228
:1003800095E00E949B4C892B71F063EA72E082E257
:1003900095E00E949B4C892B19F069EA72E0C3CF6B
:1003A0006CEB72E0C0CF61ED72E082E295E00E94FA
:1003B0009B4C892B81F066ED72E08091C40C90918A
:1003C000C50C0E94B53C8091C40C9091C50C0E9454
:1003D000463F4E01B4CF6CEE72E082E295E00E949F
:1003E0009B4C892B19F061EF72E0E7CF8E016BEF28
:1003F00072E082E295E00E949B4C892B11F001E0B3
:1004000010E0CE018114910411F481E090E0082302
:100410001923012BE9F060E073E082E295E00E948D
:100420009B4C892B91F068E073E08091C40C909113
:10043000C50C0E94B53C8091C40C9091C50C0E94E3
:10044000463F21E0822E912C7ACF60E273E06BCFA1
:100450008E016CE373E082E295E00E949B4C892B55
:1004600011F001E010E0CE0121E08216910409F4C0
:100470005AC008231923012BE9F063EA72E082E2F3
:1004800095E00E949B4C892B91F061E473E0809190
:10049000C40C9091C50C0E94B53C8091C40C909105
:1004A000C50C0E94463F92E0892E912C48CF67E50B
:1004B00073E039CF8E016BE673E082E295E00E9433
:1004C0009B4C892B11F001E010E0CE0122E0821656
:1004D000910431F108231923012B29F0C1E0D0E068
:1004E00060E773E020CF60E973E082E295E00E946C
:1004F0009B4C892B91F065E973E08091C40C90913D
:10050000C50C0E94B53C8091C40C9091C50C0E9412
:10051000463F81E0A82EB12C12CF6BEB73E003CFE6
:1005200081E090E0D7CFC401A4CF4FEF53E062E267
:1005300075E08091BE0C9091BF0C0E94870669ED1A
:1005400073E082E295E00E949B4C892B71F382E27A
:1005500095E00E94883F8DED93E00E94883F60EE19
:1005600073E08091C40C9091C50C0E94B53C8091C1
:10057000C40C9091C50C0E94463F82E295E00E9417
:100580006500C0E0D0E0DBCE88EF93E00E94883FBA
:1005900036CE0E940D4820E033E040E050E060ECB1
:1005A00070E08BE094E00E946D4A8FEF0E942C4A2D
:1005B0000E94E649FDCF43E050E060E070E086EC49
:1005C0009CE00E943A4C8091C60C833021F48091CB
:1005D000C70C8F3419F08FEF9FEF06C08091C80CC5
:1005E0008335C9F780E090E008950F931F93CF9370
:1005F000DF9383E08093C60C8FE48093C70C83E580
:100600008093C80C06EC1CE0C0E0D0E0F8018191BA
:100610008F01682FCE010E944B4C2196C330D1052B
:10062000A8F380E090E0DF91CF911F910F910895A2
:10063000CFEFD0E1DEBFCDBF0E94DB02892B41F5B9
:1006400080EC85BF8FEF90E1825F9C4081589140A4
:10065000ACF485E58093FE7F8AEA8093FF7F8091EA
:10066000FE7F8535C1F48091FF7F8A3AA1F460E076
:100670007FE680E091E10E942E4C0DC08FEF9FE05D
:10068000825F9C40BC0182EF9CE00E942E4CE1CF37
:100690000E94F502D5CF20E831E040E050E069EC5F
:1006A00072E080E194E00E946D4A80E090E00C945A
:1006B0000D4DCF93DF93FC01C785D0891F8221891F
:1006C0003289CE010C9640E051E0BC01C9010E9484
:1006D00087061816190624F48E8380E090E001C086
:1006E0001E82DF91CF910895EF92FF921F93CF93D7
:1006F000DF93FC01C785D0892985222331F0E18869
:10070000F28810E0121720F0198680E090E018C0FF
:100710003327812F9927281B390B8C0F9D1F845F4E
:100720009E4FA901BC01C7010E941B0697FF03C091
:100730008FEF9FEF05C0180F2985121748F3E4CFFC
:10074000DF91CF911F91FF90EF9008950E94740365
:1007500008950F931F93CF93DF938C0187E190E06F
:100760000E94A04BEC01892BF9F082E08B87098B6A
:100770001A8B8CE092E00E94A04B8C018F87988BA3
:10078000892B71F089E593E0F8018083918384E7F8
:1007900093E08283938386EA93E08483958304C005
:1007A000CE010E94B54BE801CE01DF91CF911F91A0
:1007B0000F9108950F931F938C010E94A603F801D7
:1007C000878590890E94B54BC8010E94B54B80E097
:1007D00090E01F910F910895CF93DF93EC01E0918A
:1007E0002209F0912309A2E2B9E0309749F0EC1711
:1007F000FD07D1F1DF010190F081E02D3097B9F7CD
:10080000EF2BB9F189AD9AAD009739F5EFA1F8A5B5
:10081000309759F0808191818FA398A7CF010E94D2
:100820000B28EFA1F8A53097A9F7EDADFEAD3097F5
:1008300059F0808191818DAF9EAFCF010E940B282E
:10084000EDADFEAD3097A9F785E6FE0111928A95D0
:10085000E9F7CE010E94B54B0CC00E94B54B1DAA12
:100860001EAA19AE1AAED2CF888199818D939C931E
:10087000C7CFDF91CF9108950F931F93CF93DF934D
:100880008C01EB0160E070E0E0912209F091230916
:10089000309751F08781908580179107F1F0019092
:1008A000F081E02D3097B1F76115710549F5E091C0
:1008B0002209F0912309309719F18281813031F0BA
:1008C0000190F081E02D3097C1F71AC087819085A3
:1008D00080179107A9F7BF01F3CF81859285A38582
:1008E000B48582179307A407B507C9F68585968551
:1008F0008C179D07A1F68281882389F2BF01D4CF8E
:10090000CB01DF91CF911F910F9108951F93CF934A
:10091000DF93C0E0D0E080912409882351F4182FA0
:100920000E94CE0F892B09F411E0109324091123A2
:10093000E1F185E690E00E94A04BEC01892BA9F142
:100940001A8280E492E4AFE0B0E0888B998BAA8BA6
:10095000BB8B8C8B9D8BAE8BBF8B888F998FAA8F17
:10096000BB8F80E99CE08BAB9CAB8FAB98AFEF96D5
:1009700088E192E08993999383E090E0A0E0B0E071
:1009800088839983AA83BB83289688839983AA83C3
:10099000BB83C954D0408091220990912309888358
:1009A0009983D0932309C0932209CE01DF91CF917F
:1009B0001F910895FC01DA014FEF5FEF892B09F4D5
:1009C00051C080E16230780709F440C080E16330B3
:1009D0007807E4F46230710539F0ED5AFF4F8AE38D
:1009E00097E2808391833EC0109719F02230310541
:1009F00029F0ED5AFF4F86E190E0F3CFFF968D91FD
:100A00009C918083918340E050E02CC080E1653070
:100A10007807A1F06650704101F7109751F3243028
:100A2000310539F7E75AFF4F8D919D910D90BC919B
:100A3000A02D80839183A283B383E5CF1097C9F261
:100A400024303105B1F6E35AFF4FEECF109789F20B
:100A50002230310571F68D919C9187AB90AF83ABBD
:100A600094ABD1CFCA010895CF93DF93FC01EA0183
:100A70004FEF5FEF892B09F44CC080E162307807BB
:100A800009F43FC080E163307807E4F46230710517
:100A900039F0ED5AFF4F8AE397E28083918339C0A2
:100AA000209719F02230310529F0ED5AFF4F86E1E9
:100AB00090E0F3CFFF96808191818883998340E015
:100AC00050E027C080E16530780799F066507041AA
:100AD00001F7209751F32430310539F7E75AFF4FDA
:100AE00080819181A281B38188839983AA83BB830A
:100AF000E6CF2097D1F224303105B9F6E35AFF4F03
:100B0000EFCF209791F22230310579F687A990AD89
:100B1000D4CFCA01DF91CF910895EF92FF920F9346
:100B20001F93CF93DF93EC017A018B01A901892BED
:100B300009F462C08A81813009F466C08A81882301
:100B400009F05DC080911504909116040196909370
:100B50001604809315048091150490911604892B36
:100B600031F480E090E19093160480931504E091B5
:100B70002209F0912309309771F027813085809107
:100B80001504909116042817390729F00190F08177
:100B9000E02D309791F73097A9F680911504909148
:100BA0001604082E892F902D8F839887042E452FA9
:100BB000502D4D875E87E986FA860B871C87AF012B
:100BC000C801B7010E947F14FC01892B79F00784CA
:100BD000F089E02D81859285A385B4858B839C83E4
:100BE000AD83BE83CE010E94EE0913C0CD5ADF4F04
:100BF00081E597E2888399838FEF9FEF0AC0CD5AF2
:100C0000DF4F88E497E2F6CFCD5ADF4F8DE397E2CE
:100C1000F1CFDF91CF911F910F91FF90EF90089549
:100C2000FC01CB01082E892F902D87839087CF015F
:100C30000E94CF090895CF92DF92EF92FF920F9317
:100C40001F93CF93DF93EC016B018A01892B09F489
:100C500043C08A818430D1F5672B09F440C0411527
:100C60005105E9F19FE3E92EF12CEC0EFD1EF70191
:100C7000808191818417950708F48C01488D598DE6
:100C80008C899D89481B590B9A0136952795369575
:100C90002795F701808191818217930738F08CA105
:100CA0009DA1841B950B80179107E0F4FE01E35A88
:100CB000FF4F4081518162817381CE0189960E94EC
:100CC0003748892B61F48A818430C1F2CD5ADF4FD5
:100CD00089E497E2888399834FEF5FEF0EC040E08D
:100CE00050E00BC08F8580618F87A801B601CE01CF
:100CF0000E94E90F892B81F7A801CA01DF91CF91EA
:100D00001F910F91FF90EF90DF90CF900895EF9299
:100D1000FF920F931F93CF93DF93EC018B017A0126
:100D2000892B09F48AC08A81843021F08A81853038
:100D300009F07DC00115110509F476C0E114F10434
:100D400009F472C08DA99EA9892BB1F48A818430DF
:100D500009F06DC0FE01E75AFF4F40815181628169
:100D60007381CE01CB960E943748892B09F05CC075
:100D70008DA99EA9892B51F38DA99EA98E159F053A
:100D800008F47C01E114F10411F4A70158C089AD05
:100D90009AADA701BC01C8010E94564C0DA91EA91D
:100DA0000E191F090DAB1EAB01151105B1F120E0A5
:100DB00030E02017310798F4A701E9ADFAADDF0163
:100DC000A20FB31FE40FF51F80818C934F5F5F4F1D
:100DD0002F5F3F4F8DA99EA92817390770F38A818D
:100DE000843099F62BA93CA9A9012E0D3F1D8FA98E
:100DF00098AD8217930708F49C01EF96888199813A
:100E0000EF974817590718F02BAB3CABBECF2BAB75
:100E10003CABCE010E94370AB8CF89AD9AAD0E9493
:100E2000B54B09AF1AAFDBCF40E050E008C0CD5A58
:100E3000DF4F89E497E2888399834FEF5FEFCA0120
:100E4000DF91CF911F910F91FF90EF9008950E9435
:100E5000090A0895FC01892B29F0ED5AFF4F808182
:100E6000918102C086E397E208950895EF92FF9280
:100E70000F931F93CF93DF93EC018B01FB01E1886C
:100E8000F2888DA99EA9E80EF91E8FA998ADE816E3
:100E9000F90608F066C089AD9AAD892B09F44FC0F8
:100EA000A9ADBAAD109709F45CC08DA99EA9A80F91
:100EB000B91FF8012785308981899289AC01B90170
:100EC000CD010E94564CEDAAFEAAF80161897289F3
:100ED0009B01442755278FA598A9A9A9BAA9820FD4
:100EE000931FA41FB51F8FA798ABA9ABBAAB8BA953
:100EF0009CA968177907F0F01BAA1CAAF801808149
:100F00009181892BA1F48091CB0C9091CC0C892BF1
:100F100071F48F8588618F87CE01CB960E94E74858
:100F200040E050E0BA01CE010E94E90F1AC08F855F
:100F30008061F1CF861B970B8BAB9CABDFCF0E9400
:100F4000354C9C014FA958ADCA018050984F82176B
:100F5000930708F0A5CFCA010E942C4B89AF9AAF26
:100F60009FCFDF91CF911F910F91FF90EF90089548
:100F7000CF93DF93EC01FB0180899189A289B3892A
:100F80008B839C83AD83BE83FA01808191818D87A1
:100F90009E87FB0184859585A685B78589879A8775
:100FA000AB87BC87FA0184819581A681B781082E21
:100FB0008B2FB02D092E9A2FA02D8BA79CA7ADA704
:100FC000BEA78C8F9D8FAE8FBF8F0196A11DB11DC7
:100FD0008FA798ABA9ABBAAB86859785082E892FCA
:100FE000902D8CA39DA340E050E0FB0164857585A6
:100FF000868597850E947F14FC01892B91F00784D8
:10100000F089E02D858D968D8897FE01FF962081D1
:1010100031812115310519F08217930710F480836F
:101020009183DF91CF910895AF92BF92CF92DF92DB
:10103000EF92FF920F931F93CF93DF93EC01FB018D
:10104000BA01E084F184028513850E2CE12E102D67
:101050000F2CF02E002D888D998DAA8DBB8D8E15AD
:101060009F05A007B10720F48F8588618F87AAC0EC
:101070002481358146815781022E252F502D032E44
:10108000342F402DAC88BD88CE88DF88EA14FB045D
:101090000C051D0509F46DC0EA14FB040C051D05C3
:1010A00008F456C0EA14FB040C051D0509F43CC005
:1010B0001EA2EC8AFD8A0E8B1F8B6FA178A561158D
:1010C000710549F1FB01A385B48514968D919D911D
:1010D0000D90BC91A02D082E8B2FB02D092E9A2F8C
:1010E000A02DFB012189328944275527820F931FA8
:1010F000A41FB51FE816F9060A071B0760F08081D8
:1011000091818FA398A7CB010E940B286FA178A58E
:1011100061157105B9F6CF5ADF4F18821982A89769
:10112000CE010E94E7484EC02FA138A521153105F8
:1011300079F0672B69F48585682F77276370707065
:101140006115710529F48EA18F5F8EA3833010F491
:10115000A996E6CFCF5ADF4F68837983C155D04037
:101160001EA249855A856B857C8586E00E94FB110D
:10117000EFCF8C8D9D8DAE8DBF8D82179307A40709
:10118000B50780F0281739074A075B0709F084CFB5
:1011900088A199A1AAA1BBA1E816F9060A071B0715
:1011A00008F47ACF86859785082E892F902D8CA3F9
:1011B0009DA32C8F3D8F4E8F5F8FE8A2F9A20AA3CB
:1011C0001BA36ACFDF91CF911F910F91FF90EF90FA
:1011D000DF90CF90BF90AF900895FF920F931F9331
:1011E000CF93DF93EC01F62E00E010E08A8199277F
:1011F0008530910509F4C7C0863091050CF095C083
:101200008230910509F482C083309105E4F500979E
:10121000C9F0019731F00115110509F0B9C0FA8242
:10122000B7C083E0681719F00FEF1FEFF4CF8F8579
:1012300082618F8740E050E060E070E0CE010E9464
:10124000E90FE9CF862F99278130910521F3029785
:1012500059F78F8582608F87A801B801CE010E945F
:10126000E90F892BC1F20FEF1FEFCD5ADF4F80E559
:1012700097E288839983C355D040CE01895A9F4F06
:101280000E94E748C8CF8330910539F1049719F6D9
:10129000862F99278530910529F0069729F68F85A5
:1012A0008161C7CF8F8588618F87A801B801CE0182
:1012B0000E94E90FCE01CB960E941749CE01899674
:1012C0000E941749CE018B5A9F4F0E941749CE01A9
:1012D000895A9F4F0E9417499ECF862F99278430A5
:1012E000910581F08530910524F4019709F09CCF98
:1012F00092CF8530910599F2069709F095CF8F85A9
:10130000816097CFCE018B5A9F4FBACF862F9927F6
:101310008330910509F48BCF8430910534F3049721
:1013200009F082CF8F85886184CF8830910509F4D8
:101330007BCF89309105D4F48630910541F0079731
:1013400009F069CF8AE0681709F06ECF64CF862F65
:1013500099278730910509F45ECF873091050CF409
:1013600063CF0997029708F456CF5ECF8930910575
:1013700021F00A9709F04FCF57CF8AE0681791F212
:101380000FEF1FEFCFCF88E0681709F04DCF87CF61
:10139000C801DF91CF911F910F91FF900895CF93D6
:1013A000DF93EC018A81882381F461E0CE010E9401
:1013B000ED08CB5ADF4F40E050E060E070E0CE0136
:1013C0000E94374880E090E006C0CD5ADF4F88E4A5
:1013D00097E288839983DF91CF9108950F931F93AC
:1013E0008C0162E00E94ED08C801895A9F4F40E0DD
:1013F00050E060E070E00E943748F801828184305C
:1014000019F480E090E002C08FEF9FEF1F910F91E1
:101410000895FC01892BB1F08281992785309105CF
:10142000CCF4833091058CF4019734F0CF010E9405
:10143000EC0380E090E01AC0ED5AFF4F89E497E298
:10144000808391838FEF9FEF11C066E0CF010E94F0
:10145000ED08EFCF8530910539F00B976CF7ED5A19
:10146000FF4F85E397E2ECCF68E0F0CF0895FC01F1
:10147000892B61F087858861878740E050E0BA0159
:10148000CF010E94E90F80E090E002C08FEF9FEF54
:101490000895CF93DF93EC01CF5ADF4F8881998174
:1014A000C155D0408D52914088F42FA138A549856F
:1014B0005A856B857C8586E00E94FB11892BF9F0AB
:1014C000EFA1F8A5808191818FA398A7C15BDF4F21
:1014D00018821982CF54D04085E08A83C95ADF4FE1
:1014E000CE010E9417496C97CE010E94174962975E
:1014F000CE010E941749AC96CE010E941749DF9198
:10150000CF9108950F931F93CF93DF938C01862F74
:10151000E901992786719070029721F0C9010E9414
:101520003A110CC06F817885C8010E94B80763E04A
:10153000C8010E94ED08CE010E940B28DF91CF91D7
:101540001F910F9108958F929F92AF92BF92CF9269
:10155000DF92EF92FF920F931F93CF93DF93EC01F3
:101560005A014901C62EDD24C4FC3DC0C2FE1DC087
:10157000C4FE12C0CB5ADF4F88819981C555D04037
:10158000892B71F4CD5ADF4F8DE497E288839983DC
:10159000C355D04085E08A83C4010E940B2844C013
:1015A00061E0CE010E94ED08F7CFC1FEF5CFA501A5
:1015B000F40167817085CE010E94B807C4FE11C096
:1015C000F40141895289B501CE010E94140864E0FA
:1015D000CE010E94ED08C95ADF4FCE010E94E748B4
:1015E000DBCF63E0DECFFA0180859185A285B385EC
:1015F000082E8B2FB02D092E9A2FA02D28893989DE
:101600004A895B892F5F3F4F4F4F5F4FE88CF98CC2
:101610000A8D1B8DBC01CD010E94D211892B09F0CE
:10162000A5CFC4010E943A11DF91CF911F910F9174
:10163000FF90EF90DF90CF90BF90AF909F908F90F2
:1016400008958F929F92AF92BF92CF92DF92EF92C6
:10165000FF920F931F93CF93DF936C014A01E9012F
:10166000A62EBB24A2FC51C0A4FC04C0CE010E9443
:101670000B2850C0FA0180859185A285B385082E7C
:101680008B2FB02D092E9A2FA02DF6012489358994
:10169000468957892F5F3F4F4F4F5F4FE08CF18C4A
:1016A000028D138DBC01CD010E94D211892B11F046
:1016B000A1FE04C0CE010E943A112CC049895A896A
:1016C000B401C6010E94140889899A89892BC1F442
:1016D000CE010E940B28A0FE11C0F60187A590A99B
:1016E000A1A9B2A90196A11DB11D87A790ABA1AB7D
:1016F000B2AB65E0C6010E94ED080CC064E0FACF11
:10170000BE01C6010E943607E3CF61E0C6010E9418
:10171000ED08ACCFDF91CF911F910F91FF90EF902B
:10172000DF90CF90BF90AF909F908F9008954F9291
:101730005F926F927F928F929F92AF92BF92CF9261
:10174000DF92EF92FF920F931F93CF93DF936C0181
:10175000F62E4A015901862F992782FD3DC184FF4B
:1017600037C18C010270107081FF1AC0EA018C81B0
:101770009D81AE81BF81082E8B2FB02D092E9A2F0F
:10178000A02DF60123A534A545A556A582179307DC
:10179000A407B50709F442C1C5010E943A113EC130
:1017A000E90149895A89B401C6010E941408F4016B
:1017B0002481358146815781DA01C901082E8B2F9A
:1017C000B02D092E9A2FA02DE6014FA458A869A884
:1017D0007AA8481659066A067B0608F06DC0F5011E
:1017E00081899289892B09F45CC06DAD7EAD8DE352
:1017F000682E712C6C0C7D1C6115710509F43CC0C0
:10180000EB01EB85FC85E401EC80FD800E811F81FE
:10181000A8019701022E252F502D032E342F402D85
:10182000C481D5810680F781E02DCE01DF01082E2D
:101830008B2FB02D092E9A2FA02D281739074A0774
:101840005B0708F432C00E2CE12E102D0F2CF02E69
:10185000002D0C2ECF2FF02D0D2EDE2FE02DEC16AF
:10186000FD060E071F07E9F03B01FB016081718156
:101870006115710509F0C4CF6115710559F0E601D4
:101880008F8588618F8740E050E0BA01C6010E94D1
:10189000E90FC4C0E301A882B982F50160837183B6
:1018A000EECFC5010E940B28EACFE301A882B982DE
:1018B000F50160837183E0CF022E252F502D032E7A
:1018C000342F402D241535054605570561F1F601E5
:1018D0008F8588618F87EF59FF4F80819181A28129
:1018E000B3810196A11DB11D80839183A283B3832F
:1018F000C5010E940B28A801B801C6010E94E90F8A
:10190000F0FE8CC0F60187A590A9A1A9B2A9019605
:10191000A11DB11D87A790ABA1ABB2AB65E0C6011D
:101920000E94ED087BC0F50181899289892B09F419
:101930004BC0B501C6010E943607C5010E940B28A5
:10194000E601ADACBEACA114B104D1F2F5018384C3
:101950009484E4018C819D81AE81BF819C01AD01A5
:10196000082E8B2FB02D092E9A2FA02DF60147A4FB
:1019700050A861A872A8481659066A067B0608F4A2
:10198000BFCFE5018881998185AF96AF022E252FC3
:10199000502D032E342F402D2415350546055705AF
:1019A00058F4C5010E940B28E601ADACBEACA114F1
:1019B000B10409F0CBCFA4CFB501C6010E94360710
:1019C000F4018585F82AEDCFC5010E940B2898CF38
:1019D000C9010E940B2822C085E0E6018A83C90163
:1019E0000E940B28EBE3F0E0CE0EDF1EC6010E9442
:1019F00017498EEE9FEFC80ED91EC6010E941749E7
:101A0000CCE2D0E0CC0EDD1EC6010E941749E2E018
:101A1000F0E0CE0EDF1EC6010E941749DF91CF9184
:101A20001F910F91FF90EF90DF90CF90BF90AF90FC
:101A30009F908F907F906F905F904F900895CF927E
:101A4000DF92EF92FF920F931F93CF93DF938C015E
:101A5000862FBA01E901E82EFF24E2FC40C0E4FE33
:101A60003AC092E0C92ED12CCE20DF20E1FE04C086
:101A7000C9010E943A1139C049895A89C8010E9496
:101A8000140869E0C8010E94ED0889899A89892BA8
:101A9000E9F4CE010E940B28E0FE27C0F80187A5DB
:101AA00090A9A1A9B2A90196A11DB11D87A790ABCC
:101AB000A1ABB2AB015B1F4FF801C082D1820F54C2
:101AC00010406AE0C8010E94ED080FC0BE01C801C5
:101AD0000E943607DECFC9010E940B2806C0C9014B
:101AE0000E940B28C8010E94EC03DF91CF911F9147
:101AF0000F91FF90EF90DF90CF900895CF92DF92FB
:101B0000EF92FF920F931F93CF93DF938C01862F59
:101B1000BA01E901E82EFF24E2FC3CC0E4FE36C035
:101B200022E0C22ED12CCE20DF20E1FE04C0CE0167
:101B30000E943A1135C049895A89C8010E94140887
:101B400089899A89892BE9F4CE010E940B28E0FE4D
:101B500027C0F80187A590A9A1A9B2A90196A11D46
:101B6000B11D87A790ABA1ABB2AB015B1F4FF801D2
:101B7000C082D1820F5410406AE0C8010E94ED0873
:101B80000FC0BE01C8010E943607DECFC9010E9406
:101B90000B2806C0C9010E940B28C8010E94EC0353
:101BA000DF91CF911F910F91FF90EF90DF90CF9039
:101BB0000895CF93DF93FC01862FBA01E901282F06
:101BC000332722FD0DC024FF0BC021FF04C0CE012E
:101BD0000E943A1108C049895A89CF010E9414080D
:101BE000CE010E940B28DF91CF910895EF92FF92D2
:101BF0000F931F93CF93DF93EC01862FBA018901D6
:101C0000992782FD21C084FF1BC032E0E32EF12C16
:101C1000E822F92281FF04C0C8010E943A111AC0CB
:101C2000F80141895289CE010E941408C15BDF4F3F
:101C3000E882F982CF54D0406AE0CE010E94ED08DC
:101C4000C8010E940B2806C0C9010E940B28CE01C2
:101C50000E94EC03DF91CF911F910F91FF90EF90C5
:101C600008950F931F93CF93DF938C01862FBA01B2
:101C7000E901992782FD0DC084FF12C081FF04C0D5
:101C8000C9010E943A110FC049895A89C8010E94AE
:101C90001408CE010E940B28C8010E94EC0303C067
:101CA000C9010E940B28DF91CF911F910F910895D8
:101CB0000F931F93CF93DF938C01FB01A385B48512
:101CC0001D966C911D97EC018A81992785309105AD
:101CD00009F458C0863091057CF58230910531F1C8
:101CE0008330910594F4009761F0019721F0CF01C2
:101CF0000E940B284CC09F01AD01C8010E94820ABE
:101D000046C0CF010E943A1142C08330910541F094
:101D1000049769F79F01AD01C8010E94970B37C076
:101D20009F01AD01C8010E94210B31C09F01AD018F
:101D3000C8010E94A30A2BC088309105E9F08930C0
:101D400091058CF48630910541F0079781F69F014B
:101D5000AD01C8010E94F60D1AC09F01AD01C80176
:101D60000E941F0D14C0099709F0C1CF9F01AD015A
:101D7000C8010E947E0D0BC09F01AD01C8010E94E9
:101D8000310E05C09F01AD01C8010E94D90DDF9140
:101D9000CF911F910F91089548EC50E060E070E002
:101DA0008DEC9CE00E943748892B09F466C0C091F5
:101DB0002209D0912309209779F38F8584FF08C0E9
:101DC00088608F8740E050E0BA01CE010E94E90FA1
:101DD0008FA198A5892B99F08A81843009F442C09B
:101DE000FE01EF5AFF4F808191810196808391839C
:101DF0008F709070892B19F4CE010E94490A8A8154
:101E00008A3001F18A818630E9F08A818930D1F007
:101E10008A81833031F00990D881C02D209769F6EE
:101E2000BBCFFE01E15BFF4F808191819C01019658
:101E3000808391832D32310570F381E08A83108293
:101E40001182E9CFFE01E15BFF4F808191819C010E
:101E500001968083918329303105E8F2CE010E94FA
:101E6000EC039ACFFE01EF5AFF4F808191810196DA
:101E70008083918383709070BDCF0091CB0C1091C3
:101E8000CC0C1092CC0C1092CB0C1092CA0C10926D
:101E9000C90C0115110509F47FCFE801EF81F88520
:101EA000AB85BC8524853585468557856D917C91AC
:101EB000119712968D919C9113970E943C04EC010E
:101EC000F801E080F180009759F0B8010E943507D1
:101ED000B801CE010E94580E8701EF28F1F65CCFC1
:101EE000C8010E943A11F8CFCF92DF92EF92FF9291
:101EF0000F931F93CF93DF93EC0118821982C09048
:101F0000CB0CD090CC0CC114D104D1F1E984FA846B
:101F10008D859E85E80EF91E89899A89E80EF91E3D
:101F20000091C90C1091CA0C0E0D1F1D0050184FC6
:101F30000E94354C08171907F8F48091C90C90914C
:101F4000CA0C8E0D9F1D9093CA0C8093C90CF6018C
:101F500080819181892B41F0F601C080D180F6010A
:101F600080819181892BC1F7F601C083D1838DECEB
:101F70009CE00E94E74809C0CE010E940B2805C0E2
:101F80009093CC0C8093CB0CF2CFDF91CF911F912B
:101F90000F91FF90EF90DF90CF9008954091250929
:101FA000509126094115510519F080E090E010C0CC
:101FB00020E034E06CEC7EE087E194E00E946D4A22
:101FC0009093260980932509892B79F78FEF9FEF4E
:101FD00008958F929F92AF92BF92CF92DF92EF922D
:101FE000FF920F93CF93DF93EC017B014A014115E0
:101FF000510539F48F8599278B709070892B09F4DE
:102000002CC104E18F8581FD08E1802F9927AC0167
:1020100060E480E090E00E949A265C01009709F459
:102020000EC1FC01C384D4848F819885F60180831E
:1020300091838D859E8582839383000F000F848515
:102040008F70802B84878F85877F8F87888D998D70
:10205000AA8DBB8D082E8B2FB02D092E9A2FA02D67
:1020600084839583A683B7838F8584FFEFC080E147
:1020700085878F858F7E8F878FA598A9A9A9BAA9F3
:10208000082E8B2FB02D092E9A2FA02D8087918797
:10209000A287B3878F85992781FF96C0F601858532
:1020A000826085878F858D7F8F87888D998DAA8D9A
:1020B000BB8D0196A11DB11D888F998FAA8FBB8FF3
:1020C00082E0848B84E0858BEF9688819981EF97FD
:1020D000082E892F902D868B978B2BA93CA9EF96E4
:1020E00088819981EF972817390708F066C0F601B3
:1020F00016861786F601108A118A128A138AF5014C
:102100008585968521893289820F931F082E892F14
:10211000902D7C0106E029853A854B855C856B8195
:102120007C818D819E810E944A13F50145855685EB
:10213000B6010E940A13F5014189528967857089A9
:102140000E944513F601808B918B950149855A8534
:102150006B857C85802F0E94FB119C01892B39F5B2
:10216000892839F4F6018585992783709070892B29
:10217000D1F0F50120833183EFA1F8A5309781F0EC
:1021800080819181892B39F00190F081E02D80814F
:102190009181892BC9F7A082B18240E050E05DC0F7
:1021A000AFA2B8A6FACFC5010E940B28F6CFC50191
:1021B0000E940B284FEF5FEF50C0022E232F302DCF
:1021C000F6012687378796CF81149104A9F480FF02
:1021D00084CFF6018585816085878F858E7F8F8787
:1021E000888D998DAA8DBB8D0196A11DB11D888FFB
:1021F000998FAA8FBB8F71CFA40160E8C5010E949F
:102200009A265C010097D9F0FC0187859089A4018A
:10221000B7010E94564C940144275527888D998D0B
:10222000AA8DBB8D820F931FA41FB51F888F998F16
:10223000AA8FBB8FF6018585886085874ECFCD5AE2
:10224000DF4F87E497E288839983B4CFF601158640
:1022500010861186128613861DCFCA01DF91CF9199
:102260000F91FF90EF90DF90CF90BF90AF909F9035
:102270008F900895AF92BF92CF92DF92EF92FF922C
:102280000F93CF93DF936C01FC01A780B084C385CB
:10229000D4858D8599279C012470307082FD73C090
:1022A000F601218B328B84E190E085879687288127
:1022B00039818A819B81888399832A833B838D8599
:1022C000992784FF3BC084E08D8788859985AA85FE
:1022D000BB858C839D83AE83BF83188619861A863F
:1022E0001B8680E58C871E861F861A8A1B8A188AA1
:1022F000198AF60185859685082E892F902D7C01F7
:1023000006E0F50124853585468557856089718904
:10231000828993890E944A13F60145855685BE013C
:102320000E944513888B998B9601F501448555854C
:1023300066857785802F0E94FB1125C081FF1EC016
:102340008C819D81AE81BF81082E8B2FB02D092EEF
:102350009A2FA02D0196A11DB11D082E8B2FB02DF7
:10236000092E9A2FA02D88879987AA87BB871C8260
:102370001D821E821F8284E18D87B3CF8C819D8157
:10238000AE81BF81F0CFC6010E940B2880E090E0B3
:10239000DF91CF910F91FF90EF90DF90CF90BF90A2
:1023A000AF900895EF92FF920F931F93E216F306FA
:1023B0000407150780F0621773078407950740F03C
:1023C000E616F7060807190718F081E090E00EC03E
:1023D00080E090E00BC02617370748075907C0F385
:1023E0006E157F058007910798F3EFCF1F910F912E
:1023F000FF90EF9008956F927F928F929F92AF928D
:10240000BF92CF92DF92EF92FF920F931F93CF93E1
:10241000DF93CDB7DEB72A970FB6F894DEBF0FBEB5
:10242000CDBF182F3A014B0144E150E060E2C901F1
:102430000E949A265C01009709F46AC0FC01E780BB
:10244000F08485E4F70180831182F501818592850E
:1024500025853685820F931F21893289820F931F2C
:10246000082E892F902DF70182839383168217827D
:1024700080E480871187608A718A828A938AFFEF5D
:102480006F16FFEF7F06FFEF8F06FFEF9F0609F441
:102490005FC0AE01495F5F4FC401B3010E947F146A
:1024A0006C010097A9F1FC0107851089F801878D5F
:1024B00090A19C010196878F90A3022E232F302D8F
:1024C000F70124833583F80181859285A385B4853E
:1024D000F70184879587A687B78712861386F5014B
:1024E000418552856781708580E090E00E944513A8
:1024F000F70182879387F8018081863061F0873108
:1025000039F4A50161E270E0C6010E94642A6DC041
:102510008FEF9FEF6AC04F81588569857A85411595
:1025200051056105710511F4B401A3019E012F5FEE
:102530003F4FC6010E947F16892B51F79501AE01CE
:102540004F5F5F4F60E078E0C6010E94FD164DC00E
:1025500046E050E06FEF70E0CE0101960E945F4CC4
:10256000C090A10CD090A20CC114D10451F0F6017E
:102570008385833049F0F601C080D180C114D10435
:10258000B1F780E090E031C007851089F801878DB0
:1025900090A19C010196878F90A3022E232F302DAE
:1025A000F70124833583F80181859285A385B4855D
:1025B000F70184879587A687B78712861386F5016A
:1025C000418552856781708580E090E00E944513C7
:1025D000F701828793879501AE014F5F5F4F60E0FF
:1025E00078E0C6010E94FD16C6CF2A960FB6F89471
:1025F000DEBF0FBECDBFDF91CF911F910F91FF9036
:10260000EF90DF90CF90BF90AF909F908F907F9092
:102610006F900895CF93DF939B01FA01AC01662779
:102620007727E901E230F10560F089919991AA27B5
:10263000BB27480F591F6A1F7B1F3297E230F105F5
:10264000A0F7EF2B29F08881480F511D611D711DE6
:10265000CB01AA27BB270097A105B10591F0DB01AB
:10266000CA01A070B070AB0166277727480F591FC9
:102670006A1F7B1FCB01AA27BB270097A105B105C5
:1026800071F7CA01DF91CF9108950E940A138095D6
:1026900090950895EF92FF920F93CF93DF93CDB76C
:1026A000DEB72C970FB6F894DEBF0FBECDBFDC01AE
:1026B000CB0189839A83AB83BC832D833E834F8375
:1026C000588719860A87EB86FC864CE050E0BE01ED
:1026D0006F5F7F4F80E090E00E940A132C960FB648
:1026E000F894DEBF0FBECDBFDF91CF910F91FF9069
:1026F000EF900895AF92BF92CF92DF92EF92FF9248
:102700000F930E944A13809590950F91FF90EF9040
:10271000DF90CF90BF90AF9008952F923F924F924D
:102720005F926F927F928F929F92AF92BF92CF9261
:10273000DF92EF92FF920F931F93CF93DF93CDB76A
:10274000DEB724970FB6F894DEBF0FBECDBF2B01C6
:102750003C0149015A01E982FA820B831C838FEF05
:10276000E82EF82EE9E2F9E00FB6F89480818F5F49
:1027700080830FBE0FB60F92F894809129098130A3
:1027800009F049C0209027093090280907E219E094
:1027900021143104D9F0F10186819781A085B1859A
:1027A000281739074A075B0788F48101D1012D906A
:1027B0003C902114310451F0F10186819781A0856C
:1027C000B18588169906AA06BB0678F380E190E0E9
:1027D0000E942C4B9C010097F1F0482059206A2060
:1027E0007B20FC01428253826482758286829782BA
:1027F000A086B18689819A81AB81BC8182879387CB
:10280000A487B587C686D78620823182D8012D93CA
:102810003C93EE24FF240F900FBEE9E2F9E00FB6DF
:10282000F8948081815080830FBEC70124960FB633
:10283000F894DEBF0FBECDBFDF91CF911F910F91F6
:10284000FF90EF90DF90CF90BF90AF909F908F90D0
:102850007F906F905F904F903F902F900895EF92F0
:10286000FF920F931F93CF93DF937B018C01EA01BB
:10287000622FE0E0F0E02430D0F5E0912709F091FC
:1028800028093097B1F086819781A085B1858E2186
:102890009F21A023B1232281338144815581821756
:1028A0009307A407B50729F00190F081E02D309738
:1028B00051F73097E1F0209761F082859385A485E8
:1028C000B5850097A105B10521F088839983AA8376
:1028D000BB8386859785892B51F46F5F262FAE01C8
:1028E00062857385848595850E942F14FC01CF0134
:1028F000DF91CF911F910F91FF90EF9008950F936B
:102900001F93CF93DF93EC01DB014115510529F0B3
:10291000FA01108211821282138209E219E0F80191
:102920000FB6F89480818F5F80830FBE20E0BD01D9
:10293000CE010E942F14DC01F8010FB6F8948081BB
:10294000815080830FBE109729F01E968D919C9127
:102950001F9701C0CD01DF91CF911F910F91089575
:10296000CF93DF93CDB7DEB724970FB6F894DEBFD1
:102970000FBECDBFFC0119821A821B821C8240E06F
:10298000DE011196808180538A3028F520E030E006
:10299000C90153E0880F991F5A95E1F7820F931FE1
:1029A000280F391F8191280F311D2053304080811D
:1029B000803330F08A3320F42F3F310549F340F360
:1029C0002F3F310509F038F44F5F2D938E3241F4DB
:1029D00031964430B8F26FEF7FEF8FEF9FEF06C074
:1029E0004430C9F769817A818B819C8124960FB626
:1029F000F894DEBF0FBECDBFDF91CF910895CF9287
:102A0000DF92FF920F931F93CF93DF93CDB7DEB783
:102A100027970FB6F894DEBF0FBECDBF6C837D83C2
:102A20008E839F836AE2C62E69E0D62ED6018E0180
:102A30000C5F1F4FFF2450E0F80130814AE0832FE4
:102A4000642F0E94DF4C292F832F0E94DF4C80834C
:102A5000BE016F5F7F4FFB01E50FF11D205D2083FD
:102A60005F5FF8018081882339F751505F3F39F06B
:102A7000FB01E50FF11D80818D935150C8F78EE267
:102A80008D930F5F1F4FF394F3E0FF15A0F611979E
:102A90001C92C60127960FB6F894DEBF0FBECDBFBD
:102AA000DF91CF911F910F91FF90DF90CF9008950C
:102AB000CF93DF93CDB7DEB726970FB6F894DEBF7E
:102AC0000FBECDBF1B821C8260E67AEE80E090E0F4
:102AD0000E94FC460091A10C1091A20C0115110559
:102AE00099F3F8018385833039F0F8010081118171
:102AF00001151105B1F7E8CFA785B08991968D91A1
:102B00009C91929789839A839196AD83BE838981A4
:102B10009A81892B51F3E981FA818585982F8F5FFE
:102B20008587993060F0AD81BE81E981FA8180812D
:102B300091818D939C9389819A818B839C838B81D6
:102B40009C81892B21F489819A818D839E83E981DF
:102B5000FA818081918189839A838B819C81892BE1
:102B600031F08B819C810E94B54B1B821C82898134
:102B70009A81892B81F6B9CFCF93DF93CDB7DEB79A
:102B800022970FB6F894DEBF0FBECDBFFC0181A126
:102B900092A189839A8389819A81892BA9F0E981FD
:102BA000FA8182819381A481B58184179507A60754
:102BB000B70751F0E981FA818081918189839A83F5
:102BC00089819A81892B59F789819A8122960FB63A
:102BD000F894DEBF0FBECDBFDF91CF9108958F92E5
:102BE0009F92AF92BF92CF92DF92EF92FF920F939C
:102BF000CF93DF934C016A017B01590180E190E0A2
:102C00000E94A04BFC01892BE1F0C282D382E482B6
:102C1000F582A114B10441F086E0EF012696D501BA
:102C20000D9009928A95E1F704870FB60F92F894F8
:102C3000E40189A19AA180839183E9A3FAA30F906B
:102C40000FBECF01DF91CF910F91FF90EF90DF90FA
:102C5000CF90BF90AF909F908F900895AF92BF920A
:102C6000CF92DF92EF92FF920F93CF93DF93EC011D
:102C70006A017B01590140913A0950913B09411584
:102C8000510531F1B701A6018F8598890E94BC15C5
:102C9000FC01892BA1F0848582FD0CC0158686E09D
:102CA000EF012696D5010D9009928A95E1F784856A
:102CB000826084873E96CF010E94174916C002E0C9
:102CC0009501B701A6018F8598890E94EF150DC067
:102CD00020E831E068E575E18DE194E00E946D4AFD
:102CE00090933B0980933A09CDCFDF91CF910F911B
:102CF000FF90EF90DF90CF90BF90AF9008954F92EC
:102D00005F926F927F928F929F92AF92BF92CF927B
:102D1000DF92EF92FF920F93CF93DF935C016A01F2
:102D20007B012901882499248FEF682E782EF501E4
:102D3000878590890E94BC15EC01892B09F43FC05E
:102D40008C8581FF0AC086E0D201FE013696019093
:102D50000D928A95E1F794013FC020E030E0B70181
:102D6000A60181E090E00E9467194C01892B21F1B6
:102D700003E0B401C5010E94C3199C01892B69F4C9
:102D80008C8581FD0FC044EF51E060E070E0CE0122
:102D90000E960E943748015060F7C4010E940B282C
:102DA00093011AC086E0D201FE01369601900D9281
:102DB0008A95E1F73901F1CF2FEF3FEF0DC000E029
:102DC0009401B701A601F501878590890E94EF154E
:102DD000EC01892B11F6E4CFC901DF91CF910F915E
:102DE000FF90EF90DF90CF90BF90AF909F908F902B
:102DF0007F906F905F904F9008958F929F92AF92C7
:102E0000BF92CF92DF92EF92FF920F931F93CF93D7
:102E1000DF934C017B015A0189014EE050E060E1F3
:102E2000C9010E949A26892B69F1F801C381D481D6
:102E3000F401C784D08886E0DE011696F60131964B
:102E400001900D928A95E1F7A114B10499F086E002
:102E5000DE01F50101900D928A95E1F70E2CEF2C21
:102E6000F02CEC86FD86E601EDA1FEA1B801C401BF
:102E700009950AC046E050E06FEF70E0CE010E9475
:102E80005F4CECCF8FEF9FEFDF91CF911F910F91B0
:102E9000FF90EF90DF90CF90BF90AF909F908F907A
:102EA0000895CF93DF93EC0140E250E060E470E0DE
:102EB0008FEC9CE00E943A4C8091CF0C803239F428
:102EC000BE0180ED9CE00E94734C009789F186E082
:102ED000A9EDBCE0E3E2F4E001900D928A95E1F700
:102EE0001092DF0C1092E00C1092E10C1092E20CA8
:102EF00089E294E00E94B014DC01CB018093E30CE2
:102F00009093E40CA093E50CB093E60C1092EB0CBC
:102F10001092EC0C1092ED0C1092EE0C1092E70C4B
:102F20001092E80C1092E90C1092EA0C8FEF9FEFD0
:102F3000DF91CF910895EF92FF920F931F93CF935C
:102F4000DF9380E28093CF0C8FECE82E8CE0F82E9C
:102F500000E010E0C0E4D0E0F70181917F01682F2C
:102F6000CE010E944B4C21960F5F1F4F003211057E
:102F700098F380E090E0DF91CF911F910F91FF9047
:102F8000EF9008952F923F924F925F926F927F92AF
:102F90008F929F92AF92BF92CF92DF92EF92FF9269
:102FA0000F931F93CF93DF93CDB7DEB72A970FB65A
:102FB000F894DEBF0FBECDBF89879A872A013B01F7
:102FC00048015901C982DA82EB82FC82FC01278424
:102FD0003088411551056105710571F44090DF0C91
:102FE0005090E00C6090E10C7090E20C41145104A0
:102FF0006104710409F495C0F1014186528663862B
:10300000748681149104A104B10409F483C0F10110
:10301000818A928AA38AB48AA30192012821392144
:103020004A215B212D833E834F835887C984DA84EC
:10303000EE24FF248701A50194016D817E818F819B
:1030400098850E948D1389819A81AB81BC810097FC
:10305000A105B10509F051C080ED9CE029E0DC013B
:10306000E985FA85329601900D922A95E1F726E0DE
:10307000FC013996D10111960D9001922A95E1F744
:103080004092DF0C5092E00C6092E10C7092E20CE6
:103090008092E30C9092E40CA092E50CB092E60CC6
:1030A00029813A814B815C8121153105410551050A
:1030B000A9F48091E70C9091E80CA091E90CB091F3
:1030C000EA0C88219921AA21BB212D813E814F81C3
:1030D000588582179307A407B50761F089819A8103
:1030E000AB81BC818093E70C9093E80CA093E90C32
:1030F000B093EA0C0E949B1716C0C984DA847C0145
:103100008D0120E030E040E050E0CA01B9010E94AA
:103110008D13A2CF89E294E00E94B0144B015C01B0
:1031200076CF8FEF9FEF2A960FB6F894DEBF0FBED3
:10313000CDBFDF91CF911F910F91FF90EF90DF9066
:10314000CF90BF90AF909F908F907F906F905F9047
:103150004F903F902F9008952F923F924F925F9201
:103160006F927F928F929F92AF92BF92CF92DF9297
:10317000EF92FF920F931F93CF93DF936B0119018F
:103180002A01370148010E945B425C010097E1F18E
:10319000EC018B858330C1F50F84D889C02D28813F
:1031A0002630A9F1273181F5F5010189128982EFD5
:1031B0009DE28BA39CA3CF82D88623893489C50145
:1031C000F9010995892B01F540E050E060E070E0DD
:1031D000C8010E943748F80181A18F30A1F487E32C
:1031E00094E00E94B014DC01CB01C984DA84EB8442
:1031F000FC848C019D01B701A601C5010E94C21784
:1032000080E090E02CC011A28FEF9FEF28C08EEEDF
:1032100099E18BA39CA3822FDE011196F601019008
:103220000D928A95E1F7E501EB89FC89C5010995C5
:10323000892B51F7D201C1018E219F21A023B123F7
:103240000097A105B10541F0CC24DD24760194015D
:103250008301B201A101D1CFC5010E943522DF91C6
:10326000CF911F910F91FF90EF90DF90CF90BF9083
:10327000AF909F908F907F906F905F904F903F9016
:103280002F900895CF92DF92EF92FF920F931F93AA
:103290006C010E945117E090E30CF090E40C009157
:1032A000E50C1091E60C2091EB0C3091EC0C409168
:1032B000ED0C5091EE0C69ED7CE0C6010E94AC185B
:1032C0001F910F91FF90EF90DF90CF9008958F9214
:1032D0009F92AF92BF92CF92DF92EF92FF920F93A5
:1032E0001F93CF93DF938C014A015B0169014CE18D
:1032F00050E060E280E090E00E949A267C01009716
:1033000009F434C0FC01C781D08581E090E0082E2B
:10331000892F902D8883998380E098E0082E892F4B
:10332000902D8A839B8396E09C8384E08D83002E7E
:10333000012F102D0E831F83C114D10471F0892F2A
:10334000DE015296F60101900D928A95E1F7888E82
:10335000998EAA8EBB8EC70109C0CE01429646E067
:1033600050E06FEF70E00E945F4CF1CFDF91CF91A2
:103370001F910F91FF90EF90DF90CF90BF90AF9093
:103380009F908F9008950F931F93CF93DF938C019D
:103390009B01EB01EF81F885EC016F85788946E0B0
:1033A000CF010896EB012196DC0109900D924A9518
:1033B000E1F7EB0189859A85AB85BC858687978780
:1033C000A08BB18B7296AF0166E078E0C8010E94D5
:1033D000FD16DF91CF911F910F910895CF93DF9349
:1033E0009C01DB011396ED91FC9114973E96179684
:1033F000ED93FC9318973E9715968D919C91169797
:103400000E9719968D939C931A978EE090E01596DF
:103410008D939C93169784859585082E892F902DE2
:1034200048E08030940759F08650984021F0CB0155
:103430000E940B2807C0C9010E94181B03C0C901C4
:103440000E94251ADF91CF9108952F923F924F92BB
:103450005F926F927F928F929F92AF92BF92CF9224
:10346000DF92EF92FF920F931F93CF93DF93CDB72D
:10347000DEB725970FB6F894DEBF0FBECDBF8983A8
:103480009A836C837D83FB0167807084F3012081C4
:10349000822F807F803429F08C819D810E940B28AF
:1034A000AEC086819781082E892F902D9F73892B1E
:1034B00099F72F70222E3324220C331C220C331C3C
:1034C000F30180889188A288B388E981FA814784D2
:1034D0005088FFEF8F16FFEF9F06FFEFAF06FFEF5D
:1034E000BF0609F489C0F201018512852385348560
:1034F000011511052105310571F081899289A38992
:10350000B48988299929AA29BB298F5F9F4FAF4F7A
:10351000BF4F09F471C01B8201151105210531054A
:1035200029F4F3018185813009F44AC081149104A2
:10353000A104B10409F4B0CFF20181859285A3857D
:10354000B48588169906AA06BB0609F0A5CFEC81BA
:10355000FD8121863286C301820D931D8387948766
:10356000F30182819381082E892F902D821993096E
:10357000EC81FD8185879687F301818599278630C7
:103580009105A9F08730910554F4019709F084CF93
:103590006C817D8189819A810E94121C30C0419783
:1035A00009F07ACF8C819D810E94B71B28C0FB81D6
:1035B000FF2309F071CF8C819D810E94801B1FC069
:1035C000D501C40180709070A0708030F0E09F073A
:1035D000F0E0AF07FFEFBF0709F4A8CF0097A10500
:1035E000B10509F4A3CF68017901B501A40189816E
:1035F0009A810E94C2179ACF41E04B83A8CF2596AB
:103600000FB6F894DEBF0FBECDBFDF91CF911F91F3
:103610000F91FF90EF90DF90CF90BF90AF909F9071
:103620008F907F906F905F904F903F902F90089574
:10363000CF92DF92EF92FF920F931F93CF93DF937E
:103640006C017B01FB01C781D08588819981082E9F
:10365000892F902D019709F047C08A819B81082E00
:10366000892F902D8050984009F03EC08C81863083
:1036700009F03AC08D818430B9F5F601A785B0898B
:10368000288D398D4A8D5B8D19968D919D910D9068
:10369000BC91A02D281739074A075B0729F58E0131
:1036A000085F1F4F98014E855F8568897989C6013B
:1036B0000E942E168E819F81082E892F902D0197B2
:1036C00099F498014E855F856889798982E090E058
:1036D0000E946719EC01009739F0BC01C6010E94F5
:1036E000C319CE010E940B28C7010E940B28DF914D
:1036F000CF911F910F91FF90EF90DF90CF900895A1
:10370000CF93DF93FC01A385B4851C968C911C9705
:1037100082958F70282F3327220F331F220F331FDC
:1037200085859685821B930B818B928B892B71F0FB
:103730001C968C911C9782958F709927880F991FE2
:10374000880F991F8A0F9B1F8787908B1C968C91DF
:1037500082958F709927880F991F880F991F8587E9
:103760009687CF010E94740FDF91CF9108950F9338
:103770001F93CF93DF93EC01EB85FC853896EF87A1
:10378000F88B38978D859E850897898B9A8B88E072
:1037900090E08D879E87828193810E94B21D8C016B
:1037A000009789F0FC0184819581009749F4F80124
:1037B000C483D5830A5F1F4FC8010E94E74806C033
:1037C0000E940B28F4CFCE010E940B28DF91CF91ED
:1037D0001F910F910895FF920F931F93CF93DF9343
:1037E000FC01F62E8A01EA012F813885E9014C851A
:1037F0005D856E857F850784F089E02D81859285C2
:10380000A385B4858C879D87AE87BF878FEF888718
:1038100098018F2D0E942A1CDF91CF911F910F914B
:10382000FF900895CF93DF939C01EB018D859E85DA
:10383000099750F0EB85FC858081883029F4AB0135
:1038400060E0C9010E94EB1BCE010E940B28DF91B2
:10385000CF910895AF92BF92CF92DF92EF92FF92F5
:103860000F931F935A016B018901F901E384F484DA
:10387000F701808312821382F9014585568563859D
:10388000748580E090E00E944513F7018283938362
:103890009801B601A50181E00E94FB111F910F91D3
:1038A000FF90EF90DF90CF90BF90AF9008952F9250
:1038B0003F924F925F926F927F928F929F92AF92C0
:1038C000BF92CF92DF92EF92FF920F931F93CF930D
:1038D000DF93382E262E49015A012701380148E08E
:1038E00050E060E4C6010E949A26EC010B851C851D
:1038F000F8013082218284829582A682B782128268
:1039000013824D855E856B857C8580E090E00E940A
:103910000A1349895A896F8578890E944513F801ED
:10392000828393839E01B301A20181E00E94FB1177
:10393000DF91CF911F910F91FF90EF90DF90CF908B
:10394000BF90AF909F908F907F906F905F904F90BF
:103950003F902F900895CF93DF93EC01892B59F579
:103960008091410490914204019690934204809387
:103970004104892B31F480E090E1909342048093DC
:103980004104E0913C09F0913D09309771F020919C
:10399000410430914204828193818217930729F078
:1039A0000190F081E02D3097B1F7EF2BC9F6C0916F
:1039B0004104D091420488E090E00E94A04BFC01B9
:1039C000892B79F00C2ECD2FD02DC283D3838091FB
:1039D0003C0990913D0980839183F0933D09E093E8
:1039E0003C09CF01DF91CF9108956F927F928F9222
:1039F0009F92AF92BF92CF92DF92EF92FF920F937E
:103A00001F93CF93DF933C015A016B014901A7013A
:103A100060E880E090E00E949A26EC01892B91F00A
:103A20008F859889A701B8010E94564C8E01940198
:103A3000B601A501C3010E94C91D8C01CE010E94DF
:103A40000B2802C00FEF1FEFC801DF91CF911F912C
:103A50000F91FF90EF90DF90CF90BF90AF909F902D
:103A60008F907F906F9008954F925F926F927F92A8
:103A70008F929F92AF92BF92CF92DF92EF92FF927E
:103A80000F931F93CF93DF935C014B013A01290100
:103A9000FC0184819581892B69F1F501C481D5816F
:103AA000209731F1F50114821582EF81F885848524
:103AB0009585A685B785F40180839183A283B3831E
:103AC000EB85FC8580819181F301808391838989D5
:103AD0009A898017910708F48C018F859889A8012D
:103AE000BC01C2010E94564CCE010E940B2809C0A5
:103AF0008E0107C0C5010696B701A6010E9437488E
:103B0000CCCFC801DF91CF911F910F91FF90EF9023
:103B1000DF90CF90BF90AF909F908F907F906F90ED
:103B20005F904F9008952FEF3FEFACE3B9E0E09145
:103B30003C09F0913D09309799F0E817F90739F001
:103B4000DF010190F081E02D3097B9F709C0808145
:103B500091818D939C93CF010E94B54B20E030E082
:103B6000C90108959C0140E050E0E0913C09F091CA
:103B70003D09309761F0828193818217930731F07C
:103B80000190F081E02D3097B1F701C0AF01CA017B
:103B900008954F925F926F927F928F929F92AF9211
:103BA000BF92CF92DF92EF92FF920F931F93CF932A
:103BB000DF93CDB7DEB724970FB6F894DEBF0FBE04
:103BC000CDBF2C013A014B01790148E050E060E49F
:103BD000C8010E949A266C01009709F459C0FC01A3
:103BE000A384B484F20182819381F501808391835F
:103BF0000E2CEF2CF02CE282F382F601858596855F
:103C000021893289820F931F082E892F902DF5016B
:103C100084839583AE014F5F5F4FC401B3010E945F
:103C20007F14FC01892B79F10784F089E02D8185CF
:103C30009285A385B48589839A83AB83BC83F50180
:103C400016821782E480F58001E1A4019301698165
:103C50007A818B819C810E944A1348E050E0B50133
:103C60000E940A13F60141895289678570890E9472
:103C70004513F501868397839601B401A301802F34
:103C80000E94FB1107C019821A821B821C82D7CFA7
:103C90008FEF9FEF24960FB6F894DEBF0FBECDBF17
:103CA000DF91CF911F910F91FF90EF90DF90CF9018
:103CB000BF90AF909F908F907F906F905F904F904C
:103CC0000895EF92FF920F931F93CF93DF938C0190
:103CD0007B01EA01DC018D919C91009771F4CE018A
:103CE00001960E942C4BF80180839183209741F02C
:103CF000AE01B7010E94564C03C00E94B54BEFCFF6
:103D0000D801ED91FC91EC0FFD1F1082DF91CF9156
:103D10001F910F91FF90EF900895AF92BF92CF92B5
:103D2000DF92EF92FF920F931F93CF93DF938C015B
:103D3000FB016A0181E3D8011D928A95E9F7AA2463
:103D4000BB2480899189A289B389E80189839A83F8
:103D5000AB83BC8384819581A681B781898F9A8F3B
:103D6000AB8FBC8F20EFE22EF12CE60EF71EE0E1C8
:103D7000FFEFCE0EDF1E1C141D040CF0DDC0E701AA
:103D800028812F3F09F4D8C0222371F40894E11C44
:103D9000F11C0894C108D108A114B10409F0CCC0E9
:103DA0001C141D0464F3C8C08981C82FDD27CC16FC
:103DB000DD060CF4BEC0F70182819381A481B58138
:103DC00033272C31310509F4AAC02D3131050CF00F
:103DD0004FC02630310509F442C0273031054CF57B
:103DE00021303105E9F02330310569F0EC0EFD1E7C
:103DF00082E090E0E80EF91ECC1ADD0ACEEFDFEF8C
:103E0000CC0EDD1EC9CFC430D10534F0F801858752
:103E10009687A787B08BEACF8FEFA82EB82EE6CF74
:103E2000C430D105CCF3F80185839683A783B0878E
:103E3000DDCF2C30310561F02F303105B9F6C701E7
:103E40000296AE01BC01C8018F960E94611ECECFC2
:103E5000C7010296AE01BC01C8018D96F6CFC430F1
:103E6000D105D4F2F801818B928BA38BB48BBECF9A
:103E70002633310509F449C027333105FCF42333D7
:103E8000310561F02533310509F0B0CFC130D105DE
:103E900019F6F7018281F8018083A8CFC430D105DB
:103EA0000CF4BACF082E8B2FB02D092E9A2FA02DEF
:103EB000F801858F968FA78FB0A398CF2A3331054D
:103EC000A1F02B33310509F091CFC430D1050CF4AA
:103ED000A3CF082E8B2FB02D092E9A2FA02DF801DD
:103EE00081A392A3A3A3B4A381CFC430D1050CF4C2
:103EF00093CF082E8B2FB02D092E9A2FA02DF801CD
:103F000085A396A3A7A3B0A771CFC430D1050CF4A5
:103F100083CFF801858B968BA78BB08F67CFC4308A
:103F2000D1050CF479CFF80181879287A387B487F4
:103F30005DCF9FEFA92EB92EC501DF91CF911F91C3
:103F40000F91FF90EF90DF90CF90BF90AF900895CA
:103F50008F929F92AF92BF92CF92DF92EF92FF9299
:103F60000F931F93CF93DF93CDB7DEB726970FB68E
:103F7000F894DEBF0FBECDBF4C015B01CA01B90191
:103F800028EE33E040E050E00E94C04CDC01CB0161
:103F90006C017D0104E212E09501AE014F5F5F4FBD
:103FA000BE016D5F7F4FC4010E94341D26960FB67F
:103FB000F894DEBF0FBECDBFDF91CF911F910F915F
:103FC000FF90EF90DF90CF90BF90AF909F908F9039
:103FD0000895EF92FF920F931F938C01E62EDA0162
:103FE000C90124E232E0F801119221503040E1F79A
:103FF00031E0F32EF801F08284839583A683B783A2
:10400000F18286E08283045E1F4F46E050E06EE35B
:1040100079E0C8010E94564CF801E053FF4F8091AF
:10402000430490914404A0914504B09146048193C7
:104030009193A193B19385E38193F192E192CF01A2
:104040001F910F91FF90EF9008954F925F926F92A2
:104050007F928F929F92AF92BF92CF92DF92EF9218
:10406000FF920F931F93CF93DF932C014A015B01C3
:104070003901680181E0E7018883298D3A8D4B8DF4
:104080005C8D682FC6010E94E91FFC0189A59AA5D5
:10409000082E892F902DE601888799878FEF8193CD
:1040A000EC19FD097F0186019301B501A401C2014C
:1040B0000E94F51CDF91CF911F910F91FF90EF901F
:1040C000DF90CF90BF90AF909F908F907F906F9038
:1040D0005F904F9008954F925F926F927F928F9270
:1040E0009F92AF92BF92CF92DF92EF92FF920F9387
:1040F0001F93CF93DF932C014A015B0139016801C3
:1041000083E0E7018883298D3A8D4B8D5C8D682F84
:10411000C6010E94E91FFC0182E3819324E0219300
:1041200089819A81AB81BC8181939193A193B19351
:1041300086E3819321938D899E89AF89B88D819380
:104140009193A193B1938FEF8193EC19FD097F01B6
:1041500086019301B501A401C2010E94F51CDF9103
:10416000CF911F910F91FF90EF90DF90CF90BF9074
:10417000AF909F908F907F906F905F904F90089539
:104180004F925F926F927F928F929F92AF92BF9267
:10419000CF92DF92EF92FF920F931F93CF93DF9313
:1041A0002C014A015B013901680187E0E70188833E
:1041B000298D3A8D4B8D5C8D682FC6010E94E91FB9
:1041C000FC0189819A81AB81BC81E601888B998B46
:1041D000AA8BBB8B86E3819384E08193E7018D8971
:1041E0009E89AF89B88D81939193A193B1938FEFFD
:1041F0008193EC19FD097F0186019301B501A401AA
:10420000C2010E94F51CDF91CF911F910F91FF9089
:10421000EF90DF90CF90BF90AF909F908F907F9066
:104220006F905F904F900895CF93DF93CDB7DEB737
:104230002C970FB6F894DEBF0FBECDBF8F83988743
:10424000FC010784F089E02DE987FA875F01CC241F
:10425000DD241B821C8220E030E029833A8384E441
:1042600090E00E94AB1C4C0181E390E00E942C4B3B
:104270002C0181E390E00E942C4B8B879C8784E289
:1042800092E00E942C4B3C0184E292E00E942C4B75
:104290008D839E838114910409F486C01B821C8245
:1042A0002224332481E3EB85FC8511928A95E9F77A
:1042B000EB85FC85A18EB28EC38ED48E29813A8186
:1042C000C901AA27BB2781A792A7A3A7B4A77F01EB
:1042D0000D811E8123E430E04FEF5FEF6FEF7FEF42
:1042E000C4010E942520992364F123E030E040E0DE
:1042F00050E0B301C4010E94A81FAC01892B09F44E
:10430000ADC0F30184819581A681B7818A159B0593
:10431000AC05BD0551F7B301C2010E948D1E892B6A
:1043200021F721E030E02B833C838B819C81892B1A
:1043300041F40894211C311C9AE0291631040CF434
:10434000B1CFEB81FC81EF2B79F11B821C8281E3E1
:10435000AB85BC85F20101900D928A95E1F7EB8463
:10436000FC840D811E8123E430E04FEF5FEF6FEF9F
:104370007FEFC4010E946B2097FD6BC025E030E009
:1043800040E050E0B301C4010E94A81FAC0197FDBA
:104390000BC0F30184819581A681B7818A159B05A5
:1043A000AC05BD0509F449C08B819C81892BE9F1DD
:1043B000F201C584D684E784F088058116812781BF
:1043C000308541815281638174818F8198850E94FB
:1043D000C2172B813C81232B21F084E499E00E94B9
:1043E000E748E985FA8581859285A385B48500979C
:1043F000A105B10561F40E94E649E985FA85818548
:104400009285A385B4850097A105B105A1F384E445
:1044100099E00E94E7488EEF0E942C4A60E67AEE0F
:1044200080E090E00E94FC46F9CFCC24DD247601A8
:1044300097018601B701A601C8CFB301C2010E944E
:104440008D1E892B09F0B0CF21E030E02B833C8317
:10445000ABCF8114910409F021CFA6CF29813A81F5
:104460002D5F3F4F29833A8360CFCF93DF93FC01C9
:10447000A785B08986E0CEE3D9E011960D90099228
:104480008A95E1F720E032E0AF0164E171E287E470
:1044900094E00E946D4A40E050E060E070E084E407
:1044A00099E00E943748DF91CF910895FC01872F52
:1044B00099278193608382E090E00895CF93DF9302
:1044C000DC01EB01FB0101900020E9F79F01215085
:1044D0003040261B370B2E5F3F4FFC01AC0111967D
:1044E00010828881882399F088818E3251F08D93D3
:1044F0002196FA0180818F5F808388818823A1F7CC
:1045000006C0FD01AD01119610822196F6CF1C92D6
:10451000C901DF91CF910895FC01DB0181919927B9
:10452000382F22272D933C93119780819927282B90
:10453000392B2D933C9382E090E00895FC0181910A
:104540009927AA27BB272227382F492F5A2FDB016B
:104550002D933D934D935C93139781919927AA27AF
:10456000BB27282B392B4A2B5B2B542F432F322F61
:104570002227DB012D933D934D935C9313978191FB
:104580009927AA27BB27282B392B4A2B5B2B542F83
:10459000432F322F2227DB012D933D934D935C93C4
:1045A000139780819927AA27BB27282B392B4A2BC1
:1045B0005B2BFB01208331834283538384E090E0B3
:1045C0000895EF92FF920F931F93CF93DF93EC0127
:1045D0008B01FB0180819181009761F5888199278A
:1045E000807C9070803C910511F1FE0101900020CB
:1045F000E9F77F01EC1AFD0AC7010E942C4BF80174
:1046000080839183FC019991992371F091509F3F90
:1046100021F0899181939150E0F79991992311F0BC
:104620008EE28193992391F71082C70109C082E03D
:1046300090E006C00E94B54BF80110821182CECFE7
:10464000DF91CF911F910F91FF90EF900895EF921E
:10465000FF920F931F93CF93DF937C018B01EA01AD
:10466000FB0180819181009711F00E94B54BCE0132
:104670000E942C4BF80180839183AE01B7010E9408
:10468000564CCE01DF91CF911F910F91FF90EF908B
:104690000895CF93DF93FC01EB01892B69F03097EC
:1046A00089F0C083D18380E091E08283938381E0AD
:1046B00090E08483958306C08CE090E00E94A04B3C
:1046C000FC01EDCFCF01DF91CF910895009711F05C
:1046D0000E94B54B0895CF92DF92EF92FF920F9315
:1046E0001F937C016B01FB01608171810E94562246
:1046F0008C01C701800F911FF601628173810E94B6
:104700005622080F191FC701800F911FF6016481FF
:1047100075810E945622080F191FC701800F911F33
:10472000F601668177810E945622080F191FC70182
:10473000800F911FF601608571850E945622080F37
:10474000191FE00EF11EF60162857385C7010E94F4
:104750005622080F191FC8011F910F91FF90EF906B
:10476000DF90CF900895CF92DF92EF92FF920F9358
:104770001F937C016B01BC01C6010E948C228C013D
:1047800082E090E0E80EF91EC601800F911FB7018C
:104790000E948C22080F191F82E090E0E80EF91E9B
:1047A000C601800F911FB7010E948C22080F191FAC
:1047B00082E090E0E80EF91EC601800F911FB7015C
:1047C0000E948C22080F191F82E090E0E80EF91E6B
:1047D000C601800F911FB7010E948C22080F191F7C
:1047E00082E090E0E80EF91EC00ED11EB701C601AE
:1047F0000E948C22080F191FC8011F910F91FF9072
:10480000EF90DF90CF9008950F931F93CF93DF9396
:10481000EC018B01892BB9F02097D9F0F8010190B8
:104820000020E9F7E01BF10BCF010E942C4B88839D
:104830009983B8010E947D4C81E090E08A839B833C
:104840008C839D8306C086E090E00E94A04BEC0123
:10485000E3CFCE01DF91CF911F910F910895CF93B8
:10486000DF93EC01892B59F088819981009721F41D
:10487000CE010E94B54B03C00E94B54BF9CFDF912A
:10488000CF910895CF92DF92EF92FF920F931F93F3
:104890007C016B01FB01608171810E945E228C01B1
:1048A000C701800F911FF601628173810E94562219
:1048B000080F191FE00EF11EF60164817581C70112
:1048C0000E945622080F191FC8011F910F91FF90D7
:1048D000EF90DF90CF900895CF92DF92EF92FF920A
:1048E0000F931F937C016B01BC01C6010E94E12262
:1048F0008C0182E090E0E80EF91EC601800F911F46
:10490000B7010E948C22080F191F82E090E0E80E88
:10491000F91EC00ED11EB701C6010E948C22080FDD
:10492000191FC8011F910F91FF90EF90DF90CF905A
:104930000895009721F48EE090E00E94A04B089526
:10494000CF93DF93EC01892B91F0888199810097B7
:1049500059F48C859D85009721F4CE010E94B54BBA
:1049600006C00E94B54BF9CF0E94B54BF2CFDF9144
:10497000CF910895CF92DF92EF92FF920F931F9302
:104980007C016B01BC01C6010E94E1228C01C701C0
:1049900002969601200F311FBC01C9010E948C2292
:1049A000080F191FC70104969601200F311FBC0183
:1049B000C9010E948C22080F191FC7010696960193
:1049C000200F311FBC01C9010E949E22080F191F30
:1049D000C7010A969601200F311FBC01C9010E9430
:1049E0008C22080F191FC00ED11EF7014285538576
:1049F0008CE090E0E80EF91EB701C6010E94272363
:104A0000080F191FC8011F910F91FF90EF90DF90C1
:104A1000CF900895CF92DF92EF92FF920F931F9362
:104A2000CF93DF93EC018B0169017A0180914609F4
:104A300090914709009799F580914809909149090B
:104A4000009731F5209781F0FE0101900020E9F7F1
:104A5000EC1BFD0BCF010E942C4B909347098093D8
:104A60004609BE010E947D4C01151105F9F0F801BF
:104A700001900020E9F7E01BF10BCF010E942C4BC5
:104A80009093490980934809B8010E947D4C0EC05B
:104A90000E94B54B1092490910924809D3CF0E9449
:104AA000B54B1092470910924609C6CFC0924A09E9
:104AB000D0924B09E0924C09F0924D09DF91CF91D1
:104AC0001F910F91FF90EF90DF90CF9008952F925C
:104AD0003F924F925F926F927F928F929F92AF928E
:104AE000BF92CF92DF92EF92FF920F931F93CF93DB
:104AF000DF93CDB7DEB762970FB6F894DEBF0FBE77
:104B0000CDBF8F83988719861A861B861C866624DC
:104B100077246D867E8623016F86788A80914A0984
:104B200090914B09A0914C09B0914D090097A105B6
:104B3000B10529F460E070E080E090E0B7C0C30107
:104B40000E94AB1C1C01892B09F480C080E092E01C
:104B50000E942C4B4C01698A7A8AED85FE8531963C
:104B6000ED87FE87BF01C3010E9449233C016F818D
:104B700078858F8598890E9404248F87988BB3014C
:104B8000C4010E946B235C01C4018A0D9B1D6F85CB
:104B900078890E944224A80EB91E7501840125E37C
:104BA00030E040914A0950914B0960914C09709155
:104BB0004D09C1010E94F51C9923C4F1AA24BB240C
:104BC00038EEC32E33E0D32EE12CF12C00E012E0BE
:104BD0009401AE014F5F5F4FBE016D5F7F4FC1011A
:104BE0000E94341D181619067CF40D973CF3B4018D
:104BF000C3010E94B3235C01D3018D919C91ED858B
:104C0000FE858E179F07D1F6A114B10429F0F30198
:104C1000848195810197F9F029893A892F5F3F4F67
:104C2000298B3A8B253031050CF497CFC3010E94B4
:104C300066238F8598890E942F24C2010E94A02498
:104C4000C4010E94B54BC1010E94931D69857A85FC
:104C50008B859C852BC0C4018A0D9B1DBC018F8553
:104C600098890E946C24A80EB91EF3018681978151
:104C7000892BE1F2C2010E9499242C01A80CB91CD5
:104C8000B5010E94BA24F20182859385049721F62A
:104C9000F20124853585D9018D919D910D90BC91AE
:104CA000A02D89879A87AB87BC87C0CF62960FB645
:104CB000F894DEBF0FBECDBFDF91CF911F910F9152
:104CC000FF90EF90DF90CF90BF90AF909F908F902C
:104CD0007F906F905F904F903F902F9008950F932B
:104CE0001F93CF93DF93EC018B01CB010E942C4BE0
:104CF00088839983009729F00A831B8380E090E0E2
:104D000004C08A839B838FEF9FEFDF91CF911F9128
:104D10000F9108950F931F938C01FC018081918165
:104D20000E94B54BF80110821182128213821F91EA
:104D30000F910895BF92CF92DF92EF92FF920F935F
:104D40001F93CF93DF93EC01B62E7A01892B09F4E0
:104D5000C7C0209709F442C0BB2009F43FC0E1144A
:104D6000F10409F49AC0CB2CDD24C4FE0DC08A8165
:104D700099278C010071107084FF86C08D819E81FF
:104D80008E159F0508F472C0C5FE0DC08A81992753
:104D90008C010072107085FF60C089859A858E1520
:104DA0009F0508F44CC0C6FE0CC08A8199278C016F
:104DB0000074107086FF37C08D859E858E159F0507
:104DC00028F1B7FE08C08A8187FF1CC089899A89AB
:104DD0008E159F0528F08A818B298A83CE0186C093
:104DE0008E01015F1F4FC8010E948A26B701C801CA
:104DF0000E946F26892B79F3CE010E940B2880E058
:104E000090E074C0CE010F96B701F2CF8E01055F1E
:104E10001F4FC8010E948A26B701C8010E946F2651
:104E2000892B79F2E9CFCE010B96B7010E946F264C
:104E3000892B39F2CE010E940B28C80157C08E0180
:104E4000095F1F4FC8010E948A26B701C8010E944E
:104E50006F26892B09F4A7CFCFCFCE010796B701D4
:104E60000E946F26892B09F49ECFE4CF8E010D5F3F
:104E70001F4FC8010E948A26B701C8010E946F26F1
:104E8000892B09F481CFB8CFCE010396B7010E94D8
:104E90006F26892B09F478CFCDCF8A81B8220B2DCC
:104EA000112704FD18C005FD11C006FD0AC0B7FE9C
:104EB00004C0CE010F960E948A26B0948A818B216D
:104EC0008CCFCE010B960E948A26F1CFCE01079699
:104ED0000E948A26EACFCE0103960E948A26E3CF5B
:104EE00083E190E00E94A04BEC0133CFDF91CF91A2
:104EF0001F910F91FF90EF90DF90CF90BF9008959A
:104F00000F931F93CF93DF938C0183E190E00E9476
:104F1000A04BEC01009709F479C0F8016581768116
:104F20006115710509F05DC0F80161857285611533
:104F3000710509F040C0F801658576856115710538
:104F400021F5F801618972896115710511F4CE01AD
:104F50005DC0CE010F960E946F26892B81F4AF852C
:104F6000B889F8012785308981899289AC01B90116
:104F7000CD010E94564C8A8180688A83E8CFCE0199
:104F80000E940B2880E090E041C0CE010B960E9469
:104F90006F26892BA1F7AB85BC85F8012385348565
:104FA00085859685AC01B901CD010E94564C8A8158
:104FB00080648A83C6CFCE0107960E946F26892B14
:104FC000F1F6AF81B885F80127813085818592851A
:104FD000AC01B901CD010E94564C8A8180628A835E
:104FE000AACF03960E946F26892B49F6AB81BC811C
:104FF000F8012381348185819681AC01B901CD010D
:105000000E94564C8A8180618A838ECFDF91CF9136
:105010001F910F9108950F931F938C0140E050E072
:10502000FC0162810E949A26C8010E94B54B00973C
:1050300011F08FEF9FEF1F910F910895FC010188F0
:10504000F289E02D11A20895FC010188F289E02D7A
:1050500081A1992708950F93CF93DF93EB01E989FD
:10506000FA8901A1013039F00F30B9F011A2CF0156
:105070000E94C54812C082A1982F8F5F82A39330EF
:1050800098F79B014BE258E268E97AE380E090E010
:105090000E945C46CE010E94C92ADF91CF910F91F8
:1050A00008959C01307047E020FF0AC0369527958F
:1050B00088E094E828273927415047FFF5CF03C0FF
:1050C00036952795F9CFC90108957F928F929F92C7
:1050D000AF92BF92CF92DF92EF92FF920F931F9306
:1050E000CF93DF93CDB7DEB7C258D0400FB6F89458
:1050F000DEBF0FBECDBFFC017B016A0181889288B3
:10510000A784B0887724452B09F488C090E0F40187
:10511000828D882319F081A182FD52C0F701208180
:10512000203268F5FE013196DF01A90FB11D8DE730
:105130008C939F5FE90FF11D80E22827208308945C
:10514000E11CF11C73949F5F072D11270C151D05A1
:1051500011F097FFDCCF892F9927AC01BE016F5F5B
:105160007F4FF501878190850E943544F501878145
:1051700090850E9458450C151D0540F24FC02E37F2
:1051800099F02D3729F0FE01E90FF11D2183D7CFCA
:10519000FE013196DF01A90FB11D2C939F5FE90F2E
:1051A000F11D8DE58083CBCFFE013196DF01A90F84
:1051B000B11D8DE78C939F5FE90FF11D8EE5F2CF56
:1051C000F70180818D30F1F08A3081F08D3739F030
:1051D0008E3751F3FE01E90FF11D8183B0CFFE013F
:1051E0003196DF01A90FB11D8C93D8CFFE01319606
:1051F000DF01A90FB11D8DE78C939F5FE90FF11DB2
:105200008AE2D0CFFE013196DF01A90FB11D8DE7F3
:105210008C939F5FE90FF11D8DE2C4CFCE57DF4F16
:105220000FB6F894DEBF0FBECDBFDF91CF911F91B7
:105230000F91FF90EF90DF90CF90BF90AF909F9035
:105240008F907F9008958F929F92AF92BF92CF924E
:10525000DF92EF92FF920F931F93CF93DF93CDB71F
:10526000DEB723970FB6F894DEBF0FBECDBF5C014B
:105270008B018EE78983F501A189B28987849088A3
:1052800081E08093EF0CFB014581568181859285F9
:10529000840F951F25853685820F931F21893289BA
:1052A000820F931F53962D913C9154978217930729
:1052B00008F0F2C08FEF9FEF8A839B83FB01E380AE
:1052C000F480CC24DD24C416D50608F4C8C0F80147
:1052D000E780F084CC24DD2481859285C816D90628
:1052E00008F4A0C0F801E384F484CC24DD2485858F
:1052F0009685C816D90608F478C0F801E784F088C6
:10530000CC24DD2481899289C816D90608F450C0BE
:1053100041E050E0BE01640F751FF4018781908564
:105320000E943544F8014581568163817481C5012D
:105330000E946528F8014185528567817085C50105
:105340000E946528F8014585568563857485C501E9
:105350000E946528F8014189528967857089C501D5
:105360000E9465288A819B81809590958A839B8382
:1053700042E050E0BE01640F751FC5010E94652820
:1053800041E050E0BE01640F751FF40187819085F4
:105390000E943544F401878190850E9458451092FF
:1053A000EF0C80EF9CE00E94024980E090E079C021
:1053B000F70181917F0199272A813B8182279327D9
:1053C0000E9451289C018A819B81892F99278227DD
:1053D00093278A839B830894C11CD11CF80181897F
:1053E0009289C816D90620F393CFF70181917F01E6
:1053F00099272A813B81822793270E9451289C016B
:105400008A819B81892F9927822793278A839B836F
:105410000894C11CD11CF80185859685C816D9064B
:1054200020F36BCFF70181917F0199272A813B817E
:10543000822793270E9451289C018A819B81892F72
:105440009927822793278A839B830894C11CD11CA8
:10545000F80181859285C816D90620F343CFF7015C
:1054600081917F0199272A813B81822793270E947E
:1054700051289C018A819B81892F99278227932714
:105480008A839B830894C11CD11CF8018581968175
:10549000C816D90620F31BCFCB010E940B288FEF33
:1054A0009FEF23960FB6F894DEBF0FBECDBFDF91FE
:1054B000CF911F910F91FF90EF90DF90CF90BF9011
:1054C000AF909F908F900895EF92FF920F931F934C
:1054D000CF93DF937C01EB018A0144E050E060E16F
:1054E000C8010E949A26892BD1F0F801A381B481CA
:1054F0008FEF8C9383E011968C9311970C2ECD2F08
:10550000D02D1296CD93DC931397E701EF85F889A0
:1055100005A0F6A1E02DB801C701099502C08FEFE3
:105520009FEFDF91CF911F910F91FF90EF90089522
:10553000FC010188F289E02D118E128E138E148EDB
:10554000158E168E178E10A28FEF9FEFAFEFBFEF65
:10555000858B968BA78BB08F8CED95E0838B948B8E
:1055600011A20895EF92FF920F931F937C018B017C
:10557000FB0181819927AC01C7010E94564CF801BB
:105580008181E80EF11CC7011F910F91FF90EF90F0
:105590000895CF92DF92EF92FF920F931F93CF93D4
:1055A000DF937C01EC0109891A894AE050E060E24E
:1055B00080E090E00E949A266C01EC01EF81F88572
:1055C00081E08083E8018A8981838F5F8A8B82E012
:1055D000848386E0858316821782108611863A9628
:1055E000E6018F8198859F01281B390BC9013A97E5
:1055F00029873A87082E892F902D82839383A601CD
:1056000061E270ECC7010E94642A892B19F4C6017B
:105610000E940B28DF91CF911F910F91FF90EF9087
:10562000DF90CF9008953F924F925F926F927F925A
:105630008F929F92AF92BF92CF92DF92EF92FF92A2
:105640000F931F93CF93DF933C012B01FC01C18982
:10565000D289FB01A780B084F50182819381082E55
:10566000892F902D828393838081992781309105A2
:1056700009F43AC0029709F0FEC089A1826089A3AB
:1056800046E050E060E280E090E00E949A266C01E3
:10569000FC010781108581E0F80180838A8981837C
:1056A0008F5F8A8B148215820A5F1F4FE6018F81FC
:1056B0009885F801E81BF90BCF0106501040E987E7
:1056C000FA87082E892F902DE8018A839B83A601F3
:1056D00063E270ECC3010E94642A892B09F0CBC0FD
:1056E000C6010E940B28C7C01D8A1E8A1F8A188EF9
:1056F000198E1A8E398CF5014281538160E280E067
:1057000090E00E949A266C01FC0107811085F5014A
:105710008181F801818382E090E0082E892F902D0D
:1057200082839383F4E08F2E912C800E911EF501DD
:1057300082819381059748F1E4E0EE2EF12CEA0C8A
:10574000FB1CF701808199278330910509F47EC005
:10575000843091050CF06EC08130910509F455C07C
:10576000029709F444C0B701C4010E94B22A4C0157
:105770003394F7018181E80EF11CF5018281938158
:105780008A0D9B1DE816F906E0F23320E1F4E601EC
:10579000EF81F885E2012F81388589859A85AC01F2
:1057A000B901CF010E94564C82E0F8018083E601E6
:1057B00089859A85082E892F902D82839383A6014F
:1057C00061E270EC87CFC3010E94982A84E0E8016F
:1057D0008883F60187819085881A990AC401818699
:1057E0009286082E892F902D8A839B83E8CFF7011C
:1057F00081819927029797012E5F3F4FAC01B90134
:10580000CE0145960E94564CB4CFF701818199276D
:10581000029797012E5F3F4FAC01B901CE0143962D
:105820000E94564C8B899C89082E892F902D8B8B3A
:105830009C8B9FCF8730910531F0089709F093CF6B
:1058400081E08A8F96CF81E0898F93CFF7018181A4
:105850009927029797012E5F3F4FAC01B901CE0106
:105860004B960E94564C8B8D9C8D082E892F902D27
:105870008B8F9C8F7ECFC2010E940B28DF91CF912E
:105880001F910F91FF90EF90DF90CF90BF90AF905E
:105890009F908F907F906F905F904F903F90089572
:1058A0002F923F924F925F926F927F928F929F9230
:1058B000AF92BF92CF92DF92EF92FF920F931F931E
:1058C000CF93DF934C011B01EC016F847888A9888A
:1058D000BA88FB0107811085E8018A819B81082E27
:1058E000892F902D8A839B83AC0160E280E090E059
:1058F0000E949A266C01EC01EF80F884F801818106
:10590000E701898382E090E0082E892F902D8A8319
:105910009B83A4E04A2E512C4E0C5F1CE801888129
:1059200099278230910509F48CC0833091050CF0E1
:1059300053C0019709F0CAC0BB24E8018A819B814A
:105940000597A8F0249688818330C9F1BE01C20171
:105950000E94B22A2C01B3948981C80FD11DF8018D
:1059600082819381800F911FC817D90760F3BB20F4
:1059700009F0ACC0E601EF81F885E1012F8138859F
:1059800089859A85AC01B901CF010E94564C82E00D
:10599000F7018083E60189859A85082E892F902D4D
:1059A00082839383A60161E270E8C4010E94642AA5
:1059B000892B09F08BC0C6010E940B2887C0898102
:1059C000992702979E012E5F3F4FAC01B901C30199
:1059D0000D960E94564CC0CF83309105C9F00497B4
:1059E00009F074C0E8012A813B812530310550F06F
:1059F00024968981C80FD11DC801820F931FC81733
:105A0000D907B8F3F50111A2C5010E94C5485EC0CF
:105A10008A819B81059708F459C0E601EF81F885DA
:105A2000E1012F81388589859A85AC01B901CF01C3
:105A30000E94564C81E0F701808381818F5F8183D2
:105A4000A9CF8A819B810597B8F0E80124968881C7
:105A500099278138910579F182389105F4F40397FB
:105A600079F08981C80FD11DF80182819381800F5F
:105A7000911FC817D90758F38FE0E50189A3C4CF58
:105A80008981992702979E012E5F3F4FAC01B90192
:105A9000C30109960E94564CE4CF8338910509F75B
:105AA0008981992702979E012E5F3F4FAC01B90172
:105AB000C3014996EFCF8981992702979E012E5FF6
:105AC0003F4FAC01B901C3014596E4CFC1010E942B
:105AD0000B28DF91CF911F910F91FF90EF90DF90F6
:105AE000CF90BF90AF909F908F907F906F905F907E
:105AF0004F903F902F900895AF92BF92CF92DF9238
:105B0000EF92FF920F931F93CF93DF937C016B0172
:105B1000EC01A988BA88FB01A781B08512968D9106
:105B20009C911397082E892F902D12968D939C93FC
:105B300013978C91823009F047C0E50189A18460F8
:105B400089A348E150E060E280E090E00E949A265C
:105B50008C01EC01EF81F88581E08083E5018A8981
:105B600081838F5F8A8B83E0848396E0958316829E
:105B700017821086118681E882879387148615869E
:105B80001686178683E8808B918B128A138A148A73
:105B9000158A7696E8018F8198859F01281B390B1D
:105BA000C901769729873A87082E892F902D8283FD
:105BB0009383A80161E270E8C7010E94642A892BDF
:105BC00019F4C8010E940B28C6010E940B28DF911E
:105BD000CF911F910F91FF90EF90DF90CF90BF90EA
:105BE000AF900895CF93DF93AC01DB011396ED9155
:105BF000FC9114972281338134961796ED93FC9390
:105C0000189715968D919C911697049719968D93D8
:105C10009C931A9784E090E015968D939C93169729
:105C2000022E232F302DE0E821323E07F1F0F0E87C
:105C300022323F0758F42132310521F0CD010E9474
:105C40000B2816C0CA010E94251A12C080EC21320E
:105C5000380739F02352304C89F7CA010E947C2D55
:105C600007C0CA010E94132B03C0CA010E94502C16
:105C7000DF91CF910895CF93DF93CDB7DEB7219712
:105C80000FB6F894DEBF0FBECDBF3C01FC01A78468
:105C9000B088C188D2888CED95E00E942C4B4C01D5
:105CA000892B09F49CC082E10E942C4AF60181A153
:105CB000882339F464E670E080E090E00E94FC46BE
:105CC000F5CF41E050E0BE01640F751FF5018781FB
:105CD00090850E948342892B49F389818E3731F761
:105CE00041E050E0BE01640F751FF501878190858A
:105CF0000E94834289818E3799F355240FEF1FEF5D
:105D0000EE24FF2499819E3789F19D3749F1F401F2
:105D1000EE0DFF1D9083552021F080E2982790839F
:105D2000552480819927802791270E945128012F8F
:105D300011270827192741E050E0BE01640F751FA5
:105D4000F501878190850E948342892BA1F30894F5
:105D5000E11CF11CFCEDEF16F5E0FF069CF2A6CF6E
:105D600081E0582E0894E108F108E5CF085B104F58
:105D700069F0F60186859785A089B1890196A11DF4
:105D8000B11D86879787A08BB18B90CF8EEF9FEF49
:105D9000E80EF91EA70160E180E090E00E949A26DB
:105DA0008C01009709F482CFFC0183819481A701C3
:105DB000B4010E94564CF60186819781A085B18579
:105DC0000196A11DB11D86839783A087B187F50138
:105DD00023A134A1B801C301F901099567CF68EE89
:105DE00073E080E090E00E94FC46F9CFEF92FF92D2
:105DF0000F931F93CF93DF93EC018B01E988FA880F
:105E00008091EF0C8130A1F0B801CE010E942329CE
:105E10009C01892BB1F4F70182859385A485B58512
:105E20000196A11DB11D82879387A487B58709C0FC
:105E300040E050E060E070E080EF9CE00E94374876
:105E4000E3CFC901DF91CF911F910F91FF90EF90A8
:105E50000895EF92FF920F931F93CF93DF93EC017E
:105E60001092EF0CE988FA8887E2F70111928A957F
:105E7000E9F7CE010E94982A11E0F70111A368EC1E
:105E800070E080E090E00E94FC46012F9E014BE212
:105E900058E268E97AE380E090E00E945C46CE0137
:105EA0000E94C92A82EA94E00E940C4B892B61F47B
:105EB00020E032E0AE016BE37EE282EA94E00E94F1
:105EC0006D4AF70185A396A380E090E0DF91CF9122
:105ED0001F910F91FF90EF9008952F923F924F9254
:105EE0005F926F927F928F929F92AF92BF92CF926A
:105EF000DF92EF92FF920F931F93CF93DF93CDB773
:105F0000DEB7C450D1400FB6F894DEBF0FBECDBF90
:105F10004C01FB0101900020E9F73197E61BF70BDC
:105F2000E038F10508F082C0CE0101960E947D4C58
:105F3000FE01EF5FFE4F80EA96E8A1E0B0E08083CB
:105F40009183A283B383AF016BE071E0C4010E942F
:105F5000EA4240E050E0BA01C4010E94FF424424FA
:105F600055248E010F5F1F4F18016AE370E0C801CE
:105F70000E94664C6C01009709F45AC0D6011C922D
:105F80001F930F9388EA94E09F938F939F928F9231
:105F90000E94C73DC4010E94584586010F5F1F4FF4
:105FA0006AE370E0C8010E94664C7C013C01FC0180
:105FB00010828DB79EB706960FB6F8949EBF0FBE9F
:105FC0008DBF91E8A92EB12CAC0EBD1E4FE750E05D
:105FD000B501C4010E94A642FC019FEFEF3FF90703
:105FE00099F0EA0DFB1D1082F80101900020E9F7FD
:105FF0003197E01BF10BAF01B801C5010E948D4C38
:10600000892BF9F68701AECF8AE3D6018C93D301B1
:106010008C9371010894E108F1080894411C511C0B
:10602000B5E04B16510471F7CF0102C08FEF9FEF1F
:10603000CC5FDE4F0FB6F894DEBF0FBECDBFDF9151
:10604000CF911F910F91FF90EF90DF90CF90BF9075
:10605000AF909F908F907F906F905F904F903F9008
:106060002F900895FC015F9903C080E090E004C088
:106070008CB1808381E090E00895482F8BB19927FF
:106080009C012072307085FD02C0C90103C04CB96B
:1060900081E090E00895CF93DF93FC01A785B0895C
:1060A00018969C91189719968C911997981709F141
:1060B00084859585892B91F018968C911897FD0110
:1060C000E80FF11DE45FFE4F808180939C001896DD
:1060D0008C9118978F5F18968C9312C0FD011896BB
:1060E0008C911897E80FF11DE45FFE4F80818CB909
:1060F000EECF1A961C928189928909960E94C54812
:10610000DF91CF910895CF93DF93EC01AF85B889EC
:106110008C859D85892BD9F0FD0116968C9116975B
:10612000E80FF11D80919C00848716968C9116973C
:10613000982F8F5F16968C93169717968C919817B9
:1061400071F489899A890B960E94C54808C0FD019F
:1061500016968C911697E80FF11D8CB1E5CFDF9163
:10616000CF9108950F931F93CF93DF93FC0120E00D
:1061700030E0C785D0890FB60F92F8949F818E8149
:10618000981791F401891289F80141815281638144
:106190007481C8010B960E9437489C01892B21F419
:1061A0009F818E81981781F30F900FBEC901DF91F7
:1061B000CF911F910F910895CF93DF93FC01A78595
:1061C000B0891A968C911A97882369F518969C9134
:1061D000189719968C911997981729F181E01A96BA
:1061E0008C931A9784859585892B91F018968C91BC
:1061F0001897FD01E80FF11DE45FFE4F8081809349
:106200009C0018968C9118978F5F18968C930BC0F2
:10621000FD0118968C911897E80FF11DE45FFE4F71
:1062200080818CB9EECF80E090E0DF91CF9108952E
:10623000EF92FF920F931F93CF93DF93FC0107859B
:106240001089C189D2890E94DC307C01892BA1F49C
:106250000FB60F92F894F80190858185981741F058
:10626000299640E050E060E070E0CE010E9437489F
:106270000F900FBEC70102C08FEF9FEFDF91CF914C
:106280001F910F91FF90EF900895BF92CF92DF92F0
:10629000EF92FF920F931F936C017A018B01B22E44
:1062A0000E94A147DC01CB01880F991FAA1FBB1FC9
:1062B00034E0EE0CFF1C001F111F3A95D1F7BC0112
:1062C000CD01A80197010E94EB4CDA01C9010196AA
:1062D000A11DB11DB695A795979587958150F6019B
:1062E0008083BB2019F08093990001C089B980E0B8
:1062F00090E01F910F91FF90EF90DF90CF90BF90B3
:106300000895AF92BF92CF92DF92EF92FF920F93D8
:106310001F936C015B010E94A1477B018C01F60178
:106320008081992744E0880F991F4A95E1F74096AC
:106330009C01442737FD4095542FC801B7010E94A6
:10634000EB4CF501208331834283538380E090E05E
:106350001F910F91FF90EF90DF90CF90BF90AF9083
:106360000895CF93DF93FC01EB0147855089188294
:1063700019821A821B8284859585892BD1F180919F
:106380009B00282F332722FF09C088819981AA8189
:10639000BB81816088839983AA83BB83237030701B
:1063A000232B49F088819981AA81BB8182608883EF
:1063B0009983AA83BB83FA0190858185981779F028
:1063C000FA01978186819817B1F488819981AA8111
:1063D000BB81846088839983AA83BB830CC0888136
:1063E0009981AA81BB81886088839983AA83BB83B2
:1063F000E7CF8BB1C6CF80E090E0DF91CF910895D9
:10640000EF92FF920F931F93CF93DF93DC01FA017A
:106410000FEF1FEF892B09F4A8C05196ED90FC9067
:10642000529781E06730780709F496C0C1E0683080
:106430007C070CF04CC081E06330780709F43DC064
:10644000C1E064307C07C4F481E06130780751F02A
:106450006250714009F08CC0BF01C7010E948131B8
:106460008C0186C01C962C91408151816281738180
:10647000C7010E944531F4CF81E06530780799F07B
:10648000665071405CF488E090E0A0E0B0E080836A
:106490009183A283B38300E010E06AC0108211826E
:1064A00012821382F8CF80819181A281B3810097FB
:1064B000A105B10509F05CC0EECF80819181A28178
:1064C000B3810897A105B10509F052C0E4CF81E07E
:1064D0006B307807B9F1C1E06C307C0794F481E04F
:1064E0006930780709F444C06A5071402CF481E0A7
:1064F00090E0A0E0B0E0CBCFBF01CD010E94B13170
:1065000037C081E06D30780799F0C1E06D307C07CD
:106510004CF06E50714061F5E7018D819E81AF8135
:10652000B885B5CFE70189819A81AB81BC81AFCFB6
:1065300080819181A281B381F70185839683A783AE
:10654000B087A9CF80819181A281B381F701818336
:106550009283A383B4839FCF80819181A281B381F1
:106560000197A105B10521F496CFADE4B4E055CF74
:10657000C801DF91CF911F910F91FF90EF90089587
:106580000F931F93CF93DF93EC018B85823009F03B
:1065900052C08E85882309F04EC08C859D85029758
:1065A00008F049C0EF85F8898CE092E0DF011D9288
:1065B0000197E9F782EB90E3808391838CED90E380
:1065C0008283938388E191E38483958309891A897F
:1065D0008DE0F80111928A95E9F781E0F801808356
:1065E0008C859D85892B51F1AE0163E870E38DE1C7
:1065F00090E00E944A3C892BF1F4AE016BE470E319
:106600008FE190E00E944A3C892BA9F42C8540E858
:1066100055E260E070E0C8010E9445318C859D859F
:10662000892B31F088ED80939A0080E090E015C0CE
:1066300088ED8AB9FACF8FEF9FEF0FC0AE0163E804
:1066400070E381E190E00E944A3C892BA1F7AE0102
:106650006BE470E383E190E0D5CFDF91CF911F91A0
:106660000F9108950F931F93CF93DF93EC0100E0F8
:106670001F8D85E00E9496471F8F10E082E30E94E5
:1066800096478F8187FF03C08A858035C1F01F5FE1
:106690001431A0F30A3031F00F5F043148F38FEF6B
:1066A0009FEF12C0149A1C9A84E60E9496471C9889
:1066B0008AEF0E9496478AEF0E949647EDCF8B851E
:1066C000803729F780E090E0DF91CF911F910F9103
:1066D0000895EF92FF920F931F93CF93DF93EC01F6
:1066E0007B0189B78F7D89BFCE010E943233892B10
:1066F00009F04BC01F860FEF0F8381EE888380EC7B
:1067000089831E8210E21D83198264EF71E080E0AC
:1067100090E00E94FC4681E2888388E48E871A8696
:106720001B861C8782E08D8780E48C838FE58B83BA
:106730008CE4898380E68A830F8381E6888390E0F6
:10674000D701FE018D91818331969F5F9630D0F302
:1067500090E0FE01108631969F5F9830D8F38CE46C
:106760008F8381E2888384E08C878FEF8F838FE132
:106770008F8782E288831D8664EF71E080E090E07D
:106780000E94FC4680E090E002C08FEF9FEFDF9117
:10679000CF911F910F91FF90EF900895FC0182E23D
:1067A000808390E0878186FD03C09F5F9531D0F3A1
:1067B00080E487830895EF92FF920F931F93CF9306
:1067C000DF93EC01FB0140E0058116818185928514
:1067D000080F191F85859685080F191F81899289D1
:1067E000080F191F85E00F3E180708F071C00C3321
:1067F000110520F44CE3401B0CE310E00A87E12E66
:10680000FF24EB86188680E4898782E18883A38150
:10681000B48120E030E0858196812817390748F45B
:106820008D91888B2F5F3F4F85819681281739077F
:10683000B8F3A781B08520E030E0818592852817E4
:10684000390748F48D91888B2F5F3F4F8185928562
:1068500028173907B8F3A385B48520E030E0858593
:1068600096852817390748F48D91888B2F5F3F4F05
:106870008585968528173907B8F3A785B08920E064
:1068800030E0818992892817390748F48D91888BE7
:106890002F5F3F4F8189928928173907B8F320E08D
:1068A00030E0842F99272817390730F4188A2F5F92
:1068B0003F4F28173907D0F3CE010E94CE330D8306
:1068C000EE8280E48C8386E2888380E090E002C0E0
:1068D0008FEF9FEFDF91CF911F910F91FF90EF907E
:1068E00008959F92AF92BF92CF92DF92EF92FF9264
:1068F0000F931F93CF93DF93CDB7DEB724970FB6D7
:10690000F894DEBF0FBECDBF8C01962EAA24BB2407
:1069100089B78F7D89BF82E6D8018C9317969C91A9
:10692000179782E28C931396CC90C394FFE5FC15E5
:1069300010F45CE4C52EC91609F4A3C084E0F80184
:10694000828713861086C186AE014F5F5F4F7A0142
:106950008AE080839501F8018089DA018D93AD0189
:106960002F5F3F4F24303105B0F3C8010E94CE3372
:10697000F70122813381C90180549040835B9540A7
:10698000D8F4232F33272C0D311DF7018281882362
:1069900011F02F5F3F4FD22EFFE5F21710F44CEEAF
:1069A000D40EF7019181D91699F08D2D8F5F803625
:1069B00008F08451891759F089B7806289BF9920FE
:1069C00019F48FEF9FEF61C080E090E05EC0D82E99
:1069D000898199278F709070019791F0DA94FBE488
:1069E000FD1510F09FE5D92EF801D38289B780629A
:1069F00089BF992019F0892D992747C0C50145C045
:106A0000F701E280F3808CEF9FEFE80EF91E9920EA
:106A100081F1F801E2868F2D9927838784E08087B2
:106A2000C1868AE08083A114B104B1F0F5014381ED
:106A3000548120E030E02E153F0550F4F8018089A4
:106A4000DA018D93AD012F5F3F4F2E153F05B0F357
:106A5000C8010E94CE33C2CF20E030E02E153F05A2
:106A6000B8F7F80180892F5F3F4F2E153F05C8F317
:106A7000EFCFA70160E180E090E00E949A265C01E0
:106A8000C8CF89B7806289BFB9CF24960FB6F89472
:106A9000DEBF0FBECDBFDF91CF911F910F91FF9051
:106AA000EF90DF90CF90BF90AF909F9008950F939D
:106AB0001F93CF93DF93EC01188181E2888385E0F7
:106AC0000E9496471A861B8600E012FF07C08F813E
:106AD00099278A709070892B09F401E082E08D87F4
:106AE00082E2888361E0CE010E947134892BD1F764
:106AF0001D86002311F086E28883802F9927DF917D
:106B0000CF911F910F910895EF92FF920F931F93D2
:106B1000CF93DF93FC01E484F584C189D2898E8907
:106B20009F89A88DB98D0196A11DB11D8E8B9F8B5C
:106B3000A88FB98FF70187818783082F112704FD5C
:106B400048C0C8018A709070892BE9F500FD2BC000
:106B500002FF63C0F70125858E8D9F8DA8A1B9A185
:106B6000820F911DA11DB11D8E8F9F8FA8A3B9A368
:106B700026858AA19BA1ACA1BDA1820F911DA11D5B
:106B8000B11D8AA39BA3ACA3BDA327858EA19FA102
:106B9000A8A5B9A5820F911DA11DB11D8EA39FA30C
:106BA000A8A7B9A73AC08A859B85AC85BD85019603
:106BB000A11DB11D8A879B87AC87BD87CE01019639
:106BC0000E94C548C5CF1882CE0103960E94C548D1
:106BD000BDCF8A859B85AC85BD850196A11DB11D64
:106BE0008A879B87AC87BD87C7010E945735892B51
:106BF00079F088818F5F88838A8D9B8DAC8DBD8D68
:106C00000196A11DB11D8A8F9B8FAC8FBD8F05C0D2
:106C1000CE0103960E94C548EFCFDF91CF911F911F
:106C20000F91FF90EF9008958C01FC01E784F088AC
:106C3000C189D28989E00E942C4A8A859B85AC85CE
:106C4000BD850B97A105B105B0F089B78F7D89BFD0
:106C5000B7016F5F7F4FF801848595850E94693386
:106C6000892B21F41A861B861C861D868CE4898755
:106C700089B7806289BF40ED57E060E070E0CE01E7
:106C800001960E943748DD248D2DD3948A30A8F6D2
:106C900060E0F801848595850E947134BC01892BE0
:106CA00061F2FFEF6F3F7F07B1F01A861B861C86EB
:106CB0001D868E859F85A889B9890196A11DB11D64
:106CC0008E879F87A88BB98BF70123A134A1C801B8
:106CD000F9010995D9CF89B78F7D89BFB7016F5F5A
:106CE0007F4FF801848595850E946933892B21F4B3
:106CF0001A861B861C861D868CE489871A861B864D
:106D00001C861D8689B7806289BFBECFAF92BF92B5
:106D1000CF92DF92FF920F931F93CF93DF938C015B
:106D20006B017FEFA72EB72EFC01C189D289888124
:106D30008823F9F069E0F62E48EC50E060E070E05E
:106D4000CE0103960E943748892B61F0F801A48593
:106D5000B58589B78F7D89BF8C9182FF188289B7ED
:106D6000806289BF8881882321F0FA94FFEFFF16A3
:106D700019F789B78F7D89BF88818823C1F48881FD
:106D80008F5F8883B601F801848595850E94DB3387
:106D90009C01892B61F48A899B89AC89BD89019604
:106DA000A11DB11D8A8B9B8BAC8BBD8B590189B703
:106DB000806289BFC501DF91CF911F910F91FF9034
:106DC000DF90CF90BF90AF9008950F931F93CF9314
:106DD000DF93EC012F85388909891A898AE2F80145
:106DE00011928A95E9F74C855D8589B78F7D89BFBA
:106DF0002F5F3F4FB901CA010E946933892B09F502
:106E00008CE4F801818720E832E0AE0164E176E3AA
:106E10008DEA94E00E946D4A64EF71E080E090E0BA
:106E20000E94FC46AE0164E875E385E090E00E94B4
:106E30004A3C9C01892B29F489B7806289BFC9012A
:106E400002C08FEF9FEFDF91CF911F910F910895B7
:106E5000FC0180819181A281B3810196A11DB11DA8
:106E600080839183A283B3832681378121153105E5
:106E700021F084819581F901099508951F920F925F
:106E80000FB60F9211242F933F934F935F936F93FD
:106E90007F938F939F93AF93BF93EF93FF9381E97A
:106EA0009BE00E942837FF91EF91BF91AF919F9196
:106EB0008F917F916F915F914F913F912F910F90A3
:106EC0000FBE0F901F9018951F920F920FB60F9242
:106ED00011242F933F934F935F936F937F938F93DF
:106EE0009F93AF93BF93EF93FF9389E99BE00E9439
:106EF0002837FF91EF91BF91AF919F918F917F9133
:106F00006F915F914F913F912F910F900FBE0F9016
:106F10001F9018951F920F920FB60F9211242F9366
:106F20003F934F935F936F937F938F939F93AF9311
:106F3000BF93EF93FF9381EA9BE00E942837FF9174
:106F4000EF91BF91AF919F918F917F916F915F91E1
:106F50004F913F912F910F900FBE0F901F9018955A
:106F60001F920F920FB60F9211242F933F934F93BE
:106F70005F936F937F938F939F93AF93BF93EF93A1
:106F8000FF9389EA9BE00E942837FF91EF91BF9120
:106F9000AF919F918F917F916F915F914F913F91B1
:106FA0002F910F900FBE0F901F9018951F920F9268
:106FB0000FB60F9211242F933F934F935F936F93CC
:106FC0007F938F939F93AF93BF93EF93FF9381EB47
:106FD0009BE00E942837FF91EF91BF91AF919F9165
:106FE0008F917F916F915F914F913F912F910F9072
:106FF0000FBE0F901F9018951F920F920FB60F9211
:1070000011242F933F934F935F936F937F938F93AD
:107010009F93AF93BF93EF93FF9389EB9BE00E9405
:107020002837FF91EF91BF91AF919F918F917F9101
:107030006F915F914F913F912F910F900FBE0F90E5
:107040001F9018951F920F920FB60F9211242F9335
:107050003F934F935F936F937F938F939F93AF93E0
:10706000BF93EF93FF9381EC9BE00E942837FF9141
:10707000EF91BF91AF919F918F917F916F915F91B0
:107080004F913F912F910F900FBE0F901F90189529
:107090001F920F920FB60F9211242F933F934F938D
:1070A0005F936F937F938F939F93AF93BF93EF9370
:1070B000FF9389EC9BE00E942837FF91EF91BF91ED
:1070C000AF919F918F917F916F915F914F913F9180
:1070D0002F910F900FBE0F901F9018951F920F9237
:1070E0000FB60F9211242F933F934F935F936F939B
:1070F0007F938F939F93AF93BF93EF93FF9381ED14
:107100009BE00E942837FF91EF91BF91AF919F9133
:107110008F917F916F915F914F913F912F910F9040
:107120000FBE0F901F9018951F920F920FB60F92DF
:1071300011242F933F934F935F936F937F938F937C
:107140009F93AF93BF93EF93FF9389ED9BE00E94D2
:107150002837FF91EF91BF91AF919F918F917F91D0
:107160006F915F914F913F912F910F900FBE0F90B4
:107170001F9018951F920F920FB60F9211242F9304
:107180003F934F935F936F937F938F939F93AF93AF
:10719000BF93EF93FF9381EE9BE00E942837FF910E
:1071A000EF91BF91AF919F918F917F916F915F917F
:1071B0004F913F912F910F900FBE0F901F901895F8
:1071C0001F920F920FB60F9211242F933F934F935C
:1071D0005F936F937F938F939F93AF93BF93EF933F
:1071E000FF9389EE9BE00E942837FF91EF91BF91BA
:1071F000AF919F918F917F916F915F914F913F914F
:107200002F910F900FBE0F901F9018951F920F9205
:107210000FB60F9211242F933F934F935F936F9369
:107220007F938F939F93AF93BF93EF93FF9381EFE0
:107230009BE00E942837FF91EF91BF91AF919F9102
:107240008F917F916F915F914F913F912F910F900F
:107250000FBE0F901F9018951F920F920FB60F92AE
:1072600011242F933F934F935F936F937F938F934B
:107270009F93AF93BF93EF93FF9389EF9BE00E949F
:107280002837FF91EF91BF91AF919F918F917F919F
:107290006F915F914F913F912F910F900FBE0F9083
:1072A0001F9018951F920F920FB60F9211242F93D3
:1072B0003F934F935F936F937F938F939F93AF937E
:1072C000BF93EF93FF9381E09CE00E942837FF91EA
:1072D000EF91BF91AF919F918F917F916F915F914E
:1072E0004F913F912F910F900FBE0F901F901895C7
:1072F0001F920F920FB60F9211242F933F934F932B
:107300005F936F937F938F939F93AF93BF93EF930D
:10731000FF9389E09CE00E942837FF91EF91BF9195
:10732000AF919F918F917F916F915F914F913F911D
:107330002F910F900FBE0F901F9018951F920F92D4
:107340000FB60F9211242F933F934F935F936F9338
:107350007F938F939F93AF93BF93EF93FF9381E1BD
:107360009CE00E942837FF91EF91BF91AF919F91D0
:107370008F917F916F915F914F913F912F910F90DE
:107380000FBE0F901F9018951F920F920FB60F927D
:1073900011242F933F934F935F936F937F938F931A
:1073A0009F93AF93BF93EF93FF9389E29CE00E947A
:1073B0002837FF91EF91BF91AF919F918F917F916E
:1073C0006F915F914F913F912F910F900FBE0F9052
:1073D0001F9018951F920F920FB60F9211242F93A2
:1073E0003F934F935F936F937F938F939F93AF934D
:1073F000BF93EF93FF9381E29CE00E942837FF91B7
:10740000EF91BF91AF919F918F917F916F915F911C
:107410004F913F912F910F900FBE0F901F90189595
:107420001F920F920FB60F9211242F933F934F93F9
:107430005F936F937F938F939F93AF93BF93EF93DC
:10744000FF9389E19CE00E942837FF91EF91BF9163
:10745000AF919F918F917F916F915F914F913F91EC
:107460002F910F900FBE0F901F9018951F920F92A3
:107470000FB60F9211242F933F934F935F936F9307
:107480007F938F939F93AF93BF93EF93FF9381E38A
:107490009CE00E942837FF91EF91BF91AF919F919F
:1074A0008F917F916F915F914F913F912F910F90AD
:1074B0000FBE0F901F9018951F920F920FB60F924C
:1074C00011242F933F934F935F936F937F938F93E9
:1074D0009F93AF93BF93EF93FF9389E39CE00E9448
:1074E0002837FF91EF91BF91AF919F918F917F913D
:1074F0006F915F914F913F912F910F900FBE0F9021
:107500001F9018951F920F920FB60F9211242F9370
:107510003F934F935F936F937F938F939F93AF931B
:10752000BF93EF93FF9381E49CE00E942837FF9183
:10753000EF91BF91AF919F918F917F916F915F91EB
:107540004F913F912F910F900FBE0F901F90189564
:107550001F920F920FB60F9211242F933F934F93C8
:107560005F936F937F938F939F93AF93BF93EF93AB
:10757000FF9389E49CE00E942837FF91EF91BF912F
:10758000AF919F918F917F916F915F914F913F91BB
:107590002F910F900FBE0F901F9018951F920F9272
:1075A0000FB60F9211242F933F934F935F936F93D6
:1075B0007F938F939F93AF93BF93EF93FF9381E557
:1075C0009CE00E942837FF91EF91BF91AF919F916E
:1075D0008F917F916F915F914F913F912F910F907C
:1075E0000FBE0F901F9018951F920F920FB60F921B
:1075F00011242F933F934F935F936F937F938F93B8
:107600009F93AF93BF93EF93FF9389E59CE00E9414
:107610002837FF91EF91BF91AF919F918F917F910B
:107620006F915F914F913F912F910F900FBE0F90EF
:107630001F9018951F920F920FB60F9211242F933F
:107640003F934F935F936F937F938F939F93AF93EA
:10765000BF93EF93FF9381E69CE00E942837FF9150
:10766000EF91BF91AF919F918F917F916F915F91BA
:107670004F913F912F910F900FBE0F901F90189533
:107680001F920F920FB60F9211242F933F934F9397
:107690005F936F937F938F939F93AF93BF93EF937A
:1076A000FF9389E69CE00E942837FF91EF91BF91FC
:1076B000AF919F918F917F916F915F914F913F918A
:1076C0002F910F900FBE0F901F9018951F920F9241
:1076D0000FB60F9211242F933F934F935F936F93A5
:1076E0007F938F939F93AF93BF93EF93FF9381E724
:1076F0009CE00E942837FF91EF91BF91AF919F913D
:107700008F917F916F915F914F913F912F910F904A
:107710000FBE0F901F9018951F920F920FB60F92E9
:1077200011242F933F934F935F936F937F938F9386
:107730009F93AF93BF93EF93FF9389E79CE00E94E1
:107740002837FF91EF91BF91AF919F918F917F91DA
:107750006F915F914F913F912F910F900FBE0F90BE
:107760001F9018951F920F920FB60F9211242F930E
:107770003F934F935F936F937F938F939F93AF93B9
:10778000BF93EF93FF9381E89CE00E942837FF911D
:10779000EF91BF91AF919F918F917F916F915F9189
:1077A0004F913F912F910F900FBE0F901F90189502
:1077B0001F920F920FB60F9211242F933F934F9366
:1077C0005F936F937F938F939F93AF93BF93EF9349
:1077D000FF9389E89CE00E942837FF91EF91BF91C9
:1077E000AF919F918F917F916F915F914F913F9159
:1077F0002F910F900FBE0F901F9018951F920F9210
:107800000FB60F9211242F933F934F935F936F9373
:107810007F938F939F93AF93BF93EF93FF9381E9F0
:107820009CE00E942837FF91EF91BF91AF919F910B
:107830008F917F916F915F914F913F912F910F9019
:107840000FBE0F901F9018951F920F920FB60F92B8
:1078500011242F933F934F935F936F937F938F9355
:107860009F93AF93BF93EF93FF9389E99CE00E94AE
:107870002837FF91EF91BF91AF919F918F917F91A9
:107880006F915F914F913F912F910F900FBE0F908D
:107890001F901895FC01CA010FB60F92F89443E0AF
:1078A000EE0FFF1F4A95E1F7EF56F44F848395835F
:1078B000668377830F900FBE80E090E00895CF92AB
:1078C000DF92EF92FF920F931F93CF93DF936C01A0
:1078D0008B01EA01EE24FF24452B91F0AE01B801A3
:1078E000C6010E94B14297FF04C08FEFE82EF82E28
:1078F00007C0080F191FE80EF91EC81BD90B71F736
:10790000C701DF91CF911F910F91FF90EF90DF9012
:10791000CF900895CF92DF92EF92FF920F931F9333
:10792000CF93DF936C018B01EA01EE24FF24452BFA
:1079300091F0AE01B801C6010E94D54297FF04C084
:107940009FEFE92EF92E07C0080F191FE80EF91E48
:10795000C81BD90B71F7C701DF91CF911F910F9110
:10796000FF90EF90DF90CF900895FB0101900020F1
:10797000E9F73197E61BF70BAF010E945F3C0895D2
:10798000EF92FF920F931F937C018B01CB010E941A
:10799000844CAC01B801C7010E948A3C1F910F9131
:1079A000FF90EF9008952F923F924F925F926F92C7
:1079B0007F928F929F92AF92BF92CF92DF92EF927F
:1079C000FF920F931F93CF93DF93CDB7DEB76597E9
:1079D0000FB6F894DEBF0FBECDBF8A8B9B8B4A01DA
:1079E0005B01222EC02E81E0821710F02AE0222EA9
:1079F00044245524198A6E2C772462FE02C08BE23F
:107A0000898B61FE0CC0B7FE0AC08DE2898BB094F1
:107A1000A09490948094811C911CA11CB11C64FEC4
:107A200099C082EB94E08C8B9D8B3324E22CFF2455
:107A300000271127C501B401A80197010E94EB4C52
:107A4000DC01CB01D82EC501B401A80197010E9429
:107A5000EB4C49015A018E010F5F1F4FD801A30D56
:107A6000B11DEC89FD89ED0DF11D80818C9333945E
:107A70002115310541055105C9F63C1408F068C0CF
:107A800089898111CA94C318C30189709070892BA8
:107A900019F4CC2009F04EC08989882309F03DC033
:107AA00099E06922772481E06816710439F1832D09
:107AB0003A94882389F4CC2009F44FC041E050E087
:107AC00063EC74E08A899B890E945F3C0894411CA6
:107AD000511CCA9499F741C0C801830D911D41E022
:107AE00050E0BC018A899B890E945F3C0894411C3C
:107AF000511C832D3A94882379F7DDCF4C0C511C0F
:107B0000CC20A9F241E050E065EC74E08A899B89C1
:107B10000E945F3CCA94B1F7CACF41E050E0BE0179
:107B20006F5E7F4F8A899B890E945F3C0894411C4D
:107B3000511CB6CF41E050E063EC74E08A899B8928
:107B40000E945F3C0894411C511CCA9499F7A4CF31
:107B5000CC249ACF87EC94E066CFC20165960FB62D
:107B6000F894DEBF0FBECDBFDF91CF911F910F9173
:107B7000FF90EF90DF90CF90BF90AF909F908F904D
:107B80007F906F905F904F903F902F9008954F920D
:107B90005F926F927F928F929F92AF92BF92CF929D
:107BA000DF92EF92FF920F931F93CF93DF93CDB7A6
:107BB000DEB721970FB6F894DEBF0FBECDBF4C885D
:107BC0005D88CE88DF88E8E18E2E912C8C0E9D1E7C
:107BD00066247724F60180818823C9F0F60180812C
:107BE0008532B9F041E050E0B601C2010E945F3C2D
:107BF00097FF03C08FEF9FEF32C10894611C711C87
:107C00000894C11CD11CF6018081882339F7C30177
:107C100026C130E00894C11CD11CF60180818D3250
:107C200009F41BC18B3209F416C1803311F43160A1
:107C3000F1CF8A3209F4FEC000E010E080538A30B0
:107C4000C0F4C80173E0880F991F7A95E1F7800F9F
:107C5000911F080F191FF60181916F01992787FD68
:107C60009095080F191F00531040808180538A306F
:107C700040F393E7F60180818C3609F4D6C0F60113
:107C80008081833609F463C0833709F460C02AE039
:107C90008F3609F45AC0883509F451C0883709F481
:107CA0004EC0843609F449C08537D9F0853251F089
:107CB00041E050E068ED74E0C2010E945F3C08942E
:107CC000611C711CF6018081882321F40894C1088D
:107CD000D10896CF41E050E0B601C2010E945F3C5E
:107CE0008CCF9C3601F131FF13C0F40182E090E0AB
:107CF000880E991E80819181AC01662757FD6095A1
:107D0000762FE32EC2010E94D33C680E791E78CFF5
:107D1000F40182E090E0880E991E80819181AC018F
:107D200066277727EECFF40184E090E0880E991E55
:107D30004081518162817381E4CF3260D2CF883536
:107D400011F020E1CECF3061FCCF28E0CACFAA24C9
:107D5000BB24833709F449C041E0E42EF12C33FD04
:107D600003C0E016F1068CF1A114B104D9F0A7010B
:107D7000B501C2010E945F3C6E0C7F1CE016F1064B
:107D80000CF03ECF41E050E063EC74E0C2010E9491
:107D90005F3C0894611C711C01501040E016F10614
:107DA0008CF32ECFF40182E090E0880E991E808142
:107DB000898341E050E0BE01640F751FC2010E943B
:107DC0005F3C0894611C711CD9CF41E050E063EC2A
:107DD00074E0C2010E945F3C0894611C711C015058
:107DE0001040E016F1068CF3BFCFF40182E090E082
:107DF000880E991EA080B180A114B10471F0EE2408
:107E0000FF24F5018191882309F4A9CF0894E11C8E
:107E1000F11C81918823D1F7A2CF6AEDA62E64E0F0
:107E2000B62E56E0E52EF12C9ACF982F0894C11C5F
:107E3000D11C25CF0894C11CD11CF40182E090E034
:107E4000880E991E0081118117FF13CF109501959F
:107E50001F4F38600ECF3460DDCE3860DBCE219608
:107E60000FB6F894DEBF0FBECDBFDF91CF911F914B
:107E70000F91FF90EF90DF90CF90BF90AF909F90C9
:107E80008F907F906F905F904F9008958F3F9105F6
:107E900039F030F040E050E0BA010E94B14202C037
:107EA0008FEF9FEF0895FC0120E030E00FB60F92B6
:107EB000F8946115710569F08BB1992780959095BB
:107EC00085FDFACF81918CB92F5F3F4F6150704093
:107ED00099F70F900FBEC9010895FC0120E030E032
:107EE0000FB60F92F8946115710571F08BB1992757
:107EF0008095909585FDFACF84918CB931962F5F4E
:107F00003F4F6150704091F70F900FBEC901089527
:107F1000DC010D900020E9F71197A81BB90BBD01FA
:107F20000E94533F08950F931F938C010E94844C2D
:107F3000BC01C8010E946D3F1F910F9108952F92BF
:107F40003F924F925F926F927F928F929F92AF92E9
:107F5000BF92CF92DF92EF92FF920F931F93CF9336
:107F6000DF93CDB7DEB763970FB6F894DEBF0FBED1
:107F7000CDBF4B015C01242EC22E81E0841710F08E
:107F80008AE0282E44245524198A602E772462FE24
:107F900002C08BE2898B61FE0CC0B7FE0AC08DE285
:107FA000898BB094A09490948094811C911CA11C06
:107FB000B11C64FE8CC081EE94E08A8B9B8B3324D1
:107FC000E22CFF2400271127C501B401A801970165
:107FD0000E94EB4CDC01CB01D82EC501B401A801F5
:107FE00097010E94EB4C49015A018E010F5F1F4F10
:107FF000D801A30DB11DEA89FB89ED0DF11D80812A
:108000008C9333942115310541055105C9F63C1473
:1080100008F05BC089898111CA94C318C3018970B3
:108020009070892B19F4CC2009F043C089898823EA
:10803000B1F599E06922772481E06816710411F1A5
:10804000832D3A94882379F4CC2009F443C061E06D
:1080500070E082EF94E00E94533F0894411C511C51
:10806000CA94A9F737C0C801830D911D61E070E083
:108070000E94533F0894411C511C832D3A9488233D
:1080800091F7E2CF4C0C511CCC20D1F261E070E0B2
:1080900084EF94E00E94533FCA94C1F7D1CF61E0CE
:1080A00070E0CE0141960E94533F0894411C511C40
:1080B000C0CF61E070E082EF94E00E94533F0894EB
:1080C000411C511CCA94A9F7B1CFCC24A7CF86EF8D
:1080D00094E073CFC20163960FB6F894DEBF0FBE73
:1080E000CDBFDF91CF911F910F91FF90EF90DF9067
:1080F000CF90BF90AF909F908F907F906F905F9048
:108100004F903F902F9008952F923F924F925F9201
:108110006F927F928F929F92AF92BF92CF92DF9297
:10812000EF92FF920F931F93CF93DF93CDB7DEB7FC
:1081300021970FB6F894DEBF0FBECDBF86E1A82E03
:10814000B12CAC0EBD1EF501C190D1905F0166242B
:108150007724F60180818823C1F0F6018081853281
:10816000B1F061E070E0C6010E94533F97FF03C089
:108170008FEF9FEF40C10894611C711C0894C11CD3
:10818000D11CF6018081882341F7C30134C120E06E
:108190000894C11CD11CF60180818D3209F429C1DB
:1081A0008B3209F424C1803311F42160F1CF8A327B
:1081B00009F40AC1EE24FF2480538A30E0F4C70199
:1081C00013E0880F991F1A95E1F78E0D9F1DE80E99
:1081D000F91EF60181916F01992787FD9095E80EB0
:1081E000F91EB0ED2B2EBFEF3B2EE20CF31C80816D
:1081F00080538A3020F393E7F60180818C3609F4AE
:10820000DEC0F6018081833609F46EC0833709F43D
:108210006BC04AE08F3609F465C0883509F45CC04C
:10822000883709F459C0843609F454C08537C9F039
:10823000853249F061E070E087E095E00E94533FAD
:108240000894611C711CF6018081882321F4089434
:10825000C108D10893CF61E070E0C6010E94533F8E
:108260008ACF9C3619F121FF15C0F50182E090E01C
:10827000A80EB91E808191811C01442437FC4094D2
:10828000542CC201B101022F2E2D0E949F3F680E77
:10829000791E74CFF50192E0492E512CA40CB51C27
:1082A000808191811C0144245524EBCF21FF0BC018
:1082B000F50154E0252E312CA20CB31C6081718194
:1082C00082819381E0CFF50134E0432E512CA40C40
:1082D000B51CF4CF2260C5CF883511F040E1C1CF85
:1082E0002061FCCF48E0BDCF88249924833709F46E
:1082F00047C001E010E023FD03C00E151F0584F107
:1083000081149104D1F0B801C4010E94533F600E62
:10831000711E0E151F050CF031CF61E070E082EF89
:1083200094E00E94533F0894611C711C0894E1087A
:10833000F1080E151F058CF321CFF50162E0462EE2
:10834000512CA40CB51C8081898361E070E0CE01C2
:10835000860F971F0E94533F0894611C711CD9CF50
:1083600061E070E082EF94E00E94533F0894611C4A
:10837000711C0894E108F1080E151F058CF3C0CF9D
:10838000F501A2E02A2E312CA20CB31C8080918032
:108390008114910469F000E010E0F40181918823D8
:1083A00009F4A9CF0F5F1F4F81918823D9F7A3CF7D
:1083B00079E0872E75E0972E06E010E09CCF982F8D
:1083C0000894C11CD11C1DCF0894C11CD11CF501FF
:1083D00002E0202E312CA20CB31CE080F180F7FECD
:1083E0000ACFF094E194F108F394286004CF24605C
:1083F000CFCE2860CDCE21960FB6F894DEBF0FBE4B
:10840000CDBFDF91CF911F910F91FF90EF90DF9043
:10841000CF90BF90AF909F908F907F906F905F9024
:108420004F903F902F9008950F931F93CF93DF931A
:108430008C01C091A10CD091A20C209761F0CE01CB
:108440000296B8010E94734C892B29F00990D881BB
:10845000C02D2097A1F7CE01DF91CF911F910F91F1
:1084600008950F931F93CF93DF93EC010FEF1FEF4E
:108470008F3F9105D1F0C8F06115710511F06C873F
:108480007D8741114E87CE0102960E9414429C01C5
:10849000892B59F48091A10C9091A20C8883998327
:1084A000D093A20CC093A10C8901C801DF91CF9198
:1084B0001F910F910895CF93DF930E941442EC0116
:1084C000892B19F08B85823011F0CE010EC0EB891B
:1084D000FC89CE010995BC01009729F4AC01CE01BD
:1084E0000E948342F2CF80E090E0DF91CF91089527
:1084F000FC018385823021F4CF010E94584502C0DF
:108500008FEF9FEF0895FC01892B51F08385823016
:1085100019F08FEF9FEF0EC0CF010E94FF420AC0FB
:108520006F3F7105B1F3A8F31416150694F7CB014C
:108530000E9432300895FC018385823021F4CF01FE
:108540000E944C4302C08FEF9FEF0895FC0183858A
:10855000823021F4CF010E94D34302C08FEF9FEFFE
:108560000895FC01DB01892B51F08385823019F0DD
:108570008FEF9FEF0EC0CF010E9435440AC06F3FBE
:108580007105B1F3A8F31416150694F78C910E94A7
:108590003D300895FC018385823021F4CF010E9493
:1085A000864402C08FEF9FEF0895FC01892B51F0A4
:1085B0008385823019F08FEF9FEF0BC0CF010E94AF
:1085C000124507C014161506B4F7FB0184910E94EA
:1085D0003D300895FC01009779F08F3F910531F00F
:1085E00028F0258936892115310519F48FEF9FEF81
:1085F00005C0F901099502C00E9400320895EF926A
:10860000FF920F931F93CF93DF93FC018B017A01AD
:108610008F3F910599F190F1C785D08928813981E3
:108620002115310559F16115710559F16F3F71053A
:1086300029F120F19F818E819817C1F060E070E0F0
:108640006E157F050CF52F818E812817E9F0FE014C
:10865000E20FF11D8485F80181938F012F5F2F8335
:108660006F5F7F4F6E157F0574F30EC0CF01F90168
:108670000995892B19F360E070E006C06FEF7FEF7A
:1086800003C08E818F83F7CFCB01DF91CF911F91F4
:108690000F91FF90EF900895CF92DF92EF92FF92AB
:1086A0000F931F93CF93DF93DC01EB017A01CC246E
:1086B000DD241F960D911C915097F8012081318186
:1086C0002115310509F464C0672B11F0452B29F4FD
:1086D000F80186818783C6015DC0F8019781868194
:1086E000981709F44EC00894E108F10820E030E042
:1086F0002E153F05ECF4F801978186819817C1F09B
:10870000E90FF11D4485842F81528E35E0F4423209
:10871000D1F04C3579F049932F5F3F4FF8018781B5
:108720008F5F87830894C11CD11C2E153F051CF355
:108730001882D1CFC90102968E159F05CCF74993B7
:108740002F5F3F4FE8CFB9016C5F7F4F6E157F05FC
:108750007CF78CE5899388E78993842F82958F70C5
:1087600020E135E0F901E80FF11D80818993E42FC4
:10877000FF27EF70F070E20FF31F808189939B0158
:10878000CDCFCD01F9010995892B09F0A4CFABCF4D
:108790008FEF9FEFDF91CF911F910F91FF90EF909F
:1087A000DF90CF900895AF92BF92CF92DF92EF9279
:1087B000FF920F931F93CF93DF936C017B018FEF99
:1087C000C816D10409F008F443C0F601C785D08962
:1087D00088819981892BE1F16F3F7105C9F1C0F161
:1087E00000E010E05A010894A108B1080A151B0521
:1087F000C4F49F818E819817F9F08F81FE01E80FF4
:10880000F11D94858F5F8F839D3079F09A3069F0E8
:108810001B86F70191937F010F5F1F4F0A151B0500
:1088200044F3F7011082C80115C08B85882311F02D
:108830008917A1F79B87F5CFE881F981C6010995D2
:10884000892BD9F20115110561F70FEF1FEFE9CF61
:108850008FEF9FEFDF91CF911F910F91FF90EF90DE
:10886000DF90CF90BF90AF900895CF92DF92EF92BC
:10887000FF921F93CF93DF93FC017B016A018F3F2F
:10888000910599F190F1C785D0892A813B81211505
:10889000310559F16115710559F16F3F710529F1E4
:1088A00020F119851F5F88851817D1F060E070E00E
:1088B0006C157D0514F588851817F9F08985FE017A
:1088C000E80FF11DE45FFE4FD7018D917D0180839C
:1088D00019871F5F6F5F7F4F6C157D0564F30DC0B7
:1088E000CF01F901099597FFE1CF6FEF7FEF05C049
:1088F000F90109959923CCF3B701CB01DF91CF9111
:108900001F91FF90EF90DF90CF900895EF92FF922C
:108910000F931F93CF93DF93DC01EB01EE24FF2431
:108920001F960D911C915097F8014281538141157A
:10893000510509F460C0672B09F460C0F801818516
:10894000282F33272F5F3F4F808599272817390716
:1089500009F44CC0F80141854F5F8085481709F440
:1089600042C088818823C9F0F80180854817A9F0A2
:1089700088818C35A1F0982F2196F8018185E80F28
:10898000F11DE45FFE4F9083F80141874F5F08942B
:10899000E11CF11C8881882339F7C7013CC021966E
:1089A0008881883741F7219688818A33D4F0982FBF
:1089B00097539295907F2196292F332788818A3368
:1089C00044F0992787FD9095280F391F922F9753D0
:1089D000D3CF992787FD9095280F391F922F905359
:1089E000CBCF982FE6CF80E090E015C0CD01FA0103
:1089F000099597FFAFCF8FEF9FEF0DC0FA01099553
:108A0000892F992787FD9095809590958827990FB4
:108A1000881F99270197DF91CF911F910F91FF90A8
:108A2000EF900895CF92DF92EF92FF921F93CF9332
:108A3000DF93FC017B016A018F3F910579F170F1B1
:108A4000C785D0892A813B812115310539F11985E6
:108A50001F5F88851817E9F020E030E02C153D05F0
:108A6000B4F48885181799F08985DE01A80FB11D27
:108A7000A45FBE4FF70184918C930894E11CF11C14
:108A800019871F5F2F5F3F4F2C153D0554F3C90118
:108A900007C0CF01F901099597FFDECF8FEF9FEF58
:108AA000DF91CF911F91FF90EF90DF90CF900895CD
:108AB000CF93DF93FC018F3F910571F068F0A7859C
:108AC000B089AF3FB10541F038F014962D913C913B
:108AD00015972115310519F48FEF9FEF02C0F901A9
:108AE0000995DF91CF910895CF93DF93EC0163EA6D
:108AF0007CE0E091A30CF091A40C309721F12E8141
:108B00003F814885598586819781A085B185281741
:108B100039074A075B0778F0281B390B4A0B5B0BB8
:108B20002E833F8348875987BF010190F081E02D54
:108B3000309729F708C0821B930BA40BB50B8683D3
:108B40009783A087B187E883F983DB01CD93DC931A
:108B5000DF91CF910895CF93DF938091AB0C8F5F1E
:108B60008093AB0C8091AB0C8031A8F01092AB0CD1
:108B70008091A70C9091A80CA091A90CB091AA0C7F
:108B80000196A11DB11D8093A70C9093A80CA093F2
:108B9000A90CB093AA0C8091A30C9091A40C892BE2
:108BA00009F487C0E091A30CF091A40C8681978111
:108BB000A085B1850097A105B10579F0E091A30CDE
:108BC000F091A40C86819781A085B1850197A109B8
:108BD000B10986839783A087B1878091A30C909178
:108BE000A40C892B09F465C0E091A30CF091A40CAE
:108BF00086819781A085B1850097A105B10509F00F
:108C000058C0E091A30CF091A40C82859385892B28
:108C1000D9F5C091A30CD091A40CE091A30CF091D4
:108C2000A40C808191819093A40C8093A30C8A81E1
:108C30009B81AC81BD818E839F83A887B987009774
:108C4000A105B105E9F48091A50C9091A60C88834B
:108C50009983D093A60CC093A50C8091A30C9091FE
:108C6000A40C892B31F1E091A30CF091A40C868126
:108C70009781A085B1850097A105B10511F219C0B2
:108C8000CE010E947445E9CFE091A30CF091A40CB1
:108C9000A091A30CB091A40C0284F385E02D1C9646
:108CA0006D917C911D978091A30C9091A40C0995D6
:108CB000B0CFDF91CF9108952F923F924F925F9264
:108CC0006F927F928F929F92AF92BF92CF92DF92DC
:108CD000EF92FF920F931F93CF93DF93CDB7DEB741
:108CE00023970FB6F894DEBF0FBECDBF3B014C01FA
:108CF0002A01190109830FB60F92F8948091A50CEF
:108D00009091A60C8A839B83892B09F451C0E09132
:108D1000A50CF091A60C808191819093A60C809374
:108D2000A50CEA81FB81EF2B09F449C08DE7E82E01
:108D3000F12C012D112DC401B301A80197010E944E
:108D4000EB4C59016A01A20EB31EC41ED51EC4010C
:108D5000B301A80197010E94EB4CDC01CB01CF9736
:108D6000A105B10528F00894A11CB11CC11CD11C9F
:108D7000EA81FB81A682B782C086D186F981F0FFA5
:108D800010C0EA81FB811282138214821582EA816B
:108D9000FB814286538624863586CF010E94744526
:108DA0000EC0EA81FB81A282B382C482D582EFCF5A
:108DB0008EE090E00E942C4B8A839B83B2CF0F9071
:108DC0000FBE8A819B8123960FB6F894DEBF0FBE3B
:108DD000CDBFDF91CF911F910F91FF90EF90DF906A
:108DE000CF90BF90AF909F908F907F906F905F904B
:108DF0004F903F902F900895EF92FF920F9361153F
:108E000071058105910549F10FB60F92F894E09034
:108E1000B20CF090B30C01E02091B20C3091B30C85
:108E20004FED59E40E945C46F701838B948B892BAC
:108E300019F40F900FBE13C066EB7CE08091B20C6A
:108E40009091B30C0E94B349E091B20CF091B30C35
:108E500083E085870E943449ECCF0E94E6490F9158
:108E6000FF90EF900895CF93DF93E3EAFCE0C09189
:108E7000A30CD091A40C209779F1C817D90739F029
:108E8000FE010990D881C02D2097B9F725C08881AF
:108E900099818083918380819181892B99F00190C0
:108EA000F081E02D86819781A085B1852E813F815B
:108EB00048855985820F931FA41FB51F868397830A
:108EC000A087B1878091A50C9091A60C8883998387
:108ED000D093A60CC093A50CDF91CF9108950FB647
:108EE0000F92F8940E9433472091A50C3091A60C64
:108EF0002091A50C3091A60C21153105A1F0E0912F
:108F0000A50CF091A60C808191819093A60C809382
:108F1000A50CC9010E94B54B2091A50C3091A60C5F
:108F20002115310561F70F900FBE08952091B00C07
:108F30003091B10CE22FF32F3197F1F78A95D1F7E9
:108F400008958091AC0C9091AD0CA091AE0CB091B5
:108F5000AF0CBC01CD010895EF92FF920F931F93C8
:108F600087B78E7F87BF87B78D7F87BF80B78860C1
:108F700080BF12BE82E083BF40E050E06BEA75E440
:108F80008FE090E00E944A3C00B601FCFDCF87B71D
:108F9000816087BF80E19927AA27B091AB0CB230DE
:108FA000E0F3000000000196A11DB091AB0CB330BE
:108FB000C0F38093AC0C9093AD0CA093AE0C87B72C
:108FC0008E7F87BF8091AC0C9091AD0CA091AE0CC0
:108FD000B091AF0CBC01CD0120EA30E040E050E0A0
:108FE0000E94C04C7B018C016093AC0C7093AD0C63
:108FF0008093AE0C9093AF0C20EA3FE040E050E04D
:109000000E94EB4C3093B10C2093B00CC801B70117
:109010001F910F91FF90EF9008950E94AC4787B782
:10902000816087BF08959C01DB01ED91FC91119750
:109030008FEFEF3FF807D1F03097C1F08389948923
:109040008217930741F0DF0112960280F381E02D31
:109050003097A1F70BC0828193818D939C931282EC
:109060001382138A148ACF010E94CD490895AF92CA
:10907000BF92CF92DF92EF92FF920F93CF93DF9345
:10908000EC015A016B010FB60F92F8948881998117
:109090008F5F9F4F09F44FC066EB7CE08091B20C6C
:1090A0009091B30C0E94B349E091B20CF091B30CD3
:1090B00083E08587BE018091B20C9091B30C0E9431
:1090C0009349A114B104C104D10429F5E091B20C73
:1090D000F091B30C138A148A0E943449E091B20CC7
:1090E000F091B30C83899489892B59F0E091B20CEB
:1090F000F091B30C138A148A0F900FBE80E090E0B9
:1091000029C0A114B104C104D104B1F30F900FBE62
:109110008FEF9FEF1FC0E090B20CF090B30C01E016
:109120009E0143E158E4C601B5010E945C46F70187
:10913000838B948BD1CF0F900FBE0E94E6490FB660
:109140000F92F894888199818F5F9F4FA9F61882BA
:109150001982D2CFDF91CF910F91FF90EF90DF90E6
:10916000CF90BF90AF900895FC010FB60F92F89486
:10917000808191818F5F9F4F11F410821182CF0106
:109180000E9437480F900FBE0895CF93DF93FC01E4
:10919000808191818F5F9F4FB9F0C081D1812097ED
:1091A00079F0BF01CE010E94B3498B899C89009759
:1091B00021F4CE010E94CD4907C00E943347F9CF68
:1091C0008FEF9FEF80839183DF91CF9108950FB64A
:1091D0000F92F8940E94C5482091B20C3091B30CC4
:1091E0008091B60C9091B70C2817390741F0E091A7
:1091F000B20CF091B30C82E085870E9434490F9045
:109200000FBE0895CF93DF93EC01888199812FEFF2
:109210008F3F920749F0892B39F0CE010E94C54853
:1092200088819981892BC9F7DF91CF910895CF93D8
:10923000DF93EC01888199812FEF8F3F920749F0EE
:10924000892B39F0CE010E94E74888819981892BCA
:10925000C9F7DF91CF9108959F918F910F900BBE29
:109260000F900FBE1F9018950F921F922F923F9252
:109270004F925F926F927F928F929F92AF92BF9226
:10928000CF92DF92EF92FF920F931F932F933F9312
:109290004F935F936F937F938F939F93AF93BF93FE
:1092A000CF93DF93EF93FF938DB79EB7E091B20C0E
:1092B000F091B30C868797878091B60C9091B70C8C
:1092C0009093B30C8093B20CE091B20CF091B30C7C
:1092D00081E08587E091B20CF091B30C868597858B
:1092E0008DBF9EBFFF91EF91DF91CF91BF91AF9165
:1092F0009F918F917F916F915F914F913F912F91AE
:109300001F910F91FF90EF90DF90CF90BF90AF90A3
:109310009F908F907F906F905F904F903F902F9095
:109320001F900F900895CF93DF93EC01DB016D8BBD
:109330007E8BED91FC911197309771F0808998891F
:10934000981750F0DF0112960280F381E02D3097DC
:1093500019F080899817B0F7EA83FB83CD93DC93EB
:10936000DF91CF910895DB01ED91FC91119730973A
:1093700099F0E817F90741F0DF0112960280F381B6
:10938000E02D3097B1F708C0828193818D939C9333
:1093900012821382158A168A0895CF93DF93EC0107
:1093A000892B51F08D85833039F466EB7CE0CE015A
:1093B0000E94934982E08D87DF91CF910895FB0150
:1093C000138A148ACB010E94CD4908950FB60F92DB
:1093D000F8942091B20C3091B30C8091B60C90911E
:1093E000B70C28173907A1F02091B20C3091B30CBB
:1093F0008091B60C9091B70C2817390751F1E09184
:10940000B20CF091B30C82E085870E94344921C0F0
:10941000E091B20CF091B30C82819381892B21F3FE
:10942000E091B20CF091B30C828193819093B70CD0
:109430008093B60CE091B20CF091B30C12821382BF
:1094400066EB7CE08091B20C9091B30C0E94934942
:10945000CBCF0F900FBE08951F93CF93182FE0919D
:10946000B20CF091B30CC0890FB60F92F89466EB72
:109470007CE08091B20C9091B30C0E94B349E091D2
:10948000B20CF091B30C108B66EB7CE08091B20CC7
:109490009091B30C0E9493492091B20C3091B30C7F
:1094A0008091B60C9091B70C2817390749F0E091DC
:1094B000B20CF091B30C82E085870E94344906C05B
:1094C000E091B20CF091B30C81E085870F900FBE54
:1094D0008C2F9927CF911F910895AF92BF92CF9271
:1094E000DF92EF92FF920F931F93CF93DF937C0154
:1094F0006B015A0189010FB60F92F894C901479682
:109500000E942C4BEC01009709F47BC0080F191F37
:10951000B80167507040A8014952504028E0C80186
:109520000496DC01F70101900D922A95E1F7C8013C
:109530008A97F80186879787C18BD28B8FEE9EEB37
:10954000ADEABEED88839983AA83BB838C839D8318
:10955000AE83BF8388879987AA87BB878C879D87BF
:10956000AE87BF8780E4808B8D2D9927FB01858393
:10957000C68280E8838312821482A1828B2D992770
:1095800080832CE239E4832F9927FA0180A321A359
:109590008091B40C9091B50CD8018D939C93119748
:1095A0001093B50C0093B40CC2E01D96CC931D979C
:1095B00053961D921C92549755961D921C92569745
:1095C00066EB7CE0C8010E9493498091B20C9091B7
:1095D000B30C892B09F470CE2091B20C3091B30CEE
:1095E0008091B60C9091B70C2817390739F0E091AB
:1095F000B20CF091B30CC5870E9434490F900FBE96
:10960000C801DF91CF911F910F91FF90EF90DF90F4
:10961000CF90BF90AF9008950F931F93CF93DF9398
:109620008C01C091B40CD091B50C209761F0CE01A3
:109630000496B8010E94734C892B41F00990D8819F
:10964000C02D2097A1F780E090E001C0CE01DF910E
:10965000CF911F910F910895CF93DF93AC01C0E09C
:10966000D0E0DE018091BA0C9091BB0C48175907ED
:1096700008F062C04A5F5F4F4430510510F444E087
:1096800050E0E091B80CF091B90C68EB7CE03097B9
:10969000D1F0208131812417350768F02417350770
:1096A00009F447C0209729F0888199812817390744
:1096B00010F4EF01DB01BF016E5F7F4F0280F38189
:1096C000E02D309731F72097B9F1CA010A96288129
:1096D00039818217930740F5FE01E40FF51F241B23
:1096E000350B208331838A819B81828393834883D6
:1096F0005983ED93FC938091BA0C9091BB0CE88157
:10970000F9818E1B9F0B9093BB0C8093BA0CEC0FCE
:10971000FD1F34978FEE9EEBADEABEED8083918303
:10972000A283B383229608C08A819B818D939C93E8
:10973000E2CFEF01DB01C7CFCE01DF91CF910895DA
:109740000F931F93CF93DF938C010E942C4BEC015E
:10975000009729F0A80160E070E00E945F4CCE0104
:10976000DF91CF911F910F910895CF93DF93DC018B
:1097700012978091BA0C9091BB0C2D913C9111974E
:10978000820F931F9093BB0C8093BA0CE091B80C9E
:10979000F091B90C68EB7CE03097B1F040815181D9
:1097A000CF01840F951F8A179B07D9F1AE17BF070A
:1097B000D8F0A817B907A8F0BF016E5F7F4F0280ED
:1097C000F381E02D309751F7309719F080E090E069
:1097D00042C01296ED93FC931397FB01A083B183D3
:1097E000F5CF8FEF9FEF37C0EB01A883B9832D91A1
:1097F0003C911197CD01820F931F8E179F0729F07F
:109800001296ED93FC931397DFCF240F351F2D9302
:109810003C9311978281938112968D939C93139719
:10982000D3CF2D913C911197240F351F2083318385
:10983000EF01C20FD31F82819381C817D90721F688
:1098400088819981280F391F208331838A819B81E8
:1098500082839383B9CFDF91CF910895FC01619307
:109860007193CF010E94B54B08958091BA0C9091ED
:10987000BB0C08954115510569F0DC01E199FECF5B
:109880007FBB6EBBE09A6F5F7F4F0DB20D92415070
:109890005040B1F70895E199FECF9FBB8EBB6DBBE1
:1098A0000FB6F894E29AE19A0FBE0895FB01DC012D
:1098B00002C001900D9241505040D8F70895DC014C
:1098C00001C06D9341505040E0F70895FC010190B4
:1098D000061629F00020D9F788279927089531978F
:1098E0008E2F9F2F0895FB01DC018D91019080192F
:1098F00011F40020D1F7990B0895FB01DC010190D0
:109900000D920020E1F70895FC0105900020E9F791
:10991000809590958E0F9F1F0895FB01DC014150AB
:10992000504030F08D910190801919F40020B9F762
:10993000881B990B0895DC01FB015191552391F08F
:10994000882799270D90002059F00516D9F7019620
:1099500051915523B9F7A81BB90B8A2F9B2F089556
:10996000882799270895DC015C91552341F05F7D9C
:1099700051341CF05B350CF45C931196F5CF0895CF
:10998000629FD001739FF001829FE00DF11D649FE3
:10999000E00DF11D929FF00D839FF00D749FF00D6F
:1099A000659FF00D9927729FB00DE11DF91F639F10
:1099B000B00DE11DF91FBD01CF0111240895991BC0
:1099C00079E004C0991F961708F0961B881F7A95B6
:1099D000C9F780950895A1E21A2EAA1BBB1BFD01B1
:1099E0000DC0AA1FBB1FEE1FFF1FA217B307E4077E
:1099F000F50720F0A21BB30BE40BF50B661F771FD6
:109A0000881F991F1A9469F76095709580959095B5
:0C9A10009B01AC01BD01CF010895FFCF08
:109A1C0000069820000000C20100190019004C45F6
:109A2C00444F4E454F4E006F6E206C656420310DD7
:109A3C000A004C454454574F4F4E006F6E206C65D6
:109A4C006420320D0A004C454454485245454F4E53
:109A5C00006F6E206C656420330D0A004C45444643
:109A6C004F55524F4E006F6E206C656420340D0ABA
:109A7C00007561727430000D0A4154416D61696C5E
:109A8C0020736572766572207665722020312E39CE
:109A9C000D0A00436F6E6669677572696E672045C3
:109AAC00746865726E657420696E74657266616344
:109ABC00650D0A003235352E3235352E3235352EC0
:109ACC0030003136312E3234362E352E31333500CE
:109ADC0065746830003136312E3234362E352E32E4
:109AEC003534003136312E3234362E342E33006379
:109AFC0068616F6B68756E2E6B6D69746C2E61632B
:109B0C002E7468000D0A2043726561746520536FD2
:109B1C00636B6574204572726F7220000D0A2043CE
:109B2C00726561746520736F73747265616D204525
:109B3C0072726F7220000D0A204372656174652089
:109B4C00736F73747265616D204F2E4B200032322F
:109B5C00302048656C6C6F20626F7920285E5F5EE8
:109B6C0029200D0A0045484C4F003235302028453D
:109B7C00746865726E7574206D61696C20736572A2
:109B8C0076657220292048656C6C6F2055534552C0
:109B9C0020706C656173656420746F206D656574ED
:109BAC0020796F75200D0A0048454C4F00564552E0
:109BBC0046590041544159410032353020557365A6
:109BCC007220566572696679200D0A003530312095
:109BDC005573657220556E766572696679200D0A2B
:109BEC000052534554003235302052657365742051
:109BFC005374617465204F4B200D0A004E4F4F502B
:109C0C0000323530204F4B200D0A004D41494C009D
:109C1C0041544159415F5000323530204D61696CDF
:109C2C002046726F6D20566572696679200D0A00A8
:109C3C003530312055736572206E616D65206E6F05
:109C4C006E652076616C6964200D0A005243505495
:109C5C0000323530205243505420746F20566572B8
:109C6C00696679200D0A00353530205573657220F0
:109C7C00554E6B6E6F776E200D0A004441544100B7
:109C8C0033343520496E7075742044415441206141
:109C9C006E642053746F70206279202E200D0A00A0
:109CAC0051554954003232312051756974204F2E70
:109CBC004B206E69636520746F2073657276652026
:109CCC00796F75282D5F2D290D0A00353030205500
:109CDC006E7265676F6E697A6520796F7572206335
:109CEC006F6D6D616E640D0A002E0D0A000D0A0079
:109CFC00323530204D61696C20726563696576651B
:109D0C00204F2E4B200D0A0043616E277420636F89
:109D1C006E666967204E45540D0A006D61696E00D0
:109D2C0069646C65000010746370736D006172700F
:109D3C006578000006980000003235352E32353536
:109D4C002E3235352E30003235352E302E302E3029
:109D5C0000001063825363646863706300000075D5
:109D6C006172743000000000020000005B094E09B3
:109D7C00C0320032060000000000000000000000AD
:109D8C0000000000000000000000000000000000C7
:109D9C0000DC0500000000000086360000657468D9
:109DAC00300000000000030000006404670BE5367F
:109DBC00000070707072780025730D0A007278695B
:109DCC00350030313233343536373839414243443B
:109DDC0045460020003000303132333435363738C8
:109DEC0039616263646566002500284E554C4C2928
:109DFC0000303132333435363738394142434445FB
:109E0C0046002000300030313233343536373839A3
:109E1C00616263646566002500284E554C4C290030
:109E2C003031323334353637383941424344454684
:029E3C00000024
:00000001FF
