-0.025117	
-0.026765	
-0.028169	
-0.028443	
-0.028748	
-0.029237	
-0.029511	
-0.029786	
-0.029847	
-0.030000	
-0.029939	
-0.029145	
-0.027863	
-0.025941	
-0.023194	
-0.018555	
-0.014161	
-0.010041	
-0.004883	
0.000427	
0.005585	
0.010651	
0.015809	
0.021393	
0.027345	
0.033662	
0.039277	
0.043916	
0.048280	
0.053407	
0.058504	
0.062746	
0.067049	
0.068819	
0.069765	
0.072542	
0.072634	
0.072024	
0.067995	
0.060274	
0.054628	
0.049379	
0.045961	
0.040040	
0.036958	
0.037904	
0.036225	
0.031953	
0.023988	
0.012879	
0.002045	
-0.007324	
-0.016083	
-0.023499	
-0.029176	
-0.031892	
-0.031800	
-0.032197	
-0.031922	
-0.031343	
-0.031648	
-0.032167	
-0.032899	
-0.034028	
-0.034303	
-0.034944	
-0.034547	
-0.033113	
-0.032075	
-0.030824	
-0.029542	
-0.029145	
-0.028535	
-0.028596	
-0.030763	
-0.033631	
-0.036897	
-0.040529	
-0.043458	
-0.046022	
-0.048006	
-0.049654	
-0.051668	
-0.053987	
-0.055910	
-0.057466	
-0.058260	
-0.058901	
-0.060305	
-0.061464	
-0.062319	
-0.063692	
-0.063936	
-0.063173	
-0.061983	
-0.060030	
-0.059206	
-0.060152	
-0.060396	
-0.060549	
-0.061129	
-0.062197	
-0.063265	
-0.062380	
-0.061220	
-0.061983	
-0.060610	
-0.058535	
-0.057894	
-0.054903	
-0.051271	
-0.049287	
-0.046113	
-0.041932	
-0.039277	
-0.036439	
-0.032960	
-0.028840	
-0.023469	
-0.018189	
-0.013367	
-0.008454	
-0.005829	
-0.003082	
0.001404	
0.003662	
0.005371	
0.007080	
0.006775	
0.007660	
0.007508	
0.006745	
0.009888	
0.011231	
0.012391	
0.017090	
0.016724	
0.015564	
0.016572	
0.013367	
0.012543	
0.015992	
0.017701	
0.022095	
0.027833	
0.032044	
0.037416	
0.038301	
0.036439	
0.037629	
0.037324	
0.038911	
0.043580	
0.046541	
0.050783	
0.053468	
0.052187	
0.050966	
0.049257	
0.046236	
0.042695	
0.040712	
0.040071	
0.041444	
0.041780	
0.039338	
0.037477	
0.034913	
0.031251	
0.032136	
0.034150	
0.033235	
0.035218	
0.037660	
0.036866	
0.036988	
0.034791	
0.030457	
0.028748	
0.026185	
0.022614	
0.022858	
0.024171	
0.025330	
0.026215	
0.026368	
0.027192	
0.026185	
0.022462	
0.020661	
0.019105	
0.015595	
0.013825	
0.013977	
0.015229	
0.016022	
0.015320	
0.015656	
0.016053	
0.015046	
0.013337	
0.012879	
0.012787	
0.012421	
0.013245	
0.015290	
0.017792	
0.019929	
0.019745	
0.019044	
0.019074	
0.016449	
0.014008	
0.013581	
0.012940	
0.014924	
0.017457	
0.018555	
0.020417	
0.021088	
0.019501	
0.016572	
0.012543	
0.009796	
0.008209	
0.008148	
0.012329	
0.016785	
0.018067	
0.019135	
0.019349	
0.016114	
0.010773	
0.006226	
0.004028	
0.001648	
-0.001251	
-0.000061	
0.003327	
0.006531	
0.011231	
0.014374	
0.015870	
0.016694	
0.013642	
0.008087	
0.004212	
0.002655	
0.002228	
0.003143	
0.006684	
0.013306	
0.020569	
0.023652	
0.023682	
0.023743	
0.020631	
0.014954	
0.010529	
0.009980	
0.013855	
0.017182	
0.020539	
0.025361	
0.025513	
0.023499	
0.021088	
0.017670	
0.016846	
0.016541	
0.014008	
0.012879	
0.012726	
0.011811	
0.011872	
0.013123	
0.014832	
0.014924	
0.015168	
0.018006	
0.017914	
0.014557	
0.011536	
0.008576	
0.006745	
0.006134	
0.008057	
0.012543	
0.015381	
0.016114	
0.015778	
0.013916	
0.008850	
0.004578	
0.002930	
0.001984	
0.002289	
0.003815	
0.005982	
0.009186	
0.012146	
0.013825	
0.012513	
0.010437	
0.006470	
0.001892	
0.001343	
0.001099	
-0.000122	
0.002136	
0.003876	
0.002716	
0.002319	
0.001953	
0.002197	
0.003784	
0.001312	
-0.000549	
0.001129	
0.000397	
0.000244	
0.002594	
0.005219	
0.009735	
0.011689	
0.011078	
0.012665	
0.011017	
0.004669	
0.003693	
0.006043	
0.008271	
0.012726	
0.018464	
0.025361	
0.027619	
0.023835	
0.022980	
0.022553	
0.018769	
0.017518	
0.018342	
0.019959	
0.023530	
0.025544	
0.028962	
0.032472	
0.030335	
0.027070	
0.025086	
0.026307	
0.030580	
0.029725	
0.030091	
0.035127	
0.034913	
0.029969	
0.028321	
0.028474	
0.027375	
0.024415	
0.022523	
0.024873	
0.024232	
0.019074	
0.017396	
0.016327	
0.013367	
0.011322	
0.011811	
0.014435	
0.018159	
0.020020	
0.020692	
0.021393	
0.017121	
0.012299	
0.010315	
0.007904	
0.007202	
0.004852	
0.002747	
0.003632	
0.001495	
-0.002380	
-0.003723	
-0.004975	
-0.007141	
-0.007569	
-0.008423	
-0.008881	
-0.009796	
-0.013489	
-0.013825	
-0.013306	
-0.015259	
-0.016327	
-0.016572	
-0.016327	
-0.016968	
-0.018128	
-0.017243	
-0.015320	
-0.016327	
-0.019074	
-0.019196	
-0.020539	
-0.023072	
-0.025147	
-0.026460	
-0.023225	
-0.018220	
-0.016053	
-0.013031	
-0.011048	
-0.015900	
-0.023133	
-0.028596	
-0.031953	
-0.031434	
-0.029847	
-0.025788	
-0.018464	
-0.014801	
-0.015290	
-0.015564	
-0.018036	
-0.022736	
-0.027558	
-0.030732	
-0.029664	
-0.027589	
-0.026185	
-0.023957	
-0.023194	
-0.024384	
-0.025727	
-0.026185	
-0.025971	
-0.024964	
-0.024659	
-0.026124	
-0.027772	
-0.029450	
-0.029542	
-0.028291	
-0.026978	
-0.025269	
-0.022919	
-0.023225	
-0.024537	
-0.024506	
-0.026276	
-0.026856	
-0.025697	
-0.024445	
-0.020631	
-0.016968	
-0.015900	
-0.016388	
-0.018830	
-0.022767	
-0.025361	
-0.027070	
-0.026215	
-0.022309	
-0.018311	
-0.014161	
-0.011231	
-0.010712	
-0.011231	
-0.013855	
-0.016358	
-0.018036	
-0.019257	
-0.019776	
-0.017518	
-0.014618	
-0.011963	
-0.008393	
-0.006317	
-0.004730	
-0.004761	
-0.008148	
-0.012818	
-0.018128	
-0.021088	
-0.018250	
-0.011078	
-0.004608	
0.002380	
0.004913	
0.002777	
-0.000732	
-0.006867	
-0.012207	
-0.014527	
-0.014191	
-0.009156	
-0.002838	
0.001099	
0.006073	
0.010315	
0.008423	
0.005249	
0.002472	
0.000122	
-0.001953	
-0.003479	
-0.001831	
0.000916	
0.001556	
0.002899	
0.005585	
0.007447	
0.007477	
0.006867	
0.006287	
0.006043	
0.004303	
0.002503	
0.001831	
0.002289	
0.004517	
0.006623	
0.009369	
0.012696	
0.013123	
0.009125	
0.005341	
0.002503	
-0.000580	
-0.001648	
-0.000671	
0.001404	
0.003632	
0.004822	
0.005707	
0.006378	
0.006012	
0.005066	
0.003540	
0.001953	
0.000916	
-0.000031	
-0.000977	
-0.000214	
0.002350	
0.004578	
0.006470	
0.008057	
0.008179	
0.007263	
0.006867	
0.007050	
0.007050	
0.006928	
0.007752	
0.008759	
0.008850	
0.007569	
0.005829	
0.004700	
0.003174	
0.001099	
0.002472	
0.006043	
0.007843	
0.009796	
0.011475	
0.011567	
0.011048	
0.009705	
0.008881	
0.009827	
0.010743	
0.012635	
0.015412	
0.016327	
0.016205	
0.014313	
0.010437	
0.006561	
0.002075	
-0.000336	
0.001007	
0.003143	
0.005066	
0.006165	
0.005402	
0.003815	
0.002930	
0.003571	
0.004028	
0.003632	
0.004425	
0.006745	
0.006897	
0.005737	
0.005799	
0.002930	
-0.003021	
-0.007508	
-0.011078	
-0.012665	
-0.013794	
-0.015717	
-0.016083	
-0.015229	
-0.015656	
-0.016327	
-0.017090	
-0.018677	
-0.020814	
-0.023255	
-0.024384	
-0.023927	
-0.023988	
-0.023133	
-0.020264	
-0.017396	
-0.016144	
-0.016175	
-0.015992	
-0.016114	
-0.017365	
-0.018281	
-0.016968	
-0.015290	
-0.015046	
-0.014161	
-0.012207	
-0.010529	
-0.010132	
-0.010163	
-0.008667	
-0.007782	
-0.007965	
-0.005890	
-0.001312	
0.002991	
0.005799	
0.008209	
0.009674	
0.008332	
0.005799	
0.004761	
0.005310	
0.005890	
0.007874	
0.012726	
0.017060	
0.018189	
0.017304	
0.016358	
0.015503	
0.015259	
0.016877	
0.020234	
0.025544	
0.028809	
0.028260	
0.027650	
0.023804	
0.016419	
0.009491	
-0.000610	
-0.013306	
-0.021271	
-0.026704	
-0.028962	
-0.023927	
-0.016053	
-0.005799	
0.004883	
0.009674	
0.010529	
0.006745	
-0.003327	
-0.013398	
-0.021027	
-0.027253	
-0.028077	
-0.024079	
-0.017884	
-0.009827	
-0.003967	
-0.001862	
-0.002869	
-0.007965	
-0.014374	
-0.019196	
-0.023164	
-0.024659	
-0.022797	
-0.020539	
-0.018708	
-0.018159	
-0.019227	
-0.020142	
-0.021088	
-0.021455	
-0.019562	
-0.016907	
-0.015168	
-0.015717	
-0.017701	
-0.020142	
-0.022370	
-0.024262	
-0.024110	
-0.021699	
-0.018738	
-0.015107	
-0.011139	
-0.008698	
-0.007721	
-0.007782	
-0.008637	
-0.009095	
-0.008545	
-0.006867	
-0.003388	
0.001068	
0.005066	
0.009522	
0.014191	
0.017823	
0.021180	
0.025239	
0.028626	
0.030915	
0.033845	
0.037294	
0.041749	
0.049165	
0.058229	
0.064943	
0.065432	
0.059755	
0.040773	
0.002869	
-0.033845	
-0.058351	
-0.075411	
-0.072604	
-0.046113	
-0.008393	
0.032014	
0.060610	
0.071169	
0.066042	
0.039186	
0.002014	
-0.027253	
-0.047761	
-0.054384	
-0.044038	
-0.024476	
0.001251	
0.022370	
0.030213	
0.032044	
0.026032	
0.012085	
0.001007	
-0.005585	
-0.007355	
-0.003632	
0.000427	
0.005463	
0.009796	
0.008393	
0.005676	
0.004456	
0.000763	
-0.003693	
-0.006470	
-0.009186	
-0.011475	
-0.014710	
-0.017518	
-0.016205	
-0.013611	
-0.011078	
-0.005951	
-0.000153	
0.002716	
0.002747	
0.000244	
-0.003632	
-0.008606	
-0.014008	
-0.016144	
-0.014313	
-0.011536	
-0.007324	
-0.001923	
0.001923	
0.003388	
0.002808	
0.001587	
0.001068	
-0.000305	
-0.001709	
-0.000702	
0.000916	
0.002197	
0.004700	
0.008454	
0.013520	
0.018036	
0.024049	
0.032044	
0.037080	
0.038820	
0.039460	
0.042085	
0.046358	
0.050722	
0.057863	
0.066805	
0.072848	
0.073763	
0.059236	
0.019868	
-0.021912	
-0.056307	
-0.093844	
-0.108097	
-0.087008	
-0.052828	
-0.005860	
0.044588	
0.076052	
0.088961	
0.073702	
0.033418	
-0.003815	
-0.039949	
-0.070284	
-0.073092	
-0.058290	
-0.035890	
-0.006623	
0.014771	
0.026856	
0.029695	
0.016327	
0.001923	
-0.006378	
-0.016205	
-0.019044	
-0.013611	
-0.008606	
-0.003571	
-0.002808	
-0.007324	
-0.009766	
-0.014435	
-0.021363	
-0.022065	
-0.020722	
-0.021119	
-0.020447	
-0.020966	
-0.023255	
-0.026399	
-0.030000	
-0.029145	
-0.023438	
-0.018311	
-0.012421	
-0.006165	
-0.005097	
-0.009186	
-0.015900	
-0.023133	
-0.028657	
-0.031861	
-0.030519	
-0.023621	
-0.015534	
-0.008728	
-0.002533	
0.001099	
0.001282	
-0.000458	
-0.002289	
-0.002441	
-0.001434	
0.000031	
0.004700	
0.010956	
0.016144	
0.022675	
0.030091	
0.036744	
0.043764	
0.049867	
0.054964	
0.059847	
0.061678	
0.063021	
0.061769	
0.054903	
0.039735	
0.004913	
-0.032991	
-0.058687	
-0.085177	
-0.096927	
-0.077914	
-0.046602	
-0.006928	
0.036195	
0.064974	
0.079836	
0.071932	
0.040010	
0.008637	
-0.022767	
-0.053835	
-0.064272	
-0.058229	
-0.045137	
-0.024232	
-0.005737	
0.008301	
0.017487	
0.011963	
0.003449	
-0.001587	
-0.010071	
-0.014161	
-0.012024	
-0.010498	
-0.007263	
-0.006836	
-0.011444	
-0.013306	
-0.017090	
-0.022584	
-0.021149	
-0.018647	
-0.016633	
-0.011505	
-0.009613	
-0.011902	
-0.015320	
-0.022523	
-0.028993	
-0.030671	
-0.031129	
-0.026887	
-0.017975	
-0.010498	
-0.004181	
-0.000336	
-0.001953	
-0.005921	
-0.011658	
-0.018311	
-0.021241	
-0.021973	
-0.020508	
-0.014954	
-0.008728	
-0.002655	
0.004181	
0.009156	
0.012177	
0.013459	
0.011902	
0.010407	
0.009339	
0.008667	
0.011200	
0.017151	
0.025880	
0.036958	
0.048433	
0.059359	
0.068514	
0.073275	
0.073916	
0.073061	
0.068880	
0.062166	
0.053377	
0.027802	
-0.008728	
-0.034425	
-0.060640	
-0.085543	
-0.083346	
-0.061647	
-0.031312	
0.010498	
0.050447	
0.080538	
0.093905	
0.079958	
0.055116	
0.026704	
-0.011536	
-0.039979	
-0.049959	
-0.050233	
-0.038423	
-0.019898	
-0.000641	
0.018006	
0.024018	
0.021729	
0.021302	
0.014801	
0.006623	
0.005585	
0.005585	
0.006897	
0.009064	
0.007050	
0.005341	
0.000946	
-0.009491	
-0.015931	
-0.018494	
-0.021973	
-0.021973	
-0.017914	
-0.013916	
-0.011536	
-0.010498	
-0.012268	
-0.014832	
-0.019013	
-0.022248	
-0.019532	
-0.014740	
-0.010559	
-0.006867	
-0.006592	
-0.009003	
-0.014161	
-0.020447	
-0.025208	
-0.028809	
-0.030946	
-0.028504	
-0.022889	
-0.017426	
-0.011414	
-0.005158	
-0.000702	
0.001984	
0.003571	
0.004822	
0.006958	
0.008972	
0.012024	
0.017670	
0.023560	
0.030549	
0.038972	
0.046419	
0.053713	
0.060732	
0.064547	
0.065798	
0.064241	
0.059999	
0.047243	
0.013550	
-0.022797	
-0.049959	
-0.085238	
-0.109012	
-0.101566	
-0.082308	
-0.050722	
-0.004089	
0.038484	
0.072237	
0.086520	
0.075716	
0.057863	
0.028199	
-0.012696	
-0.039491	
-0.053804	
-0.061403	
-0.054506	
-0.039949	
-0.022736	
-0.007294	
-0.002075	
0.001526	
0.003998	
-0.001312	
-0.002869	
0.001953	
0.006043	
0.012177	
0.017335	
0.018708	
0.017548	
0.007202	
-0.007630	
-0.018647	
-0.031556	
-0.041505	
-0.040590	
-0.034364	
-0.026185	
-0.015870	
-0.005341	
0.001099	
-0.000671	
-0.006775	
-0.012757	
-0.019868	
-0.027039	
-0.029298	
-0.025880	
-0.022431	
-0.019623	
-0.015107	
-0.011872	
-0.012757	
-0.015473	
-0.016022	
-0.015870	
-0.017273	
-0.016816	
-0.012818	
-0.009400	
-0.007385	
-0.003540	
0.001556	
0.005310	
0.009064	
0.014466	
0.021241	
0.028199	
0.033296	
0.038026	
0.043428	
0.046754	
0.051027	
0.056795	
0.060335	
0.061983	
0.061312	
0.059420	
0.052950	
0.023988	
-0.013855	
-0.039888	
-0.075411	
-0.110050	
-0.112278	
-0.097415	
-0.074160	
-0.031800	
0.017182	
0.060274	
0.086886	
0.090274	
0.084109	
0.062807	
0.022492	
-0.010285	
-0.031495	
-0.049379	
-0.054598	
-0.046754	
-0.032838	
-0.018952	
-0.011597	
-0.004151	
0.001495	
-0.002258	
-0.003204	
0.003479	
0.010102	
0.018921	
0.030366	
0.040040	
0.045076	
0.039399	
0.026856	
0.012329	
-0.009033	
-0.030793	
-0.043214	
-0.047975	
-0.046602	
-0.038118	
-0.023041	
-0.006134	
0.004364	
0.008637	
0.012177	
0.009461	
0.000366	
-0.006073	
-0.009461	
-0.013123	
-0.015503	
-0.014496	
-0.011414	
-0.011017	
-0.012543	
-0.010681	
-0.008271	
-0.008942	
-0.006561	
0.000153	
0.005158	
0.008850	
0.013825	
0.017701	
0.018738	
0.017426	
0.018159	
0.022431	
0.027070	
0.033906	
0.044862	
0.056734	
0.066103	
0.073885	
0.080966	
0.083407	
0.080477	
0.076052	
0.072024	
0.061953	
0.033052	
-0.000824	
-0.024964	
-0.060366	
-0.095462	
-0.100711	
-0.094302	
-0.082369	
-0.047975	
-0.003571	
0.035859	
0.065798	
0.081271	
0.087191	
0.078066	
0.050172	
0.024781	
0.003449	
-0.021821	
-0.036470	
-0.037935	
-0.034669	
-0.030610	
-0.028993	
-0.024140	
-0.020508	
-0.023896	
-0.022858	
-0.015839	
-0.010132	
-0.000946	
0.014191	
0.029298	
0.039766	
0.042787	
0.040712	
0.031983	
0.012146	
-0.010804	
-0.029786	
-0.047487	
-0.060823	
-0.063601	
-0.058840	
-0.049226	
-0.036622	
-0.025269	
-0.014283	
-0.007782	
-0.007172	
-0.006592	
-0.006958	
-0.010529	
-0.012909	
-0.013092	
-0.014588	
-0.017212	
-0.020203	
-0.022950	
-0.025758	
-0.029847	
-0.030488	
-0.026551	
-0.022706	
-0.016327	
-0.006043	
0.002777	
0.009674	
0.015625	
0.019898	
0.023072	
0.025544	
0.029633	
0.036439	
0.043550	
0.050966	
0.059542	
0.067049	
0.069979	
0.070589	
0.069460	
0.064486	
0.054018	
0.028169	
-0.003662	
-0.028321	
-0.062960	
-0.095798	
-0.102084	
-0.100772	
-0.093448	
-0.062319	
-0.023469	
0.011475	
0.043825	
0.065981	
0.078158	
0.075503	
0.056337	
0.038514	
0.019532	
-0.005188	
-0.020081	
-0.025544	
-0.029817	
-0.031343	
-0.030152	
-0.027650	
-0.028626	
-0.033967	
-0.034791	
-0.032136	
-0.030488	
-0.021729	
-0.005219	
0.011475	
0.027406	
0.041383	
0.050813	
0.051729	
0.041749	
0.027497	
0.010132	
-0.012299	
-0.032563	
-0.045625	
-0.054415	
-0.061220	
-0.060884	
-0.054201	
-0.047426	
-0.040345	
-0.030976	
-0.022156	
-0.016877	
-0.011444	
-0.004852	
-0.000427	
0.000885	
0.001984	
0.001892	
-0.002289	
-0.009247	
-0.015656	
-0.021760	
-0.028138	
-0.031556	
-0.029633	
-0.024995	
-0.018677	
-0.008850	
0.002228	
0.010712	
0.017945	
0.025300	
0.031281	
0.036714	
0.043184	
0.050508	
0.058779	
0.066378	
0.073122	
0.079379	
0.081362	
0.078524	
0.074892	
0.065737	
0.039094	
0.008118	
-0.016602	
-0.053163	
-0.087344	
-0.098086	
-0.102908	
-0.100406	
-0.075533	
-0.041536	
-0.007782	
0.026521	
0.054598	
0.075259	
0.082064	
0.073336	
0.063204	
0.048280	
0.025636	
0.009247	
-0.000214	
-0.008850	
-0.014618	
-0.016480	
-0.016419	
-0.019807	
-0.026521	
-0.029481	
-0.031892	
-0.035829	
-0.032624	
-0.022309	
-0.009339	
0.007263	
0.026399	
0.045351	
0.059297	
0.064577	
0.064394	
0.057100	
0.039430	
0.018464	
-0.001465	
-0.024110	
-0.043977	
-0.055757	
-0.064394	
-0.067660	
-0.063967	
-0.056368	
-0.044465	
-0.031526	
-0.017945	
-0.003082	
0.007721	
0.014740	
0.021119	
0.022767	
0.019288	
0.014618	
0.007111	
-0.002228	
-0.010865	
-0.019135	
-0.024232	
-0.026368	
-0.026734	
-0.021180	
-0.011231	
-0.002228	
0.008271	
0.018921	
0.028413	
0.037843	
0.046602	
0.055177	
0.061953	
0.067171	
0.073153	
0.079440	
0.082614	
0.082125	
0.080325	
0.068087	
0.041169	
0.014801	
-0.014924	
-0.057192	
-0.088656	
-0.105899	
-0.122349	
-0.122990	
-0.104221	
-0.079562	
-0.048585	
-0.013550	
0.019044	
0.046236	
0.060793	
0.065889	
0.067141	
0.056887	
0.041078	
0.029542	
0.017884	
0.006012	
-0.001892	
-0.006195	
-0.010895	
-0.018586	
-0.026521	
-0.033692	
-0.044435	
-0.055086	
-0.059481	
-0.060121	
-0.056368	
-0.044649	
-0.026612	
-0.004852	
0.016938	
0.036531	
0.053224	
0.061159	
0.059359	
0.052248	
0.038575	
0.018159	
-0.003998	
-0.023774	
-0.043397	
-0.061800	
-0.072359	
-0.077395	
-0.079836	
-0.076022	
-0.066317	
-0.054048	
-0.040651	
-0.025086	
-0.008789	
0.004578	
0.014374	
0.021546	
0.025025	
0.022950	
0.018097	
0.013001	
0.005707	
-0.002106	
-0.006684	
-0.009095	
-0.010865	
-0.010193	
-0.006317	
-0.001434	
0.003327	
0.009949	
0.018921	
0.027680	
0.036348	
0.047456	
0.058931	
0.067965	
0.076785	
0.083895	
0.087039	
0.086001	
0.073550	
0.053652	
0.033235	
0.001038	
-0.035279	
-0.059542	
-0.083346	
-0.103488	
-0.105045	
-0.097507	
-0.085025	
-0.062105	
-0.035890	
-0.011383	
0.010590	
0.026368	
0.039705	
0.046602	
0.044221	
0.041963	
0.038911	
0.031556	
0.025544	
0.022279	
0.019074	
0.013276	
0.006195	
-0.000031	
-0.010620	
-0.025758	
-0.038301	
-0.049593	
-0.061007	
-0.065950	
-0.063631	
-0.055971	
-0.042726	
-0.024903	
-0.003723	
0.016633	
0.032777	
0.045625	
0.053041	
0.051119	
0.042909	
0.032105	
0.016022	
-0.003632	
-0.020814	
-0.035707	
-0.049409	
-0.058473	
-0.061525	
-0.061007	
-0.057711	
-0.050142	
-0.039338	
-0.028657	
-0.018342	
-0.006745	
0.003449	
0.009919	
0.015381	
0.020234	
0.022462	
0.022614	
0.023255	
0.023927	
0.022797	
0.021516	
0.021668	
0.021577	
0.020997	
0.022065	
0.024506	
0.027436	
0.031129	
0.037233	
0.045198	
0.051881	
0.059206	
0.067537	
0.073397	
0.076937	
0.073885	
0.062563	
0.049928	
0.030335	
0.001953	
-0.019807	
-0.039125	
-0.061068	
-0.070376	
-0.070101	
-0.068300	
-0.057436	
-0.040345	
-0.022767	
-0.004242	
0.011170	
0.024201	
0.034761	
0.037782	
0.038606	
0.039949	
0.036531	
0.032472	
0.031343	
0.029847	
0.027711	
0.025178	
0.022523	
0.017640	
0.007630	
-0.003113	
-0.013916	
-0.027894	
-0.040010	
-0.047487	
-0.052034	
-0.049898	
-0.041841	
-0.030641	
-0.016236	
-0.001709	
0.012482	
0.025636	
0.032960	
0.033692	
0.029603	
0.020081	
0.006378	
-0.005921	
-0.019318	
-0.032655	
-0.041505	
-0.047853	
-0.050661	
-0.050295	
-0.047914	
-0.042360	
-0.036561	
-0.031770	
-0.025483	
-0.019807	
-0.016419	
-0.011933	
-0.006714	
-0.003082	
0.001343	
0.007050	
0.011933	
0.016419	
0.020325	
0.023530	
0.025941	
0.026582	
0.027284	
0.028809	
0.029298	
0.030396	
0.033906	
0.037385	
0.040834	
0.045961	
0.050661	
0.054231	
0.056978	
0.053743	
0.043886	
0.033448	
0.016938	
-0.007172	
-0.025849	
-0.043031	
-0.062716	
-0.071688	
-0.072817	
-0.071352	
-0.061769	
-0.047090	
-0.030793	
-0.013276	
0.001312	
0.013672	
0.023896	
0.027192	
0.027497	
0.028138	
0.024689	
0.020325	
0.019013	
0.017914	
0.016907	
0.016236	
0.015992	
0.014313	
0.008606	
0.002014	
-0.005799	
-0.017151	
-0.028382	
-0.037416	
-0.044954	
-0.048677	
-0.047639	
-0.042207	
-0.032411	
-0.020966	
-0.008301	
0.005432	
0.014496	
0.019745	
0.023286	
0.019471	
0.010895	
0.002197	
-0.009522	
-0.020936	
-0.028993	
-0.035615	
-0.038881	
-0.039369	
-0.038270	
-0.034150	
-0.029847	
-0.026368	
-0.021424	
-0.017487	
-0.015534	
-0.012116	
-0.008209	
-0.005280	
-0.002625	
0.001068	
0.005463	
0.010865	
0.016694	
0.021668	
0.026276	
0.029054	
0.030824	
0.032716	
0.033113	
0.033662	
0.036256	
0.038240	
0.041047	
0.045869	
0.049440	
0.053102	
0.055391	
0.049532	
0.040620	
0.031037	
0.010712	
-0.011597	
-0.027772	
-0.048708	
-0.066103	
-0.071505	
-0.074496	
-0.070986	
-0.058870	
-0.044130	
-0.025361	
-0.007019	
0.007782	
0.022523	
0.031983	
0.034394	
0.036378	
0.035646	
0.030580	
0.027039	
0.025086	
0.023377	
0.022309	
0.022187	
0.023316	
0.021760	
0.017212	
0.012757	
0.004730	
-0.006348	
-0.016236	
-0.026429	
-0.035218	
-0.040101	
-0.041780	
-0.038270	
-0.030549	
-0.020936	
-0.008118	
0.005097	
0.015046	
0.023164	
0.028016	
0.026948	
0.021424	
0.013794	
0.004334	
-0.006684	
-0.015992	
-0.022614	
-0.027528	
-0.029817	
-0.029023	
-0.026093	
-0.022645	
-0.019288	
-0.015229	
-0.011719	
-0.009674	
-0.006897	
-0.003449	
-0.000305	
0.003723	
0.009583	
0.016114	
0.022279	
0.029023	
0.035768	
0.040925	
0.044862	
0.048006	
0.049532	
0.049501	
0.049471	
0.049837	
0.050478	
0.051332	
0.052644	
0.054201	
0.054567	
0.049409	
0.039857	
0.030305	
0.013245	
-0.010041	
-0.025300	
-0.040407	
-0.058931	
-0.066286	
-0.068484	
-0.068880	
-0.059725	
-0.046144	
-0.030091	
-0.014252	
-0.001923	
0.011597	
0.023225	
0.027558	
0.029878	
0.031556	
0.027253	
0.021821	
0.019105	
0.015717	
0.012482	
0.010926	
0.010712	
0.009522	
0.005402	
0.001099	
-0.004486	
-0.014466	
-0.024598	
-0.033723	
-0.043214	
-0.049928	
-0.053285	
-0.052705	
-0.047151	
-0.039186	
-0.028108	
-0.014191	
-0.003082	
0.005463	
0.012848	
0.014435	
0.010865	
0.005402	
-0.003327	
-0.014039	
-0.023438	
-0.031037	
-0.036409	
-0.039216	
-0.039521	
-0.037080	
-0.033418	
-0.030061	
-0.025788	
-0.021546	
-0.019288	
-0.016968	
-0.013794	
-0.011353	
-0.008271	
-0.003204	
0.002655	
0.008728	
0.015381	
0.022584	
0.029298	
0.034730	
0.039674	
0.043703	
0.046113	
0.047884	
0.049440	
0.050569	
0.050874	
0.050752	
0.050874	
0.049440	
0.042482	
0.032502	
0.022736	
0.005432	
-0.016449	
-0.031953	
-0.049074	
-0.067202	
-0.074190	
-0.076327	
-0.075564	
-0.066225	
-0.052522	
-0.036012	
-0.017914	
-0.002228	
0.013123	
0.025605	
0.030457	
0.033082	
0.034822	
0.030976	
0.025941	
0.023103	
0.019410	
0.015412	
0.012970	
0.011750	
0.009522	
0.004761	
0.000122	
-0.005585	
-0.014893	
-0.024293	
-0.032472	
-0.041597	
-0.049806	
-0.053865	
-0.052828	
-0.046815	
-0.038575	
-0.027314	
-0.014130	
-0.003571	
0.004303	
0.009949	
0.010681	
0.006867	
0.000488	
-0.007843	
-0.017121	
-0.025513	
-0.031770	
-0.035463	
-0.036775	
-0.036164	
-0.033357	
-0.029328	
-0.025758	
-0.022004	
-0.018250	
-0.015748	
-0.013245	
-0.009888	
-0.006317	
-0.001984	
0.003906	
0.011078	
0.018342	
0.025910	
0.033448	
0.040315	
0.046297	
0.050966	
0.054598	
0.057894	
0.059877	
0.061159	
0.062777	
0.062654	
0.061831	
0.058779	
0.048708	
0.037019	
0.024445	
0.002686	
-0.018403	
-0.033845	
-0.054018	
-0.068758	
-0.072146	
-0.074038	
-0.068575	
-0.054537	
-0.039003	
-0.019227	
0.000366	
0.016083	
0.032319	
0.042817	
0.045930	
0.049013	
0.048647	
0.043123	
0.039033	
0.036012	
0.031831	
0.028321	
0.025758	
0.023469	
0.019440	
0.013153	
0.006836	
-0.001923	
-0.013428	
-0.023164	
-0.031831	
-0.038911	
-0.041597	
-0.040651	
-0.034822	
-0.024628	
-0.013184	
0.000580	
0.014405	
0.023621	
0.029328	
0.031526	
0.026917	
0.017121	
0.006043	
-0.006561	
-0.019532	
-0.029359	
-0.035737	
-0.038667	
-0.037873	
-0.034669	
-0.029267	
-0.023743	
-0.019745	
-0.015717	
-0.011933	
-0.008087	
-0.003906	
0.000610	
0.004608	
0.009156	
0.015992	
0.023255	
0.030824	
0.037477	
0.041322	
0.045076	
0.048402	
0.050630	
0.052217	
0.052767	
0.052034	
0.051241	
0.049928	
0.048006	
0.045198	
0.036622	
0.024873	
0.014161	
-0.004913	
-0.026917	
-0.041261	
-0.059145	
-0.075686	
-0.079012	
-0.079562	
-0.075625	
-0.061159	
-0.045015	
-0.025971	
-0.005066	
0.010620	
0.025666	
0.036866	
0.038606	
0.039125	
0.037935	
0.030244	
0.023316	
0.019074	
0.013764	
0.009735	
0.007569	
0.005829	
0.002991	
-0.002594	
-0.008606	
-0.015809	
-0.026215	
-0.035463	
-0.042573	
-0.048433	
-0.049684	
-0.046632	
-0.039186	
-0.026826	
-0.013916	
-0.000793	
0.012787	
0.020875	
0.022675	
0.021638	
0.014679	
0.001831	
-0.010865	
-0.023560	
-0.035951	
-0.043458	
-0.046754	
-0.045991	
-0.040803	
-0.034455	
-0.026337	
-0.017518	
-0.011750	
-0.007202	
-0.003204	
-0.002411	
-0.002441	
-0.000427	
0.002228	
0.006073	
0.012848	
0.021149	
0.029817	
0.038820	
0.046724	
0.053041	
0.057588	
0.059145	
0.059725	
0.058931	
0.055269	
0.052278	
0.050325	
0.045961	
0.037721	
0.026582	
0.015656	
-0.000427	
-0.022217	
-0.037294	
-0.050996	
-0.067843	
-0.072939	
-0.070193	
-0.066866	
-0.054079	
-0.036256	
-0.020112	
-0.001892	
0.013001	
0.025178	
0.035890	
0.037568	
0.035279	
0.034272	
0.027558	
0.018921	
0.014985	
0.010743	
0.005585	
0.002808	
0.000275	
-0.003327	
-0.009003	
-0.016022	
-0.022553	
-0.031159	
-0.039705	
-0.043947	
-0.045717	
-0.043947	
-0.036897	
-0.026093	
-0.011628	
0.003113	
0.015473	
0.026765	
0.032716	
0.029969	
0.023225	
0.012787	
-0.003662	
-0.019807	
-0.032167	
-0.043306	
-0.048799	
-0.047639	
-0.042940	
-0.034181	
-0.024262	
-0.014832	
-0.005371	
-0.000031	
0.001984	
0.004364	
0.004730	
0.004059	
0.006684	
0.011658	
0.017426	
0.026032	
0.036470	
0.045656	
0.053529	
0.059206	
0.061708	
0.061007	
0.057558	
0.054170	
0.051363	
0.048097	
0.047029	
0.049135	
0.048433	
0.041414	
0.034425	
0.025178	
0.003876	
-0.017548	
-0.031831	
-0.051576	
-0.066469	
-0.066500	
-0.063601	
-0.053804	
-0.034425	
-0.014069	
0.008820	
0.028260	
0.040010	
0.050447	
0.053163	
0.045595	
0.039247	
0.032624	
0.021546	
0.014710	
0.013215	
0.011383	
0.010468	
0.010376	
0.008789	
0.004059	
-0.004791	
-0.014344	
-0.024384	
-0.035981	
-0.043550	
-0.045625	
-0.043275	
-0.035310	
-0.022706	
-0.006439	
0.010376	
0.024354	
0.035676	
0.040864	
0.034364	
0.020753	
0.006165	
-0.013520	
-0.033113	
-0.045930	
-0.056703	
-0.061403	
-0.057131	
-0.047700	
-0.035035	
-0.023041	
-0.013947	
-0.006592	
-0.004089	
-0.006836	
-0.009186	
-0.010529	
-0.012207	
-0.009583	
-0.000946	
0.008942	
0.020112	
0.033265	
0.043764	
0.050233	
0.052889	
0.051424	
0.047761	
0.041841	
0.035920	
0.033448	
0.032502	
0.033235	
0.037629	
0.036561	
0.027253	
0.019257	
0.004028	
-0.023682	
-0.043764	
-0.059847	
-0.080447	
-0.085116	
-0.077425	
-0.068453	
-0.047334	
-0.021943	
0.000275	
0.022858	
0.035524	
0.039705	
0.041566	
0.032929	
0.020142	
0.013062	
0.005463	
-0.001282	
-0.000275	
0.003204	
0.004944	
0.006012	
0.004456	
-0.001221	
-0.012146	
-0.025605	
-0.037019	
-0.047395	
-0.053743	
-0.051393	
-0.042726	
-0.028138	
-0.009369	
0.009247	
0.026978	
0.037935	
0.038942	
0.035554	
0.024689	
0.004151	
-0.015046	
-0.031404	
-0.048769	
-0.057985	
-0.058351	
-0.055940	
-0.047609	
-0.036470	
-0.026276	
-0.016907	
-0.012268	
-0.010315	
-0.008667	
-0.011048	
-0.012604	
-0.008942	
-0.003784	
0.002716	
0.013947	
0.026032	
0.034669	
0.042482	
0.047914	
0.048158	
0.046144	
0.042268	
0.037782	
0.035493	
0.034455	
0.037019	
0.041017	
0.043214	
0.046510	
0.043550	
0.029572	
0.015320	
-0.004578	
-0.036561	
-0.057711	
-0.069582	
-0.084536	
-0.081515	
-0.063417	
-0.047639	
-0.023408	
0.001984	
0.018250	
0.031404	
0.033631	
0.027924	
0.024171	
0.014283	
0.004669	
0.005860	
0.007599	
0.009308	
0.016755	
0.021699	
0.019623	
0.013153	
0.001740	
-0.013459	
-0.030732	
-0.046052	
-0.052980	
-0.053285	
-0.046999	
-0.031312	
-0.011811	
0.007721	
0.025422	
0.036256	
0.041017	
0.037446	
0.025178	
0.013672	
0.000763	
-0.015687	
-0.024018	
-0.027863	
-0.033662	
-0.032868	
-0.029328	
-0.028901	
-0.026521	
-0.024873	
-0.023927	
-0.021119	
-0.019623	
-0.015046	
-0.006714	
-0.000671	
0.006806	
0.016999	
0.023652	
0.027924	
0.033326	
0.036714	
0.037233	
0.038942	
0.040925	
0.041627	
0.043855	
0.046846	
0.050447	
0.055177	
0.058107	
0.060518	
0.061922	
0.059267	
0.052248	
0.036622	
0.017945	
0.001862	
-0.023072	
-0.044252	
-0.048769	
-0.056673	
-0.058382	
-0.041047	
-0.027314	
-0.014039	
0.005219	
0.015320	
0.021821	
0.025147	
0.021088	
0.021516	
0.021210	
0.016785	
0.020753	
0.026154	
0.024659	
0.024232	
0.022004	
0.011872	
-0.001770	
-0.015656	
-0.026887	
-0.036348	
-0.043336	
-0.042360	
-0.034822	
-0.025117	
-0.011505	
0.003296	
0.012635	
0.016846	
0.017548	
0.016175	
0.012543	
0.003632	
-0.002564	
-0.005829	
-0.015259	
-0.022614	
-0.025147	
-0.033570	
-0.042146	
-0.045320	
-0.049135	
-0.051088	
-0.048067	
-0.041444	
-0.031739	
-0.022492	
-0.012970	
-0.002289	
0.003632	
0.005127	
0.007874	
0.009095	
0.006958	
0.009033	
0.014771	
0.018891	
0.024689	
0.031800	
0.036714	
0.039552	
0.039796	
0.040315	
0.040712	
0.037721	
0.037904	
0.040010	
0.037996	
0.031312	
0.018036	
0.005402	
-0.011505	
-0.038545	
-0.052126	
-0.057649	
-0.069582	
-0.063478	
-0.044954	
-0.033113	
-0.014740	
0.004456	
0.015320	
0.023133	
0.022950	
0.020020	
0.020203	
0.014832	
0.011231	
0.016297	
0.017701	
0.016236	
0.017640	
0.014008	
0.003906	
-0.008820	
-0.022248	
-0.033479	
-0.043306	
-0.047548	
-0.042207	
-0.033967	
-0.022858	
-0.007782	
0.005005	
0.014435	
0.018769	
0.019074	
0.017151	
0.008667	
0.000244	
-0.004608	
-0.014893	
-0.023499	
-0.026032	
-0.032899	
-0.038850	
-0.040193	
-0.041627	
-0.040590	
-0.037660	
-0.031892	
-0.023316	
-0.016511	
-0.008850	
-0.000244	
0.004486	
0.007385	
0.011353	
0.014985	
0.016602	
0.020051	
0.025513	
0.027314	
0.029847	
0.033723	
0.035798	
0.037080	
0.037477	
0.038545	
0.039247	
0.037568	
0.037873	
0.038575	
0.032105	
0.018281	
0.004242	
-0.010468	
-0.034791	
-0.053774	
-0.058290	
-0.065950	
-0.065706	
-0.048341	
-0.033204	
-0.017640	
0.000793	
0.012726	
0.020569	
0.022248	
0.019105	
0.019562	
0.018677	
0.015290	
0.018952	
0.024140	
0.023286	
0.022065	
0.018525	
0.008515	
-0.005036	
-0.018983	
-0.029908	
-0.038057	
-0.042817	
-0.038362	
-0.028565	
-0.017914	
-0.004700	
0.007935	
0.016816	
0.020753	
0.020173	
0.016511	
0.009644	
0.002411	
-0.005554	
-0.013825	
-0.018677	
-0.024537	
-0.029328	
-0.029481	
-0.031373	
-0.031739	
-0.028443	
-0.026246	
-0.021302	
-0.015046	
-0.009339	
-0.001434	
0.004425	
0.009613	
0.016449	
0.020508	
0.024262	
0.029115	
0.033174	
0.037080	
0.040956	
0.044404	
0.046876	
0.048647	
0.050325	
0.051912	
0.053163	
0.053255	
0.052705	
0.052339	
0.047456	
0.033296	
0.017243	
0.003510	
-0.019562	
-0.041444	
-0.047365	
-0.054537	
-0.058351	
-0.044740	
-0.030610	
-0.017426	
-0.000671	
0.010895	
0.019532	
0.023347	
0.020631	
0.020783	
0.020783	
0.016877	
0.017975	
0.022340	
0.024079	
0.024049	
0.021760	
0.014496	
0.002319	
-0.011383	
-0.022401	
-0.030824	
-0.038026	
-0.039674	
-0.034303	
-0.026521	
-0.015778	
-0.004242	
0.004639	
0.008911	
0.007385	
0.003449	
-0.002075	
-0.011322	
-0.021119	
-0.026765	
-0.031404	
-0.036927	
-0.037202	
-0.034730	
-0.034700	
-0.032929	
-0.029450	
-0.027223	
-0.025239	
-0.023286	
-0.019715	
-0.015687	
-0.013092	
-0.007019	
0.000946	
0.006348	
0.013062	
0.020997	
0.026460	
0.030824	
0.034822	
0.037599	
0.038575	
0.038087	
0.039552	
0.042055	
0.042177	
0.043031	
0.045076	
0.042299	
0.031220	
0.015778	
0.000793	
-0.020264	
-0.044465	
-0.055940	
-0.062838	
-0.068484	
-0.059114	
-0.043794	
-0.029328	
-0.011841	
0.002197	
0.012757	
0.018708	
0.016694	
0.015442	
0.014832	
0.010193	
0.009552	
0.013642	
0.015564	
0.016236	
0.016388	
0.013184	
0.005280	
-0.006653	
-0.017762	
-0.027680	
-0.037477	
-0.040864	
-0.037446	
-0.031037	
-0.021058	
-0.009033	
0.002441	
0.009949	
0.010895	
0.009247	
0.004578	
-0.006256	
-0.017579	
-0.025239	
-0.032533	
-0.039033	
-0.039094	
-0.035401	
-0.032685	
-0.028382	
-0.023041	
-0.020203	
-0.019593	
-0.019745	
-0.018647	
-0.017609	
-0.016480	
-0.010743	
-0.002472	
0.004761	
0.013550	
0.023194	
0.027680	
0.028993	
0.030335	
0.030030	
0.027589	
0.025178	
0.025086	
0.026490	
0.028535	
0.032228	
0.037080	
0.039613	
0.034608	
0.022919	
0.010804	
-0.008026	
-0.033235	
-0.049287	
-0.060762	
-0.071047	
-0.067934	
-0.056429	
-0.042543	
-0.024354	
-0.007569	
0.006928	
0.016938	
0.018250	
0.017701	
0.016511	
0.010590	
0.006409	
0.007324	
0.009064	
0.011353	
0.014985	
0.018189	
0.017457	
0.011994	
0.004944	
-0.004151	
-0.016175	
-0.026124	
-0.032014	
-0.033937	
-0.031343	
-0.024567	
-0.013855	
-0.004120	
0.002930	
0.009186	
0.009827	
0.004212	
-0.002411	
-0.010224	
-0.018860	
-0.024445	
-0.025910	
-0.024232	
-0.019929	
-0.013764	
-0.006714	
-0.001709	
0.000031	
0.000275	
-0.001434	
-0.005768	
-0.009156	
-0.009613	
-0.008209	
-0.004425	
0.002472	
0.010620	
0.018250	
0.025025	
0.030152	
0.032746	
0.032472	
0.030396	
0.028504	
0.026917	
0.025910	
0.027070	
0.030122	
0.032868	
0.032899	
0.028901	
0.023347	
0.013581	
-0.002197	
-0.016022	
-0.028016	
-0.041292	
-0.048311	
-0.048921	
-0.046663	
-0.039003	
-0.028260	
-0.016266	
-0.003876	
0.004181	
0.009247	
0.012268	
0.010193	
0.006073	
0.003327	
0.000397	
-0.000458	
0.002716	
0.006500	
0.009339	
0.010407	
0.010712	
0.009186	
0.004608	
-0.001160	
-0.010346	
-0.020295	
-0.027772	
-0.032991	
-0.034211	
-0.032746	
-0.029817	
-0.024659	
-0.019868	
-0.017548	
-0.016724	
-0.018036	
-0.021973	
-0.026490	
-0.030305	
-0.033021	
-0.034394	
-0.034242	
-0.032472	
-0.030610	
-0.029969	
-0.030305	
-0.031617	
-0.034791	
-0.039064	
-0.042207	
-0.044527	
-0.045747	
-0.045564	
-0.044435	
-0.043031	
-0.042116	
-0.041597	
-0.041078	
-0.041383	
-0.041902	
-0.041627	
-0.040925	
-0.039277	
-0.035676	
-0.031037	
-0.025178	
-0.018006	
-0.010956	
-0.003662	
0.002777	
0.007447	
0.011658	
0.013825	
0.013794	
0.012543	
0.010865	
0.009522	
0.008271	
0.008606	
0.011048	
0.012909	
0.014008	
0.014863	
0.015137	
0.015137	
0.014374	
0.013459	
0.012726	
0.012055	
0.011994	
0.012055	
0.011902	
0.011933	
0.012421	
0.012848	
0.012818	
0.012726	
0.012787	
0.012665	
0.012085	
0.011261	
0.010468	
0.009522	
0.008515	
0.007477	
0.006561	
0.005554	
0.004181	
0.002869	
0.001801	
0.001099	
0.000458	
0.000366	
0.000732	
0.001068	
0.001923	
0.003662	
0.005768	
0.007965	
0.010590	
0.013306	
0.015870	
0.018128	
0.019684	
0.020692	
0.020722	
0.019929	
0.019562	
0.018342	
0.015564	
0.013764	
0.012757	
0.012940	
0.014008	
0.014985	
0.016053	
0.017335	
0.018983	
0.021332	
0.024018	
0.026673	
0.029206	
0.031404	
0.033418	
0.035371	
0.037507	
0.039705	
0.041322	
0.042177	
0.042634	
0.043062	
0.043275	
0.043214	
0.043214	
0.043397	
0.043367	
0.043031	
0.042451	
0.041658	
0.040803	
0.039491	
0.038392	
0.037812	
0.037202	
0.036287	
0.035279	
0.034272	
0.033052	
0.031709	
0.030549	
0.029420	
0.028138	
0.027039	
0.026002	
0.024751	
0.023560	
0.022401	
0.021577	
0.020875	
0.020051	
0.019349	
0.018677	
0.017945	
0.017335	
0.016785	
0.016114	
0.015412	
0.015015	
0.014985	
0.015076	
0.015229	
0.015809	
0.016572	
0.017457	
0.018647	
0.019837	
0.021455	
0.023286	
0.024689	
0.025544	
0.025727	
0.025361	
0.024842	
0.024232	
0.023682	
0.023286	
0.023194	
0.023103	
0.022828	
0.022767	
0.022675	
0.022248	
0.021973	
0.021760	
0.021302	
0.020905	
0.020722	
0.020569	
0.020478	
0.020478	
0.020692	
0.020478	
0.019837	
0.018952	
0.018006	
0.017182	
0.016236	
0.015534	
0.015015	
0.014313	
0.013703	
0.013337	
0.012757	
0.012146	
0.011505	
0.010956	
0.012696	
0.014466	
0.014924	
0.014985	
0.014679	
0.014405	
0.013825	
0.013520	
0.011628	
0.007172	
0.004120	
0.001953	
0.000427	
-0.000336	
-0.000885	
-0.001251	
-0.001312	
-0.001282	
-0.001343	
-0.001251	
-0.001099	
-0.000977	
-0.000641	
-0.000183	
0.000427	
0.000946	
0.001312	
0.001587	
0.001740	
0.001892	
0.001953	
0.001770	
0.001617	
0.001251	
0.000885	
0.000702	
0.000397	
0.000031	
-0.000244	
-0.000671	
-0.001251	
-0.001801	
-0.002350	
-0.002899	
-0.003479	
-0.004303	
-0.005219	
-0.006439	
-0.007904	
-0.009339	
-0.010987	
-0.012909	
-0.014618	
-0.016480	
-0.018738	
-0.020631	
-0.022126	
-0.022950	
-0.023225	
-0.023530	
-0.023377	
-0.023255	
-0.023225	
-0.022950	
-0.022553	
-0.022370	
-0.022767	
-0.023377	
-0.024293	
-0.025422	
-0.026399	
-0.027314	
-0.027650	
-0.027985	
-0.028504	
-0.028291	
-0.027802	
-0.027284	
-0.026521	
-0.025269	
-0.023896	
-0.022675	
-0.021393	
-0.020814	
-0.020936	
-0.021058	
-0.020936	
-0.020234	
-0.019501	
-0.019318	
-0.019593	
-0.020234	
-0.020478	
-0.020112	
-0.019623	
-0.019562	
-0.019379	
-0.018647	
-0.018067	
-0.018220	
-0.018464	
-0.018311	
-0.017914	
-0.017273	
-0.016755	
-0.016053	
-0.015046	
-0.013825	
-0.012757	
-0.011780	
-0.011048	
-0.010010	
-0.009095	
-0.010285	
-0.011597	
-0.011719	
-0.011414	
-0.010254	
-0.007996	
-0.005646	
-0.004059	
-0.002808	
-0.001740	
-0.001221	
-0.000855	
-0.000214	
0.000092	
0.000214	
0.000763	
0.001129	
0.001099	
0.001221	
0.001679	
0.002411	
0.003174	
0.003388	
0.003632	
0.004120	
0.004395	
0.004395	
0.004486	
0.004334	
0.004212	
0.004242	
0.004089	
0.003662	
0.002808	
0.001770	
0.001007	
0.000702	
0.000366	
-0.000336	
-0.001160	
-0.001740	
-0.002167	
-0.002441	
-0.002228	
-0.001343	
-0.000366	
0.000580	
0.001068	
0.000885	
0.000793	
0.000366	
-0.000519	
-0.001709	
-0.002838	
-0.003510	
-0.003632	
-0.003296	
-0.003082	
-0.003571	
-0.004273	
-0.005707	
-0.007996	
-0.010285	
-0.012085	
-0.013367	
-0.013581	
-0.012848	
-0.011383	
-0.010010	
-0.009369	
-0.009339	
-0.009522	
-0.009522	
-0.009461	
-0.009186	
-0.008667	
-0.007813	
-0.007324	
-0.008087	
-0.008698	
-0.009003	
-0.009491	
-0.010498	
-0.011658	
-0.012726	
-0.014039	
-0.015412	
-0.016816	
-0.017273	
-0.016297	
-0.014313	
-0.011444	
-0.008911	
-0.007538	
-0.006470	
-0.006561	
-0.008423	
-0.011048	
-0.014252	
-0.017151	
-0.019807	
-0.022034	
-0.023652	
-0.024476	
-0.024171	
-0.022462	
-0.020508	
-0.016938	
-0.012146	
-0.008820	
-0.006470	
-0.005463	
-0.005371	
-0.005219	
-0.004730	
-0.005127	
-0.007233	
-0.009552	
-0.010987	
-0.012421	
-0.013520	
-0.015595	
-0.017792	
-0.018860	
-0.018921	
-0.018464	
-0.018494	
-0.018372	
-0.018220	
-0.018128	
-0.016358	
-0.014863	
-0.013337	
-0.011933	
-0.012604	
-0.014496	
-0.017853	
-0.022034	
-0.024842	
-0.026215	
-0.025819	
-0.023865	
-0.021760	
-0.020478	
-0.020112	
-0.019196	
-0.019471	
-0.020936	
-0.020844	
-0.020142	
-0.017853	
-0.015564	
-0.014466	
-0.013977	
-0.014100	
-0.014100	
-0.013642	
-0.012726	
-0.012757	
-0.015137	
-0.020020	
-0.025697	
-0.028504	
-0.028199	
-0.024934	
-0.020753	
-0.017457	
-0.015290	
-0.015839	
-0.017121	
-0.017914	
-0.019196	
-0.021332	
-0.023499	
-0.022736	
-0.016999	
-0.011567	
-0.008209	
-0.005707	
-0.005371	
-0.006836	
-0.009461	
-0.012848	
-0.015870	
-0.017060	
-0.016358	
-0.015107	
-0.013947	
-0.012024	
-0.010987	
-0.010132	
-0.010895	
-0.013642	
-0.015778	
-0.016388	
-0.016144	
-0.016572	
-0.017853	
-0.016816	
-0.015351	
-0.014496	
-0.013672	
-0.014557	
-0.014618	
-0.012177	
-0.007752	
-0.004089	
-0.004913	
-0.010010	
-0.013550	
-0.016297	
-0.019166	
-0.020631	
-0.019807	
-0.015320	
-0.008881	
-0.004059	
-0.004151	
-0.007111	
-0.010041	
-0.016541	
-0.024171	
-0.028565	
-0.030091	
-0.028535	
-0.026460	
-0.024781	
-0.023316	
-0.020234	
-0.016266	
-0.019074	
-0.021973	
-0.018921	
-0.015656	
-0.015198	
-0.014161	
-0.011322	
-0.009491	
-0.008667	
-0.013123	
-0.017273	
-0.018433	
-0.019013	
-0.020051	
-0.022126	
-0.019929	
-0.017273	
-0.019776	
-0.022065	
-0.022462	
-0.020814	
-0.021088	
-0.024293	
-0.024262	
-0.022431	
-0.020569	
-0.016297	
-0.011444	
-0.009980	
-0.010834	
-0.010346	
-0.006317	
-0.003235	
-0.001007	
0.001282	
-0.000061	
-0.002228	
-0.006165	
-0.008911	
-0.012513	
-0.014344	
-0.013733	
-0.015473	
-0.018799	
-0.018555	
-0.012757	
-0.013215	
-0.013581	
-0.007691	
-0.006623	
-0.008179	
-0.009522	
-0.010193	
-0.007996	
-0.005463	
-0.006928	
-0.010895	
-0.015748	
-0.022492	
-0.028291	
-0.029542	
-0.024964	
-0.013977	
-0.006165	
-0.003571	
-0.001282	
0.000610	
-0.000275	
-0.001007	
-0.000183	
-0.001190	
-0.002930	
-0.001892	
-0.003235	
-0.007050	
-0.005676	
-0.002472	
-0.003113	
-0.009339	
-0.014496	
-0.012940	
-0.011841	
-0.010773	
-0.006500	
-0.005402	
-0.009919	
-0.015778	
-0.017151	
-0.019196	
-0.021699	
-0.021821	
-0.022156	
-0.017640	
-0.010407	
-0.009644	
-0.011353	
-0.008362	
-0.003662	
0.004212	
0.010559	
0.008972	
-0.000702	
-0.010254	
-0.012604	
-0.009705	
-0.004303	
-0.005341	
-0.011017	
-0.016022	
-0.018769	
-0.017853	
-0.014832	
-0.013428	
-0.010559	
-0.006500	
-0.005188	
-0.004547	
-0.002441	
0.002045	
0.004059	
0.002777	
-0.001251	
-0.008118	
-0.014313	
-0.020447	
-0.026490	
-0.029817	
-0.026460	
-0.019684	
-0.017365	
-0.018708	
-0.016572	
-0.010559	
-0.007324	
-0.006226	
-0.002564	
0.000397	
0.000732	
-0.001587	
-0.003479	
-0.006806	
-0.009339	
-0.011414	
-0.014527	
-0.011597	
-0.006470	
-0.005554	
-0.005005	
-0.004883	
-0.002869	
-0.000519	
-0.000671	
-0.004212	
-0.007904	
-0.009278	
-0.009705	
-0.009919	
-0.009095	
-0.008911	
-0.007874	
-0.003449	
-0.000610	
-0.000153	
-0.001404	
-0.001099	
0.003632	
0.006897	
0.009247	
0.011048	
0.010468	
0.008728	
0.005402	
0.005646	
0.007233	
0.006104	
0.005799	
0.007965	
0.009949	
0.014313	
0.022828	
0.032563	
0.038209	
0.038820	
0.035493	
0.030915	
0.026124	
0.019807	
0.013459	
0.010743	
0.011505	
0.014893	
0.020356	
0.023774	
0.025056	
0.025849	
0.025452	
0.023072	
0.020356	
0.019013	
0.016785	
0.015229	
0.015961	
0.017945	
0.019440	
0.016633	
0.012970	
0.012329	
0.014527	
0.019868	
0.023713	
0.027131	
0.029511	
0.031587	
0.035340	
0.036988	
0.035890	
0.032807	
0.029817	
0.029420	
0.029206	
0.029115	
0.030030	
0.030091	
0.029176	
0.028443	
0.028840	
0.032136	
0.034394	
0.034547	
0.035157	
0.034852	
0.036317	
0.038362	
0.041261	
0.044862	
0.047029	
0.048219	
0.049471	
0.053163	
0.060030	
0.068239	
0.073702	
0.075137	
0.076174	
0.078158	
0.076846	
0.073000	
0.069338	
0.065310	
0.061434	
0.057558	
0.053560	
0.051729	
0.053072	
0.056093	
0.058626	
0.060488	
0.062227	
0.063753	
0.067751	
0.071047	
0.072268	
0.073885	
0.075106	
0.075259	
0.074313	
0.074099	
0.074679	
0.075503	
0.076876	
0.077364	
0.076693	
0.079165	
0.084078	
0.088870	
0.092166	
0.092807	
0.092135	
0.090670	
0.088870	
0.088046	
0.087130	
0.084170	
0.081454	
0.080721	
0.079257	
0.076144	
0.071627	
0.067568	
0.065188	
0.063814	
0.063845	
0.065950	
0.069735	
0.074313	
0.079318	
0.084811	
0.088870	
0.090762	
0.091678	
0.091800	
0.092410	
0.093783	
0.094913	
0.095676	
0.097232	
0.097812	
0.096835	
0.095676	
0.093173	
0.087100	
0.078585	
0.069826	
0.061708	
0.054903	
0.049257	
0.044710	
0.041414	
0.041414	
0.042085	
0.041566	
0.041932	
0.042451	
0.042573	
0.041688	
0.040529	
0.039033	
0.035646	
0.033815	
0.034700	
0.036714	
0.039247	
0.041688	
0.043611	
0.045869	
0.048952	
0.051820	
0.054292	
0.056795	
0.059084	
0.059572	
0.059084	
0.058168	
0.056520	
0.055055	
0.054445	
0.055025	
0.056673	
0.059145	
0.061831	
0.063997	
0.065218	
0.065340	
0.063753	
0.060610	
0.056887	
0.053835	
0.050447	
0.046663	
0.043489	
0.040742	
0.036927	
0.032105	
0.027802	
0.023377	
0.018738	
0.015107	
0.011780	
0.008545	
0.005219	
0.001404	
-0.001526	
-0.003601	
-0.004822	
-0.004181	
-0.002350	
-0.000305	
0.001862	
0.004791	
0.007935	
0.010804	
0.013092	
0.014893	
0.016083	
0.016175	
0.016297	
0.016572	
0.016572	
0.017426	
0.018952	
0.021149	
0.023286	
0.024445	
0.025330	
0.025697	
0.025513	
0.025819	
0.026124	
0.025483	
0.024476	
0.023713	
0.023438	
0.022889	
0.022889	
0.025056	
0.026429	
0.026795	
0.027375	
0.026154	
0.024354	
0.022126	
0.019074	
0.017121	
0.015473	
0.012726	
0.011811	
0.011261	
0.009491	
0.008759	
0.007508	
0.005615	
0.003937	
0.002045	
0.001312	
0.000458	
-0.001587	
-0.001953	
-0.002045	
-0.002991	
-0.003601	
-0.003754	
-0.005158	
-0.006745	
-0.007050	
-0.006195	
-0.005005	
-0.004761	
-0.004212	
-0.004273	
-0.005402	
-0.006623	
-0.007172	
-0.007324	
-0.006928	
-0.006165	
-0.004639	
-0.003357	
-0.003815	
-0.004639	
-0.005280	
-0.007324	
-0.008728	
-0.009003	
-0.009400	
-0.008698	
-0.007569	
-0.006623	
-0.005737	
-0.005158	
-0.004822	
-0.003723	
-0.003601	
-0.003876	
-0.003143	
-0.002594	
-0.002503	
-0.001770	
-0.000916	
-0.000885	
-0.000824	
-0.000488	
0.000427	
0.001160	
0.001587	
0.002594	
0.002533	
0.000488	
-0.001617	
-0.003601	
-0.005951	
-0.008301	
-0.008850	
-0.007782	
-0.007538	
-0.007294	
-0.006775	
-0.007996	
-0.009705	
-0.010956	
-0.012299	
-0.012452	
-0.012940	
-0.013337	
-0.011597	
-0.010620	
-0.010651	
-0.009705	
-0.010498	
-0.012909	
-0.014161	
-0.014527	
-0.014588	
-0.013520	
-0.011628	
-0.009796	
-0.010224	
-0.012574	
-0.013977	
-0.016236	
-0.019410	
-0.020081	
-0.019257	
-0.018952	
-0.018586	
-0.018097	
-0.017853	
-0.018433	
-0.020295	
-0.021027	
-0.021363	
-0.023927	
-0.024262	
-0.023103	
-0.023865	
-0.024751	
-0.026063	
-0.028016	
-0.030061	
-0.032502	
-0.033540	
-0.033052	
-0.034425	
-0.034577	
-0.033601	
-0.035676	
-0.038240	
-0.038972	
-0.041017	
-0.041231	
-0.037385	
-0.033876	
-0.030732	
-0.029939	
-0.029389	
-0.027436	
-0.029084	
-0.030976	
-0.032350	
-0.036744	
-0.039735	
-0.039613	
-0.037935	
-0.036714	
-0.035920	
-0.034669	
-0.033876	
-0.035768	
-0.038026	
-0.037751	
-0.037935	
-0.038606	
-0.036866	
-0.035432	
-0.036042	
-0.036470	
-0.036988	
-0.037812	
-0.039216	
-0.040254	
-0.039705	
-0.039796	
-0.041414	
-0.041322	
-0.041108	
-0.042390	
-0.042390	
-0.041231	
-0.041231	
-0.041719	
-0.041536	
-0.041719	
-0.042238	
-0.043031	
-0.043275	
-0.042390	
-0.042573	
-0.041993	
-0.040071	
-0.040376	
-0.041383	
-0.041688	
-0.042604	
-0.043123	
-0.042329	
-0.040803	
-0.038667	
-0.037080	
-0.035554	
-0.034059	
-0.035554	
-0.037996	
-0.039491	
-0.041963	
-0.044588	
-0.044404	
-0.043001	
-0.041444	
-0.038728	
-0.036195	
-0.034730	
-0.034669	
-0.035463	
-0.036348	
-0.037385	
-0.038820	
-0.038850	
-0.037660	
-0.036866	
-0.035859	
-0.034944	
-0.034700	
-0.035249	
-0.035524	
-0.034944	
-0.034150	
-0.033448	
-0.032167	
-0.031648	
-0.031251	
-0.030030	
-0.030122	
-0.030061	
-0.029145	
-0.029267	
-0.029023	
-0.028443	
-0.028840	
-0.028413	
-0.028504	
-0.029603	
-0.030213	
-0.032044	
-0.033448	
-0.033082	
-0.033601	
-0.032167	
-0.028474	
-0.026521	
-0.024659	
-0.024079	
-0.025971	
-0.028535	
-0.034333	
-0.039003	
-0.040040	
-0.041597	
-0.041231	
-0.037416	
-0.035249	
-0.032777	
-0.029725	
-0.029481	
-0.029817	
-0.031526	
-0.034303	
-0.034577	
-0.035463	
-0.036103	
-0.032929	
-0.031709	
-0.030885	
-0.028535	
-0.029084	
-0.029145	
-0.028047	
-0.028718	
-0.027772	
-0.026337	
-0.027924	
-0.027314	
-0.026765	
-0.028687	
-0.027894	
-0.026063	
-0.024537	
-0.021180	
-0.018616	
-0.017090	
-0.015839	
-0.017396	
-0.018677	
-0.018189	
-0.019501	
-0.019288	
-0.016480	
-0.015534	
-0.013825	
-0.011139	
-0.009583	
-0.007996	
-0.007080	
-0.006165	
-0.004669	
-0.004944	
-0.005127	
-0.004028	
-0.005219	
-0.006195	
-0.006317	
-0.006928	
-0.006012	
-0.004639	
-0.003265	
-0.000549	
0.000214	
-0.000214	
-0.000031	
-0.002014	
-0.004486	
-0.005158	
-0.005219	
-0.005036	
-0.003571	
-0.001892	
-0.000092	
-0.000092	
-0.001709	
-0.002655	
-0.006043	
-0.010956	
-0.013855	
-0.016266	
-0.019593	
-0.021119	
-0.020600	
-0.019562	
-0.019318	
-0.018433	
-0.016480	
-0.017090	
-0.018372	
-0.018372	
-0.019318	
-0.021485	
-0.022828	
-0.023774	
-0.024842	
-0.025697	
-0.025575	
-0.023927	
-0.023560	
-0.022706	
-0.020264	
-0.019257	
-0.018983	
-0.017762	
-0.017518	
-0.018311	
-0.018738	
-0.017335	
-0.014954	
-0.013276	
-0.011719	
-0.009003	
-0.005646	
-0.004242	
-0.002014	
-0.000580	
-0.004273	
-0.006684	
-0.007111	
-0.007385	
-0.006317	
-0.004608	
-0.002411	
-0.000031	
0.000305	
0.000214	
0.001343	
0.000549	
0.000061	
0.001892	
0.004578	
0.007843	
0.011078	
0.013947	
0.014496	
0.011078	
0.004852	
-0.003845	
-0.013916	
-0.024201	
-0.032502	
-0.034669	
-0.033753	
-0.029023	
-0.019654	
-0.012970	
-0.008637	
-0.004852	
-0.007263	
-0.011811	
-0.015198	
-0.021760	
-0.025239	
-0.025117	
-0.025330	
-0.021577	
-0.017731	
-0.016144	
-0.012726	
-0.012787	
-0.015473	
-0.021821	
-0.029542	
-0.031648	
-0.037965	
-0.040498	
-0.035829	
-0.034364	
-0.031770	
-0.027955	
-0.026032	
-0.024720	
-0.025575	
-0.026551	
-0.025147	
-0.027619	
-0.029511	
-0.026826	
-0.026429	
-0.025910	
-0.021668	
-0.018494	
-0.015900	
-0.013215	
-0.012024	
-0.008698	
-0.007996	
-0.008606	
-0.006958	
-0.007019	
-0.007111	
-0.004730	
-0.000946	
0.003327	
0.007630	
0.011292	
0.015412	
0.017426	
0.017426	
0.020173	
0.023377	
0.025513	
0.030488	
0.036531	
0.042879	
0.047212	
0.045717	
0.042726	
0.031922	
0.010590	
-0.010163	
-0.029420	
-0.046358	
-0.053774	
-0.048189	
-0.033509	
-0.013794	
0.008240	
0.025971	
0.033845	
0.027802	
0.012177	
-0.005371	
-0.025178	
-0.041597	
-0.045442	
-0.041292	
-0.032197	
-0.016083	
-0.001343	
0.007935	
0.011719	
0.007569	
0.000580	
-0.008362	
-0.018647	
-0.021760	
-0.020844	
-0.018921	
-0.011841	
-0.005310	
-0.001648	
0.000305	
-0.003357	
-0.009430	
-0.016419	
-0.025513	
-0.030702	
-0.032411	
-0.032350	
-0.028535	
-0.023804	
-0.019501	
-0.015290	
-0.013153	
-0.011719	
-0.010376	
-0.010834	
-0.011353	
-0.011658	
-0.013428	
-0.014740	
-0.014924	
-0.014405	
-0.011261	
-0.007019	
-0.002045	
0.003815	
0.007050	
0.008271	
0.008667	
0.006745	
0.004852	
0.004456	
0.005615	
0.009400	
0.014313	
0.020478	
0.027497	
0.032594	
0.035859	
0.038484	
0.037996	
0.036164	
0.036988	
0.037904	
0.040498	
0.047304	
0.050813	
0.047456	
0.038057	
0.019257	
-0.003174	
-0.024323	
-0.041322	
-0.044557	
-0.035981	
-0.019440	
0.006806	
0.030641	
0.044465	
0.049959	
0.041444	
0.023072	
0.002594	
-0.017945	
-0.029328	
-0.030061	
-0.023774	
-0.008118	
0.009247	
0.020600	
0.027619	
0.026337	
0.017212	
0.006348	
-0.004364	
-0.011170	
-0.012604	
-0.010743	
-0.005310	
0.001038	
0.004151	
0.004791	
0.002686	
-0.002289	
-0.007965	
-0.011597	
-0.010865	
-0.009980	
-0.009461	
-0.009278	
-0.010834	
-0.013001	
-0.016053	
-0.018555	
-0.022614	
-0.025391	
-0.023682	
-0.020814	
-0.016907	
-0.013031	
-0.011139	
-0.011353	
-0.013428	
-0.016602	
-0.019349	
-0.020753	
-0.020112	
-0.016846	
-0.012055	
-0.006745	
-0.001312	
0.002838	
0.004791	
0.005554	
0.005310	
0.004334	
0.004089	
0.004700	
0.007019	
0.011505	
0.016846	
0.022645	
0.028840	
0.034242	
0.038789	
0.043275	
0.047090	
0.052004	
0.055849	
0.052614	
0.036470	
0.009766	
-0.016388	
-0.046510	
-0.073763	
-0.076693	
-0.065035	
-0.043764	
-0.005585	
0.031281	
0.055849	
0.066652	
0.055727	
0.032716	
0.003021	
-0.032472	
-0.052339	
-0.055330	
-0.051332	
-0.031678	
-0.004517	
0.014740	
0.027284	
0.028596	
0.019623	
0.007721	
-0.008118	
-0.018311	
-0.017701	
-0.014985	
-0.007508	
0.004181	
0.010041	
0.010132	
0.006684	
-0.001038	
-0.009125	
-0.016083	
-0.019837	
-0.016236	
-0.010620	
-0.005066	
0.001190	
0.000244	
-0.005280	
-0.012940	
-0.026307	
-0.035676	
-0.038972	
-0.038270	
-0.028871	
-0.015656	
-0.003601	
0.006317	
0.009217	
0.004852	
-0.002716	
-0.014344	
-0.024537	
-0.028016	
-0.027223	
-0.020875	
-0.009461	
0.001801	
0.011505	
0.017670	
0.018525	
0.017151	
0.011689	
0.003754	
0.000336	
0.000061	
0.002960	
0.010559	
0.019562	
0.027741	
0.036561	
0.044008	
0.050417	
0.056246	
0.060793	
0.062746	
0.061464	
0.052431	
0.021760	
-0.012848	
-0.038728	
-0.074160	
-0.092380	
-0.078280	
-0.058626	
-0.021088	
0.028199	
0.059816	
0.083529	
0.082858	
0.053102	
0.025971	
-0.011383	
-0.050417	
-0.058504	
-0.055788	
-0.044710	
-0.013703	
0.011109	
0.028748	
0.039918	
0.030305	
0.019776	
0.008972	
-0.008667	
-0.011200	
-0.005127	
-0.000855	
0.010620	
0.018433	
0.018464	
0.015687	
0.004517	
-0.005982	
-0.010834	
-0.015870	
-0.012696	
-0.001373	
0.008301	
0.017273	
0.018525	
0.011902	
0.005310	
-0.010590	
-0.025422	
-0.029908	
-0.032441	
-0.027802	
-0.015198	
-0.001862	
0.010346	
0.017396	
0.017060	
0.013794	
0.005005	
-0.007508	
-0.013886	
-0.017121	
-0.018311	
-0.012787	
-0.003784	
0.005554	
0.014466	
0.019807	
0.023621	
0.024842	
0.020905	
0.017731	
0.015778	
0.013794	
0.014130	
0.019044	
0.026673	
0.034913	
0.045320	
0.055544	
0.064974	
0.072604	
0.077273	
0.078799	
0.075564	
0.062716	
0.026826	
-0.014283	
-0.043489	
-0.079958	
-0.101688	
-0.085879	
-0.059511	
-0.019776	
0.035401	
0.074953	
0.099002	
0.098209	
0.066439	
0.033631	
-0.004730	
-0.046480	
-0.061342	
-0.059420	
-0.049745	
-0.023041	
0.004089	
0.022156	
0.032075	
0.024751	
0.013855	
0.004791	
-0.009308	
-0.013764	
-0.006623	
-0.001099	
0.004913	
0.009919	
0.007385	
-0.000214	
-0.012146	
-0.023530	
-0.026734	
-0.025575	
-0.019562	
-0.005554	
0.008271	
0.016205	
0.019135	
0.015717	
0.004608	
-0.011902	
-0.028565	
-0.040223	
-0.044221	
-0.043703	
-0.036744	
-0.023225	
-0.011658	
-0.003754	
0.001740	
0.002228	
-0.002075	
-0.009125	
-0.016480	
-0.021455	
-0.025361	
-0.027619	
-0.024720	
-0.019532	
-0.013825	
-0.006470	
0.001434	
0.007935	
0.011689	
0.012360	
0.010834	
0.007233	
0.001831	
-0.001556	
-0.001617	
0.002075	
0.010773	
0.023408	
0.037294	
0.051057	
0.063814	
0.072176	
0.075106	
0.072695	
0.065920	
0.051759	
0.014771	
-0.028199	
-0.054537	
-0.085513	
-0.106601	
-0.088290	
-0.055788	
-0.015473	
0.036927	
0.075198	
0.097049	
0.095798	
0.061708	
0.025513	
-0.009674	
-0.051698	
-0.069124	
-0.062319	
-0.050020	
-0.025300	
0.001465	
0.020325	
0.032746	
0.027558	
0.016755	
0.011841	
0.001373	
-0.005310	
0.000061	
0.005249	
0.008026	
0.008332	
0.003204	
-0.003510	
-0.013581	
-0.025697	
-0.027345	
-0.021363	
-0.013428	
-0.000366	
0.013703	
0.021821	
0.021180	
0.014130	
0.003998	
-0.010620	
-0.026215	
-0.036409	
-0.039186	
-0.036866	
-0.031465	
-0.022187	
-0.013153	
-0.007599	
-0.005646	
-0.005951	
-0.007080	
-0.010773	
-0.014649	
-0.016114	
-0.017029	
-0.018372	
-0.018311	
-0.016144	
-0.012482	
-0.007752	
-0.001831	
0.005676	
0.012177	
0.015412	
0.016358	
0.015809	
0.012299	
0.007965	
0.006226	
0.007538	
0.012329	
0.020600	
0.031892	
0.044465	
0.055269	
0.063326	
0.070223	
0.075686	
0.075991	
0.074313	
0.066195	
0.030885	
-0.013276	
-0.042940	
-0.078463	
-0.103153	
-0.088626	
-0.056948	
-0.012482	
0.043458	
0.084078	
0.110019	
0.111454	
0.075930	
0.036470	
-0.000732	
-0.043275	
-0.062807	
-0.057039	
-0.041597	
-0.014649	
0.011719	
0.030335	
0.043458	
0.039094	
0.027161	
0.021271	
0.013153	
0.007874	
0.010926	
0.014832	
0.018006	
0.016327	
0.007660	
-0.000153	
-0.008576	
-0.017548	
-0.016511	
-0.006714	
0.005554	
0.019562	
0.031648	
0.037568	
0.034852	
0.023286	
0.008576	
-0.004486	
-0.018006	
-0.028565	
-0.029389	
-0.028321	
-0.026795	
-0.020081	
-0.015412	
-0.012207	
-0.009491	
-0.007599	
-0.003052	
-0.000977	
-0.003265	
-0.004700	
-0.006317	
-0.010743	
-0.013520	
-0.014130	
-0.014893	
-0.011902	
-0.006684	
-0.000244	
0.006928	
0.009461	
0.008515	
0.006287	
0.001343	
-0.002899	
-0.004120	
-0.002503	
0.004059	
0.013398	
0.022889	
0.033570	
0.043367	
0.050630	
0.056795	
0.061800	
0.064760	
0.065584	
0.062593	
0.040040	
-0.006836	
-0.046724	
-0.077486	
-0.110294	
-0.113346	
-0.081240	
-0.036714	
0.019776	
0.070650	
0.099612	
0.109806	
0.084872	
0.035676	
-0.005158	
-0.043428	
-0.073885	
-0.075381	
-0.058443	
-0.033296	
-0.004761	
0.013215	
0.024812	
0.028657	
0.017457	
0.008179	
0.006836	
0.005768	
0.007904	
0.011597	
0.012177	
0.008911	
-0.003723	
-0.020020	
-0.029084	
-0.034455	
-0.034181	
-0.021760	
-0.002777	
0.016114	
0.029389	
0.033479	
0.030335	
0.019044	
0.000732	
-0.014893	
-0.023988	
-0.029572	
-0.031373	
-0.029145	
-0.023438	
-0.018097	
-0.016175	
-0.014405	
-0.012452	
-0.012085	
-0.012726	
-0.012696	
-0.011567	
-0.011963	
-0.014130	
-0.015900	
-0.016297	
-0.016572	
-0.016144	
-0.012787	
-0.007324	
-0.002289	
0.001251	
0.003265	
0.004059	
0.003204	
0.001038	
0.001099	
0.003418	
0.006500	
0.011109	
0.017579	
0.023804	
0.028047	
0.033143	
0.037568	
0.040925	
0.047273	
0.053774	
0.059389	
0.063753	
0.064180	
0.048189	
0.003357	
-0.043519	
-0.074160	
-0.104678	
-0.114658	
-0.084414	
-0.036531	
0.019593	
0.071474	
0.097964	
0.105106	
0.084841	
0.034455	
-0.009919	
-0.040925	
-0.065645	
-0.067507	
-0.049989	
-0.026124	
-0.000305	
0.013245	
0.017212	
0.020997	
0.015809	
0.008637	
0.011231	
0.017975	
0.024140	
0.025697	
0.020051	
0.011078	
-0.003784	
-0.023896	
-0.035371	
-0.034669	
-0.025971	
-0.009461	
0.010926	
0.030030	
0.041322	
0.039033	
0.028260	
0.015473	
0.000610	
-0.012024	
-0.017182	
-0.017273	
-0.014557	
-0.010834	
-0.011719	
-0.014710	
-0.013916	
-0.015107	
-0.014954	
-0.009064	
-0.003693	
0.001434	
0.003601	
0.000549	
-0.003021	
-0.007935	
-0.013703	
-0.014069	
-0.009644	
-0.003815	
0.003296	
0.008942	
0.012024	
0.012513	
0.008667	
0.004242	
0.003357	
0.004364	
0.007721	
0.013733	
0.020081	
0.026490	
0.031037	
0.033692	
0.038270	
0.044008	
0.049989	
0.058718	
0.068972	
0.076785	
0.079989	
0.076785	
0.062014	
0.020569	
-0.035035	
-0.071932	
-0.096591	
-0.108097	
-0.082736	
-0.033174	
0.023377	
0.075198	
0.097598	
0.095614	
0.077822	
0.035279	
-0.010407	
-0.036836	
-0.052095	
-0.051607	
-0.036256	
-0.019715	
-0.000153	
0.010437	
0.004334	
0.002930	
0.006653	
0.008271	
0.014466	
0.022889	
0.027619	
0.025300	
0.010132	
-0.011078	
-0.028169	
-0.042787	
-0.050050	
-0.042299	
-0.024079	
-0.001495	
0.017487	
0.027375	
0.029969	
0.023682	
0.008850	
-0.005860	
-0.015046	
-0.019166	
-0.019166	
-0.017670	
-0.017335	
-0.018067	
-0.023713	
-0.033540	
-0.035218	
-0.030457	
-0.025361	
-0.017487	
-0.009888	
-0.005646	
-0.006745	
-0.014893	
-0.022889	
-0.025880	
-0.027406	
-0.026154	
-0.019623	
-0.012452	
-0.007324	
-0.006226	
-0.008148	
-0.008667	
-0.008972	
-0.009583	
-0.006592	
-0.000671	
0.005341	
0.008850	
0.009339	
0.010498	
0.012268	
0.013153	
0.016358	
0.024018	
0.034608	
0.045778	
0.056429	
0.064730	
0.069277	
0.067537	
0.058962	
0.035096	
-0.015442	
-0.063875	
-0.088595	
-0.104251	
-0.097690	
-0.057283	
-0.005402	
0.047853	
0.084506	
0.087283	
0.074892	
0.048250	
0.003693	
-0.029695	
-0.045106	
-0.050661	
-0.041414	
-0.030457	
-0.022584	
-0.010254	
-0.006317	
-0.008118	
0.000549	
0.012726	
0.024476	
0.034791	
0.035737	
0.029939	
0.016175	
-0.008759	
-0.031007	
-0.041902	
-0.043519	
-0.034700	
-0.018189	
0.000763	
0.016480	
0.021790	
0.017579	
0.010895	
0.003357	
-0.004059	
-0.008850	
-0.010498	
-0.009247	
-0.009674	
-0.017273	
-0.027772	
-0.036805	
-0.042421	
-0.040437	
-0.031617	
-0.018464	
-0.005799	
-0.000732	
-0.003327	
-0.010346	
-0.019501	
-0.027131	
-0.029603	
-0.026032	
-0.018616	
-0.011261	
-0.007019	
-0.005219	
-0.005249	
-0.006409	
-0.006500	
-0.003723	
0.001679	
0.007202	
0.010620	
0.012268	
0.013184	
0.013855	
0.015046	
0.017457	
0.022797	
0.030183	
0.037324	
0.045595	
0.054598	
0.063417	
0.071169	
0.073611	
0.072176	
0.069063	
0.053072	
0.006989	
-0.048280	
-0.078463	
-0.091098	
-0.087985	
-0.054689	
-0.002655	
0.052553	
0.091739	
0.094180	
0.076540	
0.053743	
0.018616	
-0.013001	
-0.027406	
-0.029267	
-0.020173	
-0.014496	
-0.017151	
-0.012757	
-0.005982	
-0.002686	
0.009217	
0.028169	
0.047578	
0.059938	
0.054140	
0.036775	
0.017090	
-0.007630	
-0.029572	
-0.037690	
-0.032472	
-0.016846	
0.000092	
0.011719	
0.021668	
0.026948	
0.023957	
0.018983	
0.016968	
0.017243	
0.016724	
0.011261	
0.002503	
-0.006134	
-0.017975	
-0.031251	
-0.039766	
-0.040498	
-0.031068	
-0.017182	
-0.005432	
0.002716	
0.003662	
-0.001038	
-0.008881	
-0.016663	
-0.019471	
-0.017273	
-0.012909	
-0.008606	
-0.004578	
-0.004120	
-0.008698	
-0.011658	
-0.010590	
-0.005951	
-0.000580	
0.002258	
0.003204	
0.002045	
-0.000336	
-0.001526	
0.000031	
0.005768	
0.014100	
0.021882	
0.027741	
0.032380	
0.037202	
0.041780	
0.048097	
0.055849	
0.060457	
0.060793	
0.055208	
0.039521	
-0.000824	
-0.057649	
-0.091372	
-0.097690	
-0.088443	
-0.054323	
-0.005707	
0.040284	
0.073489	
0.073885	
0.050905	
0.030000	
0.007935	
-0.012177	
-0.021638	
-0.026643	
-0.025819	
-0.027100	
-0.037904	
-0.040956	
-0.030671	
-0.013764	
0.009522	
0.031220	
0.047121	
0.053591	
0.040254	
0.015046	
-0.007569	
-0.025117	
-0.033540	
-0.033235	
-0.028809	
-0.018311	
-0.008881	
-0.006836	
-0.004242	
0.001892	
0.009247	
0.017426	
0.021668	
0.021393	
0.017335	
0.004913	
-0.012421	
-0.025758	
-0.033540	
-0.038057	
-0.039247	
-0.035432	
-0.027955	
-0.018830	
-0.012970	
-0.011231	
-0.007996	
-0.005585	
-0.006745	
-0.010041	
-0.015076	
-0.018830	
-0.022034	
-0.026063	
-0.026368	
-0.021668	
-0.014679	
-0.007630	
-0.002014	
0.001953	
0.005127	
0.004975	
0.002167	
0.001648	
0.002930	
0.004334	
0.006867	
0.009766	
0.015168	
0.023560	
0.030854	
0.039521	
0.047853	
0.053774	
0.059084	
0.057924	
0.052828	
0.047884	
0.038545	
0.012940	
-0.038087	
-0.082858	
-0.093265	
-0.086581	
-0.065188	
-0.024232	
0.018220	
0.053987	
0.068239	
0.051637	
0.031983	
0.020631	
0.007111	
-0.004975	
-0.016144	
-0.026032	
-0.032167	
-0.043672	
-0.052034	
-0.041841	
-0.017853	
0.010773	
0.033784	
0.045381	
0.049440	
0.041658	
0.021973	
0.003052	
-0.009003	
-0.013916	
-0.015076	
-0.019318	
-0.022523	
-0.020478	
-0.016572	
-0.010071	
0.001495	
0.016694	
0.030641	
0.035585	
0.029725	
0.019318	
0.007843	
-0.003540	
-0.012452	
-0.017975	
-0.021607	
-0.026460	
-0.033601	
-0.035218	
-0.027558	
-0.016633	
-0.006989	
0.000610	
0.005799	
0.007355	
0.001862	
-0.007385	
-0.012879	
-0.013886	
-0.013031	
-0.012146	
-0.010681	
-0.006714	
-0.001679	
0.001801	
0.005676	
0.011383	
0.016144	
0.017304	
0.014710	
0.011750	
0.011444	
0.012421	
0.015046	
0.020966	
0.029633	
0.038972	
0.046815	
0.053316	
0.061434	
0.068758	
0.068819	
0.064425	
0.058687	
0.049318	
0.025605	
-0.025727	
-0.073519	
-0.084353	
-0.074221	
-0.051546	
-0.016724	
0.014771	
0.042451	
0.056124	
0.042604	
0.028413	
0.026460	
0.023865	
0.017762	
0.000916	
-0.021455	
-0.035157	
-0.045656	
-0.050691	
-0.037690	
-0.010987	
0.015137	
0.030213	
0.030915	
0.027284	
0.024018	
0.016572	
0.008026	
0.000061	
-0.007385	
-0.015503	
-0.029145	
-0.041993	
-0.043550	
-0.034608	
-0.019440	
-0.004364	
0.006958	
0.015564	
0.017914	
0.012970	
0.007080	
0.003021	
0.000336	
-0.004486	
-0.015290	
-0.033418	
-0.051698	
-0.057833	
-0.051943	
-0.037965	
-0.022675	
-0.014161	
-0.008301	
-0.005799	
-0.007660	
-0.008850	
-0.010163	
-0.011383	
-0.014344	
-0.022248	
-0.030915	
-0.033235	
-0.028291	
-0.018311	
-0.006561	
0.001984	
0.007752	
0.009949	
0.007569	
0.006409	
0.006500	
0.006836	
0.008484	
0.008209	
0.008423	
0.012635	
0.020020	
0.031495	
0.044527	
0.055055	
0.061953	
0.061007	
0.053682	
0.045351	
0.034974	
0.015473	
-0.025056	
-0.067202	
-0.078310	
-0.069002	
-0.050172	
-0.022156	
0.000427	
0.021027	
0.038850	
0.037751	
0.032777	
0.036409	
0.035432	
0.025452	
0.004212	
-0.023896	
-0.041200	
-0.047517	
-0.047517	
-0.036897	
-0.019105	
-0.000549	
0.012818	
0.017212	
0.020966	
0.028016	
0.032746	
0.030335	
0.019074	
0.004028	
-0.010193	
-0.023225	
-0.032197	
-0.033052	
-0.026490	
-0.016175	
-0.008148	
-0.002930	
0.003082	
0.009033	
0.014191	
0.016205	
0.014069	
0.008057	
-0.000793	
-0.018189	
-0.041383	
-0.053163	
-0.052004	
-0.043977	
-0.035188	
-0.032807	
-0.028779	
-0.018769	
-0.009491	
-0.001221	
0.003754	
0.002930	
-0.002258	
-0.014130	
-0.026887	
-0.030396	
-0.026399	
-0.019807	
-0.013062	
-0.008179	
-0.001617	
0.006561	
0.011750	
0.016724	
0.022553	
0.025361	
0.023347	
0.016236	
0.010651	
0.014679	
0.024445	
0.034333	
0.044465	
0.053255	
0.061434	
0.064760	
0.059908	
0.054598	
0.049959	
0.040468	
0.010529	
-0.038911	
-0.065249	
-0.058809	
-0.044191	
-0.023713	
-0.007141	
0.003265	
0.022065	
0.033326	
0.034028	
0.044313	
0.052644	
0.046907	
0.027497	
-0.003265	
-0.023865	
-0.027741	
-0.027985	
-0.024903	
-0.018647	
-0.011048	
-0.000427	
0.007691	
0.016938	
0.032929	
0.045747	
0.047304	
0.036805	
0.020661	
0.009247	
0.001923	
-0.005646	
-0.011536	
-0.015473	
-0.017365	
-0.016511	
-0.013428	
-0.004059	
0.010804	
0.022889	
0.027955	
0.026795	
0.022889	
0.019562	
0.007630	
-0.011933	
-0.023103	
-0.027863	
-0.030122	
-0.033998	
-0.041902	
-0.037996	
-0.023408	
-0.010743	
-0.001160	
0.003174	
0.004456	
0.003601	
-0.004242	
-0.010254	
-0.010254	
-0.010376	
-0.012665	
-0.016053	
-0.015870	
-0.006958	
0.005036	
0.012146	
0.014527	
0.015564	
0.015687	
0.014435	
0.011597	
0.011750	
0.015717	
0.019288	
0.021912	
0.025605	
0.033418	
0.043947	
0.050478	
0.049806	
0.044771	
0.038087	
0.029176	
0.010743	
-0.027100	
-0.058626	
-0.059114	
-0.048250	
-0.037843	
-0.028504	
-0.022584	
-0.008545	
0.010010	
0.019196	
0.028657	
0.037538	
0.034028	
0.020295	
-0.000183	
-0.016511	
-0.020783	
-0.023499	
-0.030183	
-0.034547	
-0.033967	
-0.026337	
-0.015137	
-0.002808	
0.011841	
0.022858	
0.025819	
0.021790	
0.015809	
0.012818	
0.009827	
0.001801	
-0.009064	
-0.019349	
-0.025544	
-0.026643	
-0.024751	
-0.019196	
-0.010987	
-0.003906	
0.000946	
0.005036	
0.009186	
0.013611	
0.010071	
-0.007935	
-0.024049	
-0.028169	
-0.027924	
-0.030763	
-0.040895	
-0.044740	
-0.035493	
-0.023927	
-0.013947	
-0.006287	
-0.000763	
0.002655	
-0.000793	
-0.007385	
-0.009064	
-0.009125	
-0.012604	
-0.018586	
-0.021821	
-0.016480	
-0.006317	
0.000855	
0.006073	
0.011353	
0.015534	
0.016663	
0.015656	
0.016541	
0.019318	
0.022126	
0.024323	
0.027223	
0.033326	
0.041505	
0.047029	
0.048494	
0.046632	
0.041780	
0.032624	
0.017457	
-0.012207	
-0.046144	
-0.054994	
-0.047334	
-0.041719	
-0.036622	
-0.032105	
-0.023011	
-0.004242	
0.011597	
0.021699	
0.030305	
0.029145	
0.020051	
0.007202	
-0.004059	
-0.008393	
-0.013215	
-0.023774	
-0.032899	
-0.036439	
-0.031251	
-0.020112	
-0.010315	
-0.000092	
0.008484	
0.013337	
0.016877	
0.019684	
0.021027	
0.019776	
0.012421	
0.001740	
-0.006867	
-0.012177	
-0.014679	
-0.017121	
-0.018494	
-0.016846	
-0.013092	
-0.006958	
0.001007	
0.007447	
0.009735	
0.002319	
-0.008179	
-0.007569	
-0.004669	
-0.008667	
-0.020936	
-0.032319	
-0.029603	
-0.020478	
-0.014191	
-0.011109	
-0.008667	
-0.005188	
-0.002319	
-0.001160	
0.001770	
0.004608	
0.001373	
-0.005554	
-0.008484	
-0.004120	
0.003845	
0.008332	
0.009369	
0.012391	
0.017823	
0.024049	
0.027100	
0.028413	
0.029420	
0.030000	
0.030000	
0.031739	
0.039430	
0.047517	
0.050996	
0.051057	
0.050295	
0.049837	
0.048250	
0.040590	
0.024903	
-0.003296	
-0.031251	
-0.034944	
-0.026643	
-0.023164	
-0.022187	
-0.021485	
-0.014191	
0.004486	
0.020356	
0.029695	
0.035127	
0.031190	
0.023041	
0.015778	
0.010437	
0.005982	
-0.002808	
-0.017273	
-0.028077	
-0.030274	
-0.024262	
-0.015015	
-0.008484	
-0.003296	
0.002625	
0.010559	
0.018250	
0.024140	
0.026246	
0.020600	
0.010895	
0.003662	
-0.001190	
-0.005097	
-0.010834	
-0.018738	
-0.024323	
-0.025422	
-0.022950	
-0.018250	
-0.013520	
-0.011444	
-0.011963	
-0.016175	
-0.017975	
-0.012299	
-0.010498	
-0.018769	
-0.030396	
-0.034608	
-0.028840	
-0.022004	
-0.021607	
-0.024262	
-0.023957	
-0.020478	
-0.015503	
-0.011383	
-0.009552	
-0.010956	
-0.014649	
-0.016083	
-0.010987	
-0.004120	
-0.001099	
-0.002411	
-0.002197	
0.003815	
0.010773	
0.012696	
0.011658	
0.012940	
0.016907	
0.020020	
0.022279	
0.026826	
0.030702	
0.033418	
0.035829	
0.039308	
0.042726	
0.040956	
0.032258	
0.020508	
0.002838	
-0.024018	
-0.038148	
-0.034516	
-0.032838	
-0.036012	
-0.037324	
-0.033296	
-0.017457	
0.002472	
0.012268	
0.018006	
0.021943	
0.021180	
0.020020	
0.018464	
0.013642	
0.005890	
-0.005921	
-0.017304	
-0.021210	
-0.020447	
-0.020173	
-0.021363	
-0.020814	
-0.015442	
-0.006043	
0.002899	
0.009491	
0.013031	
0.013825	
0.013916	
0.013398	
0.011933	
0.008454	
0.001679	
-0.006653	
-0.012635	
-0.015473	
-0.016755	
-0.017792	
-0.018555	
-0.018769	
-0.020081	
-0.021821	
-0.018189	
-0.012421	
-0.010468	
-0.012757	
-0.019745	
-0.023255	
-0.019776	
-0.016999	
-0.018616	
-0.022889	
-0.024842	
-0.021699	
-0.017273	
-0.015290	
-0.015351	
-0.016785	
-0.017609	
-0.015534	
-0.011200	
-0.006806	
-0.004669	
-0.003967	
-0.001099	
0.004486	
0.009796	
0.011719	
0.012146	
0.014130	
0.017548	
0.021699	
0.025513	
0.027802	
0.029847	
0.033235	
0.037080	
0.040559	
0.041963	
0.040437	
0.035432	
0.026093	
0.007935	
-0.017518	
-0.027741	
-0.022217	
-0.024445	
-0.032075	
-0.033692	
-0.028718	
-0.013306	
0.003388	
0.010132	
0.016297	
0.022156	
0.023988	
0.027100	
0.028474	
0.023621	
0.015473	
0.005036	
-0.003235	
-0.005249	
-0.007263	
-0.012024	
-0.016205	
-0.016663	
-0.011658	
-0.003998	
0.003082	
0.008667	
0.012696	
0.016663	
0.021638	
0.025452	
0.026185	
0.022767	
0.016602	
0.011109	
0.007508	
0.004089	
-0.000336	
-0.004822	
-0.008515	
-0.009095	
-0.011322	
-0.018159	
-0.016053	
-0.008759	
-0.006439	
-0.007630	
-0.011200	
-0.009430	
-0.001617	
0.001923	
0.000092	
-0.001862	
-0.003754	
-0.003113	
-0.002136	
-0.003601	
-0.005127	
-0.007813	
-0.010071	
-0.008698	
-0.005371	
-0.002686	
-0.000855	
0.000580	
0.004273	
0.010834	
0.015748	
0.016022	
0.014130	
0.017548	
0.025483	
0.031587	
0.033876	
0.034516	
0.036622	
0.040864	
0.044130	
0.043245	
0.038942	
0.032685	
0.023804	
0.014954	
-0.001648	
-0.024720	
-0.031251	
-0.028443	
-0.034272	
-0.039155	
-0.039033	
-0.033845	
-0.018555	
-0.006317	
-0.002472	
0.005066	
0.010773	
0.013276	
0.018067	
0.017823	
0.012421	
0.005951	
-0.002838	
-0.009156	
-0.011231	
-0.016205	
-0.022523	
-0.025697	
-0.024995	
-0.020234	
-0.014801	
-0.010681	
-0.006409	
-0.002045	
0.002655	
0.007843	
0.010987	
0.011231	
0.008606	
0.004791	
0.002380	
-0.000458	
-0.005158	
-0.010498	
-0.015259	
-0.017670	
-0.023988	
-0.031800	
-0.028108	
-0.023164	
-0.024171	
-0.026185	
-0.027161	
-0.022034	
-0.013916	
-0.010956	
-0.010559	
-0.009217	
-0.009278	
-0.008087	
-0.007019	
-0.008759	
-0.011109	
-0.013977	
-0.015503	
-0.012757	
-0.009644	
-0.009247	
-0.008515	
-0.006256	
-0.000824	
0.005860	
0.010468	
0.012787	
0.013977	
0.016572	
0.021638	
0.025330	
0.026673	
0.028535	
0.030305	
0.034303	
0.038759	
0.039613	
0.037385	
0.032075	
0.025269	
0.016388	
-0.002960	
-0.025239	
-0.026978	
-0.023591	
-0.033143	
-0.039918	
-0.038148	
-0.029847	
-0.014588	
-0.005463	
-0.002167	
0.007050	
0.014069	
0.017945	
0.022828	
0.021638	
0.013733	
0.005280	
-0.002380	
-0.006256	
-0.008789	
-0.016938	
-0.024323	
-0.026337	
-0.024812	
-0.021058	
-0.018097	
-0.015259	
-0.010102	
-0.004181	
0.001434	
0.006836	
0.009644	
0.009949	
0.009003	
0.008087	
0.007538	
0.004639	
-0.000946	
-0.006470	
-0.010346	
-0.012513	
-0.020051	
-0.029054	
-0.026307	
-0.022736	
-0.023530	
-0.023347	
-0.023347	
-0.019837	
-0.012757	
-0.008209	
-0.004975	
-0.002350	
-0.003265	
-0.001709	
0.001465	
0.001221	
-0.001007	
-0.004791	
-0.007263	
-0.004639	
-0.001770	
-0.002411	
-0.001953	
-0.000092	
0.004883	
0.011841	
0.015168	
0.017243	
0.021088	
0.025056	
0.029756	
0.034425	
0.036103	
0.037385	
0.039247	
0.041871	
0.044832	
0.045381	
0.043458	
0.038697	
0.032105	
0.023011	
0.003906	
-0.013337	
-0.011444	
-0.011902	
-0.023438	
-0.027955	
-0.025941	
-0.017518	
-0.003418	
0.001343	
0.004028	
0.014588	
0.020539	
0.025971	
0.032105	
0.029206	
0.024232	
0.020447	
0.014771	
0.011902	
0.007538	
-0.002655	
-0.008728	
-0.010193	
-0.010651	
-0.009888	
-0.010834	
-0.010468	
-0.005982	
-0.000610	
0.004639	
0.009247	
0.010956	
0.011536	
0.012329	
0.012604	
0.011780	
0.007935	
0.002045	
-0.001007	
-0.001343	
-0.008362	
-0.019501	
-0.019593	
-0.017029	
-0.021119	
-0.024110	
-0.025910	
-0.025452	
-0.020112	
-0.017396	
-0.015992	
-0.012085	
-0.010315	
-0.007385	
-0.003693	
-0.004578	
-0.006653	
-0.008728	
-0.010712	
-0.009796	
-0.009583	
-0.012604	
-0.013520	
-0.011017	
-0.006317	
-0.001190	
0.001312	
0.002991	
0.007538	
0.014039	
0.018372	
0.021088	
0.024903	
0.028565	
0.031159	
0.034577	
0.037629	
0.036775	
0.032899	
0.026521	
0.019593	
0.005860	
-0.017701	
-0.026185	
-0.021393	
-0.030610	
-0.042665	
-0.042665	
-0.037965	
-0.026246	
-0.015656	
-0.015168	
-0.006989	
0.004517	
0.009125	
0.016602	
0.019715	
0.014740	
0.012604	
0.010315	
0.006348	
0.003418	
-0.005951	
-0.016419	
-0.018952	
-0.019532	
-0.020112	
-0.020661	
-0.021821	
-0.018677	
-0.012329	
-0.006714	
-0.001251	
0.002686	
0.005524	
0.009430	
0.012970	
0.014893	
0.013550	
0.009003	
0.005127	
0.002228	
-0.001587	
-0.014618	
-0.028809	
-0.025269	
-0.022553	
-0.029145	
-0.034303	
-0.035768	
-0.028382	
-0.018708	
-0.015778	
-0.013581	
-0.008698	
-0.006012	
-0.001007	
0.003113	
0.000641	
-0.002503	
-0.004639	
-0.004151	
-0.001862	
-0.003113	
-0.007233	
-0.007416	
-0.003937	
0.000305	
0.004547	
0.006317	
0.008850	
0.012940	
0.017426	
0.022034	
0.023927	
0.025727	
0.030610	
0.036775	
0.039766	
0.038179	
0.036042	
0.032533	
0.025269	
0.013489	
-0.008606	
-0.023072	
-0.020020	
-0.026673	
-0.041414	
-0.043764	
-0.040315	
-0.032960	
-0.020631	
-0.017182	
-0.011811	
0.000610	
0.007202	
0.015534	
0.022675	
0.019471	
0.016572	
0.016541	
0.013886	
0.011200	
0.004273	
-0.006439	
-0.010712	
-0.011444	
-0.014191	
-0.016602	
-0.017945	
-0.016358	
-0.011353	
-0.006470	
-0.001770	
0.002716	
0.006317	
0.010132	
0.014649	
0.017609	
0.017090	
0.014710	
0.012818	
0.009369	
0.000092	
-0.006439	
-0.008057	
-0.013703	
-0.020356	
-0.024171	
-0.025758	
-0.025849	
-0.023347	
-0.018525	
-0.012360	
-0.007538	
-0.004303	
0.001984	
0.008026	
0.010437	
0.011261	
0.012055	
0.012635	
0.012421	
0.010346	
0.007324	
0.006226	
0.006439	
0.007294	
0.008240	
0.009339	
0.011200	
0.014832	
0.020020	
0.024751	
0.027528	
0.031587	
0.039064	
0.045167	
0.048006	
0.048921	
0.049471	
0.048036	
0.042665	
0.034394	
0.018281	
-0.003265	
-0.009369	
-0.008881	
-0.022614	
-0.034608	
-0.035981	
-0.033174	
-0.024537	
-0.018952	
-0.018860	
-0.010529	
-0.000763	
0.006592	
0.018799	
0.023469	
0.021455	
0.023927	
0.025483	
0.023225	
0.018250	
0.008576	
-0.000488	
-0.006195	
-0.011963	
-0.018128	
-0.023072	
-0.025819	
-0.023865	
-0.019959	
-0.017518	
-0.014405	
-0.010254	
-0.005615	
0.000122	
0.004608	
0.006256	
0.006409	
0.006195	
0.003082	
-0.002869	
-0.006561	
-0.010681	
-0.017426	
-0.022889	
-0.025971	
-0.028596	
-0.032289	
-0.034028	
-0.030824	
-0.025880	
-0.023164	
-0.020173	
-0.014893	
-0.009217	
-0.004944	
-0.002258	
-0.000458	
0.001160	
0.001984	
0.001923	
0.001831	
0.001221	
0.000275	
0.000427	
0.001923	
0.002899	
0.003113	
0.004151	
0.007263	
0.011109	
0.013825	
0.017121	
0.021821	
0.026856	
0.030793	
0.034181	
0.036836	
0.037324	
0.034516	
0.030671	
0.023408	
0.004395	
-0.009095	
-0.006561	
-0.013367	
-0.028138	
-0.033357	
-0.033357	
-0.028962	
-0.021455	
-0.021546	
-0.018220	
-0.007416	
-0.001495	
0.006561	
0.013977	
0.012513	
0.013276	
0.017273	
0.017121	
0.015625	
0.009919	
0.001709	
0.000031	
-0.001343	
-0.007416	
-0.012879	
-0.016480	
-0.017609	
-0.015992	
-0.015076	
-0.014588	
-0.012543	
-0.009095	
-0.004242	
0.000702	
0.003265	
0.003998	
0.005371	
0.006256	
0.003967	
-0.002991	
-0.006317	
-0.006378	
-0.012360	
-0.019257	
-0.026185	
-0.030641	
-0.032167	
-0.032411	
-0.031190	
-0.028565	
-0.025269	
-0.021363	
-0.014801	
-0.010102	
-0.008026	
-0.005493	
-0.001862	
0.001312	
0.002472	
0.001831	
0.001404	
0.002991	
0.004639	
0.005280	
0.005341	
0.006043	
0.007904	
0.010681	
0.013398	
0.015290	
0.017853	
0.022370	
0.027070	
0.030152	
0.032960	
0.035768	
0.036836	
0.035554	
0.032868	
0.026643	
0.010712	
0.000366	
0.003296	
-0.003845	
-0.018403	
-0.022828	
-0.023011	
-0.020295	
-0.014771	
-0.016816	
-0.014405	
-0.004761	
-0.000183	
0.007843	
0.014954	
0.013520	
0.015839	
0.021302	
0.021363	
0.020264	
0.015259	
0.008148	
0.007630	
0.005554	
-0.000549	
-0.004761	
-0.007660	
-0.008118	
-0.006378	
-0.005737	
-0.005463	
-0.003693	
-0.000641	
0.003784	
0.007904	
0.009369	
0.009888	
0.010956	
0.011261	
0.009400	
0.002838	
0.000366	
0.001190	
-0.005249	
-0.011475	
-0.015168	
-0.016266	
-0.015961	
-0.015900	
-0.015839	
-0.014039	
-0.010620	
-0.007477	
-0.002380	
0.000305	
0.002045	
0.005097	
0.008423	
0.010132	
0.009583	
0.008545	
0.008423	
0.009796	
0.010346	
0.010468	
0.010529	
0.010102	
0.010865	
0.013245	
0.014496	
0.014832	
0.019562	
0.025605	
0.030030	
0.034181	
0.036378	
0.037263	
0.037538	
0.036561	
0.034089	
0.023041	
0.003754	
-0.004303	
-0.002564	
-0.012391	
-0.024720	
-0.027741	
-0.028535	
-0.025575	
-0.021851	
-0.024323	
-0.020569	
-0.013062	
-0.009217	
-0.001129	
0.003174	
0.001068	
0.004181	
0.009247	
0.009613	
0.008759	
0.004181	
0.000031	
0.000549	
-0.002594	
-0.007782	
-0.011322	
-0.014435	
-0.015381	
-0.014557	
-0.014954	
-0.015351	
-0.014771	
-0.012665	
-0.008362	
-0.004944	
-0.004151	
-0.002838	
-0.001312	
-0.002136	
-0.004364	
-0.008515	
-0.009735	
-0.010010	
-0.014954	
-0.019379	
-0.022370	
-0.024049	
-0.024659	
-0.024720	
-0.025544	
-0.024781	
-0.021821	
-0.018616	
-0.014313	
-0.011963	
-0.009857	
-0.006073	
-0.002472	
0.000000	
0.001282	
0.002258	
0.003784	
0.006348	
0.007935	
0.008667	
0.009186	
0.010193	
0.011933	
0.012848	
0.013276	
0.015168	
0.018067	
0.020936	
0.022767	
0.024445	
0.026612	
0.028260	
0.028108	
0.027253	
0.025788	
0.016999	
0.003510	
0.000244	
0.001312	
-0.008728	
-0.018647	
-0.021180	
-0.021577	
-0.019288	
-0.018616	
-0.020264	
-0.015839	
-0.010346	
-0.006958	
-0.000092	
0.002533	
0.001617	
0.005860	
0.010376	
0.010865	
0.009583	
0.006104	
0.004120	
0.003296	
-0.002319	
-0.008759	
-0.012452	
-0.014771	
-0.015473	
-0.014588	
-0.015961	
-0.017365	
-0.015534	
-0.013031	
-0.010132	
-0.007721	
-0.007721	
-0.007721	
-0.006378	
-0.007172	
-0.009827	
-0.008972	
-0.010071	
-0.013825	
-0.015900	
-0.017640	
-0.018983	
-0.020844	
-0.021638	
-0.020966	
-0.019593	
-0.019532	
-0.018036	
-0.014039	
-0.011567	
-0.008637	
-0.005463	
-0.002441	
0.000458	
0.003113	
0.005463	
0.007721	
0.009919	
0.012085	
0.014649	
0.015961	
0.016205	
0.016480	
0.018586	
0.020234	
0.020173	
0.022492	
0.024567	
0.026643	
0.029756	
0.030702	
0.030885	
0.032075	
0.032289	
0.030061	
0.023316	
0.010559	
0.007385	
0.010285	
0.000549	
-0.009461	
-0.010987	
-0.011414	
-0.009095	
-0.006684	
-0.009003	
-0.006104	
-0.000519	
0.003540	
0.009796	
0.010376	
0.008881	
0.013520	
0.017762	
0.017853	
0.015931	
0.012604	
0.012085	
0.012757	
0.009919	
0.006439	
0.003479	
0.001495	
0.001495	
0.001038	
-0.001099	
-0.002258	
-0.001862	
0.000000	
0.001923	
0.002533	
0.002014	
-0.000153	
-0.002289	
-0.000763	
0.000305	
-0.005005	
-0.009857	
-0.011048	
-0.011322	
-0.013153	
-0.016999	
-0.019929	
-0.020142	
-0.019196	
-0.018250	
-0.015168	
-0.013337	
-0.010926	
-0.006623	
-0.003113	
-0.001160	
0.000061	
0.002533	
0.003449	
0.002716	
0.001923	
0.001740	
0.003357	
0.005463	
0.006958	
0.006653	
0.007172	
0.009552	
0.011902	
0.012787	
0.012757	
0.014466	
0.017548	
0.019593	
0.019990	
0.020386	
0.020692	
0.020539	
0.018921	
0.013092	
0.003204	
-0.001617	
-0.000244	
-0.007508	
-0.017304	
-0.018983	
-0.019562	
-0.019074	
-0.017151	
-0.019105	
-0.018006	
-0.012604	
-0.010010	
-0.005585	
-0.003479	
-0.005005	
-0.000549	
0.004425	
0.004181	
0.003693	
0.002625	
0.001953	
0.002808	
0.000702	
-0.002472	
-0.005036	
-0.006958	
-0.006806	
-0.008026	
-0.010254	
-0.010926	
-0.011170	
-0.009857	
-0.008240	
-0.008606	
-0.009461	
-0.009705	
-0.007782	
-0.009949	
-0.012024	
-0.008606	
-0.010559	
-0.013764	
-0.013337	
-0.013855	
-0.016297	
-0.017243	
-0.016999	
-0.016602	
-0.016236	
-0.017304	
-0.015198	
-0.012787	
-0.012635	
-0.010529	
-0.007477	
-0.005676	
-0.003845	
-0.001160	
0.001312	
0.003723	
0.006043	
0.008026	
0.010254	
0.011841	
0.012513	
0.012940	
0.013672	
0.015046	
0.016175	
0.016266	
0.017029	
0.019898	
0.021577	
0.021393	
0.022431	
0.023377	
0.023621	
0.022034	
0.017609	
0.008301	
0.003021	
0.004852	
-0.003937	
-0.015534	
-0.018311	
-0.018708	
-0.019013	
-0.018342	
-0.019410	
-0.018159	
-0.013062	
-0.010102	
-0.005280	
-0.003143	
-0.003845	
0.000702	
0.005219	
0.005799	
0.004822	
0.003571	
0.004181	
0.005402	
0.002655	
0.000031	
-0.000946	
-0.002777	
-0.002991	
-0.003632	
-0.006073	
-0.007691	
-0.007172	
-0.005768	
-0.004639	
-0.004151	
-0.004883	
-0.004273	
-0.003601	
-0.003327	
-0.002106	
-0.004151	
-0.005646	
-0.004669	
-0.005219	
-0.006561	
-0.006958	
-0.007965	
-0.008881	
-0.007965	
-0.007752	
-0.007660	
-0.006989	
-0.006256	
-0.003998	
-0.001679	
-0.000641	
0.000916	
0.003082	
0.004852	
0.006958	
0.008759	
0.010529	
0.012665	
0.014649	
0.016572	
0.018433	
0.020051	
0.021790	
0.024018	
0.025971	
0.027345	
0.028413	
0.030396	
0.031861	
0.032105	
0.032228	
0.031343	
0.030457	
0.028657	
0.023927	
0.016266	
0.010224	
0.010743	
0.007843	
-0.001099	
-0.004395	
-0.003113	
-0.003967	
-0.003815	
-0.003449	
-0.003571	
-0.000061	
0.002838	
0.005432	
0.007843	
0.007263	
0.008332	
0.012329	
0.012818	
0.009827	
0.009003	
0.009522	
0.009583	
0.007569	
0.004273	
0.002594	
0.000885	
-0.000824	
-0.002441	
-0.004273	
-0.004028	
-0.002167	
-0.000244	
0.000824	
0.000610	
-0.001068	
-0.000519	
0.000488	
-0.003388	
-0.005890	
-0.007294	
-0.011261	
-0.013306	
-0.013581	
-0.013947	
-0.015107	
-0.015656	
-0.016541	
-0.015931	
-0.015748	
-0.016449	
-0.014985	
-0.014527	
-0.013489	
-0.011261	
-0.009735	
-0.008728	
-0.006928	
-0.004486	
-0.002503	
-0.000610	
0.000763	
0.002533	
0.004608	
0.006348	
0.007569	
0.008881	
0.010743	
0.011963	
0.012421	
0.013306	
0.014557	
0.015046	
0.015931	
0.017090	
0.016785	
0.016358	
0.016205	
0.013977	
0.010071	
0.002747	
-0.001343	
0.000275	
-0.006134	
-0.013825	
-0.014191	
-0.014710	
-0.015015	
-0.014252	
-0.016175	
-0.014496	
-0.009674	
-0.008484	
-0.005554	
-0.004151	
-0.003967	
0.000153	
0.002869	
0.003143	
0.003571	
0.003784	
0.003784	
0.004120	
0.003388	
0.001556	
-0.000183	
-0.000946	
-0.001709	
-0.003754	
-0.004608	
-0.005524	
-0.006531	
-0.005951	
-0.005768	
-0.007324	
-0.009613	
-0.011170	
-0.009003	
-0.007630	
-0.011780	
-0.013428	
-0.011414	
-0.011292	
-0.012757	
-0.013977	
-0.014679	
-0.014435	
-0.013337	
-0.013184	
-0.013581	
-0.013764	
-0.011994	
-0.009064	
-0.008148	
-0.008362	
-0.006897	
-0.003662	
-0.001221	
-0.000092	
0.001282	
0.003143	
0.005646	
0.007904	
0.007019	
0.005097	
0.005585	
0.007782	
0.008545	
0.007874	
0.008972	
0.010712	
0.012238	
0.012726	
0.012238	
0.012207	
0.013092	
0.013428	
0.010773	
0.007019	
0.002655	
-0.002167	
-0.002258	
-0.004059	
-0.011261	
-0.012909	
-0.011231	
-0.012329	
-0.012329	
-0.012329	
-0.012665	
-0.009247	
-0.007050	
-0.006104	
-0.003876	
-0.003174	
0.000061	
0.003662	
0.003693	
0.003632	
0.004730	
0.005554	
0.006684	
0.006073	
0.004456	
0.004089	
0.003052	
0.002747	
0.001617	
-0.000732	
-0.001282	
-0.001190	
-0.000427	
-0.001404	
-0.006409	
-0.007019	
-0.002441	
-0.003571	
-0.007080	
-0.006989	
-0.004944	
-0.002716	
-0.003388	
-0.006684	
-0.006958	
-0.004242	
-0.003723	
-0.003601	
-0.004242	
-0.004303	
-0.001740	
0.001160	
0.001617	
0.001282	
0.003327	
0.005951	
0.008393	
0.008698	
0.008576	
0.011200	
0.013825	
0.014740	
0.015046	
0.016022	
0.017609	
0.019837	
0.020936	
0.020356	
0.020966	
0.021973	
0.022858	
0.022431	
0.021516	
0.021638	
0.020569	
0.019990	
0.018433	
0.014283	
0.009919	
0.004913	
0.001892	
0.000702	
-0.004517	
-0.009064	
-0.008271	
-0.009095	
-0.010407	
-0.009796	
-0.010651	
-0.009522	
-0.007569	
-0.005585	
-0.000977	
0.001373	
0.002930	
0.005737	
0.006958	
0.006348	
0.005768	
0.005890	
0.003784	
-0.000031	
-0.003174	
-0.005432	
-0.006897	
-0.007752	
-0.008026	
-0.008942	
-0.009644	
-0.009796	
-0.012116	
-0.013794	
-0.011475	
-0.012940	
-0.016419	
-0.015656	
-0.014130	
-0.014588	
-0.016236	
-0.016175	
-0.015107	
-0.013977	
-0.014801	
-0.015229	
-0.013733	
-0.013489	
-0.012604	
-0.011444	
-0.010498	
-0.009461	
-0.007599	
-0.005585	
-0.004639	
-0.003265	
-0.001617	
0.000519	
0.002197	
0.003418	
0.004639	
0.005554	
0.006256	
0.007447	
0.008545	
0.008545	
0.009033	
0.009339	
0.009491	
0.009430	
0.008545	
0.008576	
0.008698	
0.007782	
0.006409	
0.005402	
0.003845	
0.001617	
-0.001373	
-0.003571	
-0.003113	
-0.004822	
-0.008087	
-0.008087	
-0.007599	
-0.008362	
-0.008271	
-0.007996	
-0.007569	
-0.006531	
-0.005219	
-0.003723	
-0.004273	
-0.004212	
-0.001923	
-0.000793	
-0.001465	
-0.001801	
-0.001312	
-0.000855	
-0.000488	
-0.001160	
-0.002228	
-0.002380	
-0.002289	
-0.002350	
-0.006165	
-0.008911	
-0.006012	
-0.007874	
-0.012452	
-0.013337	
-0.013092	
-0.013245	
-0.013428	
-0.013428	
-0.014222	
-0.012635	
-0.011048	
-0.009827	
-0.008789	
-0.009003	
-0.006561	
-0.003632	
-0.002930	
-0.002686	
-0.001892	
-0.002106	
-0.002472	
-0.002045	
-0.001892	
-0.000946	
0.001160	
0.002625	
0.003418	
0.003906	
0.004761	
0.006256	
0.007630	
0.007477	
0.007294	
0.008423	
0.008545	
0.008057	
0.007569	
0.007660	
0.008026	
0.007752	
0.007050	
0.006470	
0.006104	
0.004944	
0.003906	
0.001312	
-0.000793	
0.000397	
-0.000305	
-0.002014	
-0.002503	
-0.001709	
-0.001190	
-0.001709	
-0.000610	
0.000244	
0.000519	
0.002319	
0.003845	
0.004181	
0.004517	
0.005036	
0.005951	
0.006592	
0.005982	
0.006012	
0.006775	
0.006470	
0.004669	
0.002045	
0.000610	
0.001282	
-0.000305	
-0.004303	
-0.004852	
-0.003723	
-0.004303	
-0.006256	
-0.006836	
-0.005921	
-0.005280	
-0.004669	
-0.004181	
-0.002960	
-0.001434	
0.001251	
0.003601	
0.004151	
0.005249	
0.007782	
0.010224	
0.010498	
0.010346	
0.011444	
0.013398	
0.014344	
0.014130	
0.014008	
0.014496	
0.015625	
0.016327	
0.016175	
0.015931	
0.016877	
0.018128	
0.017945	
0.016572	
0.015992	
0.016663	
0.016663	
0.015290	
0.013672	
0.012604	
0.011628	
0.010071	
0.008026	
0.005890	
0.004151	
0.002655	
0.001434	
0.000000	
-0.002197	
-0.003784	
-0.003967	
-0.004456	
-0.005982	
-0.004395	
-0.001434	
0.000214	
0.000671	
0.000366	
0.000549	
0.001007	
0.001770	
0.000366	
-0.003479	
-0.005676	
-0.006439	
-0.006989	
-0.008393	
-0.009278	
-0.009613	
-0.010193	
-0.011109	
-0.012299	
-0.013276	
-0.014252	
-0.014985	
-0.015351	
-0.015992	
-0.016327	
-0.015778	
-0.015107	
-0.014985	
-0.014374	
-0.012757	
-0.011444	
-0.010285	
-0.008637	
-0.006867	
-0.005158	
-0.003632	
-0.001801	
-0.000275	
0.000488	
0.001648	
0.002991	
0.003815	
0.004242	
0.004578	
0.004944	
0.004975	
0.005005	
0.004608	
0.004028	
0.003327	
0.002960	
0.002686	
0.002045	
0.001373	
0.000793	
0.000702	
0.000397	
-0.000122	
-0.000580	
-0.000793	
-0.000732	
-0.001282	
-0.001740	
-0.002380	
-0.002747	
-0.002777	
-0.003235	
-0.003723	
-0.003784	
-0.003479	
-0.004120	
-0.005158	
-0.005585	
-0.005646	
-0.005646	
-0.006134	
-0.006623	
-0.006989	
-0.006958	
-0.007263	
-0.007843	
-0.008087	
-0.008087	
-0.008148	
-0.008362	
-0.008728	
-0.008942	
-0.008850	
-0.008820	
-0.008942	
-0.009217	
-0.009003	
-0.008240	
-0.007477	
-0.007141	
-0.006623	
-0.005585	
-0.004486	
-0.003388	
-0.002411	
-0.000977	
0.000641	
0.002106	
0.003143	
0.004120	
0.005310	
0.005951	
0.006561	
0.006928	
0.007477	
0.007935	
0.007996	
0.007599	
0.004547	
0.001984	
0.000610	
-0.000824	
-0.002045	
-0.002686	
-0.002655	
-0.003021	
-0.003510	
-0.003723	
-0.003845	
-0.003693	
-0.003571	
-0.003449	
-0.003235	
-0.003082	
-0.002899	
-0.002472	
-0.002319	
-0.002472	
-0.002289	
-0.001740	
-0.001465	
-0.002045	
-0.002380	
-0.002533	
-0.003174	
-0.003479	
-0.004120	
-0.004700	
-0.004791	
-0.004761	
-0.004822	
-0.005127	
-0.004944	
-0.004517	
-0.004028	
-0.004089	
-0.003967	
-0.002960	
-0.001984	
-0.001526	
-0.001282	
-0.000366	
0.000793	
0.001984	
0.003021	
0.003693	
0.004639	
0.005829	
0.007202	
0.008179	
0.008850	
0.009919	
0.011261	
0.012146	
0.012024	
0.012177	
0.012848	
0.013215	
0.013123	
0.012726	
0.012635	
0.012696	
0.012452	
0.012177	
0.011963	
0.012207	
0.012360	
0.011780	
0.011170	
0.010651	
0.009857	
0.009033	
0.008393	
0.007538	
0.006684	
0.006287	
0.006317	
0.006348	
0.006104	
0.006378	
0.007202	
0.007599	
0.007447	
0.007385	
0.007477	
0.007111	
0.006867	
0.006623	
0.005951	
0.005280	
0.004364	
0.003113	
0.001587	
-0.000061	
-0.001404	
-0.002380	
-0.003693	
-0.004913	
-0.005432	
-0.005615	
-0.005982	
-0.006348	
-0.006623	
-0.006470	
-0.006439	
-0.004578	
-0.001190	
0.000946	
0.002747	
0.004059	
0.005158	
0.005982	
0.006897	
0.007782	
0.005066	
0.002106	
0.001251	
0.000763	
0.000702	
0.000549	
0.000244	
0.000122	
0.000031	
-0.000275	
-0.000763	
-0.001312	
-0.001740	
-0.001770	
-0.002075	
-0.002655	
-0.002960	
-0.003082	
-0.003296	
-0.003601	
-0.004120	
-0.004151	
-0.004028	
-0.003998	
-0.003906	
-0.004212	
-0.004242	
-0.004212	
-0.004059	
-0.004028	
-0.004273	
-0.004028	
-0.003845	
-0.003632	
-0.003662	
-0.003784	
-0.004120	
-0.004517	
-0.004486	
-0.004700	
-0.004975	
-0.005097	
-0.005402	
-0.005615	
-0.006104	
-0.006561	
-0.006989	
-0.007080	
-0.007202	
-0.007355	
-0.007141	
-0.006958	
-0.006592	
-0.006500	
-0.006165	
-0.005676	
-0.005371	
-0.004791	
-0.004028	
-0.003082	
-0.002136	
-0.001160	
-0.000427	
0.000061	
0.000488	
0.000977	
0.001343	
0.001282	
0.001312	
0.001404	
0.001648	
0.001465	
0.001099	
0.001099	
0.000855	
0.000671	
0.000458	
0.000305	
0.000000	
0.000061	
0.000122	
-0.000214	
-0.000519	
-0.000580	
-0.000610	
-0.000946	
-0.001587	
-0.001923	
-0.002014	
-0.002472	
-0.002960	
-0.003113	
-0.002991	
-0.002838	
-0.002777	
-0.002747	
-0.002838	
-0.002777	
-0.002350	
-0.001862	
-0.001648	
-0.001404	
-0.001007	
-0.000793	
-0.002319	
-0.004944	
-0.006073	
-0.006378	
-0.006745	
-0.006806	
-0.006348	
-0.006012	
-0.005951	
-0.005860	
-0.005432	
-0.005097	
-0.004944	
-0.004913	
-0.004578	
-0.004028	
-0.003388	
-0.003113	
-0.002899	
-0.002258	
-0.001679	
-0.001251	
-0.000793	
-0.000244	
0.000092	
0.000488	
0.000824	
0.000824	
0.001007	
0.001404	
0.001740	
0.002136	
0.002319	
0.002564	
0.002991	
0.003082	
0.003052	
0.003143	
0.003510	
0.003632	
0.003693	
0.003815	
0.003662	
0.003571	
0.003571	
0.003662	
0.003784	
0.003906	
0.003754	
0.003815	
0.003937	
0.003784	
0.003967	
0.004120	
0.004273	
0.004273	
0.004334	
0.004517	
0.004425	
0.004608	
0.004578	
0.004700	
0.004913	
0.005341	
0.006043	
0.006348	
0.006836	
0.007477	
0.008454	
0.008942	
0.008820	
0.009003	
0.008942	
0.008698	
0.008332	
0.007691	
0.007355	
0.007141	
0.006714	
0.006287	
0.006287	
0.006745	
0.007172	
0.007447	
0.007508	
0.007935	
0.008637	
0.008606	
0.008698	
0.008759	
0.008881	
0.008667	
0.008148	
0.007447	
0.006287	
0.005554	
0.004761	
0.003998	
0.002930	
0.002167	
0.002045	
0.001526	
0.000793	
-0.000122	
-0.000580	
-0.001038	
-0.001556	
-0.001373	
0.000885	
0.003204	
0.004212	
0.004639	
0.004334	
0.004242	
0.004242	
0.004028	
0.002319	
-0.001679	
-0.003662	
-0.004486	
-0.005249	
-0.005768	
-0.005860	
-0.005493	
-0.005432	
-0.005615	
-0.005646	
-0.005310	
-0.005158	
-0.005127	
-0.005097	
-0.005036	
-0.004669	
-0.004456	
-0.004486	
-0.004456	
-0.004395	
-0.004425	
-0.004578	
-0.005097	
-0.005554	
-0.005737	
-0.005737	
-0.006043	
-0.006348	
-0.006317	
-0.006165	
-0.005890	
-0.005951	
-0.005707	
-0.005371	
-0.004883	
-0.004425	
-0.004334	
-0.004120	
-0.003876	
-0.003571	
-0.003296	
-0.003388	
-0.003418	
-0.002899	
-0.002380	
-0.002533	
-0.002655	
-0.002472	
-0.002441	
-0.002503	
-0.002808	
-0.002869	
-0.002716	
-0.002533	
-0.002411	
-0.002655	
-0.002747	
-0.002533	
-0.002289	
-0.002197	
-0.002197	
-0.002167	
-0.001892	
-0.001740	
-0.001862	
-0.002014	
-0.002136	
-0.002319	
-0.002472	
-0.002625	
-0.002777	
-0.002533	
-0.002319	
-0.002411	
-0.002136	
-0.001862	
-0.001587	
-0.001648	
-0.001862	
-0.001770	
-0.001862	
-0.001740	
-0.001831	
-0.001617	
-0.001617	
-0.001831	
-0.002075	
-0.002411	
-0.002136	
-0.002716	
-0.003021	
-0.002808	
-0.002625	
-0.002167	
-0.002228	
-0.001984	
-0.001679	
-0.001221	
-0.001129	
-0.001282	
-0.000855	
-0.000549	
-0.000336	
-0.000916	
-0.003296	
-0.005249	
-0.006165	
-0.006592	
-0.006836	
-0.006592	
-0.006287	
-0.005921	
-0.005493	
-0.005341	
-0.005249	
-0.005066	
-0.004669	
-0.004608	
-0.004486	
-0.004212	
-0.003906	
-0.003479	
-0.003296	
-0.002930	
-0.002472	
-0.002167	
-0.001709	
-0.001495	
-0.001404	
-0.001251	
-0.000702	
-0.000580	
-0.000519	
0.000000	
0.000458	
0.000671	
0.000763	
0.001404	
0.001831	
0.002014	
0.002533	
0.002960	
0.003418	
0.003632	
0.004425	
0.004669	
0.004425	
0.004486	
0.004486	
0.004456	
0.003845	
0.003815	
0.004151	
0.004212	
0.004303	
0.004334	
0.004730	
0.004700	
0.005158	
0.005524	
0.005585	
0.005951	
0.005799	
0.005890	
0.005921	
0.006256	
0.006653	
0.006867	
0.006958	
0.007080	
0.007965	
0.008332	
0.008423	
0.008759	
0.009400	
0.009552	
0.008423	
0.007843	
0.007721	
0.007538	
0.007263	
0.006714	
0.006623	
0.006836	
0.007202	
0.007050	
0.006867	
0.007263	
0.007843	
0.008118	
0.007935	
0.007965	
0.008301	
0.008667	
0.008484	
0.008423	
0.008301	
0.007447	
0.006409	
0.005249	
0.004120	
0.003143	
0.002441	
0.002045	
0.001373	
0.000610	
0.000305	
-0.000122	
-0.000671	
-0.000977	
-0.001495	
0.000183	
0.002869	
0.003845	
0.004395	
0.004303	
0.004181	
0.004303	
0.004425	
0.003815	
0.000732	
-0.001984	
-0.003723	
-0.004852	
-0.005493	
-0.005921	
-0.006195	
-0.006623	
-0.006439	
-0.006073	
-0.005982	
-0.006104	
-0.006165	
-0.006195	
-0.006348	
-0.006378	
-0.006256	
-0.006226	
-0.006317	
-0.006134	
-0.005860	
-0.006043	
-0.006134	
-0.005921	
-0.005524	
-0.005554	
-0.005799	
-0.005463	
-0.005066	
-0.004852	
-0.004822	
-0.004669	
-0.004120	
-0.004059	
-0.004151	
-0.004028	
-0.003632	
-0.003418	
-0.003296	
-0.003174	
-0.003418	
-0.003571	
-0.003601	
-0.003265	
-0.003265	
-0.003479	
-0.003235	
-0.002991	
-0.003174	
-0.003693	
-0.003571	
-0.003449	
-0.003662	
-0.003815	
-0.003876	
-0.003906	
-0.004120	
-0.004517	
-0.004639	
-0.004181	
-0.003754	
-0.003693	
-0.003632	
-0.003449	
-0.003113	
-0.002899	
-0.002808	
-0.002869	
-0.002991	
-0.002991	
-0.002899	
-0.002777	
-0.002747	
-0.002655	
-0.002350	
-0.002167	
-0.002075	
-0.001892	
-0.001709	
-0.001373	
-0.001068	
-0.001129	
-0.001221	
-0.001343	
-0.001495	
-0.001679	
-0.001679	
-0.001617	
-0.001892	
-0.002258	
-0.002380	
-0.002350	
-0.002228	
-0.002441	
-0.002319	
-0.001984	
-0.001831	
-0.001679	
-0.001251	
-0.000946	
-0.000885	
-0.000366	
-0.000183	
-0.000061	
-0.001801	
-0.004456	
-0.005524	
-0.006226	
-0.006378	
-0.006470	
-0.006348	
-0.006073	
-0.005707	
-0.005219	
-0.005097	
-0.004761	
-0.004151	
-0.003632	
-0.003540	
-0.003571	
-0.003479	
-0.003388	
-0.002960	
-0.002808	
-0.002838	
-0.002380	
-0.001556	
-0.001007	
-0.000946	
-0.000732	
-0.000366	
0.000031	
-0.000031	
0.000214	
0.000916	
0.001343	
0.001587	
0.002045	
0.002838	
0.003235	
0.003601	
0.003723	
0.003906	
0.003937	
0.004212	
0.004456	
0.004334	
0.004395	
0.004486	
0.004486	
0.004334	
0.004120	
0.004028	
0.004212	
0.004486	
0.004669	
0.004608	
0.004456	
0.004700	
0.005127	
0.005249	
0.005188	
0.005310	
0.005737	
0.006165	
0.006134	
0.006287	
0.006806	
0.007385	
0.008026	
0.008362	
0.009064	
0.009796	
0.010407	
0.010407	
0.009949	
0.009766	
0.009430	
0.008759	
0.007965	
0.007721	
0.007599	
0.007324	
0.007141	
0.007141	
0.007447	
0.007935	
0.008362	
0.008362	
0.008423	
0.008637	
0.008667	
0.008667	
0.008393	
0.008118	
0.008087	
0.007813	
0.007111	
0.006195	
0.005310	
0.004334	
0.003388	
0.002625	
0.002167	
0.001831	
0.001465	
0.001038	
0.000671	
0.000244	
-0.000366	
-0.000732	
0.000122	
0.002869	
0.004730	
0.005402	
0.005554	
0.005585	
0.005951	
0.005799	
0.005554	
0.003388	
0.000183	
-0.001495	
-0.002838	
-0.003632	
-0.003906	
-0.003876	
-0.003937	
-0.004120	
-0.004303	
-0.004242	
-0.004334	
-0.004273	
-0.004364	
-0.004730	
-0.004517	
-0.004364	
-0.004273	
-0.004364	
-0.004456	
-0.004334	
-0.004395	
-0.004791	
-0.005463	
-0.005829	
-0.005951	
-0.005737	
-0.005768	
-0.005860	
-0.005524	
-0.005188	
-0.005036	
-0.004944	
-0.004852	
-0.004639	
-0.004181	
-0.003967	
-0.004120	
-0.003876	
-0.003571	
-0.003357	
-0.003418	
-0.003479	
-0.003143	
-0.002838	
-0.002838	
-0.002960	
-0.003204	
-0.003388	
-0.003296	
-0.003357	
-0.003601	
-0.003510	
-0.002838	
-0.002533	
-0.002869	
-0.003021	
-0.002777	
-0.002472	
-0.002594	
-0.002594	
-0.002380	
-0.002167	
-0.002167	
-0.002075	
-0.001862	
-0.001984	
-0.002014	
-0.002258	
-0.002441	
-0.002228	
-0.001831	
-0.001495	
-0.001770	
-0.001923	
-0.001617	
-0.001587	
-0.001617	
-0.001801	
-0.001709	
-0.001404	
-0.001404	
-0.001465	
-0.001556	
-0.001190	
-0.001068	
-0.001312	
-0.001862	
-0.001953	
-0.001648	
-0.001862	
-0.002106	
-0.002075	
-0.001617	
-0.001465	
-0.001495	
-0.001190	
-0.000824	
-0.000458	
-0.000305	
-0.000244	
-0.000153	
0.000000	
0.000183	
-0.000580	
-0.003357	
-0.005341	
-0.006012	
-0.006348	
-0.006531	
-0.006287	
-0.006043	
-0.005676	
-0.005402	
-0.005188	
-0.005036	
-0.004669	
-0.004028	
-0.003693	
-0.003449	
-0.003449	
-0.003540	
-0.003540	
-0.003265	
-0.003052	
-0.002991	
-0.002808	
-0.002472	
-0.001923	
-0.001587	
-0.001526	
-0.001526	
-0.001129	
-0.000427	
-0.000244	
-0.000183	
0.000336	
0.001221	
0.001801	
0.001953	
0.002075	
0.002533	
0.003388	
0.003845	
0.003754	
0.003723	
0.004212	
0.004700	
0.004639	
0.004181	
0.004059	
0.004608	
0.004730	
0.004395	
0.004181	
0.004334	
0.004578	
0.004608	
0.004364	
0.004059	
0.004181	
0.004517	
0.004486	
0.004028	
0.003784	
0.004059	
0.004089	
0.004089	
0.004273	
0.004975	
0.005921	
0.006409	
0.006775	
0.007202	
0.007904	
0.008271	
0.008271	
0.007874	
0.007385	
0.007447	
0.007416	
0.006928	
0.006317	
0.006378	
0.006684	
0.006714	
0.006867	
0.006867	
0.007111	
0.007447	
0.007599	
0.007477	
0.007385	
0.007691	
0.007935	
0.007721	
0.007080	
0.006714	
0.006226	
0.005219	
0.003815	
0.002686	
0.002228	
0.001953	
0.001373	
0.000427	
-0.000275	
-0.000641	
-0.000946	
-0.001343	
-0.001892	
-0.002380	
-0.000336	
0.002380	
0.003204	
0.003479	
0.003937	
0.004395	
0.004089	
0.003662	
0.002899	
-0.000183	
-0.002716	
-0.004334	
-0.005341	
-0.005585	
-0.005646	
-0.005768	
-0.005585	
-0.005188	
-0.005036	
-0.004883	
-0.005005	
-0.005341	
-0.005371	
-0.005219	
-0.005036	
-0.005097	
-0.005127	
-0.005005	
-0.004944	
-0.005097	
-0.005188	
-0.005127	
-0.005219	
-0.005493	
-0.005585	
-0.005310	
-0.005066	
-0.004822	
-0.004669	
-0.004669	
-0.004547	
-0.004517	
-0.004578	
-0.004639	
-0.004547	
-0.004334	
-0.004334	
-0.004425	
-0.004547	
-0.004303	
-0.003876	
-0.003906	
-0.004028	
-0.003937	
-0.003937	
-0.004181	
-0.004273	
-0.004151	
-0.004089	
-0.003906	
-0.003723	
-0.003540	
-0.003479	
-0.003449	
-0.003357	
-0.003479	
-0.003662	
-0.003357	
-0.002991	
-0.002808	
-0.002838	
-0.002686	
-0.002472	
-0.002380	
-0.002197	
-0.002197	
-0.002411	
-0.002350	
-0.002106	
-0.002045	
-0.002289	
-0.002350	
-0.002075	
-0.002167	
-0.002411	
-0.002472	
-0.002197	
-0.001892	
-0.001862	
-0.001862	
-0.001709	
-0.001343	
-0.001007	
-0.000855	
-0.000793	
-0.000763	
-0.000946	
-0.001312	
-0.001770	
-0.002228	
-0.002289	
-0.002014	
-0.001984	
-0.002167	
-0.002075	
-0.001740	
-0.001709	
-0.001587	
-0.001343	
-0.001068	
-0.000855	
-0.000793	
-0.000641	
-0.002380	
-0.004669	
-0.005554	
-0.005860	
-0.005982	
-0.005921	
-0.005402	
-0.004883	
-0.004547	
-0.004089	
-0.003418	
-0.002899	
-0.002411	
-0.002014	
-0.001892	
-0.001740	
-0.001465	
-0.001282	
-0.001129	
-0.000671	
-0.000244	
0.000000	
0.000122	
0.000336	
0.000488	
0.000641	
0.000855	
0.001099	
0.001251	
0.001526	
0.001801	
0.002075	
0.002319	
0.002533	
0.002838	
0.003143	
0.003327	
0.003662	
0.004028	
0.004364	
0.004761	
0.005158	
0.005341	
0.005188	
0.005341	
0.005432	
0.005249	
0.005127	
0.005188	
0.005860	
0.005707	
0.005493	
0.005768	
0.005676	
0.005737	
0.005707	
0.005646	
0.005921	
0.005921	
0.005524	
0.005707	
0.005951	
0.005921	
0.006378	
0.006745	
0.007294	
0.007813	
0.008148	
0.008545	
0.008728	
0.008759	
0.008576	
0.008209	
0.007599	
0.006836	
0.006348	
0.006226	
0.006195	
0.005921	
0.006012	
0.006439	
0.006897	
0.007202	
0.007355	
0.007721	
0.007965	
0.008118	
0.008271	
0.008240	
0.008301	
0.008240	
0.008271	
0.007904	
0.006989	
0.005951	
0.005219	
0.004425	
0.003754	
0.003174	
0.002564	
0.002106	
0.001495	
0.001038	
0.000793	
0.000214	
-0.000183	
-0.000732	
-0.000031	
0.002503	
0.004273	
0.005432	
0.006012	
0.006165	
0.006226	
0.006226	
0.006073	
0.003418	
0.000031	
-0.001709	
-0.002991	
-0.003754	
-0.003937	
-0.003815	
-0.003845	
-0.003876	
-0.003876	
-0.003998	
-0.004212	
-0.004486	
-0.004791	
-0.004913	
-0.005005	
-0.004852	
-0.004547	
-0.004517	
-0.004395	
-0.004486	
-0.004639	
-0.004761	
-0.004913	
-0.004975	
-0.005005	
-0.004913	
-0.004730	
-0.004395	
-0.004089	
-0.003998	
-0.003998	
-0.003754	
-0.003479	
-0.003510	
-0.003632	
-0.003662	
-0.003510	
-0.003449	
-0.003388	
-0.003449	
-0.003571	
-0.003662	
-0.003845	
-0.003967	
-0.004028	
-0.004120	
-0.004120	
-0.004059	
-0.004028	
-0.003998	
-0.003876	
-0.003754	
-0.003693	
-0.003662	
-0.003662	
-0.003601	
-0.003662	
-0.003723	
-0.003632	
-0.003418	
-0.003357	
-0.003418	
-0.003418	
-0.003113	
-0.002747	
-0.002655	
-0.002564	
-0.002533	
-0.002441	
-0.002564	
-0.002716	
-0.002747	
-0.002716	
-0.002472	
-0.002258	
-0.002075	
-0.001892	
-0.001617	
-0.001465	
-0.001587	
-0.001495	
-0.001434	
-0.001343	
-0.001312	
-0.001160	
-0.001007	
-0.001251	
-0.001495	
-0.001740	
-0.001831	
-0.001801	
-0.001801	
-0.001617	
-0.001526	
-0.001343	
-0.001190	
-0.001099	
-0.001160	
-0.001068	
-0.000763	
-0.000488	
-0.000519	
-0.000427	
-0.000946	
-0.003449	
-0.005127	
-0.005768	
-0.006134	
-0.006104	
-0.005921	
-0.005799	
-0.005493	
-0.005066	
-0.004822	
-0.004639	
-0.004364	
-0.004089	
-0.003693	
-0.003327	
-0.003082	
-0.002777	
-0.002228	
-0.001862	
-0.001709	
-0.001495	
-0.001038	
-0.000366	
0.000153	
0.000580	
0.000855	
0.001221	
0.001465	
0.001526	
0.001648	
0.001892	
0.002167	
0.002441	
0.002655	
0.002777	
0.002899	
0.003082	
0.003296	
0.003571	
0.003876	
0.004212	
0.004486	
0.004700	
0.004791	
0.004669	
0.004700	
0.004852	
0.004852	
0.004913	
0.005005	
0.005158	
0.005402	
0.005585	
0.005829	
0.006104	
0.006470	
0.006684	
0.006867	
0.006958	
0.007050	
0.007233	
0.007355	
0.007447	
0.007782	
0.008179	
0.008698	
0.009308	
0.009857	
0.010437	
0.010651	
0.010651	
0.010529	
0.010193	
0.009735	
0.009339	
0.009033	
0.008576	
0.008026	
0.007660	
0.007538	
0.007385	
0.007263	
0.007355	
0.007538	
0.007599	
0.007691	
0.007965	
0.008148	
0.008057	
0.007904	
0.007721	
0.007355	
0.006836	
0.005951	
0.005005	
0.003937	
0.002960	
0.002289	
0.001587	
0.000946	
0.000549	
0.000305	
-0.000031	
-0.000641	
-0.000977	
-0.001038	
-0.001038	
0.001221	
0.003662	
0.004761	
0.005432	
0.005646	
0.005646	
0.005249	
0.005158	
0.003937	
0.000153	
-0.002350	
-0.003754	
-0.004669	
-0.004944	
-0.005036	
-0.005097	
-0.005127	
-0.005188	
-0.005402	
-0.005463	
-0.005432	
-0.005493	
-0.005493	
-0.005676	
-0.005829	
-0.005890	
-0.005737	
-0.005737	
-0.005951	
-0.006104	
-0.006195	
-0.006226	
-0.006378	
-0.006592	
-0.006623	
-0.006500	
-0.006378	
-0.006378	
-0.006378	
-0.006287	
-0.006134	
-0.005890	
-0.005799	
-0.005524	
-0.005371	
-0.005280	
-0.005127	
-0.005066	
-0.005005	
-0.005097	
-0.005158	
-0.005066	
-0.005005	
-0.005005	
-0.004852	
-0.004761	
-0.004608	
-0.004364	
-0.004273	
-0.004334	
-0.004486	
-0.004578	
-0.004700	
-0.004791	
-0.004883	
-0.004822	
-0.004700	
-0.004425	
-0.004120	
-0.003876	
-0.003723	
-0.003723	
-0.003693	
-0.003571	
-0.003601	
-0.003693	
-0.003815	
-0.003784	
-0.003632	
-0.003540	
-0.003296	
-0.003021	
-0.002991	
-0.003021	
-0.003052	
-0.003082	
-0.003113	
-0.003082	
-0.002869	
-0.002686	
-0.002564	
-0.002594	
-0.002625	
-0.002655	
-0.002899	
-0.003204	
-0.003540	
-0.003815	
-0.003845	
-0.003754	
-0.003693	
-0.003601	
-0.003357	
-0.003052	
-0.002777	
-0.002411	
-0.002075	
-0.001801	
-0.001465	
-0.001068	
-0.000732	
-0.000671	
-0.000671	
-0.002472	
-0.004761	
-0.005768	
-0.006439	
-0.006592	
-0.006378	
-0.006165	
-0.005921	
-0.005341	
-0.004913	
-0.004425	
-0.003906	
-0.003418	
-0.003113	
-0.003021	
-0.002899	
-0.002808	
-0.002747	
-0.002747	
-0.002564	
-0.002014	
-0.001343	
-0.000763	
-0.000366	
-0.000031	
0.000244	
0.000427	
0.000641	
0.000977	
0.001221	
0.001434	
0.001740	
0.002167	
0.002472	
0.002899	
0.003204	
0.003449	
0.003601	
0.003693	
0.004028	
0.004303	
0.004486	
0.004547	
0.004486	
0.004578	
0.004669	
0.004944	
0.005158	
0.005158	
0.005127	
0.005097	
0.005188	
0.005402	
0.005432	
0.005585	
0.005799	
0.005829	
0.005860	
0.005799	
0.005707	
0.005799	
0.005676	
0.005707	
0.006134	
0.006623	
0.007172	
0.007752	
0.008301	
0.008789	
0.009033	
0.008911	
0.008667	
0.008332	
0.008026	
0.007752	
0.007477	
0.007477	
0.007569	
0.007538	
0.007477	
0.007477	
0.007660	
0.008057	
0.008332	
0.008576	
0.008759	
0.008698	
0.008606	
0.008484	
0.008240	
0.007965	
0.007721	
0.007508	
0.006806	
0.005799	
0.004791	
0.003662	
0.002686	
0.001892	
0.001190	
0.000732	
0.000397	
0.000000	
-0.000397	
-0.000946	
-0.001312	
-0.001831	
-0.000916	
0.001892	
0.003510	
0.004425	
0.004883	
0.005005	
0.005005	
0.004822	
0.004547	
0.001709	
-0.001617	
-0.003143	
-0.003998	
-0.004273	
-0.004456	
-0.004547	
-0.004517	
-0.004364	
-0.004364	
-0.004364	
-0.004303	
-0.004364	
-0.004395	
-0.004334	
-0.004364	
-0.004334	
-0.004303	
-0.004242	
-0.004120	
-0.004028	
-0.004028	
-0.004212	
-0.004303	
-0.004334	
-0.004395	
-0.004517	
-0.004578	
-0.004517	
-0.004456	
-0.004456	
-0.004364	
-0.004364	
-0.004334	
-0.004151	
-0.004089	
-0.004212	
-0.004273	
-0.004425	
-0.004700	
-0.004913	
-0.005097	
-0.005036	
-0.004944	
-0.004730	
-0.004486	
-0.004456	
-0.004395	
-0.004273	
-0.004212	
-0.004303	
-0.004273	
-0.004181	
-0.004028	
-0.003906	
-0.003815	
-0.003601	
-0.003265	
-0.002838	
-0.002533	
-0.002441	
-0.002319	
-0.002136	
-0.001862	
-0.001587	
-0.001312	
-0.001038	
-0.000885	
-0.000824	
-0.000732	
-0.000519	
-0.000275	
-0.000122	
-0.000092	
-0.000092	
-0.000275	
-0.000183	
-0.000092	
0.000000	
0.000092	
0.000214	
0.000336	
0.000366	
0.000366	
0.000275	
0.000244	
0.000153	
-0.000305	
-0.000580	
-0.000641	
-0.000549	
-0.000458	
-0.000305	
-0.000092	
0.000061	
0.000183	
0.000275	
0.000336	
0.000519	
0.000977	
0.001282	
0.001648	
0.001709	
0.001892	
0.001007	
-0.001617	
-0.003082	
-0.003906	
-0.004334	
-0.004212	
-0.003937	
-0.003723	
-0.003510	
-0.003357	
-0.003235	
-0.002991	
-0.002686	
-0.002350	
-0.002045	
-0.001617	
-0.001312	
-0.001190	
-0.000946	
-0.000580	
-0.000214	
0.000275	
0.000793	
0.001282	
0.001770	
0.001984	
0.002106	
0.002136	
0.001984	
0.001923	
0.002136	
0.002411	
0.002777	
0.002991	
0.003265	
0.003357	
0.003449	
0.003540	
0.003662	
0.004028	
0.004364	
0.004547	
0.004669	
0.004547	
0.004364	
0.004242	
0.004089	
0.004059	
0.004059	
0.004181	
0.004456	
0.004547	
0.004730	
0.004913	
0.005005	
0.005005	
0.005066	
0.005036	
0.005036	
0.005158	
0.005219	
0.005249	
0.005188	
0.005402	
0.005799	
0.006165	
0.006684	
0.007111	
0.007752	
0.008332	
0.008454	
0.008271	
0.007843	
0.007294	
0.006836	
0.006470	
0.006043	
0.005615	
0.005341	
0.005219	
0.005249	
0.005432	
0.005676	
0.005951	
0.006287	
0.006592	
0.006897	
0.007172	
0.007324	
0.007416	
0.007263	
0.007202	
0.006989	
0.006439	
0.005463	
0.004334	
0.003296	
0.002380	
0.001495	
0.000732	
0.000214	
-0.000275	
-0.000702	
-0.000977	
-0.001343	
-0.001648	
-0.001862	
-0.001679	
0.000793	
0.003052	
0.004028	
0.004639	
0.004791	
0.004913	
0.004791	
0.004791	
0.003235	
-0.000458	
-0.002686	
-0.003784	
-0.004425	
-0.004578	
-0.004639	
-0.004547	
-0.004547	
-0.004578	
-0.004608	
-0.004700	
-0.004761	
-0.004761	
-0.004639	
-0.004547	
-0.004547	
-0.004639	
-0.004700	
-0.004791	
-0.004975	
-0.005036	
-0.005127	
-0.005371	
-0.005524	
-0.005707	
-0.005646	
-0.005402	
-0.005188	
-0.005036	
-0.005066	
-0.005005	
-0.005005	
-0.005036	
-0.005066	
-0.005005	
-0.004852	
-0.004730	
-0.004578	
-0.004456	
-0.004334	
-0.004334	
-0.004181	
-0.004120	
-0.004181	
-0.004273	
-0.004303	
-0.004395	
-0.004517	
-0.004486	
-0.004456	
-0.004456	
-0.004517	
-0.004425	
-0.004364	
-0.004334	
-0.004334	
-0.004303	
-0.004151	
-0.003815	
-0.003510	
-0.003296	
-0.003143	
-0.003021	
-0.002777	
-0.002533	
-0.002380	
-0.002380	
-0.002289	
-0.002289	
-0.002167	
-0.001923	
-0.001801	
-0.001740	
-0.001648	
-0.001556	
-0.001556	
-0.001556	
-0.001465	
-0.001373	
-0.001251	
-0.001190	
-0.001068	
-0.000946	
-0.000916	
-0.000977	
-0.001038	
-0.001251	
-0.001679	
-0.001892	
-0.001984	
-0.001953	
-0.001892	
-0.001740	
-0.001648	
-0.001526	
-0.001251	
-0.001068	
-0.000946	
-0.000671	
-0.000580	
-0.000458	
-0.000397	
-0.000519	
-0.000763	
-0.002991	
-0.005188	
-0.006012	
-0.006531	
-0.006684	
-0.006470	
-0.006012	
-0.005646	
-0.005341	
-0.004975	
-0.004700	
-0.004395	
-0.003998	
-0.003845	
-0.003845	
-0.003815	
-0.003723	
-0.003540	
-0.003388	
-0.003113	
-0.002930	
-0.002777	
-0.002350	
-0.001831	
-0.001526	
-0.001099	
-0.000732	
-0.000458	
-0.000183	
-0.000092	
0.000122	
0.000580	
0.000916	
0.001343	
0.001862	
0.002136	
0.002411	
